,BTCUSDT,ETHUSDT,SOLUSDT,BNBUSDT,ADAUSDT,DOGEUSDT,AVAXUSDT,DOTUSDT,LINKUSDT,LTCUSDT
2022-01-01 08:00:00,9.202029,114.87162,425.31,425.42,256915.7,468630.0,746.31,1133.57,0.0,107.69607
2022-01-01 12:00:00,6.959589,141.39788,386.47,124.14,247639.9,743596.0,490.82,6793.76,0.0,1590.35029
2022-01-01 16:00:00,24.654279,177.57961,3251.92,737.4,491284.2,1048666.0,1348.92,4587.16,0.0,418.71879
2022-01-01 20:00:00,17.035442,171.78769,1703.17,343.95,987020.4,592798.0,897.38,4590.72,0.0,524.57137
2022-01-02 00:00:00,14.803092,123.66698,1046.05,504.74,337711.2,1191789.0,2307.9,3629.16,0.0,1232.63011
2022-01-02 04:00:00,18.910461,100.41244,900.5,375.46,601551.8,444283.0,1830.08,10036.35,0.0,337.594
2022-01-02 08:00:00,6.490848,49.73302,620.8,87.91,385146.4,2670427.0,288.4,7394.85,0.0,208.22467
2022-01-02 12:00:00,9.425587,105.11343,847.06,243.53,270092.4,728970.0,1056.4,8828.17,0.0,795.79318
2022-01-02 16:00:00,27.215205,367.29495,3359.86,1066.86,973425.0,1111501.0,1275.15,27053.42,0.0,516.81107
2022-01-02 20:00:00,9.231821,94.87744,1269.79,439.25,470682.1,380471.0,802.98,16250.59,0.0,353.76879
2022-01-03 00:00:00,17.144817,214.56082,1705.46,697.32,491141.2,322873.0,932.97,20155.29,0.0,1015.26335
2022-01-03 04:00:00,14.273075,290.90861,1131.11,511.26,297263.0,2011849.0,568.06,4353.93,0.0,104.99513
2022-01-03 08:00:00,10.50055,121.98315,302.57,297.4,298613.5,1184469.0,421.07,8075.06,0.0,305.7533
2022-01-03 12:00:00,30.762889,206.37763,1116.68,495.17,340958.6,1046036.0,1015.24,17048.61,0.0,1192.2506
2022-01-03 16:00:00,35.526118,422.58372,1695.73,1046.47,538003.0,783033.0,2945.28,12828.65,0.0,1844.12754
2022-01-03 20:00:00,26.145414,400.49083,2670.69,853.37,742000.3,3696187.0,2539.24,12791.94,0.0,1448.54375
2022-01-04 00:00:00,10.781566,324.86853,816.99,1231.82,1028295.2,678668.0,5176.1,14163.39,0.0,426.61003
2022-01-04 04:00:00,6.424733,106.51366,1809.29,705.85,385916.1,3889920.0,3448.87,1747.45,0.0,1271.32916
2022-01-04 08:00:00,10.433481,334.39794,2239.18,795.94,451242.5,219869.0,1885.3,11249.08,0.0,1329.36305
2022-01-04 12:00:00,24.669896,462.87586,2717.98,1077.34,544098.0,828764.0,3004.84,5834.87,0.0,453.15147
2022-01-04 16:00:00,37.03973,658.96171,2927.71,1239.05,1077092.1,826564.0,4549.03,7494.35,0.0,990.14472
2022-01-04 20:00:00,9.05744,347.04946,615.68,600.29,338448.0,242071.0,1708.94,1989.06,0.0,812.94456
2022-01-05 00:00:00,14.163407,129.23314,1827.66,446.5,306877.2,2721382.0,2524.95,13630.6,0.0,339.59255
2022-01-05 04:00:00,5.204832,73.03199,1704.48,209.81,245898.2,565548.0,2558.8,2473.39,0.0,300.14381
2022-01-05 08:00:00,15.996503,185.8876,455.54,253.47,242785.5,448416.0,1454.57,3662.02,0.0,263.19447
2022-01-05 12:00:00,32.374022,256.47179,1661.63,259.92,499922.7,735660.0,1026.01,2050.73,0.0,1014.41018
2022-01-05 16:00:00,98.839939,640.03436,6026.91,1604.55,1166232.1,5924803.0,6626.36,22949.37,0.0,2224.20351
2022-01-05 20:00:00,116.35675,1416.27102,6732.98,2856.59,1439209.3,3049526.0,7605.76,24906.31,0.0,5573.78562
2022-01-06 00:00:00,33.879166,466.13668,2435.25,2462.83,597298.0,786178.0,4168.65,9669.0,0.0,1316.87554
2022-01-06 04:00:00,24.956252,532.26031,2948.74,1374.04,860768.4,882826.0,3898.86,4377.73,0.0,4086.98713
2022-01-06 08:00:00,34.86271,1285.66767,3512.98,1739.71,622320.6,751194.0,3839.53,1867.05,0.0,666.10497
2022-01-06 12:00:00,28.252213,432.1172,3463.05,540.34,1478320.0,720711.0,3062.05,6194.08,0.0,944.79248
2022-01-06 16:00:00,14.6697,431.31678,1518.05,828.39,313515.1,474101.0,1916.09,3798.24,0.0,360.8435
2022-01-06 20:00:00,11.596321,144.63094,2257.44,499.99,780147.5,320163.0,3490.01,7080.23,0.0,283.70889
2022-01-07 00:00:00,50.298833,746.25239,12303.76,1051.27,1521057.5,1837122.0,7148.15,16558.62,0.0,4130.14233
2022-01-07 04:00:00,65.87025,1171.53199,9315.27,1980.76,1693901.7,2867115.0,4963.2,11119.47,0.0,1556.41845
2022-01-07 08:00:00,40.340809,374.04554,4359.39,827.75,702678.0,1444769.0,1987.86,6204.94,0.0,1767.12548
2022-01-07 12:00:00,80.071216,1243.63073,6279.23,2374.62,1541578.9,2976703.0,5180.43,20742.59,0.0,2765.94819
2022-01-07 16:00:00,76.382069,1370.92937,6588.89,2568.64,844097.6,7898657.0,2867.82,7424.06,0.0,1610.37529
2022-01-07 20:00:00,12.403293,427.27109,4894.89,303.87,215664.7,853838.0,1785.76,10125.61,0.0,263.17334
2022-01-08 00:00:00,13.962468,386.02807,3440.67,538.57,439306.8,817862.0,2958.84,3476.83,0.0,743.79819
2022-01-08 04:00:00,3.722429,191.94439,3597.49,502.7,434006.4,573449.0,797.22,3368.52,0.0,275.68774
2022-01-08 08:00:00,16.839122,204.04801,4080.63,265.61,396056.1,381787.0,3692.06,1189.58,0.0,1453.8324
2022-01-08 12:00:00,34.417348,303.20643,3973.33,813.78,493235.0,1000032.0,6037.47,7233.38,0.0,1561.81776
2022-01-08 16:00:00,74.394267,1653.03322,14745.43,5773.85,2786880.9,2781194.0,5957.32,15638.63,0.0,3827.14178
2022-01-08 20:00:00,37.362512,444.94095,9240.71,1481.83,1178209.7,1210381.0,3578.76,11377.04,0.0,624.87083
2022-01-09 00:00:00,20.888845,406.99567,6374.36,908.04,376401.0,995734.0,3671.95,3726.16,0.0,709.98343
2022-01-09 04:00:00,13.586846,346.64813,2054.73,524.96,305969.5,160847.0,1385.7,296.95,0.0,691.73148
2022-01-09 08:00:00,3.174507,163.70539,2888.67,239.92,406147.9,189000.0,1469.29,841.54,0.0,356.49618
2022-01-09 12:00:00,15.587137,293.11889,1782.21,1288.12,388438.6,569433.0,3377.55,1538.27,0.0,758.62376
2022-01-09 16:00:00,46.324336,573.32601,7319.4,2285.65,778311.5,551164.0,5117.19,5203.97,0.0,924.36715
2022-01-09 20:00:00,15.495301,256.16276,1513.46,757.12,738781.0,540099.0,6703.07,2721.6,0.0,164.225
2022-01-10 00:00:00,21.833136,229.13387,1803.27,624.68,426604.5,815148.0,2673.62,4322.58,0.0,496.17033
2022-01-10 04:00:00,11.655605,269.12983,1218.35,666.45,306450.1,392275.0,4147.46,3715.34,0.0,1019.74168
2022-01-10 08:00:00,13.015469,303.45849,738.71,638.11,315964.8,807785.0,4426.58,1922.66,0.0,510.49255
2022-01-10 12:00:00,135.126317,1741.09803,8073.89,4975.41,2806570.9,6746605.0,11250.75,15841.21,0.0,4688.14324
2022-01-10 16:00:00,92.001287,1285.0073,7948.75,3558.59,1884138.5,4124721.0,6662.18,24257.11,0.0,4573.83848
2022-01-10 20:00:00,18.901653,442.73649,1607.61,553.0,482038.6,462164.0,1718.42,2946.97,0.0,546.56338
2022-01-11 00:00:00,22.941042,290.99548,1243.52,665.57,1135104.6,1087975.0,1593.06,4541.21,0.0,2860.80861
2022-01-11 04:00:00,15.76904,226.10843,547.64,998.7,453877.8,467520.0,1873.94,1640.05,0.0,279.80449
2022-01-11 08:00:00,32.300031,287.6022,955.43,4267.06,398876.1,17562166.0,2206.72,890.51,0.0,559.81856
2022-01-11 12:00:00,40.75441,461.63815,1140.7,874.07,390090.4,10059698.0,1800.75,3765.36,0.0,619.54599
2022-01-11 16:00:00,81.090036,833.09294,4608.21,4085.6,620388.0,1403962.0,4950.91,9125.9,0.0,2718.83087
2022-01-11 20:00:00,18.92628,207.43736,939.42,770.16,171889.0,803429.0,1437.66,2116.42,0.0,1174.4348
2022-01-12 00:00:00,20.543282,636.89354,1452.84,3175.92,898260.4,2006430.0,676.47,4641.52,0.0,492.40071
2022-01-12 04:00:00,10.465398,297.98721,1033.2,819.36,329917.4,402223.0,3647.35,1539.57,0.0,226.20145
2022-01-12 08:00:00,22.275609,381.93463,1818.08,1625.42,569173.0,2556019.0,3087.76,3387.9,0.0,702.83884
2022-01-12 12:00:00,58.130678,561.54948,6122.07,2635.56,866535.4,4163792.0,4656.12,12076.8,0.0,1005.3232
2022-01-12 16:00:00,21.377442,354.63031,4658.3,1324.17,698253.8,2391672.0,5231.38,2826.21,0.0,2624.97268
2022-01-12 20:00:00,33.679294,279.2064,1630.56,1206.65,852467.6,2857747.0,2996.66,2311.58,0.0,382.63743
2022-01-13 00:00:00,37.198396,440.81613,1291.69,1058.16,2420947.7,11150379.0,1974.15,11087.03,0.0,514.16896
2022-01-13 04:00:00,15.238285,200.52327,2244.83,432.51,812889.3,10034181.0,2693.83,9003.36,0.0,215.85454
2022-01-13 08:00:00,17.395289,274.30568,930.65,394.09,676530.1,5754670.0,1480.98,1387.85,0.0,1257.4746
2022-01-13 12:00:00,66.955107,707.04615,6056.61,1497.64,1738541.8,4710993.0,4840.88,12366.08,0.0,1469.18726
2022-01-13 16:00:00,40.874185,498.50111,4795.59,1664.42,1093980.0,3323809.0,4274.49,5067.67,0.0,608.12018
2022-01-13 20:00:00,41.880321,506.85948,5051.72,892.98,338735.3,13621011.0,5059.3,953.93,0.0,1828.20002
2022-01-14 00:00:00,14.709274,151.82384,2007.34,1179.17,431841.3,14703830.0,2826.29,7869.47,271.76,2079.91623
2022-01-14 04:00:00,11.740515,301.20749,1315.71,1686.68,1571813.2,50553149.0,1045.47,4951.41,601.74,850.98579
2022-01-14 08:00:00,35.152917,408.20615,2344.18,1117.34,1018224.8,19009752.0,1002.24,6628.01,460.55,1709.39991
2022-01-14 12:00:00,47.775561,437.83705,4353.27,2299.04,401558.4,12751934.0,1224.37,12559.59,604.97,6139.76948
2022-01-14 16:00:00,27.264429,390.95002,1535.44,1561.7,200365.3,9102878.0,1302.29,6371.39,496.24,831.97464
2022-01-14 20:00:00,16.543279,136.21184,1121.28,1888.73,1098374.6,10892365.0,1686.19,15227.86,832.06,249.80704
2022-01-15 00:00:00,24.980227,133.20768,1825.68,1611.89,337394.1,23123736.0,693.88,2666.46,1227.47,6693.84285
2022-01-15 04:00:00,25.241683,148.57174,844.94,1333.85,189746.1,23590557.0,337.8,4649.09,471.76,4483.03089
2022-01-15 08:00:00,32.693328,87.71429,163.57,1184.55,384218.7,7714857.0,415.03,1122.11,149.02,964.63213
2022-01-15 12:00:00,15.949704,450.77167,1228.01,1746.54,1215047.0,7124640.0,7924.51,2448.59,246.07,1220.98934
2022-01-15 16:00:00,14.904028,174.78224,1090.71,1004.97,419699.0,2897486.0,3871.87,3240.94,250.1,348.9216
2022-01-15 20:00:00,17.883098,144.32894,1108.91,840.51,395080.0,3090863.0,3188.1,4663.76,512.31,237.73234
2022-01-16 00:00:00,20.051767,126.06151,619.36,902.3,948988.8,11386932.0,6557.13,4479.65,1284.68,1383.43509
2022-01-16 04:00:00,26.986392,97.50497,2360.99,799.56,2372941.3,4924542.0,6170.71,3636.59,188.68,1315.72914
2022-01-16 08:00:00,93.037946,112.01805,572.94,453.21,1333341.0,7841254.0,7417.33,1835.44,342.68,1772.24966
2022-01-16 12:00:00,25.121918,353.33783,1129.52,1097.88,1006753.1,6984679.0,4367.59,7263.47,280.64,1880.80779
2022-01-16 16:00:00,13.63114,297.77085,1462.21,1225.33,534326.4,4027934.0,5204.02,6474.1,554.66,378.52879
2022-01-16 20:00:00,9.95394,111.34129,1278.21,1332.46,589457.2,6552336.0,2469.13,3694.71,503.96,100.29517
2022-01-17 00:00:00,13.294026,234.67307,1284.33,1347.85,1911302.0,7823598.0,4764.05,7528.03,817.27,1565.19434
2022-01-17 04:00:00,21.20601,283.92552,1062.15,1181.96,2042194.9,3471477.0,7692.65,8816.22,113.66,1036.03202
2022-01-17 08:00:00,4.401356,171.76138,490.96,694.04,1175490.6,1570065.0,3326.24,1558.62,179.58,2089.13238
2022-01-17 12:00:00,9.726516,269.56267,730.45,1658.51,1452111.6,1945896.0,4144.48,2612.87,520.32,4082.1494
2022-01-17 16:00:00,33.247694,321.02404,2053.6,1599.81,2505671.8,2255318.0,4621.12,8144.85,2185.36,2313.47818
2022-01-17 20:00:00,27.667153,457.41222,2439.53,846.52,2387888.4,8114657.0,11061.64,13407.31,3216.73,2864.93718
2022-01-18 00:00:00,14.877661,697.24039,1948.92,699.36,3190383.2,5909542.0,4121.14,14818.47,989.5,2770.07422
2022-01-18 04:00:00,16.090431,181.71705,565.1,702.31,842005.4,2926534.0,2904.08,2308.41,145.52,2650.21312
2022-01-18 08:00:00,29.26237,543.4377,1102.25,1089.39,1318855.0,4326355.0,6590.29,21849.63,2119.15,1704.50047
2022-01-18 12:00:00,30.666092,630.51142,2056.54,520.4,2278746.5,3711261.0,5093.65,10994.25,1002.6,775.2442
2022-01-18 16:00:00,17.623625,409.14398,1125.69,2001.03,845976.6,1362586.0,12057.43,7155.25,1795.3,1150.68083
2022-01-18 20:00:00,23.465873,574.71982,2377.73,832.37,1153556.3,4023506.0,8013.1,2424.79,341.88,351.81259
2022-01-19 00:00:00,34.738143,578.44637,1600.69,1397.52,1759786.8,4021954.0,7323.04,3550.31,918.95,2949.80632
2022-01-19 04:00:00,31.96206,493.19193,1280.14,992.26,1565066.6,5404858.0,4456.17,2266.13,1400.32,1863.40366
2022-01-19 08:00:00,43.976444,692.46283,1227.48,954.7,1486895.6,5379628.0,4853.08,1317.41,296.9,1204.05333
2022-01-19 12:00:00,48.893666,602.79535,2709.18,1003.61,1108292.3,3988902.0,4649.0,2722.57,982.77,1535.93508
2022-01-19 16:00:00,49.722214,556.00482,1348.7,1155.86,992602.1,1855033.0,6484.75,2195.61,5258.6,954.23696
2022-01-19 20:00:00,13.402091,264.69018,1222.65,939.68,1078535.0,1691243.0,4769.58,2185.21,371.56,312.24777
2022-01-20 00:00:00,11.482902,269.43018,997.19,323.81,1399452.9,1732157.0,3310.48,2099.84,590.7,980.33182
2022-01-20 04:00:00,7.872273,165.8896,265.75,2043.87,649415.5,775488.0,4524.67,4043.15,404.11,255.91034
2022-01-20 08:00:00,7.063191,153.44215,303.8,2192.24,472574.9,721468.0,3701.02,4189.6,193.15,112.89176
2022-01-20 12:00:00,62.723874,598.15614,4001.28,1805.12,1150600.2,1685359.0,8164.27,10802.4,700.88,355.11196
2022-01-20 16:00:00,50.840204,682.96814,3421.57,1278.2,907564.6,2564276.0,9666.0,6739.25,626.89,1430.06145
2022-01-20 20:00:00,101.933648,1018.64985,5572.96,1882.61,2203957.7,5256478.0,15431.57,24293.95,5926.17,1418.94051
2022-01-21 00:00:00,151.400834,1667.40958,11182.58,4102.87,4847278.6,4757915.0,20824.23,15205.17,7851.74,3732.81276
2022-01-21 04:00:00,56.247065,646.9231,2843.06,1413.66,874882.5,1247934.0,5221.11,3415.8,644.49,1486.54188
2022-01-21 08:00:00,25.458106,464.0914,1559.89,352.16,801425.8,926819.0,4922.89,830.59,366.53,648.59004
2022-01-21 12:00:00,121.282145,1422.08889,6619.26,1884.81,2455710.4,3996328.0,14436.13,25353.09,6178.61,2866.24396
2022-01-21 16:00:00,115.0103,956.94103,16746.1,918.44,1675958.2,1392067.0,14460.71,6083.07,1563.06,640.72551
2022-01-21 20:00:00,350.844053,4743.03766,19832.2,8373.11,2696589.1,8768080.0,113351.73,43030.21,8599.62,11330.1818
2022-01-22 00:00:00,82.184491,1373.09689,6015.83,2272.17,1926711.7,2178912.0,18740.1,17676.75,1115.74,2778.67295
2022-01-22 04:00:00,68.511323,1331.90305,17729.67,4675.29,5001918.5,10536690.0,9774.88,6124.26,5382.32,5234.82007
2022-01-22 08:00:00,195.941464,3014.19078,30685.5,8079.25,5265764.0,11055600.0,47634.42,24499.5,46775.97,16973.27576
2022-01-22 12:00:00,78.541479,1235.73344,16248.38,1884.93,4725479.0,3873399.0,15223.51,12012.08,8173.73,3567.00604
2022-01-22 16:00:00,100.789225,1945.97905,30476.03,3814.63,4148450.9,6151281.0,18907.46,10077.67,10987.14,4055.09665
2022-01-22 20:00:00,123.485971,1823.00979,19095.7,3137.86,3039912.9,4104653.0,20380.29,9723.14,12063.12,3589.76296
2022-01-23 00:00:00,26.52272,706.43906,8927.8,949.28,1751834.2,5476969.0,8557.56,1830.75,738.59,1313.3546
2022-01-23 04:00:00,42.73116,929.32452,7585.12,1230.16,2588250.6,2113519.0,6068.8,4156.31,3251.98,1284.93882
2022-01-23 08:00:00,74.422618,1029.76093,4886.39,1349.18,2170570.3,2484877.0,7923.74,3888.54,2313.34,1526.93401
2022-01-23 12:00:00,71.245908,981.38803,6793.31,1799.73,2389244.5,6559511.0,6228.16,3433.88,4950.36,2007.11551
2022-01-23 16:00:00,42.705308,820.20215,13119.35,1587.38,3074119.9,5080352.0,13083.51,2802.85,1838.11,1816.66272
2022-01-23 20:00:00,65.513902,1114.45675,14879.63,2201.96,2702152.9,3644104.0,13355.62,8126.5,1156.29,2295.7324
2022-01-24 00:00:00,33.09083,662.72034,11179.04,902.35,1219954.1,1018251.0,5234.53,3822.05,785.38,942.60998
2022-01-24 04:00:00,38.592996,501.6632,9642.62,824.78,1595952.2,1830992.0,3696.05,1355.05,1002.82,681.23347
2022-01-24 08:00:00,260.802758,3462.95281,20506.7,5790.22,5732033.4,8837958.0,24810.56,29762.1,8943.35,7991.16049
2022-01-24 12:00:00,285.082697,4746.01331,31255.75,7588.77,5256101.1,9379388.0,36759.84,41480.47,10073.66,10349.77881
2022-01-24 16:00:00,158.170991,3035.73075,23773.36,3899.62,4251216.3,4804652.0,10270.82,7200.71,8069.09,6876.3218
2022-01-24 20:00:00,73.152355,878.41171,16123.38,1311.99,1676415.2,4329925.0,7379.49,6841.16,1514.14,2020.57285
2022-01-25 00:00:00,22.189195,271.59538,3358.94,934.26,863640.6,4731684.0,2654.93,965.79,690.77,1075.15517
2022-01-25 04:00:00,17.101018,237.26175,3988.43,519.62,813277.4,1034990.0,862.54,1028.26,3296.2,403.90249
2022-01-25 08:00:00,22.901458,306.5105,4769.66,987.42,1112198.6,841997.0,3346.71,1341.52,38459.23,363.13075
2022-01-25 12:00:00,28.153719,554.92735,5278.24,639.64,2179543.9,12892859.0,6773.8,3360.48,691.27,1681.62969
2022-01-25 16:00:00,52.436299,616.93514,8249.93,1515.08,1230899.2,5547415.0,5262.31,4148.18,382.97,647.62396
2022-01-25 20:00:00,23.9382,410.18766,4437.85,520.08,659528.2,1668137.0,1973.01,983.06,13231.24,216.48268
2022-01-26 00:00:00,27.573964,229.60475,5450.74,542.12,1397305.9,2588200.0,5082.07,2222.94,118.45,409.10878
2022-01-26 04:00:00,25.20006,256.12959,2062.09,731.75,1402217.0,1694414.0,8724.59,4382.0,919.7,644.30056
2022-01-26 08:00:00,43.252086,235.83026,2056.94,422.32,1169141.3,3119225.0,7656.18,1361.15,570.6,424.12185
2022-01-26 12:00:00,30.76817,707.97005,10430.56,924.44,2557784.9,1623063.0,33245.35,6807.7,530.8,2001.09037
2022-01-26 16:00:00,90.901598,1444.65105,17172.76,4348.04,4261977.0,5316523.0,116288.33,33691.1,7004.27,3855.63469
2022-01-26 20:00:00,43.141694,829.6283,13605.01,1647.78,2821109.8,3608388.0,16882.63,7819.62,11618.25,2786.27991
2022-01-27 00:00:00,41.713668,601.82279,24620.22,670.64,1664380.9,1609915.0,13399.61,5407.52,680.04,947.22187
2022-01-27 04:00:00,28.987124,342.90361,4609.57,380.34,1122311.6,1021619.0,4276.25,830.74,769.62,404.08197
2022-01-27 08:00:00,19.021289,474.99479,2899.65,435.08,1032016.2,522698.0,5961.94,2303.1,611.77,523.10662
2022-01-27 12:00:00,26.179923,391.01773,6518.77,883.34,1372885.9,902986.0,3672.63,2162.52,2014.4,334.65558
2022-01-27 16:00:00,40.287619,542.69804,8072.88,461.95,1297687.3,737836.0,11640.66,20209.23,610.95,874.8658
2022-01-27 20:00:00,38.614828,532.17603,9445.41,2269.15,924870.3,1532732.0,10608.47,18274.44,4864.86,888.9637
2022-01-28 00:00:00,26.570458,252.58141,7387.85,610.46,1051043.3,1094045.0,5350.01,7224.12,559.34,813.10726
2022-01-28 04:00:00,14.978158,299.07966,4209.02,1418.62,797271.4,543214.0,4181.07,5676.62,33.93,1493.26602
2022-01-28 08:00:00,6.319357,232.57693,3420.01,752.91,1576923.8,435450.0,3536.63,9989.37,574.64,352.65738
2022-01-28 12:00:00,25.062913,428.75117,5073.59,798.15,1739028.5,980484.0,8455.37,13719.71,1068.99,1160.82805
2022-01-28 16:00:00,15.822899,413.38607,7016.63,959.9,746748.3,741066.0,7142.56,4176.81,577.5,699.45555
2022-01-28 20:00:00,28.976313,851.18363,5657.54,715.42,632860.8,1369317.0,6492.58,21131.22,769.01,596.75152
2022-01-29 00:00:00,16.075709,689.22892,4112.65,904.23,668250.1,501053.0,7434.64,1761.65,654.52,205.88995
2022-01-29 04:00:00,14.440893,406.52599,4678.64,488.34,797919.9,569566.0,3214.1,2631.17,278.32,242.41616
2022-01-29 08:00:00,6.600795,300.66351,3979.61,533.51,477171.6,311393.0,1202.24,1055.84,174.63,514.19291
2022-01-29 12:00:00,45.96547,785.62867,6316.55,1737.23,1249366.4,971619.0,14359.64,9138.83,6158.03,2080.00918
2022-01-29 16:00:00,28.586719,691.98325,4956.26,1554.41,1128912.1,1874136.0,12350.87,4728.23,1318.94,1122.26238
2022-01-29 20:00:00,54.751941,764.98467,5626.95,1620.52,566624.9,2463918.0,15787.22,17442.75,1060.01,3302.25452
2022-01-30 00:00:00,33.521075,818.42666,4693.31,1444.88,767180.1,859463.0,12140.32,15961.48,1027.32,2683.67915
2022-01-30 04:00:00,22.096802,731.60946,2966.52,1712.35,808224.7,1534408.0,8178.11,15905.93,4090.59,612.47966
2022-01-30 08:00:00,20.307247,428.55961,1957.5,752.07,413207.3,617291.0,6564.36,1736.45,990.09,1944.86525
2022-01-30 12:00:00,8.766549,281.45486,1745.32,997.48,1070615.9,875306.0,6266.17,2768.34,4471.62,611.49939
2022-01-30 16:00:00,13.009299,421.59595,2707.75,1721.28,1109844.8,307609.0,10809.92,9842.76,1610.54,1158.68935
2022-01-30 20:00:00,25.375025,818.81724,4905.64,982.26,640935.8,1298698.0,6997.8,24961.06,2951.4,3170.06659
2022-01-31 00:00:00,57.082468,1119.18021,6798.72,1925.18,1540628.7,952918.0,8983.29,10113.05,3652.84,2249.26586
2022-01-31 04:00:00,7.811398,347.83772,1892.35,1300.71,424359.6,643222.0,4383.95,4983.43,429.64,1244.9244
2022-01-31 08:00:00,10.9584,274.16084,664.13,544.47,354518.1,262713.0,991.27,3870.88,273.14,969.70616
2022-01-31 12:00:00,44.905252,949.3973,4247.34,1144.61,592458.6,673199.0,6129.06,7369.83,1187.25,1859.55582
2022-01-31 16:00:00,91.315156,1678.28612,5990.35,1852.53,1080094.8,2730299.0,6374.99,14897.29,1749.53,4512.42483
2022-01-31 20:00:00,20.868346,507.31658,5728.58,936.07,296865.7,535448.0,2251.91,15935.8,496.98,571.25497
2022-02-01 00:00:00,14.548205,482.68725,15474.37,1665.53,641289.8,1160627.0,3768.38,5431.42,741.3,1329.02214
2022-02-01 04:00:00,22.893458,374.6014,4849.17,742.79,692692.3,799811.0,5538.65,4150.41,733.05,1690.29666
2022-02-01 08:00:00,93.889491,1008.94107,9419.63,2120.78,1256128.4,1216159.0,7810.76,14820.43,833.34,2123.50952
2022-02-01 12:00:00,81.053148,1887.50717,13745.61,1635.44,1003380.0,498563.0,6678.64,15384.41,1369.0,2558.02789
2022-02-01 16:00:00,59.080838,808.61635,15516.86,1208.24,554866.8,1197604.0,8959.1,12133.87,1459.41,2955.79634
2022-02-01 20:00:00,22.808791,437.96293,7380.91,982.35,526779.6,595193.0,4744.75,8589.01,770.58,1486.62669
2022-02-02 00:00:00,22.729708,715.15969,9061.83,1398.37,1100427.1,348971.0,6668.97,10669.41,447.34,1439.97353
2022-02-02 04:00:00,22.706904,521.23586,4725.01,965.51,945877.9,315689.0,3484.61,9455.38,1064.54,1825.8718
2022-02-02 08:00:00,13.098037,176.94002,1364.0,429.14,270904.7,1090991.0,1856.56,3689.81,354.12,462.22722
2022-02-02 12:00:00,62.676755,1215.59221,7232.18,1080.7,552797.5,767206.0,16444.27,25276.71,3016.27,2437.07741
2022-02-02 16:00:00,34.999941,821.65996,11214.0,1029.81,393971.0,1152027.0,9733.3,21093.47,329.39,3947.03691
2022-02-02 20:00:00,45.83724,970.98293,26543.85,789.22,373834.1,1281659.0,14382.75,24665.78,1851.81,1211.79937
2022-02-03 00:00:00,17.981745,771.86565,15887.51,823.51,559644.7,465530.0,7338.51,11612.92,731.69,1490.18676
2022-02-03 04:00:00,15.959675,488.58123,4839.35,579.44,246394.8,405915.0,6943.71,4279.64,146.27,1051.9831
2022-02-03 08:00:00,45.368285,492.66653,11911.07,1021.52,599712.3,1172849.0,7626.15,4893.11,996.31,1448.89285
2022-02-03 12:00:00,49.363909,940.42775,10510.23,562.47,575958.5,518540.0,7111.14,11345.33,276.52,2580.50266
2022-02-03 16:00:00,52.590764,505.4701,3894.75,605.06,574440.7,716233.0,4566.33,7315.46,671.43,560.4918
2022-02-03 20:00:00,46.471635,533.693,11237.69,707.59,555005.1,562137.0,4530.87,4253.62,668.63,1580.25695
2022-02-04 00:00:00,16.600983,261.15198,4576.68,654.39,407224.8,328271.0,4041.56,8394.11,88.56,1246.33169
2022-02-04 04:00:00,52.229848,830.04167,9225.86,633.08,553748.7,2663799.0,7551.19,3184.35,400.07,2272.01208
2022-02-04 08:00:00,38.083392,1127.09593,3986.72,641.88,311616.4,430471.0,7113.92,3058.09,145.33,1421.17988
2022-02-04 12:00:00,140.828765,1837.57618,13209.25,1722.05,960077.7,1672585.0,15801.54,10765.36,2204.25,3452.69
2022-02-04 16:00:00,159.22284,1077.17308,14191.47,1791.17,1000290.3,1425273.0,14499.38,8142.85,693.78,1910.5961
2022-02-04 20:00:00,71.82023,906.45402,7187.15,2521.01,485317.5,1674589.0,10151.73,4504.02,502.35,1869.40917
2022-02-05 00:00:00,57.934755,654.06323,7701.02,613.07,726926.2,701326.0,7198.77,12741.83,756.43,2950.40424
2022-02-05 04:00:00,16.987916,387.35488,7667.08,2573.27,1212093.4,591879.0,12173.22,24358.02,1507.79,1212.21951
2022-02-05 08:00:00,29.161011,252.76916,2992.09,516.14,406455.1,880412.0,6887.92,8992.34,727.37,1200.79372
2022-02-05 12:00:00,33.057447,402.79307,5306.38,348.25,679373.7,1056675.0,8276.9,7702.37,423.4,1460.61447
2022-02-05 16:00:00,23.687891,470.93218,7288.67,488.26,904199.6,890832.0,10634.51,11426.4,623.64,2553.75996
2022-02-05 20:00:00,21.679602,222.24703,2153.86,478.66,264508.2,336568.0,3822.01,3136.03,845.09,566.14384
2022-02-06 00:00:00,7.683851,97.90775,1405.12,535.0,304854.2,352938.0,4578.1,2633.79,117.74,485.1005
2022-02-06 04:00:00,12.104796,142.63596,2580.21,329.63,254314.9,164487.0,3277.92,5913.61,497.6,737.78432
2022-02-06 08:00:00,6.189303,87.29633,1933.77,199.07,206163.1,115997.0,2301.42,6862.27,20.78,6127.21695
2022-02-06 12:00:00,57.303656,668.49824,3657.38,614.85,510911.6,923501.0,12957.63,11815.38,1659.42,6135.25328
2022-02-06 16:00:00,15.151733,206.9265,2252.06,235.81,261486.1,1962307.0,2254.29,722.88,161.49,2858.91505
2022-02-06 20:00:00,58.521516,358.03741,3521.28,442.09,534169.2,7218216.0,4699.79,10259.68,1171.44,3750.1395
2022-02-07 00:00:00,76.584726,635.58186,7044.83,1403.7,1127572.9,5453307.0,11021.87,21597.0,2373.96,1723.1966
2022-02-07 04:00:00,31.864706,393.88956,4098.32,609.73,552724.3,1511249.0,6586.63,5678.53,1071.89,1332.69526
2022-02-07 08:00:00,22.068051,167.89762,2276.51,352.24,881595.5,856074.0,3221.55,3633.73,169.44,491.39305
2022-02-07 12:00:00,62.233391,1602.40246,5191.56,818.19,1203551.8,3961889.0,7625.21,8994.39,1028.85,2308.26026
2022-02-07 16:00:00,111.051319,791.74748,10118.43,794.19,1494431.7,9453515.0,11008.55,5465.17,4023.84,7125.81067
2022-02-07 20:00:00,39.679967,251.08521,7323.86,462.42,481498.6,4072607.0,4700.52,2293.48,940.93,3678.22402
2022-02-08 00:00:00,21.656008,342.43057,4667.98,691.07,1554900.9,3933174.0,5164.96,11555.21,4314.1,4612.73611
2022-02-08 04:00:00,76.98379,685.11728,3069.78,943.32,820893.7,2019514.0,46929.2,4348.05,12208.54,7666.31998
2022-02-08 08:00:00,83.219606,757.23115,3096.12,920.63,1120151.6,3217593.0,12555.3,16843.88,34105.56,5675.37618
2022-02-08 12:00:00,127.349215,1217.07082,4118.02,557.18,862862.6,1804081.0,10562.05,16975.75,1160.65,6006.07731
2022-02-08 16:00:00,69.358322,552.97756,7083.24,562.17,641429.4,1131831.0,12882.79,6629.64,1368.49,2838.2347
2022-02-08 20:00:00,80.176796,613.5586,3598.58,756.59,407901.7,665619.0,8992.84,4248.37,1269.39,2839.33443
2022-02-09 00:00:00,45.140351,336.56382,4197.63,510.77,584726.2,1284748.0,8868.86,1829.2,334.49,2835.23138
2022-02-09 04:00:00,18.66296,241.04789,3914.84,602.06,671658.6,812126.0,5627.37,748.66,233.16,4992.157
2022-02-09 08:00:00,35.653814,393.03535,1422.34,254.95,295246.5,466670.0,4222.89,2592.28,165.74,4605.51449
2022-02-09 12:00:00,61.944443,675.56174,2700.16,527.74,779863.7,2300801.0,6499.58,6347.6,1607.07,1968.73624
2022-02-09 16:00:00,52.935142,588.14773,2948.71,770.47,558534.4,1246255.0,7420.26,8530.68,1699.06,1969.05445
2022-02-09 20:00:00,51.762248,336.69938,1980.41,673.76,341172.8,835195.0,1873.37,1552.44,802.83,1853.06821
2022-02-10 00:00:00,47.240867,459.42602,3690.52,331.32,463599.0,1659757.0,5828.51,7685.98,1091.35,2013.95202
2022-02-10 04:00:00,26.634872,354.72893,2567.14,382.24,232206.1,652815.0,4411.88,7677.46,90.37,840.18995
2022-02-10 08:00:00,55.750194,511.26492,1826.35,511.35,578138.2,327753.0,2303.4,5157.94,182.68,1637.87515
2022-02-10 12:00:00,316.335193,2949.04195,12135.15,2822.84,1909215.5,2412493.0,19697.5,27414.9,2575.08,5093.86709
2022-02-10 16:00:00,205.555484,2221.03539,9730.63,2952.91,1317603.8,3019903.0,45949.64,44290.77,11456.23,13283.25608
2022-02-10 20:00:00,48.463739,502.60497,1892.1,658.21,460204.8,762057.0,10881.77,2575.56,603.92,1213.68953
2022-02-11 00:00:00,107.741881,1302.96338,5113.5,785.03,643948.3,2087365.0,11428.96,9672.94,854.68,5342.08563
2022-02-11 04:00:00,24.769284,653.09174,1015.24,493.72,208892.7,385953.0,3664.19,10531.88,174.66,2010.43344
2022-02-11 08:00:00,19.733665,405.80941,990.3,209.56,353504.8,325800.0,3207.8,1644.5,337.59,8896.90221
2022-02-11 12:00:00,36.700091,417.14599,2139.8,133.78,327420.3,1163259.0,4841.35,4592.91,1478.87,2320.22894
2022-02-11 16:00:00,99.042168,1034.80448,5872.02,263.94,704833.1,1608664.0,14701.37,18567.21,23814.8,6070.77998
2022-02-11 20:00:00,63.89126,898.90212,6759.02,512.24,659218.9,1461190.0,19140.07,17389.94,2205.99,7463.52529
2022-02-12 00:00:00,12.574656,276.52619,2782.97,192.0,368577.9,1553281.0,11998.52,7767.64,195.91,2489.28417
2022-02-12 04:00:00,23.945401,255.66809,2996.42,102.9,313778.9,675430.0,9054.39,6009.67,2001.49,534.61663
2022-02-12 08:00:00,29.35184,300.34248,1291.1,155.5,445756.1,459995.0,4746.4,6129.97,107.83,2642.57866
2022-02-12 12:00:00,15.614312,340.63245,1172.92,523.8,1419827.0,1694714.0,6383.34,20484.35,459.51,2444.2913
2022-02-12 16:00:00,27.919806,506.33761,3009.31,559.5,461069.7,756583.0,12789.47,9076.43,1163.71,2229.83349
2022-02-12 20:00:00,69.318363,634.55612,1412.45,372.3,404941.6,394072.0,5503.97,6187.5,187.4,2574.11084
2022-02-13 00:00:00,11.055665,289.15835,2300.05,313.3,222431.4,240152.0,4016.46,1512.41,70.81,2087.57468
2022-02-13 04:00:00,5.292245,88.94311,1689.85,70.3,314843.0,255492.0,1201.53,5029.3,181.16,453.56958
2022-02-13 08:00:00,10.200803,141.6426,539.77,141.6,177738.7,5128296.0,2652.62,474.25,328.13,445.28285
2022-02-13 12:00:00,21.833862,241.02022,1619.32,204.2,712296.1,5147315.0,2507.9,5695.37,371.42,1880.72626
2022-02-13 16:00:00,43.675025,705.46064,4848.96,1009.2,1575701.6,18084952.0,8605.21,17995.78,323.46,11456.49216
2022-02-13 20:00:00,8.403791,286.44303,2039.16,131.4,332565.9,7122139.0,4329.0,2121.55,115.49,897.96126
2022-02-14 00:00:00,36.299467,434.59527,3720.16,616.35,739927.8,5276515.0,10321.5,10096.44,480.98,4820.47398
2022-02-14 04:00:00,20.222583,175.3131,12295.91,140.2,290138.2,1973210.0,3825.64,1355.8,1188.26,502.13752
2022-02-14 08:00:00,23.528475,266.99664,1444.5,211.3,462517.2,695828.0,3436.19,774.8,703.78,745.00071
2022-02-14 12:00:00,36.424721,600.82617,3144.06,303.4,416421.1,958602.0,6356.69,8132.97,901.15,1996.51752
2022-02-14 16:00:00,56.625702,648.84353,3080.11,389.4,254720.4,1114457.0,10612.56,12478.74,220.21,1874.26104
2022-02-14 20:00:00,33.395889,197.87901,2227.51,243.0,353255.4,660200.0,7294.14,4288.48,400.42,707.40374
2022-02-15 00:00:00,83.636563,801.95938,8563.29,611.2,511196.0,1214637.0,18406.53,72017.02,3318.37,9457.15647
2022-02-15 04:00:00,22.197736,246.61509,1590.36,1285.48,258659.4,225769.0,1002.44,1098.27,66.22,1584.3068
2022-02-15 08:00:00,56.06808,502.87769,3287.7,2988.59,562847.4,983376.0,8871.06,1025.47,488.94,1693.99734
2022-02-15 12:00:00,30.913194,608.57873,2404.72,1550.3,611867.5,711509.0,2571.94,2624.67,832.64,1814.53821
2022-02-15 16:00:00,17.283001,234.513,2485.33,1357.5,450400.6,484645.0,2477.19,970.24,30717.94,1235.1548
2022-02-15 20:00:00,25.633042,252.33517,3253.15,923.7,230459.0,1249906.0,4059.16,1205.49,1125.31,668.11051
2022-02-16 00:00:00,21.196433,214.97696,1871.41,657.5,178407.8,852488.0,7647.76,1703.67,50897.43,701.7273
2022-02-16 04:00:00,17.528842,131.63975,2260.96,298.5,348964.3,799262.0,2703.71,1605.23,106.46,1266.09035
2022-02-16 08:00:00,10.540629,234.30247,2225.24,198.8,227170.2,521867.0,1934.31,466.61,48.61,805.4471
2022-02-16 12:00:00,33.518696,419.33352,4070.75,380.4,426273.4,1037952.0,11235.17,1776.08,23147.64,1174.91073
2022-02-16 16:00:00,36.443325,498.37752,2867.37,842.1,298761.1,762983.0,10789.74,8736.79,459.59,1628.32877
2022-02-16 20:00:00,11.492256,134.11645,1417.77,324.6,269814.7,512422.0,7336.09,12184.25,596.08,603.13159
2022-02-17 00:00:00,13.847828,268.97721,2047.13,515.0,216077.5,446023.0,16222.87,13325.65,1057.72,9067.32023
2022-02-17 04:00:00,12.134754,398.55131,1480.42,514.1,224201.1,721164.0,11291.94,2323.5,304.38,2692.94092
2022-02-17 08:00:00,37.363221,714.55288,2069.44,408.5,325299.0,693648.0,12826.76,40296.46,698.21,3413.42581
2022-02-17 12:00:00,100.610903,851.41547,2991.55,384.5,255956.4,1411102.0,13126.54,19086.74,923.94,9854.78668
2022-02-17 16:00:00,133.532135,1490.83692,4621.48,688.3,467885.8,2331588.0,25200.03,53945.41,1293.86,7613.38308
2022-02-17 20:00:00,61.542993,529.15503,2971.48,644.8,453736.0,1317956.0,15885.02,16196.66,505.8,2075.48647
2022-02-18 00:00:00,20.652236,195.07047,4377.33,867.0,270593.0,538270.0,10626.0,10161.03,13416.08,4301.73179
2022-02-18 04:00:00,11.993932,254.34071,852.05,428.3,156442.1,555684.0,3192.03,4997.94,19.45,9220.08762
2022-02-18 08:00:00,26.919036,281.06413,1159.25,122.9,187064.7,601748.0,6109.89,4079.69,38.03,18517.97961
2022-02-18 12:00:00,118.915332,1380.47883,5343.58,659.6,908142.7,1746699.0,19250.45,11247.63,1825.67,7617.58539
2022-02-18 16:00:00,93.077687,1043.50352,4248.8,659.8,1061225.1,1216139.0,12380.01,14680.55,5064.35,4768.46662
2022-02-18 20:00:00,10.614406,341.25355,2056.76,456.5,510380.2,412242.0,6546.46,9643.82,529.17,1080.56888
2022-02-19 00:00:00,7.887941,133.95497,1089.85,173.0,510310.2,2157972.0,2806.38,182.99,19560.24,579.6293
2022-02-19 04:00:00,10.294127,108.7914,1458.86,197.6,905751.0,2902552.0,4566.46,4162.3,174.05,1743.98092
2022-02-19 08:00:00,16.407221,701.70486,2028.54,156.9,800024.4,1526487.0,9661.44,19361.29,2437.94,4922.15989
2022-02-19 12:00:00,5.409197,320.34032,1375.98,393.2,711634.6,405738.0,8236.08,3574.83,2603.33,1081.42459
2022-02-19 16:00:00,11.35678,212.31422,2310.03,287.4,594242.4,893929.0,6366.29,6942.92,5262.46,3036.16047
2022-02-19 20:00:00,3.55075,125.57239,777.67,285.6,305134.5,470278.0,2657.15,1116.56,4163.32,338.21613
2022-02-20 00:00:00,7.065603,423.34223,1787.35,811.68,450489.2,809779.0,5175.95,4662.98,3517.38,1527.0423
2022-02-20 04:00:00,90.264693,1343.01648,3810.4,2002.37,1156102.0,1567203.0,17125.52,10511.12,8493.55,6076.34075
2022-02-20 08:00:00,38.786449,510.09754,3661.78,131.08,564474.2,524229.0,9221.67,8795.49,721.56,569.59463
2022-02-20 12:00:00,10.30561,383.49367,4108.43,357.0,821950.5,403106.0,9435.49,11618.33,306.17,255.57972
2022-02-20 16:00:00,9.988567,259.94254,5354.08,92.8,334089.3,322447.0,4988.21,5246.96,6428.42,2836.60279
2022-02-20 20:00:00,25.559666,592.19949,3988.84,501.6,837569.2,704387.0,8580.38,3271.16,16044.68,1051.00194
2022-02-21 00:00:00,46.163487,836.56124,6966.68,624.6,1275082.1,1984799.0,8975.23,4827.5,1929.49,2815.03625
2022-02-21 04:00:00,35.673454,424.0371,2861.22,384.0,1554144.4,1670475.0,5725.4,1349.13,379.42,2534.3397
2022-02-21 08:00:00,54.339102,574.97297,4220.32,615.77,1638130.0,5693864.0,13860.3,16093.05,2882.87,1140.75784
2022-02-21 12:00:00,134.951154,1360.74114,9513.1,1700.65,2790547.8,7694617.0,22608.06,29153.31,9826.89,4563.79104
2022-02-21 16:00:00,116.361908,1699.77126,8761.93,1060.1,1411678.1,3313134.0,28082.35,27012.97,7616.79,5856.0396
2022-02-21 20:00:00,112.431058,1630.00439,7272.23,814.49,2619042.3,6017443.0,30292.65,39386.95,12319.9,4979.59103
2022-02-22 00:00:00,73.372093,932.25255,7105.69,1353.59,2432745.2,3996783.0,18016.08,13137.03,5116.63,5486.43774
2022-02-22 04:00:00,49.857196,793.36789,5066.88,866.0,1551714.0,5191860.0,9890.41,5528.42,7542.82,865.62291
2022-02-22 08:00:00,38.809976,471.80297,4000.1,728.2,2128901.9,2198771.0,6844.96,9506.43,1811.67,1761.3315
2022-02-22 12:00:00,67.731374,901.81438,4942.59,574.6,2113792.3,3544187.0,14122.89,11782.94,2135.69,2158.66281
2022-02-22 16:00:00,52.684597,586.71308,5134.41,678.6,1682325.8,2421133.0,18166.89,17131.58,8707.27,954.37734
2022-02-22 20:00:00,30.69931,359.65522,2691.45,1245.9,990863.7,1526516.0,7946.26,23562.75,649.66,431.74407
2022-02-23 00:00:00,22.827215,372.50862,3928.69,578.2,846560.2,840657.0,13004.72,17135.85,3537.63,672.36185
2022-02-23 04:00:00,12.478943,226.04779,3358.64,121.5,862049.7,694446.0,7165.83,9137.99,472.07,562.47225
2022-02-23 08:00:00,56.131517,503.38925,4649.5,209.9,881936.3,1280161.0,10616.22,15909.25,2549.61,2722.54172
2022-02-23 12:00:00,28.509383,257.18862,5795.51,505.1,681222.1,1734737.0,12377.38,9202.51,4019.77,384.30003
2022-02-23 16:00:00,30.869581,369.13772,3891.73,662.0,2066458.3,1418745.0,27382.52,10834.22,975.01,398.56332
2022-02-23 20:00:00,33.759117,300.37142,5055.79,689.9,1097641.7,1402377.0,18342.74,11529.6,1389.15,408.64116
2022-02-24 00:00:00,134.457282,1453.39713,9292.82,1757.55,1679905.8,6978273.0,34768.69,25315.42,5896.44,5414.35315
2022-02-24 04:00:00,130.838748,1660.08858,22877.69,1695.89,2967781.2,15676212.0,21473.83,17256.35,11435.38,3843.17928
2022-02-24 08:00:00,94.560476,970.23883,7993.61,953.94,1575154.1,3527884.0,16402.14,10678.5,11466.71,3477.16706
2022-02-24 12:00:00,80.077649,707.98792,7156.51,1215.0,1570235.0,3416299.0,19977.98,15283.55,7927.18,5192.34994
2022-02-24 16:00:00,123.946122,790.19714,12099.64,830.3,2786767.4,5810388.0,20104.47,4198.68,2871.74,2996.93859
2022-02-24 20:00:00,224.936492,1574.90033,10075.07,1686.6,2208366.1,6567853.0,24583.84,7378.66,8305.06,3985.34606
2022-02-25 00:00:00,32.729538,222.8566,4087.55,376.0,917777.0,1099954.0,5486.05,4054.21,531.97,358.28533
2022-02-25 04:00:00,17.483295,204.35907,3486.56,594.6,746049.4,907732.0,3953.51,937.2,8108.54,153.62657
2022-02-25 08:00:00,37.858484,195.5838,3506.79,336.6,899628.2,1450699.0,10014.14,1270.63,984.07,555.20729
2022-02-25 12:00:00,89.541356,905.57883,8891.46,414.6,1952748.2,2452026.0,27699.24,11781.79,1852.14,1124.45906
2022-02-25 16:00:00,47.343218,219.57864,3984.7,418.9,831118.2,1333720.0,9153.14,1575.14,422.75,1518.77669
2022-02-25 20:00:00,30.752419,1768.22023,7421.95,668.3,1126264.0,1367878.0,12370.76,22590.65,4420.71,1477.24631
2022-02-26 00:00:00,53.320831,963.97075,5592.14,1536.1,1457264.0,1760497.0,21173.44,32238.45,5183.5,1831.02126
2022-02-26 04:00:00,10.043045,94.74629,1869.26,161.2,770763.2,367994.0,5099.82,3364.66,1309.96,278.20015
2022-02-26 08:00:00,17.009597,192.19196,2675.96,329.9,1385017.8,363729.0,4935.63,23910.22,965.95,473.71671
2022-02-26 12:00:00,18.978062,276.60118,1344.19,453.9,863907.9,430994.0,5121.16,11380.86,1023.16,1662.31491
2022-02-26 16:00:00,18.085988,166.39045,2344.17,393.1,493893.4,534741.0,11761.39,24620.8,5668.33,3071.4405
2022-02-26 20:00:00,25.534242,253.05811,3192.85,308.0,320939.9,1532626.0,16861.93,13512.2,346.55,448.06324
2022-02-27 00:00:00,21.77348,707.43545,6581.69,904.5,970719.4,1494712.0,17096.42,15210.67,15572.91,348.0997
2022-02-27 04:00:00,19.958179,494.47343,1426.28,400.3,485915.7,412191.0,9175.01,7085.09,998.81,118.12958
2022-02-27 08:00:00,13.447289,442.30245,2353.23,494.2,1147733.3,503675.0,7515.88,18993.24,690.18,256.2833
2022-02-27 12:00:00,53.285032,992.28662,4336.55,545.4,1374055.7,1007175.0,17938.54,17034.83,2286.04,4151.65466
2022-02-27 16:00:00,48.408317,722.6555,4927.96,322.0,1006939.9,1100253.0,22912.16,21710.77,7517.16,368.84982
2022-02-27 20:00:00,125.22764,1045.47132,3596.99,662.2,1425780.2,1030902.0,16625.36,19380.53,1731.22,2410.96116
2022-02-28 00:00:00,83.775539,482.91311,3304.05,573.1,1592774.4,760873.0,11405.86,7680.01,12913.38,1854.89902
2022-02-28 04:00:00,26.140427,423.77936,2898.62,395.7,870933.9,444904.0,8459.17,18485.57,975.21,1052.9425
2022-02-28 08:00:00,10.729533,89.68627,4931.52,322.4,676272.4,810084.0,4486.66,3722.96,281.33,205.91907
2022-02-28 12:00:00,139.157608,1443.83469,11642.83,1028.4,2023245.5,2051523.0,25206.85,12746.46,1572.57,4020.39062
2022-02-28 16:00:00,131.024103,474.92077,6604.55,1446.6,1865348.2,2118564.0,11520.04,6351.48,2464.89,859.0171
2022-02-28 20:00:00,195.112337,1048.93428,11114.21,800.7,1228556.3,1795042.0,26118.41,28391.48,18207.05,1300.86635
2022-03-01 00:00:00,35.749669,780.40233,6385.2,873.8,840217.4,1549187.0,17363.17,13153.31,3471.38,1208.35021
2022-03-01 04:00:00,18.725484,319.1621,3351.81,1234.0,828076.6,843202.0,3858.62,4490.85,172.93,221.8863
2022-03-01 08:00:00,33.578385,334.64141,4764.53,3381.9,938431.1,1831061.0,7193.56,17970.46,1223.08,707.60454
2022-03-01 12:00:00,88.655223,955.70866,17065.49,1794.5,2470707.7,6956444.0,19840.39,43866.76,15702.39,3136.26412
2022-03-01 16:00:00,41.944799,258.73805,2836.23,872.9,892165.3,1673940.0,8133.06,6772.59,882.95,768.06827
2022-03-01 20:00:00,23.666823,151.15636,2713.89,355.0,601037.4,1373525.0,14433.91,2056.4,244.51,653.80493
2022-03-02 00:00:00,51.923498,429.78704,8875.71,1131.7,1144345.4,3843621.0,25533.64,4760.03,2239.14,714.29498
2022-03-02 04:00:00,32.645934,465.22651,4155.29,297.4,812446.8,762591.0,6448.11,2126.78,1214.59,189.82223
2022-03-02 08:00:00,12.585095,159.54324,6166.91,215.6,648680.9,1160286.0,5443.96,7183.81,793.35,1069.19971
2022-03-02 12:00:00,110.511235,1000.3002,11955.28,2456.2,1093883.8,3513167.0,25079.43,35247.91,24083.46,5076.22442
2022-03-02 16:00:00,56.391052,574.41749,4158.9,2159.5,637115.9,773456.0,9524.7,5504.16,603.09,587.1286
2022-03-02 20:00:00,25.614513,190.0564,2364.87,852.8,374408.6,996362.0,3403.61,2561.31,382.8,354.94481
2022-03-03 00:00:00,27.435192,533.52983,3501.2,1490.4,746905.7,632014.0,7777.17,6786.02,1428.2,361.48916
2022-03-03 04:00:00,24.491545,406.94521,1318.88,1325.1,742347.5,936867.0,4933.96,12506.42,893.98,582.76424
2022-03-03 08:00:00,10.476104,115.68976,1291.13,121.4,543926.4,370702.0,5251.64,9158.12,202.96,208.8461
2022-03-03 12:00:00,32.790638,323.85204,3703.12,492.9,869824.2,1068878.0,23002.49,12954.58,3384.25,3889.25625
2022-03-03 16:00:00,29.129807,655.38722,2300.26,695.3,841344.0,1211828.0,10663.17,12230.16,659.33,4155.88081
2022-03-03 20:00:00,17.580186,134.224,1005.0,687.6,280834.0,434458.0,8413.39,13193.15,388.21,796.97163
2022-03-04 00:00:00,27.338122,386.68134,4695.52,1033.3,784709.2,1748400.0,25826.25,33407.61,1121.96,2675.12379
2022-03-04 04:00:00,9.832071,96.06482,3160.5,602.4,505358.4,1690809.0,4441.42,3372.08,132.66,246.3277
2022-03-04 08:00:00,31.525157,128.01951,3082.19,367.7,406602.0,813402.0,10318.26,6768.34,653.96,252.15986
2022-03-04 12:00:00,32.720946,320.93645,3173.83,427.0,570848.0,2049668.0,18089.88,8945.08,1109.67,3516.15722
2022-03-04 16:00:00,25.727196,246.24717,3379.88,487.3,474225.3,1133106.0,12441.84,4254.48,802.81,1959.99561
2022-03-04 20:00:00,31.643664,188.07139,3659.93,419.3,803147.8,1277610.0,18663.53,8837.08,5534.56,5371.9819
2022-03-05 00:00:00,17.011894,94.63614,2164.95,361.1,870073.8,551430.0,12459.94,23488.68,417.17,1154.73796
2022-03-05 04:00:00,25.229261,481.43888,1323.11,1513.6,795614.1,679921.0,2654.61,3958.59,138.91,650.15823
2022-03-05 08:00:00,8.645054,56.24526,897.1,231.4,713872.5,147250.0,2317.12,7691.43,265.36,112.37936
2022-03-05 12:00:00,10.824304,75.47598,1503.88,162.6,1299299.9,297670.0,4039.32,9973.7,287.36,667.21205
2022-03-05 16:00:00,6.374299,94.88502,2499.02,318.7,357297.6,818941.0,6798.41,15806.51,558.93,88.22822
2022-03-05 20:00:00,8.385873,98.60629,747.03,274.7,445326.6,490800.0,4627.71,333.53,37.99,90.05004
2022-03-06 00:00:00,6.472053,98.19258,866.3,158.8,344297.7,407970.0,4776.09,2714.29,55.97,1135.47519
2022-03-06 04:00:00,13.33338,85.67943,1954.6,212.1,362919.9,353757.0,7082.75,8455.51,289.07,139.06943
2022-03-06 08:00:00,23.23936,106.92587,1778.01,328.7,1526118.1,500069.0,9490.87,7412.05,3558.4,1006.82387
2022-03-06 12:00:00,15.036074,55.06678,863.25,269.8,756378.5,203201.0,8405.48,8666.33,83.94,204.56933
2022-03-06 16:00:00,33.335016,116.6265,5148.16,740.3,1152820.0,841582.0,9132.31,15652.95,1020.87,894.69495
2022-03-06 20:00:00,33.274457,282.12967,1949.43,342.8,1396167.7,995904.0,11014.96,20763.75,1341.16,583.19532
2022-03-07 00:00:00,45.445534,208.0629,4182.68,669.4,692349.4,1705984.0,7750.49,24205.18,9717.8,803.14355
2022-03-07 04:00:00,10.181046,94.47196,1643.85,392.7,352756.8,593674.0,5400.34,6326.85,773.02,182.0857
2022-03-07 08:00:00,26.547975,559.07991,1638.27,1881.4,251821.3,385335.0,3835.32,2250.4,1189.51,391.28608
2022-03-07 12:00:00,23.759967,379.21854,2605.74,769.3,939621.7,1230856.0,8448.58,10844.2,16811.87,1571.48306
2022-03-07 16:00:00,36.984511,417.36455,3603.69,495.8,684824.6,1678822.0,17285.18,12307.0,17030.83,965.15991
2022-03-07 20:00:00,19.799652,357.54082,2922.81,1056.4,840040.1,2631294.0,10856.78,2971.61,3265.42,891.09891
2022-03-08 00:00:00,26.747155,450.60842,4162.0,543.5,1135240.5,3052946.0,13719.66,8196.69,994.02,214.24699
2022-03-08 04:00:00,18.715816,211.47159,1371.5,187.9,235015.2,630888.0,5200.31,5320.18,500.41,826.1999
2022-03-08 08:00:00,14.945914,245.63961,2880.49,363.6,400813.7,501015.0,5857.23,7352.09,7452.35,149.42134
2022-03-08 12:00:00,40.894563,302.37085,2817.87,622.0,818185.3,2852845.0,20158.22,11234.0,3220.94,905.79531
2022-03-08 16:00:00,55.201597,415.59739,5536.7,929.5,753190.4,1189004.0,19596.26,4489.46,6415.43,700.0371
2022-03-08 20:00:00,13.551215,105.56663,2100.86,425.1,264413.0,600513.0,7710.82,5833.12,8359.95,103.93207
2022-03-09 00:00:00,68.404349,434.46905,4195.71,1304.6,840575.8,1420483.0,24872.43,16784.61,9078.57,1482.6739
2022-03-09 04:00:00,67.835053,402.46223,3040.14,919.1,953677.3,1759643.0,20135.66,6312.26,3043.52,952.63503
2022-03-09 08:00:00,42.882118,134.1509,1529.18,1372.3,454719.3,822172.0,6625.33,12378.56,8345.11,384.82902
2022-03-09 12:00:00,38.837812,261.04192,5044.25,339.5,397086.5,989744.0,12779.54,9698.71,27560.55,1913.8427
2022-03-09 16:00:00,28.267478,350.86081,3558.27,523.3,624382.6,599263.0,17487.07,1903.63,7433.48,656.22682
2022-03-09 20:00:00,32.37415,137.27964,2330.3,280.3,251544.9,713321.0,6803.03,5994.57,771.87,1083.17012
2022-03-10 00:00:00,43.742221,217.18684,3124.31,566.6,500376.5,858672.0,22214.64,2833.09,2604.16,1012.48397
2022-03-10 04:00:00,81.409207,447.23949,3166.18,1673.9,492072.1,1393074.0,12910.83,4902.79,4974.91,815.24103
2022-03-10 08:00:00,40.26376,152.91084,1655.95,231.3,247949.7,461465.0,4090.18,8939.79,5341.91,1144.15032
2022-03-10 12:00:00,75.933544,422.23202,5119.97,843.2,414324.0,1967140.0,15227.37,21841.32,2857.46,1855.9045
2022-03-10 16:00:00,40.66231,181.46687,1631.43,282.8,154455.3,1185343.0,7014.59,15977.41,39.67,308.13232
2022-03-10 20:00:00,26.384209,458.52795,1618.61,1424.4,259290.7,247267.0,7704.54,5071.42,166.0,144.98782
2022-03-11 00:00:00,44.607103,195.96199,1510.14,1071.3,295866.9,664884.0,29010.56,11089.24,2881.9,1576.11335
2022-03-11 04:00:00,25.070751,219.51638,1477.65,277.8,147271.3,431683.0,15836.69,11584.55,1695.81,950.13437
2022-03-11 08:00:00,23.829048,152.36615,1677.49,339.6,165983.6,627089.0,13909.29,13285.0,1420.17,3319.96133
2022-03-11 12:00:00,39.471923,268.11666,3408.12,362.9,226848.9,872673.0,16801.47,12391.04,1605.45,1697.04689
2022-03-11 16:00:00,23.002138,124.16741,1630.82,154.0,303209.9,405931.0,17494.58,22832.58,1567.88,168.64458
2022-03-11 20:00:00,30.340716,179.88248,1153.1,792.5,178434.9,2356252.0,6724.49,18833.4,1664.11,831.44081
2022-03-12 00:00:00,29.956386,67.20726,1276.04,179.4,106316.9,356188.0,6423.92,9677.64,428.97,780.0149
2022-03-12 04:00:00,14.003902,54.84493,478.06,84.2,149137.3,182908.0,4673.37,25180.51,1152.26,176.36576
2022-03-12 08:00:00,4.147704,30.31831,857.8,81.4,44701.3,140599.0,2838.67,9958.51,2780.46,835.5434
2022-03-12 12:00:00,7.958598,117.69385,434.59,135.2,103815.5,497740.0,3373.62,18862.85,139.42,1289.63119
2022-03-12 16:00:00,11.858581,179.11131,814.69,214.6,104696.6,227852.0,3284.24,22426.56,801.39,1672.55463
2022-03-12 20:00:00,4.840653,101.6488,628.72,209.3,39504.6,565984.0,3227.6,5485.78,1367.01,152.99411
2022-03-13 00:00:00,7.808636,85.00158,1342.99,137.0,166034.2,645855.0,3957.81,8792.78,11455.21,829.05672
2022-03-13 04:00:00,4.193703,26.04451,858.49,58.4,44610.2,184922.0,6301.34,12714.92,381.44,74.10015
2022-03-13 08:00:00,7.810787,66.1149,739.74,291.6,70469.5,364232.0,2184.96,17671.6,145.61,50.29092
2022-03-13 12:00:00,22.237313,205.93023,1541.16,98.4,785986.0,1986261.0,8458.16,7396.45,1566.98,1557.44284
2022-03-13 16:00:00,15.872164,92.82587,748.62,111.9,186831.5,190850.0,3764.05,13033.62,3205.18,184.98356
2022-03-13 20:00:00,33.334546,276.03666,3171.48,899.9,299926.1,1540626.0,11808.0,8985.66,1825.15,956.39944
2022-03-14 00:00:00,10.696561,143.65017,2291.55,336.2,204267.9,498007.0,10811.71,15991.95,3716.28,467.59624
2022-03-14 04:00:00,17.7194,183.23444,1022.33,163.2,405431.0,12913428.0,5913.53,8096.94,5261.39,1749.58537
2022-03-14 08:00:00,7.774666,110.13954,1887.58,60.5,116997.9,1289378.0,10843.82,2609.94,4836.23,1927.29783
2022-03-14 12:00:00,18.561905,150.29556,1394.42,133.6,106441.8,1801477.0,24433.96,14723.77,186.95,381.46586
2022-03-14 16:00:00,8.447915,202.79182,1841.93,158.0,115897.2,1576429.0,9948.8,31718.29,5247.59,319.20023
2022-03-14 20:00:00,42.131229,249.57082,1173.09,181.2,255772.8,856274.0,15321.24,7732.45,7528.44,845.9589
2022-03-15 00:00:00,20.966764,238.96344,1420.33,271.1,150438.2,744571.0,9586.48,11697.52,1310.57,3825.02047
2022-03-15 04:00:00,11.05806,265.38638,578.33,138.1,123613.9,513530.0,5262.57,14971.59,1349.36,288.09286
2022-03-15 08:00:00,3.883441,90.76383,491.89,253.8,29000.0,499074.0,7140.52,5395.63,885.37,40.43216
2022-03-15 12:00:00,24.011534,177.27795,861.46,169.0,254390.4,1212184.0,10750.82,7899.59,3051.11,57.32115
2022-03-15 16:00:00,12.558697,439.34693,2905.79,243.4,273382.5,1501328.0,15228.02,5330.14,4833.56,5590.301
2022-03-15 20:00:00,43.978188,187.22781,1794.66,137.9,477433.9,868066.0,6594.34,3080.09,395.53,184.49716
2022-03-16 00:00:00,118.829136,437.713,4724.91,610.0,512310.3,1919833.0,17601.09,34902.88,12063.68,9422.58983
2022-03-16 04:00:00,15.520877,386.81659,1269.38,207.0,145643.7,293326.0,2742.17,10843.01,721.11,155.59027
2022-03-16 08:00:00,28.797496,194.09956,904.31,79.0,141320.7,340139.0,3364.04,4923.79,4677.51,287.16253
2022-03-16 12:00:00,42.001356,154.21407,1796.7,243.0,321509.6,1864910.0,4910.04,4291.22,841.37,1121.93831
2022-03-16 16:00:00,91.607971,403.12206,4870.79,745.5,580888.2,1402477.0,15095.73,12189.08,4891.04,748.58671
2022-03-16 20:00:00,30.195389,174.62482,6469.24,915.5,227530.3,1071734.0,8745.28,10597.39,10204.16,1962.66348
2022-03-17 00:00:00,8.31127,339.12179,3034.72,367.0,593623.4,1535535.0,17640.62,4484.97,3298.35,3551.96145
2022-03-17 04:00:00,31.567093,98.31268,2407.75,664.7,521526.2,3863270.0,6728.23,1362.4,7196.67,466.55968
2022-03-17 08:00:00,8.052852,91.16085,925.92,120.8,317412.9,777494.0,23420.48,4023.94,25695.43,88.80848
2022-03-17 12:00:00,24.517439,347.811,4284.35,623.3,311884.1,911252.0,25292.73,3901.78,3949.33,267.83674
2022-03-17 16:00:00,9.078632,223.27756,3133.68,326.0,158721.2,982925.0,14502.2,5759.28,8635.19,629.00108
2022-03-17 20:00:00,6.776164,62.39645,2099.76,339.7,228028.4,880954.0,20820.73,7054.78,1087.71,124.9018
2022-03-18 00:00:00,12.682739,302.29758,4340.86,495.6,437133.9,1940970.0,23213.58,8665.65,2621.32,954.00509
2022-03-18 04:00:00,10.038507,100.62339,1098.18,158.3,87593.2,2009232.0,6682.88,483.93,4144.68,389.63854
2022-03-18 08:00:00,9.975191,101.96427,1201.37,130.8,112253.4,1120921.0,7256.18,5402.86,1353.34,205.15875
2022-03-18 12:00:00,23.417528,387.22702,2425.5,634.0,263730.5,981624.0,19777.0,15566.69,1358.6,971.00432
2022-03-18 16:00:00,30.154375,526.51151,5664.03,1198.6,368009.8,2836273.0,38570.13,14736.68,11200.3,293.83833
2022-03-18 20:00:00,18.135089,205.86516,3142.13,274.0,172100.0,2225110.0,12028.55,1691.6,387.61,2176.79241
2022-03-19 00:00:00,14.478053,200.27955,1750.69,276.1,796799.1,1791010.0,20697.67,3405.23,257.44,259.87132
2022-03-19 04:00:00,8.001286,87.54821,718.66,160.9,151901.8,798282.0,13154.92,1050.46,167.9,146.79227
2022-03-19 08:00:00,5.723664,28.58298,906.01,112.1,294643.8,2972685.0,8791.75,4586.63,357.5,140.59499
2022-03-19 12:00:00,12.102851,97.72366,7278.89,494.2,554095.0,5963785.0,29415.09,28279.26,4697.45,1714.33312
2022-03-19 16:00:00,7.345313,153.21041,3150.7,573.9,678611.6,2758850.0,18158.78,25880.0,2202.31,1473.92613
2022-03-19 20:00:00,21.700074,367.04848,2274.25,353.2,565023.9,1263288.0,12529.2,2943.84,6684.04,2266.89497
2022-03-20 00:00:00,15.055063,140.24688,1608.02,231.3,290347.4,3561754.0,15104.9,6860.59,3768.36,1019.7744
2022-03-20 04:00:00,4.279485,64.21191,468.94,206.4,226992.2,489460.0,5526.9,23020.9,1751.66,104.03632
2022-03-20 08:00:00,6.699019,61.66073,582.51,44.4,163635.9,3505913.0,10742.21,35527.38,308.13,1033.22538
2022-03-20 12:00:00,18.21675,249.43036,1720.61,468.3,258493.8,1863962.0,10695.19,15665.03,820.17,4236.82671
2022-03-20 16:00:00,25.049951,199.22173,1978.6,335.7,288511.8,1085051.0,24240.08,18640.15,1469.25,6880.86944
2022-03-20 20:00:00,10.930481,109.99639,1019.54,250.4,183252.4,623750.0,14914.87,4775.35,216.37,2215.37401
2022-03-21 00:00:00,32.841152,138.67522,2333.39,262.1,415666.9,1310444.0,15186.39,25891.37,764.14,2470.88391
2022-03-21 04:00:00,9.360436,294.65712,1221.17,199.8,186479.0,1611733.0,11036.02,12346.27,489.55,175.41351
2022-03-21 08:00:00,8.032927,111.72087,1472.09,397.8,164480.5,1035753.0,24658.55,3243.92,2433.33,365.80001
2022-03-21 12:00:00,16.489069,176.48039,3135.46,266.6,617627.1,2018096.0,31615.71,10742.97,2152.26,4746.74649
2022-03-21 16:00:00,13.478828,294.70604,1968.66,380.9,1230942.4,1723489.0,18453.79,6999.26,267.25,1847.49262
2022-03-21 20:00:00,11.681052,105.23072,785.08,189.8,376234.2,452390.0,11183.6,596.97,111.38,197.11512
2022-03-22 00:00:00,38.787459,571.09957,3849.04,714.4,477580.6,3032895.0,25455.4,28717.55,18594.23,6405.0086
2022-03-22 04:00:00,50.016664,319.25962,2604.6,800.3,598938.5,1763699.0,19555.42,19725.63,4049.6,4966.04557
2022-03-22 08:00:00,10.25017,122.16033,1833.77,226.5,253721.8,2738274.0,7314.51,14403.23,1616.26,1829.9258
2022-03-22 12:00:00,19.390912,158.35465,3698.73,874.4,1146686.4,2947094.0,21845.9,5761.88,2408.07,3850.5914
2022-03-22 16:00:00,26.115798,186.61369,2379.51,181.5,329870.8,672843.0,8037.39,1391.48,2043.73,4902.0318
2022-03-22 20:00:00,15.709387,145.51953,2138.22,182.9,532940.8,768710.0,7752.34,8996.73,435.98,1110.70582
2022-03-23 00:00:00,32.064007,229.87631,1669.07,346.2,1568979.9,477909.0,15217.61,8434.57,303.94,1279.38582
2022-03-23 04:00:00,26.298104,194.18335,1126.76,139.4,327380.6,206868.0,9139.07,7764.33,176.21,2474.67337
2022-03-23 08:00:00,11.293372,76.48585,1197.95,92.4,374489.5,381333.0,5304.97,16456.98,115.69,1615.2456
2022-03-23 12:00:00,20.88426,195.26724,7462.22,303.6,2811220.2,1388841.0,11534.01,13326.91,2423.41,377.5329
2022-03-23 16:00:00,21.451096,221.10587,4529.29,296.2,1882614.4,6291171.0,16480.04,31403.66,7729.8,389.6077
2022-03-23 20:00:00,11.234117,121.71887,1796.43,159.3,957198.0,4123166.0,5263.74,14823.51,3038.2,210.34264
2022-03-24 00:00:00,24.175961,353.62254,3451.05,654.9,1606936.4,23017412.0,11127.3,8180.92,3382.67,628.7797
2022-03-24 04:00:00,14.053517,243.30406,3475.24,439.1,940416.3,5559946.0,5968.13,7282.24,1213.28,861.11915
2022-03-24 08:00:00,14.618436,183.12977,4766.67,187.0,968392.0,9879280.0,9070.78,10803.03,1956.11,2860.65795
2022-03-24 12:00:00,42.144132,431.56412,6932.33,575.8,1416145.0,4875713.0,21320.0,33222.98,7895.19,3555.9829
2022-03-24 16:00:00,15.24508,174.74032,4824.76,452.6,686895.9,2268739.0,8417.91,9597.53,7145.81,2734.27486
2022-03-24 20:00:00,11.416058,107.27229,2833.7,287.0,987606.3,1318869.0,4242.8,9204.04,799.99,2077.44133
2022-03-25 00:00:00,18.332222,217.14128,3910.22,305.5,957874.9,1814406.0,7824.46,4504.55,973.08,962.9214
2022-03-25 04:00:00,7.149815,113.84646,2013.68,150.4,634000.7,1942588.0,5396.69,7921.87,1121.11,297.5013
2022-03-25 08:00:00,15.776066,159.23817,1928.22,1239.8,382487.2,1734819.0,16133.05,3921.31,9298.41,1249.74381
2022-03-25 12:00:00,28.152831,361.94771,3702.99,678.3,698051.4,1468835.0,12493.9,9007.69,4191.83,1677.26613
2022-03-25 16:00:00,23.141832,209.18022,5955.06,377.7,715156.2,1770592.0,12923.73,4875.21,8167.7,1293.88716
2022-03-25 20:00:00,4.572451,56.08779,1317.58,232.3,259838.2,398627.0,5516.47,1690.01,1065.09,1150.04774
2022-03-26 00:00:00,11.253734,87.81816,1180.94,245.9,312813.9,1073342.0,3699.7,10378.1,2891.1,223.24379
2022-03-26 04:00:00,4.218093,42.64867,1860.27,168.2,406999.8,684081.0,3110.36,7665.5,784.71,89.75723
2022-03-26 08:00:00,1.096871,15.307,968.34,140.0,352489.1,940415.0,3231.94,16044.07,852.77,59.00624
2022-03-26 12:00:00,9.843725,44.48966,1349.88,117.0,357754.0,818731.0,10821.22,7762.74,2454.36,395.34006
2022-03-26 16:00:00,7.493578,40.79754,2712.35,217.7,248484.8,2585174.0,5302.7,3338.69,1695.35,1331.96043
2022-03-26 20:00:00,9.317879,92.0266,1789.74,205.4,515275.1,554072.0,9647.75,6553.16,275.2,844.8885
2022-03-27 00:00:00,10.350721,147.1635,1660.97,345.0,353181.5,5879235.0,6944.14,14131.13,3675.11,676.16479
2022-03-27 04:00:00,4.014773,43.31716,626.4,387.6,281550.1,3786778.0,2360.71,3293.12,3965.64,118.42792
2022-03-27 08:00:00,5.607526,24.49655,828.04,163.5,321034.4,8286231.0,3391.34,2639.67,226.57,176.89905
2022-03-27 12:00:00,9.509356,182.32599,2493.64,390.6,845808.6,6839032.0,4400.48,6507.73,2760.89,343.39471
2022-03-27 16:00:00,16.108457,121.15398,2841.46,314.3,341557.3,9291981.0,4449.33,7770.02,4948.16,668.44812
2022-03-27 20:00:00,61.569427,507.17384,9965.9,764.1,1035054.3,6592245.0,18945.68,37360.43,10829.23,4024.00711
2022-03-28 00:00:00,56.581022,401.50097,4072.11,554.8,1153910.9,14371478.0,12657.77,8818.93,5353.75,1766.18349
2022-03-28 04:00:00,23.555961,179.86549,7321.83,1039.6,1545402.9,6764455.0,11562.8,6024.39,7900.09,1590.28374
2022-03-28 08:00:00,15.408347,144.20334,2157.7,181.6,265137.1,1881991.0,3972.95,11255.85,3568.63,289.96432
2022-03-28 12:00:00,29.586616,284.57314,7773.45,618.5,1408545.5,8665403.0,22662.51,5064.19,2425.34,1268.13218
2022-03-28 16:00:00,30.36098,375.19194,5291.09,744.0,483649.9,2433100.0,21248.26,4414.18,3430.4,980.48682
2022-03-28 20:00:00,23.208349,239.11509,5931.74,650.1,1147552.8,3156450.0,25345.17,19726.99,4819.36,1264.46245
2022-03-29 00:00:00,23.437169,190.2324,3409.95,818.7,757621.5,1196400.0,9491.42,10228.94,6129.11,1669.88995
2022-03-29 04:00:00,7.189464,126.27008,2882.84,226.0,477217.4,864234.0,7354.49,12699.91,244.22,270.96801
2022-03-29 08:00:00,9.007632,174.83072,2921.77,165.1,126647.9,419279.0,5774.52,1524.77,847.32,404.6653
2022-03-29 12:00:00,23.060227,229.86123,5956.52,605.2,433705.0,2340941.0,19600.75,8217.69,2521.19,938.49911
2022-03-29 16:00:00,19.380452,266.04993,6069.68,444.8,346775.1,1252610.0,13068.2,6138.17,3582.91,409.31915
2022-03-29 20:00:00,11.640123,143.32628,3018.9,452.7,282019.5,741742.0,7319.13,5784.59,7678.3,1480.21389
2022-03-30 00:00:00,39.399461,109.95884,3746.37,463.4,241327.6,1650376.0,5854.35,6824.03,3226.83,647.78283
2022-03-30 04:00:00,5.513121,140.25511,2648.54,400.6,224683.8,699592.0,4759.99,2495.59,1426.09,483.10586
2022-03-30 08:00:00,8.13221,75.22416,960.75,150.2,141204.9,1354282.0,14165.99,3012.67,1957.52,845.8233
2022-03-30 12:00:00,8.33553,102.58311,13950.47,366.7,292193.1,1237863.0,19645.91,2393.51,3523.02,2072.45914
2022-03-30 16:00:00,32.708938,146.0328,8338.59,1144.98,477931.8,1222439.0,33919.18,35640.82,2537.52,1526.92184
2022-03-30 20:00:00,8.095046,71.90419,2812.8,359.2,164899.9,1506294.0,11892.23,30318.81,1642.28,1026.7238
2022-03-31 00:00:00,11.062278,128.8302,3621.76,614.35,627351.0,918385.0,29998.96,3091.69,2929.84,640.71888
2022-03-31 04:00:00,8.99135,50.9906,1705.29,282.1,359664.9,620911.0,9650.5,2715.57,342.67,4279.49215
2022-03-31 08:00:00,7.521821,77.32736,4851.58,440.6,557123.9,2003927.0,12934.48,6508.32,2850.84,1406.76121
2022-03-31 12:00:00,26.924315,363.71496,15434.59,931.2,991042.7,2116439.0,36551.59,39868.79,5543.57,10628.4516
2022-03-31 16:00:00,22.977607,354.75805,8711.38,802.3,949058.9,874260.0,31075.54,40504.11,3688.9,1757.41459
2022-03-31 20:00:00,22.791669,350.00448,2028.08,329.1,250454.9,574173.0,14452.87,6815.58,1282.29,676.90448
2022-04-01 00:00:00,37.020291,251.50572,10823.96,743.8,781538.8,2482411.0,20647.23,13680.43,2139.21,1524.2037
2022-04-01 04:00:00,9.404129,91.37296,4922.31,755.8,220385.1,602320.0,6189.83,899.06,453.66,220.54483
2022-04-01 08:00:00,6.985221,128.33577,2639.64,155.3,271639.3,439587.0,4570.36,3954.57,126.68,482.22494
2022-04-01 12:00:00,30.633675,562.35152,12004.52,853.1,743110.5,901072.0,17098.27,20781.05,4243.63,1763.68659
2022-04-01 16:00:00,12.76468,522.40347,5413.64,754.5,224696.4,913580.0,13570.23,1241.81,3621.03,1082.70747
2022-04-01 20:00:00,5.742559,70.74509,4430.47,440.7,154927.0,1223871.0,8532.26,5821.28,1454.16,621.71972
2022-04-02 00:00:00,26.900807,290.71628,4644.47,503.1,376542.2,812680.0,8505.65,7169.96,3914.54,1607.3291
2022-04-02 04:00:00,11.616816,652.40531,1594.1,169.7,718437.1,854700.0,10781.34,2450.91,455.83,292.8087
2022-04-02 08:00:00,2.850674,72.85332,2030.9,63.3,215775.6,552692.0,6395.01,11922.57,1025.98,406.32562
2022-04-02 12:00:00,19.112722,379.6883,12121.74,370.5,630870.6,2595108.0,25089.8,17812.06,6735.58,1909.67758
2022-04-02 16:00:00,21.687509,277.93554,7031.1,295.3,436507.5,2121452.0,23309.79,5302.59,1306.29,1457.59946
2022-04-02 20:00:00,8.118736,129.27139,5179.13,221.4,331869.2,2337683.0,10601.9,4739.83,1322.52,1042.33717
2022-04-03 00:00:00,11.725039,123.17053,4775.08,428.1,786613.5,1728115.0,9948.47,16840.21,2301.38,882.82336
2022-04-03 04:00:00,9.58969,144.50796,4017.73,387.7,135738.7,968922.0,7697.54,2025.06,4287.22,419.13506
2022-04-03 08:00:00,2.367449,52.20164,4408.79,147.1,64671.2,266671.0,7559.62,1199.03,142.94,331.83711
2022-04-03 12:00:00,10.490174,90.82828,3217.87,478.2,191728.0,3927704.0,14073.7,4266.44,1512.03,693.42297
2022-04-03 16:00:00,14.333317,73.80239,4364.07,240.4,142919.6,1930624.0,6324.11,7376.31,1747.11,292.85111
2022-04-03 20:00:00,42.554638,327.88048,5276.37,486.5,230308.2,1879424.0,11109.17,3071.21,2109.37,2102.22494
2022-04-04 00:00:00,22.162171,461.1734,3127.59,1627.5,467598.7,2364347.0,9594.2,2066.28,1416.4,1239.64014
2022-04-04 04:00:00,8.388295,155.71072,2326.47,311.5,935223.1,824317.0,3598.01,2859.61,434.36,212.65513
2022-04-04 08:00:00,24.056699,293.3594,3331.3,192.2,385027.6,13695823.0,7295.72,4843.73,528.47,2463.50162
2022-04-04 12:00:00,18.430147,197.39683,7249.45,283.4,1019012.5,8085675.0,21606.05,9210.97,4601.18,407.72082
2022-04-04 16:00:00,23.697526,223.86771,9401.33,389.3,502046.2,3912225.0,9242.05,12207.18,505.83,1555.07209
2022-04-04 20:00:00,20.110541,215.10944,3937.32,652.7,317321.8,3393883.0,4916.06,3996.76,229.64,526.69239
2022-04-05 00:00:00,9.495754,176.43358,3067.75,485.97,133830.3,4008270.0,5702.16,7875.26,2614.5,198.13395
2022-04-05 04:00:00,6.22929,78.52456,1172.7,529.42,143204.2,3200615.0,6911.81,3496.1,351.67,234.15354
2022-04-05 08:00:00,1.671319,35.50734,1067.32,293.3,54509.4,2372803.0,2633.22,12604.07,2469.05,318.38777
2022-04-05 12:00:00,36.487343,258.96503,8082.39,475.5,254081.0,13176366.0,18127.52,44239.91,493.98,968.62224
2022-04-05 16:00:00,11.841038,308.01708,3435.47,281.8,212787.8,14665336.0,6637.39,8110.71,605.99,563.38689
2022-04-05 20:00:00,15.854733,189.47358,3732.94,294.5,267879.1,5819010.0,4092.57,14602.64,1542.98,814.6516
2022-04-06 00:00:00,34.688829,583.96581,12026.87,952.7,603585.3,10210418.0,23589.78,34513.96,3773.06,1921.74096
2022-04-06 04:00:00,6.95662,240.35187,2519.63,183.3,161490.8,2669006.0,7831.68,15353.58,475.52,280.48881
2022-04-06 08:00:00,10.453937,212.23319,4396.99,133.1,360533.9,4213811.0,7227.25,5512.3,400.99,606.61222
2022-04-06 12:00:00,38.523057,827.98197,9555.45,785.0,650614.5,6362056.0,16961.64,25071.03,4046.25,1732.4321
2022-04-06 16:00:00,36.213946,489.02737,10235.12,450.2,597646.8,3184131.0,11084.66,12542.43,951.14,1042.42737
2022-04-06 20:00:00,13.876903,127.13537,4237.66,287.4,226787.1,1389012.0,10664.51,9405.4,2405.36,497.90703
2022-04-07 00:00:00,18.618178,154.65517,3304.72,659.1,373170.0,1677268.0,16337.4,36074.21,1304.81,370.18868
2022-04-07 04:00:00,7.080495,122.47007,1661.18,240.1,213766.6,1624840.0,7245.87,1754.77,199.9,177.75434
2022-04-07 08:00:00,6.455475,103.71954,3205.56,199.3,155471.4,1934103.0,5886.39,12905.08,172.82,275.20036
2022-04-07 12:00:00,8.595002,314.55717,4092.04,444.9,261196.9,1366750.0,8495.83,5622.65,2106.94,596.30597
2022-04-07 16:00:00,17.032252,260.97459,3706.53,633.1,171765.5,779413.0,23490.44,3591.81,646.97,81.18835
2022-04-07 20:00:00,3.692812,69.73316,2245.83,219.2,203496.6,250631.0,6419.84,8162.31,737.39,138.85947
2022-04-08 00:00:00,8.598673,115.29948,6248.72,417.8,187894.6,4016800.0,6110.83,2451.09,248.95,270.50371
2022-04-08 04:00:00,3.478329,265.93172,3242.75,387.6,78015.2,3254238.0,14625.42,9825.98,476.49,73.7691
2022-04-08 08:00:00,10.719076,408.1965,4611.23,568.4,130567.3,2363146.0,6707.95,22393.45,583.34,720.1427
2022-04-08 12:00:00,20.103247,321.03364,11186.44,480.7,237851.6,2865500.0,7336.98,15865.14,429.11,458.14149
2022-04-08 16:00:00,33.635317,223.96969,4589.47,573.8,181267.3,1099505.0,7145.11,31897.66,583.55,999.49934
2022-04-08 20:00:00,8.877928,190.19698,5058.16,454.0,246950.0,1081468.0,3269.79,6580.75,150.43,1436.0696
2022-04-09 00:00:00,10.156473,201.78033,2230.47,294.2,199047.5,416967.0,4373.67,14978.61,1729.3,420.94868
2022-04-09 04:00:00,1.578138,55.14028,1020.04,80.1,83690.1,415009.0,2193.09,14014.05,661.36,114.77439
2022-04-09 08:00:00,2.004894,46.75674,573.14,71.8,97554.0,771626.0,1524.87,3072.84,94.87,43.72864
2022-04-09 12:00:00,10.466635,148.59914,2624.72,270.7,153304.3,753575.0,8848.87,10184.83,633.74,412.5378
2022-04-09 16:00:00,6.958316,147.72365,1363.09,289.7,117206.9,380948.0,2985.28,17295.87,99.52,658.64102
2022-04-09 20:00:00,4.400124,87.26384,3141.89,203.7,90425.2,487571.0,1236.25,6273.25,116.72,285.72592
2022-04-10 00:00:00,3.457757,84.73681,1972.18,132.8,127054.0,7534136.0,1869.57,7736.14,398.18,142.67664
2022-04-10 04:00:00,1.845415,47.98475,1709.73,220.9,107387.7,1824004.0,1955.3,4521.97,664.17,17.89948
2022-04-10 08:00:00,4.240902,39.10099,997.81,230.4,35867.7,2242993.0,1755.1,23413.82,39.11,407.77531
2022-04-10 12:00:00,7.989505,113.17144,1306.44,289.8,99449.6,6325883.0,2583.13,5664.51,168.37,1429.19075
2022-04-10 16:00:00,13.712895,168.05693,3068.17,267.7,186126.4,3392965.0,2964.4,30657.16,3105.36,986.02902
2022-04-10 20:00:00,31.631899,272.88904,4542.84,458.5,218226.6,4763968.0,9070.13,23218.52,408.47,286.88758
2022-04-11 00:00:00,23.008503,299.71637,3745.4,411.9,641867.1,3167850.0,17227.07,18738.42,2415.11,994.77321
2022-04-11 04:00:00,8.424181,136.27065,2011.19,182.9,254205.1,823424.0,3475.36,3002.85,2706.59,445.08551
2022-04-11 08:00:00,30.062601,770.34609,5764.79,384.4,699317.0,3694191.0,12416.17,19352.39,2663.54,1414.62212
2022-04-11 12:00:00,24.776487,449.41869,7398.25,235.6,542841.0,1841835.0,7139.87,21155.89,3211.24,567.7172
2022-04-11 16:00:00,36.454343,619.89168,3824.11,1054.1,358600.4,1479928.0,9725.57,32411.29,814.7,1467.75919
2022-04-11 20:00:00,37.574438,363.56604,7268.06,554.1,449562.3,3142629.0,6843.45,6704.62,1385.85,1869.47938
2022-04-12 00:00:00,27.669163,382.12977,3645.0,416.6,530170.9,1141671.0,5239.22,15421.54,518.15,316.50867
2022-04-12 04:00:00,19.899946,267.93584,3242.44,217.8,357847.5,1140302.0,2275.2,1854.99,705.15,466.57368
2022-04-12 08:00:00,24.644261,135.46881,2761.84,202.7,221078.4,1440947.0,2975.62,15553.0,14191.7,142.4407
2022-04-12 12:00:00,63.510307,861.40755,17989.38,622.4,1083308.4,5163929.0,16971.25,22135.67,1708.71,981.7072
2022-04-12 16:00:00,21.512791,139.41731,4762.16,335.8,472801.3,2202255.0,6808.91,3667.7,496.53,868.33036
2022-04-12 20:00:00,18.800495,280.89985,4012.55,364.6,296080.3,1783656.0,4148.62,14811.69,640.28,428.57237
2022-04-13 00:00:00,24.63206,296.22413,2912.78,436.3,457101.0,5627550.0,3064.78,4313.51,450.85,228.28544
2022-04-13 04:00:00,13.819801,173.82963,2703.58,132.2,197897.1,869221.0,1329.77,2117.59,183.06,146.55858
2022-04-13 08:00:00,14.057493,248.6718,1211.1,115.1,168386.4,861813.0,2335.99,952.18,306.27,1058.87001
2022-04-13 12:00:00,56.183875,558.53315,7794.16,336.2,255323.6,1641416.0,7621.49,16105.23,544.22,2156.46189
2022-04-13 16:00:00,54.249033,385.39628,2907.34,236.2,320316.9,954943.0,4750.28,9319.22,459.17,5298.56628
2022-04-13 20:00:00,18.575162,157.53547,1349.36,551.4,188659.7,714941.0,7474.77,1257.26,1008.2,1287.03794
2022-04-14 00:00:00,10.318095,181.59867,2517.32,506.5,192768.5,1298180.0,5340.66,1460.34,476.05,1161.27828
2022-04-14 04:00:00,9.759153,167.45059,3446.69,314.9,436170.9,2380131.0,5497.07,9309.88,876.52,1765.11243
2022-04-14 08:00:00,10.909933,322.95904,2402.33,705.1,167784.7,14345564.0,4903.27,13475.35,374.04,2394.59031
2022-04-14 12:00:00,35.904766,560.87317,8651.99,396.5,300254.1,6856143.0,15839.19,13719.78,1250.27,3505.89008
2022-04-14 16:00:00,26.703751,394.68271,6328.92,251.6,182796.7,6022118.0,4172.59,3367.45,9429.6,485.05677
2022-04-14 20:00:00,11.046638,198.30314,1756.73,220.7,90031.2,3273120.0,3085.33,4230.95,261.59,178.46744
2022-04-15 00:00:00,11.162629,183.61182,2667.69,180.5,193316.0,2328847.0,5352.22,6606.63,626.03,1574.32606
2022-04-15 04:00:00,11.199832,216.3646,2353.35,171.3,171141.1,2569679.0,3096.46,2064.51,4234.22,2184.03375
2022-04-15 08:00:00,16.248645,195.73097,890.03,137.9,123256.0,2767035.0,1703.69,5270.41,935.56,1928.01419
2022-04-15 12:00:00,17.090836,341.99402,4342.42,299.6,204385.9,3849693.0,15024.97,13384.67,773.58,1308.17046
2022-04-15 16:00:00,12.463888,177.39274,5634.61,254.7,231311.2,1791026.0,4124.28,6315.73,740.16,1510.47435
2022-04-15 20:00:00,5.701017,128.0557,1158.23,328.8,220678.7,1115969.0,2041.8,2778.94,5846.73,225.53228
2022-04-16 00:00:00,6.830495,118.45727,1530.35,322.5,122332.4,1692754.0,2447.43,2780.83,611.1,245.5203
2022-04-16 04:00:00,4.317015,83.22869,1148.75,178.9,62145.6,783083.0,1942.76,1235.89,209.58,334.66653
2022-04-16 08:00:00,8.719089,76.40554,1313.94,48.5,95398.8,899906.0,2417.38,717.84,2011.16,56.61656
2022-04-16 12:00:00,14.633243,315.70094,1215.6,137.1,171379.1,1342853.0,3797.7,21962.15,960.95,1907.96306
2022-04-16 16:00:00,5.750963,63.86055,1341.69,303.1,124745.0,806849.0,1623.76,12766.16,1390.95,561.82846
2022-04-16 20:00:00,11.125204,135.90513,1816.98,227.4,225056.9,496141.0,2829.82,20815.24,586.79,1877.76414
2022-04-17 00:00:00,5.625128,127.30853,559.72,158.7,404860.8,832948.0,6923.47,8609.47,2671.94,1650.42318
2022-04-17 04:00:00,4.305253,63.26384,767.2,102.1,29984.5,385831.0,2192.69,7430.64,3321.95,344.14857
2022-04-17 08:00:00,2.826859,40.87419,240.88,240.9,54290.9,147515.0,1905.83,15767.83,1571.96,1094.14598
2022-04-17 12:00:00,5.899522,362.02173,3260.13,186.5,109686.8,487275.0,3209.99,658.77,2988.56,865.13942
2022-04-17 16:00:00,17.78291,478.20854,2086.41,176.0,127147.0,1008338.0,3579.09,10119.73,838.55,1725.28935
2022-04-17 20:00:00,30.175001,292.81343,2531.98,314.0,257688.0,1831113.0,5597.95,27620.32,2513.34,1618.74866
2022-04-18 00:00:00,20.175992,167.31945,2814.46,555.8,183266.1,1014955.0,3270.84,24569.48,607.12,248.31375
2022-04-18 04:00:00,49.347823,616.65896,7118.82,792.3,797567.1,5904339.0,16895.12,18150.79,10643.2,2853.07541
2022-04-18 08:00:00,18.560187,350.86979,1633.37,122.7,273506.8,676906.0,5897.66,14993.29,323.19,1564.74511
2022-04-18 12:00:00,28.858812,594.51729,3924.01,557.0,159102.2,1045370.0,6007.11,10213.09,8978.01,974.37879
2022-04-18 16:00:00,61.00918,605.45068,4773.02,558.3,522774.2,1747472.0,12445.09,27302.95,12892.8,2870.26381
2022-04-18 20:00:00,22.218108,289.67889,1673.82,792.4,179448.6,1314219.0,5945.98,11781.39,1091.77,508.67783
2022-04-19 00:00:00,35.42614,454.15171,2888.32,662.2,359227.2,1243926.0,4515.56,20465.54,5099.19,919.4287
2022-04-19 04:00:00,16.025376,149.63056,796.33,266.1,73535.9,209119.0,2591.75,4249.74,395.45,274.0745
2022-04-19 08:00:00,7.528285,160.87443,1822.77,195.4,118943.1,718563.0,5109.46,1377.48,867.14,582.76802
2022-04-19 12:00:00,29.133204,497.47693,7303.62,522.2,303053.4,2182655.0,8279.67,13425.39,1418.11,1085.55786
2022-04-19 16:00:00,6.1683,380.56109,3299.15,346.1,157453.0,1416752.0,5750.26,4481.29,293.74,331.31317
2022-04-19 20:00:00,17.483947,126.20732,4104.7,322.8,99646.1,397748.0,4680.41,2862.72,575.15,938.67244
2022-04-20 00:00:00,6.534989,186.54745,5313.62,627.5,176051.0,1744659.0,4807.45,30591.73,2122.74,946.63631
2022-04-20 04:00:00,6.419686,183.17728,1044.16,162.0,190335.2,3339177.0,10952.79,19087.24,1267.02,163.88469
2022-04-20 08:00:00,23.61432,322.42749,3125.16,697.8,226983.1,752476.0,8162.56,37026.04,1548.81,454.76265
2022-04-20 12:00:00,32.031496,507.19757,7244.69,404.9,296491.4,2358579.0,8275.35,15473.99,2022.72,2078.88236
2022-04-20 16:00:00,13.278415,252.27769,4773.91,577.4,259228.0,1796568.0,7607.6,14701.41,5183.54,564.17583
2022-04-20 20:00:00,8.183805,236.23509,4008.86,412.6,109489.6,2142766.0,3875.09,12706.21,1018.67,206.55873
2022-04-21 00:00:00,14.885746,178.91229,4290.47,175.6,110823.7,827559.0,2434.17,21435.08,995.57,557.56084
2022-04-21 04:00:00,6.474816,273.85179,1513.47,228.0,252687.5,1014331.0,2899.44,26831.98,245.39,572.17624
2022-04-21 08:00:00,41.916719,530.16555,2589.76,260.1,196502.1,419730.0,4762.22,8140.48,1139.43,716.51041
2022-04-21 12:00:00,39.514521,859.62652,4298.02,442.4,252952.4,1386408.0,3859.17,12159.21,655.95,1162.11733
2022-04-21 16:00:00,28.88069,515.38643,3550.39,434.3,192339.2,1511905.0,7229.23,17481.83,1573.06,966.46954
2022-04-21 20:00:00,31.741099,576.96843,5214.77,553.6,441429.7,1994861.0,11127.63,20435.56,3834.03,1128.62814
2022-04-22 00:00:00,19.325135,384.0395,1866.61,421.4,297119.5,820066.0,5722.05,12553.75,521.95,880.42341
2022-04-22 04:00:00,10.041227,473.32285,1596.13,134.4,196919.3,636464.0,4696.01,28579.95,678.21,509.31078
2022-04-22 08:00:00,16.433769,435.73482,1090.07,164.4,99174.3,509419.0,5809.3,13254.86,792.61,314.72957
2022-04-22 12:00:00,44.408894,380.5222,2598.11,456.0,116818.5,755528.0,13894.6,11053.73,1389.49,719.91281
2022-04-22 16:00:00,30.924195,318.86124,5494.51,574.2,104004.1,547987.0,6500.05,11715.23,1465.83,1787.93064
2022-04-22 20:00:00,12.64422,331.97011,5406.43,593.9,21293.7,558912.0,2647.33,6015.63,387.57,1757.9998
2022-04-23 00:00:00,11.215513,146.98711,1687.46,356.6,237014.5,430789.0,4025.14,3839.2,1488.42,1149.42583
2022-04-23 04:00:00,7.06077,169.16716,2128.52,331.3,61318.8,587821.0,4786.35,8373.71,757.83,270.93913
2022-04-23 08:00:00,5.267758,90.09555,1130.55,131.4,41923.1,289111.0,1936.32,12839.24,1041.04,150.08911
2022-04-23 12:00:00,8.400127,87.24538,4421.43,281.7,157577.5,164651.0,4672.86,38125.93,187.85,250.01209
2022-04-23 16:00:00,12.267045,198.7719,1818.66,172.7,136138.3,201296.0,3579.49,9836.58,1326.95,325.22272
2022-04-23 20:00:00,9.293311,102.6025,1030.49,138.9,89525.0,365600.0,3355.58,7792.8,427.65,187.33155
2022-04-24 00:00:00,14.363237,265.51556,2121.35,298.0,92593.8,450063.0,2850.58,11847.04,863.0,58.59148
2022-04-24 04:00:00,8.39726,70.81414,906.56,106.8,108465.7,350275.0,2019.25,15143.98,1778.2,62.73087
2022-04-24 08:00:00,3.898759,95.94339,614.14,90.9,141971.3,614465.0,2568.34,22493.35,465.37,43.2354
2022-04-24 12:00:00,13.893418,217.90893,1424.24,167.6,162443.5,1889434.0,3407.52,15253.02,4892.26,1019.35701
2022-04-24 16:00:00,67.920983,321.54169,3238.91,666.6,358803.9,1567227.0,8613.72,17513.41,9778.22,1805.413
2022-04-24 20:00:00,14.565325,218.29351,2222.64,375.2,70151.2,209675.0,4243.98,2253.8,14251.5,227.70228
2022-04-25 00:00:00,57.875728,836.85345,4194.58,795.9,653970.9,4789955.0,16850.75,27590.97,23196.7,5173.38695
2022-04-25 04:00:00,41.544769,397.79324,3533.88,285.6,371290.3,1378346.0,8179.59,5028.66,2166.01,2568.31279
2022-04-25 08:00:00,17.193237,537.70745,1983.47,225.0,289517.7,12252093.0,6113.31,13913.61,169.28,1869.04266
2022-04-25 12:00:00,66.900152,524.63332,6277.86,409.3,162012.7,12321530.0,12765.57,8040.92,13560.15,1945.58719
2022-04-25 16:00:00,63.353076,663.91905,8749.59,478.5,658851.4,31113586.0,9437.03,11969.77,5117.1,1098.86962
2022-04-25 20:00:00,21.258312,332.72063,4115.55,394.0,359130.9,19665300.0,6793.16,12277.37,7363.71,348.51138
2022-04-26 00:00:00,15.172635,422.65423,1105.31,473.6,309654.3,10483258.0,5279.45,31458.11,1674.35,691.45187
2022-04-26 04:00:00,12.232937,287.94406,1428.99,171.3,96768.2,13475688.0,3648.53,11224.34,2114.27,794.69662
2022-04-26 08:00:00,13.141894,218.98259,1320.11,171.0,95918.0,8013561.0,8822.12,22927.54,279.48,739.1877
2022-04-26 12:00:00,61.80477,789.69252,7576.16,741.1,328628.3,6634904.0,12903.02,34792.01,2426.09,1496.47736
2022-04-26 16:00:00,42.981416,610.76722,3125.46,979.9,526614.6,8711218.0,9295.75,20562.09,4532.39,1468.03747
2022-04-26 20:00:00,27.430811,478.44636,2182.79,467.4,395877.8,4427875.0,17676.33,13198.09,4232.77,1949.7905
2022-04-27 00:00:00,31.403752,393.27218,1427.78,479.6,271654.0,4934342.0,4359.8,4701.95,2410.83,1018.39616
2022-04-27 04:00:00,17.341659,214.70501,3749.42,361.8,392368.5,3383950.0,3471.59,6710.73,1696.26,426.70875
2022-04-27 08:00:00,37.745662,593.71038,2318.79,461.8,455516.9,4413091.0,6628.82,17975.88,5815.37,949.70652
2022-04-27 12:00:00,40.760484,369.99871,3210.95,685.3,500786.4,3350417.0,8719.08,19480.08,1225.81,1614.39944
2022-04-27 16:00:00,17.832849,225.15701,1554.72,455.4,131421.0,3005340.0,6468.15,1800.53,1915.39,656.41753
2022-04-27 20:00:00,20.191398,155.69451,1229.31,552.3,395544.3,1013750.0,3943.82,3557.14,847.98,501.33696
2022-04-28 00:00:00,19.496106,193.8606,1591.21,592.9,412972.5,4760582.0,1683.82,4682.53,840.99,1064.14379
2022-04-28 04:00:00,11.241026,198.37646,990.23,481.5,175234.3,1356646.0,1209.76,1037.44,1533.63,952.37694
2022-04-28 08:00:00,19.669628,325.79697,2528.55,944.9,167834.1,796936.0,2515.47,3647.99,18029.5,3183.36165
2022-04-28 12:00:00,40.157555,450.11076,7374.36,551.5,298505.1,3749108.0,3417.57,14340.49,2684.81,5873.99615
2022-04-28 16:00:00,16.746008,419.63368,4372.32,630.3,403945.6,2605681.0,2641.43,1888.55,1469.74,3817.1832
2022-04-28 20:00:00,19.30983,299.39761,2420.41,432.5,357017.5,1498389.0,3096.64,2156.44,852.35,1182.64422
2022-04-29 00:00:00,13.86905,369.17922,1227.44,447.8,186032.2,1744117.0,1520.99,2192.25,1355.96,2866.65801
2022-04-29 04:00:00,10.242855,271.06326,977.78,437.3,138193.2,6485743.0,1802.42,750.79,334.34,225.84524
2022-04-29 08:00:00,27.819378,456.90871,2032.33,221.3,406844.3,2486068.0,1891.86,4908.65,1526.34,2000.59035
2022-04-29 12:00:00,27.503463,380.79981,1825.59,380.6,151172.2,3114601.0,2887.44,5815.92,6900.9,839.12138
2022-04-29 16:00:00,22.228835,466.4275,4996.65,824.6,289716.5,3948952.0,3850.64,2474.6,1496.15,2863.32636
2022-04-29 20:00:00,10.411502,351.66152,2146.65,940.1,180173.9,1321047.0,2096.72,2463.58,2910.04,2499.70584
2022-04-30 00:00:00,18.152002,237.54507,801.49,918.8,142170.0,1553022.0,2051.54,2160.81,1014.21,270.314
2022-04-30 04:00:00,5.962149,125.90738,1077.79,652.3,194232.7,733573.0,1005.66,1215.78,81.38,600.95852
2022-04-30 08:00:00,6.08138,90.66784,443.0,428.3,125981.0,320559.0,2825.92,1710.69,514.07,180.01139
2022-04-30 12:00:00,14.178618,278.34066,2488.29,497.5,281715.3,2249405.0,4427.45,2752.0,909.13,614.05817
2022-04-30 16:00:00,8.7396,197.73668,1976.84,2362.9,180199.9,856529.0,6221.97,2010.89,2315.99,328.69849
2022-04-30 20:00:00,42.443538,535.87739,13690.38,1437.7,1031505.0,6140779.0,8086.56,21587.08,14106.4,5642.11835
2022-05-01 00:00:00,29.885069,394.05466,25202.26,850.7,674252.1,2661068.0,7209.68,5622.23,1994.96,832.81947
2022-05-01 04:00:00,9.72438,135.46994,3076.33,693.4,328869.9,3297457.0,3682.22,1117.93,2491.27,248.89856
2022-05-01 08:00:00,9.826672,77.60952,1259.9,520.4,74650.6,428440.0,2295.17,284.46,113.76,108.45
2022-05-01 12:00:00,18.731584,182.80939,3152.18,560.1,224499.7,907905.0,3547.9,2944.07,540.08,1119.95728
2022-05-01 16:00:00,25.745058,306.40239,5269.99,1017.0,418171.8,1545471.0,4091.28,2433.18,460.24,484.00324
2022-05-01 20:00:00,14.565254,301.80822,4926.26,606.3,253163.9,727145.0,2669.21,1700.3,766.0,734.64765
2022-05-02 00:00:00,14.222436,184.28014,2123.52,425.7,339174.5,553897.0,3209.26,3795.08,570.92,1362.89569
2022-05-02 04:00:00,15.62731,145.9115,943.37,458.8,84478.0,475493.0,1371.29,1132.04,1319.94,3604.01331
2022-05-02 08:00:00,18.938658,314.56577,4119.17,363.1,123971.3,446230.0,3968.25,2607.65,582.1,230.19786
2022-05-02 12:00:00,39.424261,448.125,6272.25,1405.0,424467.9,3923682.0,10031.24,18851.43,12620.01,923.62519
2022-05-02 16:00:00,23.198885,356.14018,5545.23,1215.0,169691.2,1114390.0,10376.57,9346.05,4406.51,818.14294
2022-05-02 20:00:00,16.276739,175.39175,1363.0,394.9,74222.3,795053.0,4303.55,3348.05,863.16,483.25665
2022-05-03 00:00:00,16.870757,177.02689,1378.5,555.4,131123.5,887134.0,3746.86,2213.6,196.92,1371.26875
2022-05-03 04:00:00,12.449892,130.89205,642.53,534.8,64604.3,540571.0,5030.85,2623.29,294.4,217.52842
2022-05-03 08:00:00,9.596691,78.92347,528.1,307.9,53769.7,521338.0,2586.63,1749.07,249.9,46.70381
2022-05-03 12:00:00,20.322375,212.1558,984.31,491.3,290049.6,866488.0,4186.92,699.45,1228.79,766.12604
2022-05-03 16:00:00,31.303933,271.07386,1981.24,478.6,110277.2,2002136.0,4693.85,5253.74,1153.67,1894.41829
2022-05-03 20:00:00,16.090797,154.9711,2924.88,1305.6,117681.8,1434700.0,2709.26,2820.07,1870.86,393.06768
2022-05-04 00:00:00,12.050589,189.16606,1631.58,536.1,170307.5,942021.0,3047.59,875.32,1030.73,132.24302
2022-05-04 04:00:00,19.98201,233.65044,1635.01,295.7,148072.6,651942.0,3196.87,3583.31,758.6,228.25941
2022-05-04 08:00:00,20.856945,387.27674,1097.94,220.8,735151.7,1540220.0,2742.42,2977.28,1755.4,2134.80956
2022-05-04 12:00:00,11.606998,194.47286,2230.97,430.9,733716.1,1293832.0,3880.31,1475.41,753.13,4203.96377
2022-05-04 16:00:00,42.538493,484.59173,8530.15,1219.5,1488478.9,2220267.0,16272.28,5044.43,3842.67,1894.92646
2022-05-04 20:00:00,17.290905,362.93108,3858.41,1183.0,641648.8,1069396.0,6662.55,2495.95,1747.82,752.63328
2022-05-05 00:00:00,18.621282,229.07225,4106.09,437.7,840668.2,2292403.0,5048.45,4264.65,451.26,1068.30115
2022-05-05 04:00:00,7.8416,54.49496,1179.37,254.8,674126.6,1044945.0,5485.17,5434.23,4597.78,721.34763
2022-05-05 08:00:00,7.012997,306.64206,590.11,1737.9,304802.5,960600.0,3776.21,2453.99,329.38,775.3038
2022-05-05 12:00:00,102.867599,730.0135,11408.06,1582.8,1334255.7,5555398.0,16983.09,11742.08,7981.8,3949.38186
2022-05-05 16:00:00,81.427665,804.70671,9937.15,977.7,914537.4,2333372.0,11522.77,9050.67,6019.43,2193.94687
2022-05-05 20:00:00,25.530461,221.63436,2641.69,3221.2,389805.9,574130.0,3849.38,1387.77,872.56,329.45226
2022-05-06 00:00:00,15.038079,188.88247,1396.08,350.9,568977.9,610540.0,3865.23,1126.82,945.87,712.21515
2022-05-06 04:00:00,14.396864,227.95072,2814.27,455.3,563023.8,766747.0,8654.29,6086.07,1854.13,1259.31469
2022-05-06 08:00:00,21.312163,320.37432,2400.25,267.0,801089.9,1262201.0,5099.22,1675.84,1918.89,865.2989
2022-05-06 12:00:00,88.068421,728.66042,8747.23,817.1,918779.4,3398819.0,13454.62,9293.25,8324.47,1759.31357
2022-05-06 16:00:00,21.325872,469.28912,2087.3,347.8,171053.6,471826.0,9481.35,1430.81,2098.98,356.28166
2022-05-06 20:00:00,10.286532,162.92878,4190.0,2240.4,280644.9,1523319.0,9076.34,659.49,1593.03,195.1226
2022-05-07 00:00:00,8.448009,122.64186,931.71,338.0,303823.7,1478400.0,4522.36,391.51,400.69,488.10909
2022-05-07 04:00:00,5.880962,156.96512,2704.51,199.3,312028.2,722470.0,4436.27,1743.6,518.48,51.89258
2022-05-07 08:00:00,5.470489,130.1681,2636.58,231.4,158521.9,749221.0,3339.99,867.13,129.58,211.34365
2022-05-07 12:00:00,9.530209,226.18198,1506.57,270.3,84384.7,3372834.0,4669.05,252.22,112.81,1188.15492
2022-05-07 16:00:00,11.964851,191.35472,1012.89,289.2,103746.8,2661434.0,4460.12,525.88,301.18,1818.67344
2022-05-07 20:00:00,58.444955,473.34374,5168.83,2792.7,612004.9,2107167.0,5208.12,4997.49,3011.36,751.99003
2022-05-08 00:00:00,55.571166,944.86891,4285.29,833.8,771235.2,2502171.0,6366.81,4444.01,4661.35,2154.67042
2022-05-08 04:00:00,14.33122,341.73815,2023.22,408.1,305941.4,728227.0,3429.06,2803.52,539.3,703.73364
2022-05-08 08:00:00,4.190868,132.57067,977.24,675.8,85404.1,417519.0,6048.6,709.72,696.87,96.55216
2022-05-08 12:00:00,14.790105,362.95174,2347.59,250.9,178661.8,788703.0,8803.89,963.64,1550.06,2123.79833
2022-05-08 16:00:00,51.535876,474.97011,5855.92,739.8,475311.9,2993188.0,11927.46,6006.02,5638.56,3454.8149
2022-05-08 20:00:00,16.272489,174.64939,1598.47,210.3,128607.0,655346.0,3880.48,2605.76,215.7,795.48149
2022-05-09 00:00:00,55.356377,743.47064,5596.94,555.8,1500298.8,2101785.0,8391.72,2138.95,1219.57,1084.95812
2022-05-09 04:00:00,13.122728,368.13189,2172.69,277.9,927255.2,783868.0,6232.55,1058.47,558.12,406.92022
2022-05-09 08:00:00,35.997792,672.57138,4001.79,658.8,1343288.7,4384757.0,8754.18,18074.31,1168.8,2775.63494
2022-05-09 12:00:00,63.147856,1013.18751,7334.2,1662.7,877905.2,4326260.0,11247.37,8020.89,6827.81,4218.92485
2022-05-09 16:00:00,102.660472,1270.52174,19954.3,2536.01,2002601.8,11016002.0,19988.38,37723.65,20864.22,3696.97732
2022-05-09 20:00:00,69.580493,710.07492,9763.6,1011.6,532954.1,3631752.0,10735.64,4695.21,3054.76,641.1689
2022-05-10 00:00:00,169.258164,1716.85113,22240.18,3625.9,3539837.9,8248475.0,17627.59,13454.35,11400.3,4131.65977
2022-05-10 04:00:00,123.369103,1408.44074,18230.94,2584.6,2863463.7,8330620.0,28065.23,12399.84,4283.87,1116.92317
2022-05-10 08:00:00,115.764483,949.44885,13294.86,1501.5,1530294.4,5510940.0,24667.88,3478.34,2366.92,708.92693
2022-05-10 12:00:00,233.461352,1592.73153,27913.38,2892.4,2022792.7,14728388.0,44307.39,17118.07,3162.52,2738.97814
2022-05-10 16:00:00,141.625969,1076.69991,13019.54,2189.3,1801112.8,11393760.0,29855.9,14820.97,2350.34,532.01862
2022-05-10 20:00:00,109.031748,1143.50389,13389.02,2302.4,1181147.6,7179347.0,19283.36,6061.96,3869.46,845.40873
2022-05-11 00:00:00,61.514441,1039.95663,8910.45,1892.3,777106.0,14217256.0,25909.08,3545.93,1237.81,675.02694
2022-05-11 04:00:00,63.019845,1136.03547,11474.98,1562.3,745967.4,4076763.0,35691.81,1618.53,771.58,1158.14715
2022-05-11 08:00:00,128.038688,1513.40949,17794.26,1871.5,1676404.2,4603578.0,62039.09,15781.02,5282.33,1868.26154
2022-05-11 12:00:00,397.662302,4068.23962,71501.35,14342.77,5807183.8,29472741.0,110345.33,110066.48,106988.5,27415.73159
2022-05-11 16:00:00,168.476682,1949.39026,32132.94,3864.82,2508558.6,6561334.0,53453.4,17983.98,8349.75,3180.86956
2022-05-11 20:00:00,182.571563,1438.90585,46649.59,3376.67,3129721.6,7673006.0,44522.73,30674.93,16823.22,3664.80742
2022-05-12 00:00:00,131.788239,1262.15211,39232.17,3705.2,3542720.4,6852008.0,58753.84,21523.59,11666.46,3147.69605
2022-05-12 04:00:00,302.570169,2731.38759,40274.11,10361.7,5729286.5,19734635.0,50681.38,35596.48,18562.61,8370.48476
2022-05-12 08:00:00,98.121266,938.74472,20773.76,3559.5,2257056.9,6409695.0,14811.78,8241.12,3048.37,4171.2667
2022-05-12 12:00:00,154.409314,1095.68129,52718.23,2773.7,3040631.9,12534708.0,28574.04,15372.29,3683.31,4004.03227
2022-05-12 16:00:00,81.4713,769.99316,20749.0,1388.5,2843048.4,12792240.0,28243.89,6167.05,6052.28,1616.72475
2022-05-12 20:00:00,26.751399,404.6797,6829.99,580.2,748129.3,7327063.0,11317.6,2345.03,948.82,780.82653
2022-05-13 00:00:00,53.966722,525.10521,21368.93,1988.0,2349650.9,16092004.0,21175.14,23091.92,2417.08,1862.74863
2022-05-13 04:00:00,17.175817,255.43684,20834.5,1215.1,1689552.7,5198349.0,13634.06,20076.03,3340.79,464.89632
2022-05-13 08:00:00,13.211362,127.99571,6340.3,392.8,687081.6,4824669.0,6775.87,24035.17,701.75,1184.32518
2022-05-13 12:00:00,37.346905,714.77075,12222.16,643.6,983817.8,5591183.0,15846.53,25035.46,2273.03,1235.30404
2022-05-13 16:00:00,35.299469,207.28397,5771.53,641.6,717067.5,3215130.0,7341.91,9144.53,2509.23,687.41599
2022-05-13 20:00:00,14.260324,158.28423,2799.12,330.0,491837.5,1733848.0,7198.12,6178.17,5464.46,299.45322
2022-05-14 00:00:00,11.946769,101.25185,13743.29,661.7,857872.7,934958.0,5804.14,5683.72,752.48,344.63745
2022-05-14 04:00:00,4.00474,36.24609,2248.91,325.2,195255.0,782190.0,2298.05,2037.75,1422.8,217.18159
2022-05-14 08:00:00,12.803054,88.90131,3401.64,512.6,638096.2,1076063.0,4354.26,4554.47,702.31,696.75212
2022-05-14 12:00:00,17.292455,59.85405,3436.27,721.0,377105.3,763693.0,4230.49,3731.54,995.05,436.70793
2022-05-14 16:00:00,19.503897,192.10292,9182.94,589.3,986782.7,859857.0,6281.23,15324.8,2302.95,292.30882
2022-05-14 20:00:00,16.322341,136.78224,6763.07,310.8,311572.6,595972.0,6831.56,14025.64,1354.51,313.96091
2022-05-15 00:00:00,16.109794,147.17286,7423.09,773.3,477440.2,985959.0,6920.92,5313.41,594.28,1133.33133
2022-05-15 04:00:00,40.058922,74.48536,3885.59,352.7,321568.6,1681071.0,7920.95,3159.51,279.97,760.57943
2022-05-15 08:00:00,8.973916,122.3088,3114.09,271.5,266632.2,956228.0,6238.22,4994.39,370.14,383.97469
2022-05-15 12:00:00,15.754042,112.26679,9233.06,262.0,402283.3,1118091.0,9442.06,1042.22,408.04,476.30702
2022-05-15 16:00:00,14.590724,125.66178,6265.46,374.4,594937.2,1173625.0,6557.72,3159.76,1165.99,232.54128
2022-05-15 20:00:00,36.202478,267.05805,8388.18,347.1,983845.9,1212754.0,12328.5,4766.92,1620.24,710.09493
2022-05-16 00:00:00,49.295054,502.92608,7625.24,389.9,1206977.8,1399068.0,11546.91,3558.94,1693.34,381.6365
2022-05-16 04:00:00,43.529514,455.00495,6997.82,327.1,994441.2,2592789.0,7650.78,3345.38,985.36,798.54479
2022-05-16 08:00:00,33.357575,217.89791,11262.37,166.0,352162.0,1243051.0,22461.26,4534.14,980.57,296.73991
2022-05-16 12:00:00,59.15344,505.32995,11333.18,1772.9,613133.6,1228959.0,21501.15,6107.75,711.34,436.62895
2022-05-16 16:00:00,38.535086,250.65701,7874.51,484.0,340110.9,724760.0,13499.66,1738.12,181.17,426.67143
2022-05-16 20:00:00,35.663903,143.50558,5979.75,416.1,378459.0,753096.0,6814.81,1619.04,753.46,59.34228
2022-05-17 00:00:00,13.877745,288.2338,5972.07,485.8,545886.5,1364038.0,10624.07,1945.52,270.5,380.04816
2022-05-17 04:00:00,10.473359,185.37653,5251.9,1129.0,406446.2,1064844.0,7394.2,3166.31,152.43,178.49695
2022-05-17 08:00:00,15.518973,207.442,2476.8,306.3,593480.5,1168798.0,7118.04,4306.62,541.91,416.09883
2022-05-17 12:00:00,25.621604,460.25756,11002.14,2038.8,931155.0,2437686.0,16065.73,3440.05,1537.39,447.35298
2022-05-17 16:00:00,25.277231,389.08365,12727.85,514.3,628102.3,2078262.0,12617.52,2285.4,4641.57,593.87711
2022-05-17 20:00:00,29.623541,228.63862,7604.96,242.7,371344.3,997510.0,2978.2,1382.94,361.71,945.87777
2022-05-18 00:00:00,29.868806,389.1679,5804.0,770.9,561716.0,1932394.0,7805.69,2073.64,645.39,534.3331
2022-05-18 04:00:00,17.296572,258.90121,4756.52,384.4,409331.0,1570978.0,5029.91,583.86,426.2,286.11816
2022-05-18 08:00:00,13.582976,168.37525,2307.92,180.0,192282.3,1080703.0,6472.44,902.63,30.48,397.9896
2022-05-18 12:00:00,48.928923,444.02427,23652.64,353.1,1267431.1,2957941.0,17866.57,4404.05,1908.64,1610.22478
2022-05-18 16:00:00,34.498243,400.13704,8057.1,526.4,577831.0,1795544.0,10000.58,1255.0,801.99,913.60962
2022-05-18 20:00:00,21.214155,266.05731,4218.0,372.5,235401.7,753834.0,5711.41,4050.24,306.48,343.39698
2022-05-19 00:00:00,22.253798,571.74762,6268.64,306.2,890469.7,2515672.0,15263.11,2989.47,449.99,452.28432
2022-05-19 04:00:00,12.916627,336.54899,3720.07,532.9,383077.0,921398.0,10333.88,1452.13,128.91,618.2588
2022-05-19 08:00:00,12.476208,438.65778,5992.37,215.4,318762.5,1106811.0,20885.38,1468.34,2032.05,104.29216
2022-05-19 12:00:00,48.399517,749.5663,14454.26,397.3,594048.5,2945574.0,38216.58,5329.24,1315.11,840.58026
2022-05-19 16:00:00,22.706616,265.89778,5474.13,1306.2,454454.3,558037.0,14425.9,1644.48,518.48,248.40084
2022-05-19 20:00:00,15.318884,275.004,3001.79,337.3,250587.4,357096.0,7326.05,1109.55,1156.6,136.25943
2022-05-20 00:00:00,23.823058,259.09084,5330.3,407.9,591311.9,323256.0,10477.73,427.4,313.51,958.12765
2022-05-20 04:00:00,23.961134,229.52656,5607.54,9213.6,5162840.8,399619.0,4910.9,1556.69,443.09,974.66011
2022-05-20 08:00:00,16.0969,280.66992,6120.89,1465.8,844724.4,199594.0,10962.07,567.0,1286.64,115.44639
2022-05-20 12:00:00,41.502691,385.34284,8963.28,740.1,381944.1,428978.0,11621.36,698.8,950.52,692.24582
2022-05-20 16:00:00,25.964207,346.15771,5959.73,872.7,478459.2,353437.0,10851.01,2227.1,669.87,364.6873
2022-05-20 20:00:00,14.462364,154.65522,2505.32,368.0,165539.5,159041.0,3198.76,879.24,1164.01,131.39281
2022-05-21 00:00:00,15.522389,120.37809,4490.21,405.4,280489.1,465835.0,4664.01,3190.48,418.17,108.8126
2022-05-21 04:00:00,11.958673,147.61625,2491.61,221.6,300555.5,148789.0,6576.57,25.11,71.95,345.9656
2022-05-21 08:00:00,15.545438,190.81552,1717.03,91.4,255203.3,90709.0,3182.75,205.54,36.13,106.27872
2022-05-21 12:00:00,21.53065,234.15322,2463.0,248.2,185447.8,220744.0,3016.73,939.95,1407.4,148.41711
2022-05-21 16:00:00,12.583977,116.56052,1726.57,457.9,329518.5,133835.0,4128.47,692.47,393.56,148.79725
2022-05-21 20:00:00,10.458663,82.31218,1531.78,223.5,116638.4,196750.0,3469.1,284.96,70.92,116.44193
2022-05-22 00:00:00,13.854055,140.2158,1489.25,621.9,127227.8,104031.0,3100.33,1266.13,197.62,126.36255
2022-05-22 04:00:00,6.276981,80.35901,3053.7,305.0,187190.9,171795.0,6023.01,2432.87,813.41,143.00025
2022-05-22 08:00:00,35.853571,261.54065,3041.67,367.0,495822.0,610977.0,6292.06,1291.79,674.72,285.47296
2022-05-22 12:00:00,20.801941,208.44205,4906.85,407.8,151798.8,394426.0,16591.7,1513.69,818.49,154.11146
2022-05-22 16:00:00,14.121813,131.6101,2559.41,476.5,120427.1,273791.0,5557.28,803.06,1701.8,336.91993
2022-05-22 20:00:00,9.684769,181.48558,2527.16,242.0,222372.4,165499.0,7086.58,1520.31,2780.21,320.73323
2022-05-23 00:00:00,18.526073,253.24406,2222.94,404.7,373075.0,664553.0,6538.82,1717.99,284.45,238.82116
2022-05-23 04:00:00,14.726628,202.99534,4107.26,469.9,267103.5,432341.0,5394.24,623.81,802.61,98.3829
2022-05-23 08:00:00,27.734515,400.24764,3490.43,193.6,255613.7,397154.0,5636.49,268.11,1935.61,717.95028
2022-05-23 12:00:00,26.13754,297.56096,11114.04,1006.4,228168.5,1188136.0,12874.47,1910.84,2537.47,603.33742
2022-05-23 16:00:00,91.069129,329.4379,18409.48,1245.8,351229.4,774271.0,11661.05,3517.7,1905.37,1200.08629
2022-05-23 20:00:00,34.007207,409.70699,7377.39,420.6,336000.0,988798.0,8300.46,7044.77,1240.09,839.25596
2022-05-24 00:00:00,14.577262,179.03041,4816.01,1207.7,377434.1,685820.0,6166.17,985.84,592.73,47.78278
2022-05-24 04:00:00,11.340772,171.63273,5118.5,387.5,446636.3,305431.0,3865.8,403.44,100.13,380.56003
2022-05-24 08:00:00,9.173699,256.85591,3463.73,709.1,286145.7,359097.0,6625.93,1870.38,5407.37,632.06609
2022-05-24 12:00:00,27.968701,473.34465,7503.36,734.6,775141.5,855194.0,15623.86,2484.58,3354.31,341.86621
2022-05-24 16:00:00,17.914007,306.56567,5767.27,498.5,303299.5,440452.0,8266.07,2619.84,1698.27,94.25421
2022-05-24 20:00:00,14.158005,154.37934,2846.19,742.1,344517.9,328869.0,4986.64,1321.15,1165.43,448.51344
2022-05-25 00:00:00,25.222599,253.21589,2676.85,737.9,304792.8,1429487.0,4916.57,2437.83,1589.0,290.19478
2022-05-25 04:00:00,14.534752,133.79368,1629.96,545.3,171694.9,1125218.0,2187.79,826.63,516.76,87.23959
2022-05-25 08:00:00,16.132658,142.72407,1323.18,403.4,149130.0,260554.0,2379.89,766.8,737.61,1600.34666
2022-05-25 12:00:00,14.325924,290.90998,4103.1,471.9,394950.4,473532.0,2504.9,3326.19,2694.23,128.83556
2022-05-25 16:00:00,20.283389,310.05546,3390.92,669.7,443620.5,383906.0,7257.99,2094.19,4341.98,1294.58241
2022-05-25 20:00:00,12.791933,173.71016,1840.17,633.2,185689.6,281782.0,2167.25,2050.25,329.61,119.85432
2022-05-26 00:00:00,17.687238,266.03589,1848.49,705.7,260401.7,405371.0,3778.44,8263.38,1802.26,132.84427
2022-05-26 04:00:00,13.76597,230.88853,3454.49,769.1,1204684.0,618733.0,7551.33,4890.35,2122.97,1044.95596
2022-05-26 08:00:00,39.077514,708.35962,7233.03,1200.5,787020.8,534840.0,16022.56,10340.15,3200.74,2330.00612
2022-05-26 12:00:00,100.006172,1105.58337,11907.82,2106.5,1129905.2,1736452.0,13176.4,15837.73,4829.93,2211.05625
2022-05-26 16:00:00,34.603682,490.80426,6587.67,902.7,381364.6,750480.0,4486.27,3625.25,1462.46,538.11328
2022-05-26 20:00:00,21.539081,383.7683,3875.8,850.4,362746.8,1113676.0,6032.75,1261.55,1898.33,1106.63074
2022-05-27 00:00:00,41.87628,998.7151,7526.03,1258.9,724390.9,946516.0,18505.06,14071.03,899.95,633.00021
2022-05-27 04:00:00,41.175535,803.76615,6042.67,1155.8,454334.1,895330.0,22051.29,4888.24,1151.17,220.56002
2022-05-27 08:00:00,19.192745,413.73283,2986.34,520.6,265460.4,202351.0,7054.72,31463.13,938.74,146.71874
2022-05-27 12:00:00,33.735302,548.55969,4421.3,724.1,398940.9,6741336.0,11177.72,4908.07,881.99,224.33161
2022-05-27 16:00:00,33.197816,473.70749,4861.91,1937.3,561988.8,3515132.0,5030.6,6548.11,1572.95,1114.57066
2022-05-27 20:00:00,16.473271,265.69673,5803.11,722.2,138701.3,968388.0,6339.58,5068.96,1315.9,824.36523
2022-05-28 00:00:00,10.518068,261.9136,6204.16,657.5,162213.2,728528.0,3814.58,4167.99,11392.61,174.32589
2022-05-28 04:00:00,11.551073,253.71982,3724.97,728.9,235101.8,512828.0,4098.21,12134.56,166.16,225.73635
2022-05-28 08:00:00,5.883653,295.7906,3402.36,574.3,155874.1,604746.0,1460.75,6539.15,5323.44,47.56763
2022-05-28 12:00:00,17.274937,357.12926,4338.24,501.2,219592.9,372661.0,12238.54,4118.33,270.54,151.59701
2022-05-28 16:00:00,11.816775,303.84266,4041.7,861.3,115919.6,525901.0,11725.47,7039.3,1052.85,423.47912
2022-05-28 20:00:00,7.501636,150.26888,2427.93,557.4,122076.8,428526.0,3672.54,7151.83,1061.72,136.89945
2022-05-29 00:00:00,11.271948,255.40284,4365.32,518.7,280081.4,782686.0,4421.88,5887.12,2226.6,181.62075
2022-05-29 04:00:00,6.808073,69.24537,2377.01,310.0,119795.2,57983.0,2587.17,1365.16,211.81,53.66804
2022-05-29 08:00:00,16.264468,241.85878,3748.09,264.6,258436.9,438654.0,4581.38,2274.15,650.36,70.45822
2022-05-29 12:00:00,19.189995,237.3612,5677.07,372.3,214691.0,477231.0,5602.29,5464.02,602.11,159.90733
2022-05-29 16:00:00,11.593368,214.78631,5262.25,279.6,64833.6,267898.0,1836.96,3580.25,432.16,76.81941
2022-05-29 20:00:00,16.105255,237.63522,2892.16,548.5,154500.5,542347.0,2714.37,3293.42,690.29,233.95856
2022-05-30 00:00:00,44.105119,500.49244,10876.86,945.1,860087.8,701233.0,10785.34,6554.64,3817.34,725.16943
2022-05-30 04:00:00,36.30866,412.2919,7972.39,1063.3,737759.3,602304.0,8073.49,10012.77,1686.04,300.3726
2022-05-30 08:00:00,13.545709,226.6887,2195.87,351.5,144339.6,442062.0,3893.89,12131.17,1062.19,209.11508
2022-05-30 12:00:00,27.523961,298.55645,3797.78,572.7,403552.2,276602.0,5393.05,3637.31,1656.07,365.72742
2022-05-30 16:00:00,15.985802,240.85057,3390.23,1884.1,342241.7,202431.0,2008.99,990.58,1204.46,233.51969
2022-05-30 20:00:00,60.06463,657.09728,8276.67,1104.9,1437493.6,868011.0,9648.93,7193.76,9253.37,1222.38967
2022-05-31 00:00:00,69.984608,726.87836,4833.42,687.9,1802846.1,421591.0,8003.04,4871.01,1998.42,361.95636
2022-05-31 04:00:00,19.877182,345.19101,3681.87,491.0,4011103.4,669575.0,7505.24,5081.1,1641.2,310.32181
2022-05-31 08:00:00,42.926931,777.58524,1411.01,288.2,1454605.4,312947.0,2620.31,3267.23,405.24,446.24499
2022-05-31 12:00:00,119.962805,431.96834,4871.05,474.6,1883756.9,2202743.0,6117.59,5703.38,1835.58,349.81117
2022-05-31 16:00:00,97.881185,408.58687,5475.72,597.2,1032978.3,3409725.0,2272.88,1766.67,667.16,351.32578
2022-05-31 20:00:00,20.101818,235.90989,4415.57,501.2,1341999.7,198205.0,787.44,6623.58,2047.87,187.65176
2022-06-01 00:00:00,16.920049,410.86059,4570.83,457.4,757809.5,221962.0,3498.4,4113.08,3038.3,1587.36511
2022-06-01 04:00:00,14.072401,333.81593,1909.35,515.6,708376.2,301076.0,1517.58,18875.67,319.12,1492.30838
2022-06-01 08:00:00,8.874337,211.40854,2406.63,254.5,536426.6,852399.0,1785.73,9429.14,367.69,111.45095
2022-06-01 12:00:00,59.051844,819.18161,5086.88,597.2,628632.2,1173031.0,10151.81,6445.88,1277.51,1919.21095
2022-06-01 16:00:00,51.247087,782.00661,6128.13,519.1,753575.0,1264629.0,6830.45,2775.44,4227.31,585.59879
2022-06-01 20:00:00,32.073177,422.54254,5392.07,2946.6,684281.4,571927.0,8395.71,3236.25,774.98,967.07253
2022-06-02 00:00:00,25.344591,547.13638,10538.01,638.4,1940193.1,243658.0,16751.51,7466.59,330.62,614.47911
2022-06-02 04:00:00,18.131759,310.21999,6007.16,239.3,747866.4,241148.0,10100.89,2586.62,140.44,993.37603
2022-06-02 08:00:00,14.400973,298.9508,3300.29,244.9,617088.0,212902.0,5735.82,3245.2,305.65,40.40782
2022-06-02 12:00:00,40.981908,791.43183,8299.47,408.5,944220.1,441499.0,10201.84,2931.06,426.52,166.40643
2022-06-02 16:00:00,18.041473,309.66618,4570.87,417.0,692646.6,216063.0,10983.82,9427.05,1673.77,174.25623
2022-06-02 20:00:00,14.992761,183.12017,3708.84,380.0,372774.7,128987.0,2453.55,7180.21,2148.83,173.0662
2022-06-03 00:00:00,20.58641,290.38398,4289.21,295.9,1443102.2,155330.0,1722.28,2246.64,606.66,63.49471
2022-06-03 04:00:00,11.295275,210.28931,1745.43,268.6,619758.8,129763.0,2056.73,970.28,405.44,132.5981
2022-06-03 08:00:00,17.780733,339.26213,6590.7,479.2,991722.2,284512.0,1515.3,2149.44,677.42,145.23241
2022-06-03 12:00:00,18.723201,419.30749,4885.32,554.7,820138.0,424300.0,2274.58,2269.26,474.48,256.5753
2022-06-03 16:00:00,11.56227,136.80339,2302.41,276.4,372198.5,256752.0,1313.22,817.03,40.67,69.67513
2022-06-03 20:00:00,13.423418,174.13907,2900.59,379.7,441410.8,197710.0,1105.3,679.18,224.91,292.5731
2022-06-04 00:00:00,8.222953,162.7712,6493.9,190.9,677453.4,472918.0,1609.9,1376.79,230.54,95.36223
2022-06-04 04:00:00,3.467825,75.5573,1777.79,130.0,378052.7,173034.0,906.35,672.95,120.22,123.81295
2022-06-04 08:00:00,4.908619,70.43271,1423.27,116.2,420545.2,143893.0,243.24,450.59,386.53,58.36729
2022-06-04 12:00:00,15.398131,140.45532,1969.69,280.6,441862.4,219798.0,1813.62,1083.85,571.06,252.76704
2022-06-04 16:00:00,4.148726,64.56552,1398.04,612.7,246990.3,60683.0,1396.85,335.2,1697.93,91.57465
2022-06-04 20:00:00,6.104031,140.0111,4085.96,309.9,207629.0,171665.0,5613.89,2876.63,2433.54,264.08797
2022-06-05 00:00:00,4.217319,122.00587,1524.04,211.7,290994.8,117580.0,2249.18,584.77,3626.49,53.63957
2022-06-05 04:00:00,2.608292,67.27006,1157.57,99.6,200035.8,153715.0,4396.58,198.51,273.77,38.49563
2022-06-05 08:00:00,3.176743,79.11856,4655.25,65.4,237906.3,38208.0,2750.78,162.41,886.39,15.91586
2022-06-05 12:00:00,7.088344,98.99603,3096.73,172.1,299751.4,139087.0,839.3,329.36,2160.06,48.25078
2022-06-05 16:00:00,16.837376,181.71482,1762.61,244.6,465089.1,93699.0,1129.95,1145.31,3110.15,647.08718
2022-06-05 20:00:00,13.487596,72.53601,3687.71,209.3,589998.4,105134.0,2625.0,1893.09,9933.41,394.56286
2022-06-06 00:00:00,63.080648,359.07778,6885.87,647.1,1041845.3,857315.0,5924.54,1675.45,2409.76,483.73435
2022-06-06 04:00:00,17.87872,234.53597,4602.38,241.7,1152360.9,241458.0,3640.77,661.09,898.37,111.74928
2022-06-06 08:00:00,20.298199,348.3292,3415.38,209.1,570536.2,309514.0,2570.3,925.89,883.83,131.20084
2022-06-06 12:00:00,23.728142,237.78233,4198.96,485.6,540365.8,534908.0,3073.61,3139.35,1107.82,121.13611
2022-06-06 16:00:00,63.66614,201.68677,2538.14,389.3,398659.2,393261.0,2150.42,1000.62,476.73,1404.34315
2022-06-06 20:00:00,22.473916,90.26505,3656.88,1414.4,578024.4,168353.0,2269.02,981.11,2853.33,2430.84723
2022-06-07 00:00:00,160.217035,1029.96357,7623.49,1046.1,761721.9,471872.0,8253.84,3947.9,245753.07,441.59989
2022-06-07 04:00:00,21.814046,603.82433,8778.2,579.7,341062.6,131164.0,1100.07,5223.51,95.31,56.06958
2022-06-07 08:00:00,11.658693,226.99097,11978.35,454.4,124693.1,71857.0,821.44,1573.24,448.0,202.65571
2022-06-07 12:00:00,35.454559,168.27503,2380.8,1518.3,635788.4,103597.0,3821.04,5108.81,649.33,62.27963
2022-06-07 16:00:00,34.473655,238.13015,2187.92,466.8,723266.2,169481.0,4642.87,3422.71,5605.16,202.6296
2022-06-07 20:00:00,141.698023,562.33359,4078.6,866.0,627610.0,194543.0,7475.36,5845.22,10963.66,385.05573
2022-06-08 00:00:00,112.925336,336.18325,5821.03,702.5,1397522.1,334804.0,3068.93,6314.36,10901.77,201.5005
2022-06-08 04:00:00,37.425304,196.03311,1558.94,451.4,603811.4,213128.0,1462.6,1625.16,6754.02,427.16399
2022-06-08 08:00:00,8.751811,66.27502,2054.53,188.8,233443.4,71141.0,623.73,926.89,2173.64,334.33266
2022-06-08 12:00:00,46.223744,169.15496,3091.41,301.3,701562.7,107304.0,2856.69,3546.56,3500.24,461.63118
2022-06-08 16:00:00,23.416705,111.91064,1905.59,362.8,411510.4,190722.0,885.22,2882.4,4223.08,291.59855
2022-06-08 20:00:00,7.912992,85.35458,909.74,456.9,522453.0,192088.0,551.93,347.16,2706.17,254.82467
2022-06-09 00:00:00,9.922238,107.67068,1247.22,294.0,370938.6,65144.0,810.85,2692.36,2112.82,167.91107
2022-06-09 04:00:00,4.279899,36.34957,835.96,260.9,359955.2,153497.0,555.04,6755.09,1721.77,305.40799
2022-06-09 08:00:00,13.980834,99.13815,6031.16,182.6,309826.8,177891.0,1669.4,854.4,5772.09,88.46149
2022-06-09 12:00:00,51.498844,122.99051,5672.33,345.8,223579.5,225401.0,2228.23,4665.06,4700.63,774.56852
2022-06-09 16:00:00,18.57516,108.07307,1334.68,454.6,224870.6,151939.0,1590.29,4360.18,4393.13,137.81606
2022-06-09 20:00:00,12.946003,46.23488,648.35,231.9,130243.3,82529.0,959.62,3978.08,4700.74,1646.18879
2022-06-10 00:00:00,61.898528,346.32458,2337.7,807.9,422175.3,756554.0,2137.38,1630.59,6767.6,500.21166
2022-06-10 04:00:00,19.064366,63.25409,722.12,547.6,143858.6,186906.0,428.61,3962.05,1061.76,140.11843
2022-06-10 08:00:00,22.290772,100.34167,1534.58,239.5,221566.1,14934.0,801.08,2254.53,1448.23,833.45345
2022-06-10 12:00:00,145.646957,676.67716,5343.6,1427.2,809277.2,510803.0,5258.12,20472.67,2283.94,3215.40588
2022-06-10 16:00:00,111.749812,675.5153,3294.2,998.4,393026.9,711376.0,1510.49,3417.53,5519.51,2159.96398
2022-06-10 20:00:00,55.58449,360.56317,2247.38,214.1,156470.7,83649.0,1119.47,1226.42,3819.31,895.13758
2022-06-11 00:00:00,9.745952,66.00784,1672.91,254.0,330267.6,93545.0,466.97,459.24,2800.55,2995.11037
2022-06-11 04:00:00,10.383676,55.75313,1076.13,519.3,513102.6,147993.0,701.41,3717.29,2797.11,2529.30879
2022-06-11 08:00:00,68.386684,1110.48338,3659.4,227.9,580231.2,223679.0,2206.94,8240.33,9658.62,2618.13698
2022-06-11 12:00:00,79.344703,904.06019,5371.98,1347.9,937812.6,594963.0,2845.44,4155.47,14387.84,1893.13986
2022-06-11 16:00:00,60.84187,485.142,2759.56,968.0,491001.3,1003183.0,1929.96,1597.84,11099.12,978.12216
2022-06-11 20:00:00,37.014335,261.62987,2449.8,203.2,263951.4,303616.0,1595.52,701.5,2750.52,1985.29076
2022-06-12 00:00:00,104.075999,1046.82097,12674.7,868.6,1036330.1,1089252.0,4960.65,4610.34,4382.33,3198.57059
2022-06-12 04:00:00,64.33482,710.93444,5864.16,431.4,932888.8,569513.0,3130.5,5017.61,4107.66,778.18053
2022-06-12 08:00:00,39.327887,266.98306,6937.27,100.7,347262.4,215961.0,1166.99,2211.09,1794.28,187.2025
2022-06-12 12:00:00,128.421475,756.04114,6424.4,585.1,1448697.7,555807.0,4172.1,3103.1,9496.28,1954.72682
2022-06-12 16:00:00,62.535919,448.56801,1957.7,277.9,742590.0,1005959.0,1120.4,779.56,6392.7,171.08497
2022-06-12 20:00:00,92.045424,316.14412,2885.58,391.9,512867.1,454419.0,1941.34,1089.18,10202.44,789.17576
2022-06-13 00:00:00,362.093559,1984.90716,15453.7,1691.1,2011902.2,7345017.0,9723.59,7957.01,15438.08,1196.91449
2022-06-13 04:00:00,376.356681,2183.53999,8459.11,1131.0,1254442.1,2141846.0,7924.96,4637.82,6729.0,1814.81415
2022-06-13 08:00:00,377.456655,3558.05052,12085.61,2174.7,1421247.6,3227099.0,10022.71,10549.52,1798.58,1390.79744
2022-06-13 12:00:00,490.578897,3141.85373,12573.18,3122.1,1964241.5,2360487.0,14273.57,11839.32,8377.11,1575.71817
2022-06-13 16:00:00,365.284376,1716.96189,11765.83,1486.1,2098206.7,1098062.0,16456.03,10685.98,12524.06,1621.18525
2022-06-13 20:00:00,215.705106,980.22136,9269.79,761.7,1408749.0,1242792.0,3839.77,15152.16,3510.52,400.85752
2022-06-14 00:00:00,460.056511,2786.94283,12319.02,2207.25,2725781.4,2682947.0,13731.16,13595.36,12366.17,3654.83844
2022-06-14 04:00:00,495.289453,2953.84888,14274.8,2526.1,3440418.8,1411300.0,8682.06,10307.5,26598.92,754.52119
2022-06-14 08:00:00,259.331365,4607.1894,6376.25,474.9,1128316.5,829587.0,2770.37,1536.3,13277.35,919.50983
2022-06-14 12:00:00,249.578674,3304.64978,11633.14,824.5,2101734.3,268051.0,7990.2,3322.02,26890.1,2437.90351
2022-06-14 16:00:00,120.919754,1492.55048,7679.56,1054.5,742412.2,186208.0,3569.71,2939.34,28301.41,1336.10724
2022-06-14 20:00:00,135.746203,825.81353,5610.99,418.9,729148.8,917766.0,4738.4,3620.48,15871.22,1025.38002
2022-06-15 00:00:00,100.323333,820.48738,4446.16,365.6,885135.5,1247642.0,5478.5,10245.59,8341.67,725.39856
2022-06-15 04:00:00,283.04439,2504.07713,7457.08,739.8,870686.5,501399.0,3142.71,8035.78,32017.73,440.6594
2022-06-15 08:00:00,395.673347,4651.65243,9795.8,1100.9,1550990.1,1067466.0,3987.42,11385.26,5869.14,1209.92638
2022-06-15 12:00:00,216.469543,2597.92208,8342.59,845.4,778825.1,621357.0,8202.99,7988.61,21033.52,1082.03373
2022-06-15 16:00:00,714.846953,7115.51648,30423.67,6356.1,2773741.5,5687380.0,25957.6,37298.35,25131.97,5244.70698
2022-06-15 20:00:00,185.793034,1196.12365,12100.3,922.1,614208.9,2123203.0,4413.19,38058.51,23324.53,648.08607
2022-06-16 00:00:00,112.892122,938.02575,8872.37,740.1,1566473.7,1133438.0,2831.06,20669.01,24535.85,478.22335
2022-06-16 04:00:00,72.927352,950.69261,5677.33,170.7,365633.0,196588.0,1278.78,14036.65,21580.74,254.6931
2022-06-16 08:00:00,146.145478,1448.57681,6340.86,282.4,384899.6,206904.0,1094.82,11859.44,1664.8,574.73463
2022-06-16 12:00:00,167.153929,1638.84572,12080.64,468.5,1025611.3,960720.0,5374.15,10881.68,3531.21,675.97951
2022-06-16 16:00:00,106.170054,995.79656,9415.96,320.2,493671.9,1468724.0,3506.85,7407.18,10345.33,482.71339
2022-06-16 20:00:00,108.336612,697.9739,9626.1,577.4,520583.8,531633.0,1748.46,1558.47,36923.61,377.36589
2022-06-17 00:00:00,116.898115,852.61291,8503.07,536.7,649362.8,807705.0,3280.78,5803.56,5613.46,555.54072
2022-06-17 04:00:00,96.905252,880.81094,4341.4,176.4,549702.1,360786.0,2444.79,2275.55,5329.96,199.767
2022-06-17 08:00:00,68.789454,490.64769,2498.33,135.9,243670.0,282655.0,721.67,2044.51,10307.26,318.52731
2022-06-17 12:00:00,94.83288,595.56444,7106.86,296.4,610531.2,115944.0,1714.71,3654.76,19791.6,386.11576
2022-06-17 16:00:00,20.440905,338.67849,3464.03,241.6,232079.0,138738.0,3812.99,851.92,1503.25,350.62658
2022-06-17 20:00:00,29.599326,322.00566,2800.4,131.6,290908.0,69346.0,3760.59,1895.44,15709.74,2234.83769
2022-06-18 00:00:00,57.665481,509.37174,4281.67,265.3,607722.1,841795.0,4326.43,1279.65,29763.6,1813.7567
2022-06-18 04:00:00,204.950723,1687.69098,6836.3,1347.0,1015311.5,877394.0,8324.02,8422.85,1984.65,2156.0142
2022-06-18 08:00:00,252.16596,2135.6298,8341.3,1150.7,752371.3,1244507.0,4525.57,3360.18,18514.13,2012.9712
2022-06-18 12:00:00,88.994283,516.41626,4957.21,495.1,356738.6,1103795.0,5407.49,3135.0,1723.61,2612.10099
2022-06-18 16:00:00,270.832812,2141.92841,5112.69,650.5,745683.6,979495.0,4224.26,2862.99,1591.72,1794.43223
2022-06-18 20:00:00,361.512101,3658.59984,14935.12,2480.0,885660.9,1257275.0,12068.4,9851.53,4817.32,2234.11829
2022-06-19 00:00:00,181.932793,2288.90094,11388.74,569.3,616342.1,283439.0,3590.6,12521.52,4290.5,2119.31949
2022-06-19 04:00:00,190.247488,1678.41613,7847.96,474.7,584218.2,6167863.0,3760.4,12149.26,859.22,5843.54369
2022-06-19 08:00:00,341.490391,3903.18787,8557.01,1286.8,1099824.8,3220589.0,5091.75,4245.73,7302.89,15563.69511
2022-06-19 12:00:00,254.598058,2784.92813,6439.25,916.5,520963.3,778852.0,4214.11,3894.97,484.53,12804.81475
2022-06-19 16:00:00,211.396596,2779.50461,10875.23,572.5,459313.0,1754593.0,8934.96,3690.33,2814.29,12843.39374
2022-06-19 20:00:00,239.078508,2922.20946,15775.96,641.0,759706.2,1088299.0,5048.3,2334.67,3690.9,4725.85826
2022-06-20 00:00:00,178.203457,1113.752,7616.89,234.5,515927.8,730686.0,10298.34,4405.16,8581.3,4138.02733
2022-06-20 04:00:00,52.711848,1050.95293,3142.69,101.9,228495.7,274689.0,2663.06,1485.76,432.2,1052.75303
2022-06-20 08:00:00,218.473684,2138.91994,16178.79,271.8,636354.5,403897.0,23198.89,5949.18,4723.41,743.47018
2022-06-20 12:00:00,126.326773,1765.73748,25480.76,310.3,898782.8,236809.0,2539.59,13287.74,2984.52,1827.60741
2022-06-20 16:00:00,106.630855,1251.44198,37526.7,290.2,514194.5,534874.0,1278.07,8070.57,27747.99,2222.76783
2022-06-20 20:00:00,58.358542,803.39913,32864.18,133.1,272980.6,363182.0,2196.13,1241.1,2205.82,2116.93656
2022-06-21 00:00:00,61.538697,920.44349,17917.11,447.4,864585.5,205219.0,14250.28,6748.25,5205.2,1971.37375
2022-06-21 04:00:00,132.804339,1458.0457,17111.52,346.5,758789.0,1124680.0,4796.68,8131.66,6380.32,3928.5963
2022-06-21 08:00:00,90.214486,824.45244,15076.74,314.7,410153.6,2563293.0,2052.16,2722.96,2430.1,2225.19765
2022-06-21 12:00:00,113.209274,825.0203,16697.67,456.3,945610.8,3366974.0,1325.49,5317.85,4550.94,434.49665
2022-06-21 16:00:00,65.061988,866.85517,20789.54,375.1,687134.5,2026028.0,8262.0,1229.34,2438.35,838.36181
2022-06-21 20:00:00,82.631364,770.35087,11913.17,325.6,357819.8,1494938.0,4195.42,3092.71,30080.47,820.18754
2022-06-22 00:00:00,138.077838,1786.44699,19352.25,921.6,487422.0,1354990.0,3332.59,2624.09,3467.73,2143.89711
2022-06-22 04:00:00,146.406632,1760.0684,21741.77,513.4,643145.6,492098.0,4432.83,916.87,1828.42,488.5634
2022-06-22 08:00:00,89.180588,1140.48011,19182.36,657.7,393470.9,323729.0,12712.15,1175.38,866.9,383.0468
2022-06-22 12:00:00,253.35226,2001.3189,47551.45,788.6,236968.9,497547.0,6276.34,3089.03,15834.07,488.25688
2022-06-22 16:00:00,248.690265,1509.71926,63347.79,641.9,371493.3,609649.0,3090.31,2522.83,7309.76,401.23375
2022-06-22 20:00:00,152.198968,1547.40662,38355.2,320.5,181855.0,1051201.0,3873.14,1099.82,2908.48,597.22275
2022-06-23 00:00:00,163.490796,1690.67081,26064.14,524.4,354898.0,730350.0,1915.12,6990.79,2731.49,5569.14614
2022-06-23 04:00:00,104.316517,1137.20553,19315.19,171.1,224927.9,396852.0,3487.07,4378.64,903.47,1578.75912
2022-06-23 08:00:00,177.038416,1917.33514,43246.31,426.8,181110.5,171767.0,13746.13,1699.54,3708.21,2312.89289
2022-06-23 12:00:00,168.544035,2333.1023,62038.71,867.0,248261.0,735936.0,9620.56,2393.18,1602.96,1802.08741
2022-06-23 16:00:00,147.804444,1783.83529,119792.65,729.1,346215.8,307876.0,6051.26,2053.67,3920.92,746.64995
2022-06-23 20:00:00,393.385595,3830.57239,62516.6,597.4,400094.9,323973.0,10530.11,2690.28,1845.84,627.45418
2022-06-24 00:00:00,189.594842,1590.97937,40233.46,566.3,1056941.8,766720.0,58522.71,2447.73,2499.17,2243.01093
2022-06-24 04:00:00,125.5091,1162.50825,18605.43,252.5,325738.9,237815.0,10333.6,5439.25,3535.0,780.50772
2022-06-24 08:00:00,203.374081,2142.1893,34917.65,404.1,616898.2,617942.0,2275.65,1824.8,18334.47,1026.6512
2022-06-24 12:00:00,253.027243,3311.4491,27641.81,940.0,654462.9,781385.0,7893.65,5739.91,11600.68,1501.62982
2022-06-24 16:00:00,166.188108,2061.34007,13371.96,292.5,408292.4,469651.0,2288.5,3931.09,5256.07,1516.20784
2022-06-24 20:00:00,145.474949,1482.13367,20185.18,284.9,404870.5,317777.0,11488.35,7230.72,2431.27,202.49496
2022-06-25 00:00:00,88.920901,816.75293,9978.81,497.9,364915.2,945741.0,7135.81,675.51,4828.72,1397.7814
2022-06-25 04:00:00,58.861402,661.73472,6214.23,254.4,147358.7,463270.0,7964.46,1712.87,395.55,812.69945
2022-06-25 08:00:00,48.417198,585.22861,4468.75,184.2,308916.5,415740.0,4169.67,592.59,434.0,55.49046
2022-06-25 12:00:00,124.652245,1381.72703,14029.42,479.2,507897.7,596656.0,3678.62,3481.83,1079.29,2853.58417
2022-06-25 16:00:00,54.274763,1003.54122,6145.78,376.2,167243.2,170515.0,1650.62,1124.84,2549.0,7212.424
2022-06-25 20:00:00,98.215563,1327.50678,9158.48,347.7,127177.8,524106.0,6015.85,3182.19,866.84,418.60092
2022-06-26 00:00:00,76.088049,473.27395,5331.73,596.9,599807.9,234246.0,8243.37,2712.62,1354.61,1493.72337
2022-06-26 04:00:00,38.008204,514.98488,3419.42,192.1,325707.3,1027556.0,9807.77,4281.93,1647.44,2563.71969
2022-06-26 08:00:00,56.030696,890.84115,6172.3,588.7,220923.0,1787644.0,3547.57,4418.34,648.99,471.57082
2022-06-26 12:00:00,189.248937,2197.54697,7237.65,426.4,579539.4,1920954.0,6400.89,5991.43,22821.58,1359.99188
2022-06-26 16:00:00,77.260134,855.56667,7462.91,230.0,166402.2,2363111.0,3277.08,1955.3,1599.53,235.73299
2022-06-26 20:00:00,149.755123,1826.59444,11634.45,447.2,281558.7,2868757.0,5229.58,1440.08,3312.44,150.70404
2022-06-27 00:00:00,121.669579,1790.88022,9378.9,460.7,612627.2,1829661.0,4848.0,877.75,1032.62,60.46049
2022-06-27 04:00:00,55.942124,996.19157,7756.39,294.4,238225.7,2504767.0,4765.6,522.25,341.71,46.7814
2022-06-27 08:00:00,82.058247,703.15319,3976.81,95.4,170743.2,978640.0,1790.08,1071.22,470.51,267.88883
2022-06-27 12:00:00,177.100855,2217.12257,15261.64,745.6,368841.7,2182299.0,5385.78,1644.76,1181.12,1245.46868
2022-06-27 16:00:00,105.371005,1090.47813,16787.8,372.2,336562.7,1356690.0,3775.97,5557.86,1853.63,1133.71635
2022-06-27 20:00:00,164.436466,1521.16265,11853.34,550.6,118268.8,1984838.0,3183.61,6018.61,739.86,373.57027
2022-06-28 00:00:00,246.211483,1936.63745,11025.71,435.4,247497.5,1789787.0,8282.14,2585.16,953.76,510.33723
2022-06-28 04:00:00,88.149087,1054.56307,5824.34,179.3,122868.8,706176.0,3973.39,578.13,1591.35,64.60483
2022-06-28 08:00:00,195.441385,2133.09371,12318.71,178.0,124889.9,993119.0,5682.86,2135.55,509.21,963.67813
2022-06-28 12:00:00,184.884904,1616.87926,12833.25,490.9,245818.6,1466619.0,15417.1,1822.37,10079.12,164.27954
2022-06-28 16:00:00,285.464071,1761.45903,12847.46,343.2,130730.7,917747.0,5884.54,2201.45,3813.24,2006.22839
2022-06-28 20:00:00,245.48604,1367.9813,11476.72,342.6,224186.3,517470.0,2852.2,1889.92,1094.31,237.16178
2022-06-29 00:00:00,254.700147,1525.17357,9289.04,569.5,457332.9,377505.0,2555.33,1816.82,468.7,1359.03098
2022-06-29 04:00:00,547.313594,2792.4627,11168.53,941.1,248085.9,229455.0,9155.8,5814.92,1050.75,242.69745
2022-06-29 08:00:00,654.615433,2576.39254,11909.98,279.3,154011.5,261920.0,7348.04,2044.54,1725.69,123.11908
2022-06-29 12:00:00,568.921447,3390.42751,18383.46,299.2,189948.7,1072089.0,6228.23,3018.78,3361.91,737.75062
2022-06-29 16:00:00,274.79323,1659.51497,15678.0,462.3,245433.6,2050319.0,5493.88,2714.76,1895.05,566.21089
2022-06-29 20:00:00,289.339002,1259.96183,12192.78,273.5,153149.8,1333666.0,9708.23,3518.55,1047.06,136.48629
2022-06-30 00:00:00,327.697568,1587.83815,14106.3,357.1,428405.6,582744.0,4303.18,1856.89,549.51,1462.00988
2022-06-30 04:00:00,517.984866,2038.99961,10215.99,383.2,272721.1,1571970.0,3316.92,776.82,667.9,1652.89879
2022-06-30 08:00:00,988.496979,3564.2529,7466.7,382.8,293372.1,1469475.0,9900.15,1486.41,2909.41,540.92141
2022-06-30 12:00:00,735.201585,3585.50733,26023.41,448.8,380463.0,1334467.0,15218.61,5339.93,1431.12,2881.13301
2022-06-30 16:00:00,340.826035,1643.58476,9738.92,266.5,178753.4,533242.0,5051.82,2413.58,1616.1,1159.12471
2022-06-30 20:00:00,539.988482,2626.75878,9647.76,403.8,363933.4,738641.0,3755.9,6404.46,704.62,1912.43987
2022-07-01 00:00:00,1303.370129,5669.98167,16676.69,1372.0,564592.7,1403673.0,12050.34,9228.0,7044.48,6122.51258
2022-07-01 04:00:00,729.671083,2439.73633,10215.67,265.8,195689.8,228652.0,4560.65,6448.46,380.96,1750.91649
2022-07-01 08:00:00,996.959015,3701.52463,9646.87,261.7,285700.9,323522.0,6769.87,1547.66,1372.3,2635.37804
2022-07-01 12:00:00,676.510465,3024.63268,7334.34,288.1,233828.5,331706.0,6474.02,1229.09,827.92,894.18694
2022-07-01 16:00:00,351.682286,1996.6004,9273.66,193.0,238069.5,366444.0,3867.94,1336.65,415.53,523.54685
2022-07-01 20:00:00,220.764491,1630.32343,6191.36,201.0,162932.9,168967.0,2154.76,1345.41,416.83,89.79142
2022-07-02 00:00:00,414.013526,2097.67173,7060.9,285.1,238192.5,829925.0,1576.84,2962.17,470.0,2971.00656
2022-07-02 04:00:00,263.275561,1100.82258,4411.35,64.7,96990.7,159771.0,2135.87,1430.49,177.73,211.96873
2022-07-02 08:00:00,298.530668,1760.12588,3761.38,86.2,158020.8,441867.0,2669.9,15480.5,226.36,331.31847
2022-07-02 12:00:00,467.422878,2541.88274,7433.68,4514.7,130232.9,323748.0,3572.98,1266.73,258.38,303.87817
2022-07-02 16:00:00,336.795667,2718.88053,6182.41,379.0,169932.7,194441.0,2198.6,5955.79,487.42,118.05435
2022-07-02 20:00:00,198.556708,1087.16926,4913.91,678.1,109507.1,530606.0,1277.0,1358.64,1619.62,75.6084
2022-07-03 00:00:00,113.438747,439.45165,2291.03,130.3,65669.2,142411.0,1193.24,993.38,284.94,111.90245
2022-07-03 04:00:00,298.641321,1265.30647,5966.72,382.8,124572.0,355332.0,2688.48,1692.84,596.75,405.48636
2022-07-03 08:00:00,146.995238,503.16772,2976.48,96.1,59956.0,77920.0,1085.9,335.78,410.13,132.83986
2022-07-03 12:00:00,162.313782,1042.64625,3750.34,245.1,94637.7,88083.0,1491.97,848.52,583.25,969.88558
2022-07-03 16:00:00,158.604866,528.86838,2938.88,131.8,100960.1,148422.0,1399.1,1955.26,511.86,219.41372
2022-07-03 20:00:00,301.206096,864.63782,5174.51,271.3,332979.5,367989.0,5195.07,1279.47,432.06,4239.77851
2022-07-04 00:00:00,148.867505,923.94177,5973.51,228.3,180991.3,634981.0,3133.89,405.36,424.21,1017.58436
2022-07-04 04:00:00,69.65577,438.64932,3604.69,209.2,138315.7,340895.0,6595.79,2368.46,434.87,32.46964
2022-07-04 08:00:00,344.774154,1787.24386,6312.41,268.8,295532.0,473260.0,4393.21,958.79,186.98,1101.27768
2022-07-04 12:00:00,459.099617,3359.60572,9025.21,345.7,415945.8,565628.0,8461.67,767.35,1862.23,134.78591
2022-07-04 16:00:00,394.888472,1844.29413,7920.79,301.9,289440.6,435105.0,4058.68,1767.68,4103.85,193.50686
2022-07-04 20:00:00,445.885357,1592.07613,14823.4,225.7,179386.7,445055.0,4013.98,2089.94,487.77,177.53455
2022-07-05 00:00:00,413.589773,1279.97403,14165.1,230.4,298288.2,439134.0,5659.68,8947.05,3772.12,94.5438
2022-07-05 04:00:00,270.398455,1449.41002,11001.65,271.9,88494.6,199119.0,4903.89,4056.97,711.31,743.4798
2022-07-05 08:00:00,473.283454,2112.06508,8022.48,272.8,260776.7,422370.0,3028.04,3492.37,7215.37,1556.82249
2022-07-05 12:00:00,485.822224,1679.53205,13589.97,360.6,236069.2,239619.0,3595.53,2837.54,858.02,1020.70871
2022-07-05 16:00:00,680.468782,1999.99543,21293.76,508.6,770407.9,217120.0,11128.23,2169.25,2527.68,1270.06608
2022-07-05 20:00:00,532.604892,1579.87631,17503.25,301.5,509604.0,1025123.0,7991.13,1286.29,1359.5,116.79495
2022-07-06 00:00:00,452.625711,1980.87997,18025.89,377.4,394292.9,310248.0,15489.28,1930.66,461.21,243.23349
2022-07-06 04:00:00,463.64232,2164.82124,14868.19,122.2,704178.9,161348.0,7150.97,2768.22,89.75,3171.54052
2022-07-06 08:00:00,357.208286,1395.56983,8830.61,454.0,232849.2,168198.0,11093.96,4483.8,143.27,421.22813
2022-07-06 12:00:00,357.281224,1409.52335,16344.04,352.5,696940.3,146126.0,3695.46,623.13,494.83,163.40506
2022-07-06 16:00:00,331.438462,1063.47265,17314.56,242.1,266920.7,1137253.0,10590.74,1557.1,270.85,185.94121
2022-07-06 20:00:00,238.587656,1388.46206,8940.23,294.9,198428.9,1214797.0,6804.39,466.02,10234.78,345.94743
2022-07-07 00:00:00,247.781875,1245.78744,6154.07,840.0,378036.9,606212.0,17476.24,1066.05,714.41,590.6823
2022-07-07 04:00:00,160.140994,588.09467,5737.57,197.7,76868.8,279795.0,13018.27,363.03,288.51,132.23554
2022-07-07 08:00:00,252.257238,679.89659,3467.53,332.0,51615.5,445166.0,14148.83,2712.17,747.84,43.33512
2022-07-07 12:00:00,388.916059,1989.22846,12786.04,405.9,557625.0,374406.0,21498.42,1047.85,4492.84,6314.73248
2022-07-07 16:00:00,671.804299,1906.70654,13091.11,452.1,386742.7,482710.0,18516.34,1302.38,384.52,4270.28297
2022-07-07 20:00:00,327.887931,1115.87147,4959.92,178.8,277450.9,498388.0,8665.55,2754.72,1243.5,465.67278
2022-07-08 00:00:00,464.034979,1672.38445,11347.21,390.5,519251.9,515077.0,18486.3,3498.12,851.55,8628.32453
2022-07-08 04:00:00,541.790373,776.63702,6379.29,193.3,255358.2,310033.0,6787.19,1659.59,1207.02,1467.72673
2022-07-08 08:00:00,627.11645,1523.80781,10649.11,150.6,185868.4,307147.0,6782.74,850.45,648.84,1743.46842
2022-07-08 12:00:00,929.255545,2517.80776,18062.84,317.5,526164.0,422108.0,11963.71,3128.33,1260.18,370.9594
2022-07-08 16:00:00,453.955713,1135.80538,18016.68,197.9,220944.3,76080.0,2728.11,1285.33,2692.8,2600.83234
2022-07-08 20:00:00,185.650208,1045.42129,3698.28,245.6,373097.5,479523.0,6444.57,1606.99,624.6,113.57626
2022-07-09 00:00:00,326.159841,831.73296,6075.59,126.8,99091.6,248369.0,3901.04,15554.98,192.63,1284.04237
2022-07-09 04:00:00,209.048381,739.90239,2896.16,96.0,266197.6,129084.0,1804.66,2057.53,607.76,1190.07144
2022-07-09 08:00:00,175.730419,416.16594,1617.09,58.2,135734.2,143872.0,2178.27,1596.62,155.68,60.67759
2022-07-09 12:00:00,251.790356,517.60355,3348.94,135.1,265624.6,45728.0,1712.94,740.92,318.6,1065.77271
2022-07-09 16:00:00,314.6658,928.17255,8061.66,190.7,92212.7,177120.0,3903.72,829.58,1063.21,5071.95704
2022-07-09 20:00:00,218.257812,314.84589,1822.76,74.0,99561.8,126479.0,1387.98,498.27,548.18,3619.60068
2022-07-10 00:00:00,333.584649,1186.27002,7993.11,363.5,422399.4,277342.0,2965.58,2359.03,5323.86,1492.50251
2022-07-10 04:00:00,105.352695,495.69946,876.48,103.0,97688.2,162721.0,2586.6,976.31,170.23,4264.33091
2022-07-10 08:00:00,116.370486,437.69296,1437.34,75.8,47672.7,56760.0,3241.4,1318.56,386.93,2048.87803
2022-07-10 12:00:00,172.187951,845.42248,3131.97,92.5,262267.0,116915.0,1957.32,2203.16,967.95,4951.57124
2022-07-10 16:00:00,210.402606,372.1826,2868.64,146.2,47561.7,90371.0,1473.3,2112.71,462.0,4739.97225
2022-07-10 20:00:00,163.536463,644.07332,2773.4,177.8,97089.1,335941.0,1899.87,571.38,798.77,1903.23835
2022-07-11 00:00:00,253.017517,969.44301,10668.87,208.8,173047.3,433487.0,6765.76,275.26,10256.83,2904.14638
2022-07-11 04:00:00,168.398011,797.36131,5204.85,83.2,75920.5,147992.0,3657.3,681.65,932.82,1117.88105
2022-07-11 08:00:00,209.256982,430.97322,5604.39,181.1,262780.2,242246.0,1500.1,100.77,1375.32,75.61714
2022-07-11 12:00:00,311.535536,892.13832,10788.65,198.0,495834.8,536902.0,3572.86,1138.65,547.38,2225.28287
2022-07-11 16:00:00,230.231509,849.97746,7338.88,141.8,372209.6,125153.0,6693.73,608.97,2997.71,1193.92967
2022-07-11 20:00:00,179.629244,1493.73089,10086.63,173.8,385462.9,665302.0,4189.6,5697.11,2280.38,236.20408
2022-07-12 00:00:00,209.030699,1144.43131,5315.59,293.7,265294.6,229388.0,3599.76,1201.8,1112.89,4644.8785
2022-07-12 04:00:00,273.079571,1043.74322,7995.7,646.1,282847.0,598049.0,3047.24,1840.3,965.09,1226.71792
2022-07-12 08:00:00,344.373022,1760.84689,8810.89,185.8,143508.8,373351.0,5087.84,7878.29,1109.13,1452.19755
2022-07-12 12:00:00,429.428896,1490.74443,10203.41,179.9,261876.1,319022.0,2556.67,778.03,207.38,111.61384
2022-07-12 16:00:00,327.018188,1347.69421,16803.57,257.2,264995.0,94634.0,7465.77,2076.08,1076.61,101.39179
2022-07-12 20:00:00,227.793431,1195.9642,10712.78,299.2,196606.5,190179.0,4706.54,4923.82,783.79,1363.32321
2022-07-13 00:00:00,259.048712,682.73523,17610.78,276.9,410513.2,624260.0,3781.03,931.77,366.27,4280.9152
2022-07-13 04:00:00,281.312647,391.3271,15440.72,106.6,235606.5,303683.0,2183.18,393.89,352.17,458.05023
2022-07-13 08:00:00,489.863367,898.1161,18521.95,170.7,234965.7,303648.0,1554.25,217.8,194.84,702.32325
2022-07-13 12:00:00,1419.906855,4554.62116,54815.21,1536.6,1591903.5,1273725.0,18666.03,12681.29,40775.83,3319.89735
2022-07-13 16:00:00,690.753749,2053.02409,21155.07,201.7,469037.7,181617.0,9593.88,1214.75,1258.17,496.17128
2022-07-13 20:00:00,307.092678,1176.1591,9655.32,248.1,360288.3,318488.0,13295.74,1362.24,461.03,294.22706
2022-07-14 00:00:00,627.016344,1721.17707,22058.18,540.5,315537.9,128839.0,3877.61,1733.27,704.83,232.82337
2022-07-14 04:00:00,487.654983,1095.57167,8486.65,179.2,169501.6,116682.0,7103.42,1522.78,1490.9,181.79125
2022-07-14 08:00:00,459.682712,1683.47739,12445.45,134.8,180375.1,225528.0,7241.43,2687.09,352.95,67.96342
2022-07-14 12:00:00,719.633908,2669.65381,23433.56,292.0,441472.8,173175.0,4348.89,1135.99,540.42,176.88492
2022-07-14 16:00:00,527.972245,3048.01718,33530.12,254.6,613989.8,285970.0,13802.38,4524.69,17805.16,612.62036
2022-07-14 20:00:00,170.080822,1124.6827,15175.46,93.9,232082.2,429578.0,3085.64,2374.8,684.79,1689.76426
2022-07-15 00:00:00,272.109051,1290.11777,16272.7,281.3,385749.0,567549.0,8621.14,1586.8,693.83,420.12844
2022-07-15 04:00:00,310.246422,1704.53011,16584.74,260.4,291285.7,527896.0,6298.94,489.15,349.33,328.92231
2022-07-15 08:00:00,372.649994,2904.83857,18133.59,239.3,262246.4,590914.0,11369.72,2794.58,946.28,130.23588
2022-07-15 12:00:00,364.09631,1775.8392,18507.52,393.2,335196.7,127385.0,5861.09,810.79,940.27,582.70944
2022-07-15 16:00:00,221.341607,1934.86737,25206.59,425.5,309580.4,211172.0,9891.55,918.77,2026.98,780.44525
2022-07-15 20:00:00,141.328752,1538.20354,12372.5,225.1,510727.0,487211.0,6107.64,2721.6,2994.59,254.76961
2022-07-16 00:00:00,144.396723,1133.22552,10251.71,270.2,298954.8,92914.0,3468.75,820.99,6215.99,21.68522
2022-07-16 04:00:00,262.06262,2410.62845,7651.11,276.2,241036.5,127526.0,5842.66,1646.08,842.67,115.34262
2022-07-16 08:00:00,163.728543,1161.50182,3345.13,92.0,39593.8,35464.0,2177.63,48.49,111.12,25.98631
2022-07-16 12:00:00,226.63168,2703.68095,8281.38,146.5,246966.9,92898.0,4010.16,1714.68,289.35,59.89634
2022-07-16 16:00:00,393.455315,4236.3538,36320.35,915.0,717833.4,786314.0,20057.62,2762.63,26660.03,4569.52767
2022-07-16 20:00:00,115.126649,1116.49761,7847.99,216.7,406120.8,730756.0,2119.14,3057.93,855.42,1144.01758
2022-07-17 00:00:00,74.640699,1211.01195,12780.66,419.1,392673.5,320715.0,4741.43,2112.11,972.49,1435.59769
2022-07-17 04:00:00,92.6745,539.0297,9558.74,483.1,419488.0,228182.0,6917.0,1774.78,1863.47,412.34156
2022-07-17 08:00:00,117.637173,700.01873,7538.23,162.2,236085.2,63517.0,3211.99,1914.37,9310.08,510.86508
2022-07-17 12:00:00,110.689993,935.51833,9051.49,269.0,241052.9,131305.0,2767.99,1852.47,652.13,93.65651
2022-07-17 16:00:00,124.055003,1372.21603,11757.33,187.2,155650.2,332255.0,3197.94,783.49,6524.02,342.57093
2022-07-17 20:00:00,57.982621,858.53003,6960.57,141.6,223858.0,407407.0,2348.57,2110.58,458.0,528.22209
2022-07-18 00:00:00,311.600473,3355.32364,14618.58,378.3,309800.1,395979.0,5789.99,3133.12,1254.56,4446.58008
2022-07-18 04:00:00,347.607364,3930.99562,18203.99,873.9,738566.8,613733.0,13779.27,1987.69,2426.8,2179.1505
2022-07-18 08:00:00,279.873466,4351.95951,12410.3,250.0,2000924.3,604625.0,10469.17,3144.89,19387.89,2449.82754
2022-07-18 12:00:00,412.725969,3577.50985,18965.81,409.2,1161445.8,540986.0,9117.2,2062.62,10170.08,2968.11022
2022-07-18 16:00:00,401.152486,3503.48685,27789.6,369.3,1069507.2,736702.0,12832.12,1861.18,4940.81,1144.12765
2022-07-18 20:00:00,323.885423,2549.4277,15635.39,337.6,550292.4,505461.0,5189.88,1938.86,1522.2,443.87117
2022-07-19 00:00:00,855.828136,6981.65282,46287.53,694.0,1250837.0,831139.0,12896.2,7854.02,9114.55,1712.8876
2022-07-19 04:00:00,306.012229,3500.475,20542.06,198.4,417665.4,366670.0,4205.05,3562.58,1679.71,269.75527
2022-07-19 08:00:00,313.132108,2518.75869,24524.3,148.7,892864.6,200842.0,7317.36,875.39,924.72,150.17181
2022-07-19 12:00:00,1005.504329,3291.17552,39147.88,336.8,1402505.8,734370.0,9011.1,2290.22,2164.23,400.92784
2022-07-19 16:00:00,736.443527,2770.89104,21709.06,515.9,1218399.0,913695.0,16445.32,3592.97,7155.3,309.69018
2022-07-19 20:00:00,526.449294,2087.88072,9290.65,215.4,853467.3,976851.0,5140.57,4136.4,7468.41,90.21529
2022-07-20 00:00:00,950.857235,3388.50715,16638.06,431.0,811531.3,811140.0,11067.62,4772.79,7503.91,1048.67733
2022-07-20 04:00:00,637.453576,2438.06075,13401.2,156.0,972024.8,4542153.0,12509.92,2767.28,2777.59,1166.78351
2022-07-20 08:00:00,1133.369122,5255.53552,22125.28,181.9,742224.6,1710079.0,6125.92,1715.18,1256.82,952.35793
2022-07-20 12:00:00,1297.288061,5612.34328,21835.43,422.2,541532.8,830166.0,6649.92,4370.67,3322.38,2018.77754
2022-07-20 16:00:00,904.736937,5154.37886,28795.18,463.4,978562.7,691957.0,6963.06,2812.58,13049.19,843.72236
2022-07-20 20:00:00,682.430389,5531.03723,20313.51,307.4,556928.9,2750605.0,5269.56,5611.82,3345.08,1157.35679
2022-07-21 00:00:00,690.792703,4733.82317,23891.93,814.1,396185.8,622275.0,4757.76,3077.53,3473.63,951.04775
2022-07-21 04:00:00,457.56346,5409.45371,25816.64,190.0,373011.4,272831.0,5413.58,1512.28,411.33,108.15805
2022-07-21 08:00:00,465.19876,4933.36809,22941.29,141.4,217350.4,88214.0,4961.73,279.69,61.89,105.93503
2022-07-21 12:00:00,652.095701,4532.88677,24736.07,201.2,827720.5,321258.0,8421.31,859.13,658.06,101.11237
2022-07-21 16:00:00,682.125895,6014.37703,26747.96,176.3,625514.2,416898.0,14953.2,1628.05,1709.83,405.69557
2022-07-21 20:00:00,428.385786,4207.14984,15660.48,221.1,687302.6,280144.0,5692.77,1784.08,1224.2,127.64589
2022-07-22 00:00:00,452.695909,3408.44724,14964.44,211.1,432312.2,810784.0,4924.91,1442.96,578.85,979.3069
2022-07-22 04:00:00,451.962054,4006.52571,15646.97,688.4,319400.7,181087.0,3876.44,1950.55,244.5,193.00697
2022-07-22 08:00:00,660.481699,5913.14919,20092.57,166.3,635580.8,300502.0,9623.07,2875.22,914.34,467.38548
2022-07-22 12:00:00,692.565323,4703.54633,26864.73,283.5,641850.3,526188.0,6840.42,894.09,1338.08,263.05141
2022-07-22 16:00:00,796.548982,4505.76064,28038.63,346.8,337517.6,295457.0,3157.74,896.97,549.6,347.58818
2022-07-22 20:00:00,303.027503,2701.75401,10656.23,123.1,198051.9,198523.0,4559.27,788.29,1709.77,579.75553
2022-07-23 00:00:00,338.150132,1990.68601,6143.82,202.9,287659.1,65821.0,4480.2,402.33,164.7,198.5791
2022-07-23 04:00:00,511.553643,2186.94822,6813.07,144.9,660137.3,178286.0,2100.31,1203.48,342.02,54.23821
2022-07-23 08:00:00,631.633966,2893.41648,9521.71,286.2,511380.1,108980.0,4316.09,1001.46,290.77,257.41591
2022-07-23 12:00:00,538.074141,3254.91209,8615.33,225.6,254150.0,294109.0,1373.37,878.54,407.96,1242.83698
2022-07-23 16:00:00,571.151055,4855.34116,13641.53,124.8,322772.3,92682.0,782.93,1803.54,318.74,1285.30767
2022-07-23 20:00:00,279.436668,2480.0133,9233.83,206.1,1136409.4,106746.0,829.68,627.47,953.44,288.04139
2022-07-24 00:00:00,216.978912,2450.45557,6055.3,143.5,646600.2,159766.0,1169.67,3276.1,2725.02,189.07356
2022-07-24 04:00:00,263.378247,3965.45308,9292.34,245.9,321448.9,44071.0,2208.65,2305.12,738.52,378.23727
2022-07-24 08:00:00,265.291706,2968.4509,7397.44,96.6,810193.8,55997.0,716.16,3138.69,3496.92,200.84865
2022-07-24 12:00:00,379.236954,4823.17613,9647.35,126.6,586419.4,629006.0,1235.35,1642.89,885.12,158.74881
2022-07-24 16:00:00,230.547194,2048.32679,6540.88,57.8,382905.9,214045.0,1179.88,509.79,499.9,2486.36029
2022-07-24 20:00:00,264.049923,3338.94099,10772.87,138.3,481369.7,285110.0,2374.86,4340.79,1457.35,215.92762
2022-07-25 00:00:00,524.085459,4711.32904,17613.8,151.1,770545.5,1498807.0,5882.59,11785.75,1960.55,1120.27123
2022-07-25 04:00:00,315.917454,2397.65374,4796.03,199.4,236171.1,289057.0,2564.57,225.93,250.95,74.51204
2022-07-25 08:00:00,451.166715,2661.30139,11595.31,114.2,200638.1,97518.0,664.2,461.65,260.04,159.9407
2022-07-25 12:00:00,592.9579,3467.90961,15751.62,134.7,305387.0,237520.0,4138.37,4427.72,80496.49,38.93471
2022-07-25 16:00:00,474.883153,3898.78218,34494.91,198.7,315525.0,256921.0,1893.7,1126.26,1103.13,1298.52919
2022-07-25 20:00:00,628.422587,5893.64915,23151.13,703.8,531282.4,684605.0,5070.7,1858.17,2822.94,2066.2058
2022-07-26 00:00:00,834.265719,6105.15783,30630.9,285.2,667311.2,427788.0,4093.06,3634.92,2486.0,247.3482
2022-07-26 04:00:00,628.177776,3333.94846,24810.53,69.5,569345.1,162313.0,1910.17,1085.41,329.77,32.12473
2022-07-26 08:00:00,442.128387,2203.77791,12759.27,69.8,210282.0,120337.0,425.73,127.96,258.35,1162.69232
2022-07-26 12:00:00,315.044867,3632.7208,28867.54,326.8,503355.8,456721.0,8090.61,2542.79,1211.56,806.37212
2022-07-26 16:00:00,168.594898,2122.98991,16314.13,145.1,226007.3,152105.0,3701.64,742.54,213.48,85.89704
2022-07-26 20:00:00,143.91682,3175.35539,19936.83,204.7,264676.6,201937.0,2194.79,415.42,122.31,99.64348
2022-07-27 00:00:00,176.095678,2442.196,19181.26,306.0,489301.6,167430.0,1027.47,2343.56,226.59,38.41412
2022-07-27 04:00:00,192.192562,2595.18873,26344.32,215.1,452073.2,295777.0,2811.04,412.52,194.32,1062.81499
2022-07-27 08:00:00,219.348031,3000.70244,30261.09,85.1,342977.0,337952.0,1796.09,857.47,7094.55,1676.29607
2022-07-27 12:00:00,243.536635,3543.62739,19890.59,435.6,425162.1,82307.0,3337.71,1273.51,615.06,289.189
2022-07-27 16:00:00,641.995652,11894.57484,64933.53,700.8,1552050.7,897146.0,17217.1,4402.03,1968.43,1415.51652
2022-07-27 20:00:00,244.591825,4767.44036,26872.6,286.1,508269.0,690856.0,5893.69,5898.13,769.54,2126.52505
2022-07-28 00:00:00,269.322797,2866.75985,21192.91,266.9,677251.0,528206.0,8086.74,11882.61,8829.48,435.89555
2022-07-28 04:00:00,209.017575,2871.44028,20453.86,642.5,627319.2,186016.0,7367.15,5631.56,753.18,216.24567
2022-07-28 08:00:00,197.427802,2761.8122,23967.25,122.5,211797.4,194558.0,1827.3,2243.92,404.74,563.76335
2022-07-28 12:00:00,599.65579,6365.40304,62260.02,476.9,794489.5,1209641.0,17607.01,4627.54,6623.16,658.83732
2022-07-28 16:00:00,305.180114,3834.93664,44409.8,368.2,717941.7,3464604.0,15014.56,9413.37,1273.12,2144.21103
2022-07-28 20:00:00,225.243971,2933.79301,32257.62,170.9,658337.3,464351.0,11217.03,2189.31,2773.49,1282.55147
2022-07-29 00:00:00,196.909921,2562.04791,25709.94,194.0,1070378.5,1114834.0,3510.23,7123.44,2637.09,681.68736
2022-07-29 04:00:00,186.325751,1831.03168,17153.2,247.1,856754.0,923542.0,4115.9,5857.37,1691.77,569.82305
2022-07-29 08:00:00,256.776984,2321.75138,28940.65,764.9,717780.2,358186.0,3414.97,832.76,5818.95,297.71426
2022-07-29 12:00:00,431.026887,3620.47425,35583.55,602.3,614217.4,445610.0,11456.37,1996.14,4691.78,686.00313
2022-07-29 16:00:00,223.631754,2412.89346,29997.5,1475.5,591961.1,548487.0,7675.23,3209.44,41069.85,255.0697
2022-07-29 20:00:00,160.122206,2520.37153,15885.93,512.0,703186.9,347940.0,4278.78,2738.98,8355.48,1118.75879
2022-07-30 00:00:00,203.169048,4195.54021,20659.18,938.3,599760.1,574377.0,3051.45,9038.83,17712.32,2226.06408
2022-07-30 04:00:00,98.81795,1893.76485,15375.44,285.3,627393.4,195332.0,1905.36,2302.35,456.83,651.07838
2022-07-30 08:00:00,87.035333,2504.47403,18404.39,315.7,765688.8,3357601.0,2337.2,55231.18,360.39,581.18424
2022-07-30 12:00:00,262.63193,3384.12043,37696.23,539.2,1135936.8,327049.0,7836.67,5401.26,9580.93,1431.10676
2022-07-30 16:00:00,99.920802,1424.04937,27927.57,338.2,537298.8,1224418.0,6142.79,24123.29,2865.57,562.69915
2022-07-30 20:00:00,152.053882,1705.03557,17873.24,225.6,467122.3,414082.0,2471.34,5518.5,8615.93,731.19759
2022-07-31 00:00:00,87.51696,1120.18261,16900.61,300.2,434072.2,371243.0,890.07,6268.93,454.23,1199.03736
2022-07-31 04:00:00,101.73505,570.71298,17076.28,284.5,159373.2,363990.0,1808.79,2637.86,277.94,284.24468
2022-07-31 08:00:00,60.405778,997.04357,12578.95,337.0,163983.8,167996.0,2179.79,5210.63,585.19,58.22866
2022-07-31 12:00:00,50.981883,935.17019,8814.99,185.4,182982.9,109716.0,654.64,2070.58,1347.28,219.24016
2022-07-31 16:00:00,249.207557,2570.68402,29008.15,282.8,1188675.7,923305.0,2206.56,81849.29,8394.27,4617.62417
2022-07-31 20:00:00,250.825628,1808.1272,13946.7,228.0,422936.0,323634.0,2190.62,43569.17,2730.43,269.47561
2022-08-01 00:00:00,166.073888,866.87173,10560.07,101.4,328549.6,893297.0,2523.21,2332.92,898.71,470.39258
2022-08-01 04:00:00,229.956792,875.39826,11774.32,104.0,76956.7,419220.0,3748.96,4250.12,227.82,823.31528
2022-08-01 08:00:00,234.015895,1056.75166,13821.84,529.4,289608.0,220199.0,2044.57,3915.61,5560.86,795.05443
2022-08-01 12:00:00,285.817395,846.25353,14206.15,143.6,425360.8,257751.0,1749.59,4959.62,10616.21,193.06297
2022-08-01 16:00:00,250.659997,768.26358,17808.61,295.4,215293.2,1413325.0,1044.75,23761.89,452.76,509.69269
2022-08-01 20:00:00,138.382702,756.21222,6816.76,132.1,110895.9,319448.0,1800.34,20002.85,241.09,269.94437
2022-08-02 00:00:00,277.124286,1832.94305,14952.86,193.8,436818.8,633131.0,2797.14,2870.67,2135.23,817.07766
2022-08-02 04:00:00,185.456408,905.35694,7447.04,703.4,151665.6,389115.0,723.24,707.26,292.26,35.93853
2022-08-02 08:00:00,174.541087,448.8405,5257.82,216.4,148784.5,97785.0,267.73,993.75,4205.7,11.70278
2022-08-02 12:00:00,374.665291,663.29564,16384.29,132.1,273590.5,657319.0,2423.09,770.48,799.16,94.76213
2022-08-02 16:00:00,392.203921,771.54425,14213.76,172.9,57281.1,431357.0,3616.31,1373.13,674.65,69.38025
2022-08-02 20:00:00,135.226698,603.55501,6088.46,114.4,156556.7,32878.0,829.14,523.1,393.85,72.03523
2022-08-03 00:00:00,272.547585,914.04237,49936.74,91.6,203340.7,544374.0,1155.06,1451.29,1444.65,71.89161
2022-08-03 04:00:00,158.761444,258.9947,26634.48,156.5,116687.3,401201.0,1008.91,289.96,404.5,389.38312
2022-08-03 08:00:00,478.532616,243.55062,22091.34,123.2,94733.8,272967.0,4185.19,358.06,2215.29,452.41054
2022-08-03 12:00:00,447.544574,704.84661,29136.58,426.0,332141.4,446806.0,1602.55,592.95,878.63,285.92397
2022-08-03 16:00:00,273.036073,338.0704,13314.5,261.3,177313.3,95378.0,2240.51,1976.65,307.22,54.17029
2022-08-03 20:00:00,185.668107,639.889,9052.49,268.2,137752.7,642192.0,1490.12,2076.7,626.33,298.42305
2022-08-04 00:00:00,440.592083,534.90014,6935.21,341.7,132912.4,475087.0,689.86,667.71,1169.72,192.04556
2022-08-04 04:00:00,457.448503,452.49771,5179.23,736.2,94481.5,333778.0,529.3,1398.09,327.61,194.81171
2022-08-04 08:00:00,456.787736,539.97421,3133.71,440.9,88531.4,62345.0,282.41,230.62,53.56,24.3477
2022-08-04 12:00:00,607.342634,651.02966,4694.73,1141.4,258188.5,132148.0,1268.88,565.53,1505.28,1101.34702
2022-08-04 16:00:00,377.819958,494.35971,5281.8,703.5,284842.9,266539.0,836.51,1116.62,376.36,357.24904
2022-08-04 20:00:00,148.703263,329.48917,2782.23,1189.6,158986.7,479169.0,526.86,292.11,691.11,380.06919
2022-08-05 00:00:00,310.808144,879.17354,5787.4,1029.2,113475.5,395749.0,1443.63,1225.77,1573.8,999.80377
2022-08-05 04:00:00,299.953563,745.87746,5738.12,600.3,110470.7,388656.0,590.68,1254.7,1090.9,460.5892
2022-08-05 08:00:00,371.78966,643.20442,4985.26,625.8,84229.6,210512.0,775.53,462.36,329.04,1275.42759
2022-08-05 12:00:00,493.549377,1354.36694,8977.49,836.1,523671.6,430026.0,2242.46,1423.61,931.17,191.9677
2022-08-05 16:00:00,277.021218,993.69387,5066.68,142.8,92086.2,225063.0,550.97,1622.89,879.15,135.70648
2022-08-05 20:00:00,153.735372,590.67208,9548.27,286.2,357653.6,177465.0,1181.57,1895.81,746.21,288.74398
2022-08-06 00:00:00,195.731077,427.2765,1810.86,276.6,222356.9,841169.0,2777.63,928.74,454.84,85.31526
2022-08-06 04:00:00,86.027916,96.91735,970.96,228.8,255979.6,101718.0,963.86,526.68,1331.52,80.01258
2022-08-06 08:00:00,79.181482,970.05965,1418.02,61.7,157254.8,150838.0,3975.35,2598.3,3822.54,78.7999
2022-08-06 12:00:00,46.942773,274.50281,864.82,118.6,86142.0,345203.0,2530.19,322.08,743.75,166.47422
2022-08-06 16:00:00,122.865434,445.38638,5060.8,907.4,143360.7,111941.0,6476.47,656.86,868.35,110.10709
2022-08-06 20:00:00,139.372684,1049.50613,2189.7,959.0,63941.4,516966.0,4692.0,541.4,639.12,310.66103
2022-08-07 00:00:00,155.659952,285.98666,3036.18,510.8,307611.1,284931.0,7154.19,615.58,400.41,231.22127
2022-08-07 04:00:00,85.800944,184.42167,1164.36,359.5,52769.1,19791.0,3874.23,210.15,72.4,7.32731
2022-08-07 08:00:00,78.048743,271.14891,2025.8,111.4,23005.5,60846.0,3033.28,63.99,38.65,27.739
2022-08-07 12:00:00,77.665612,384.46116,1546.73,193.8,177666.9,33610.0,14381.05,1713.22,2226.24,360.95462
2022-08-07 16:00:00,96.235257,216.06136,1612.86,578.0,91719.5,212972.0,12013.76,4074.8,5479.43,69.60012
2022-08-07 20:00:00,126.342668,277.97317,2545.37,867.7,603211.6,100160.0,10967.14,4751.68,3742.41,723.81478
2022-08-08 00:00:00,227.706747,1196.40588,8546.59,742.3,115358.0,341979.0,5864.79,1292.22,2497.99,232.49171
2022-08-08 04:00:00,293.538643,1085.504,4362.81,622.9,252054.4,246085.0,7929.93,987.75,1570.6,342.47804
2022-08-08 08:00:00,361.314905,600.69278,2857.98,532.4,290427.6,107881.0,7192.47,1385.5,3248.97,2804.22201
2022-08-08 12:00:00,307.142692,740.12703,3698.36,464.5,278077.7,1174182.0,12986.58,3172.12,1522.95,267.89608
2022-08-08 16:00:00,242.206934,325.84168,2615.15,297.9,84597.4,369493.0,7952.34,1226.59,11596.69,571.4272
2022-08-08 20:00:00,175.6166,482.88223,3883.38,154.2,224367.7,178802.0,6293.45,728.08,3604.72,178.75319
2022-08-09 00:00:00,264.003146,478.55751,2106.08,188.9,75060.3,299066.0,3345.4,2665.15,13606.37,46.85523
2022-08-09 04:00:00,196.083481,480.7578,3438.47,251.6,43896.3,1193826.0,2374.84,4409.62,23074.77,36.34395
2022-08-09 08:00:00,488.885428,1900.13149,5035.41,122.4,459596.1,550731.0,2097.23,724.07,10214.22,931.26946
2022-08-09 12:00:00,388.053592,1290.15643,4417.26,130.7,439715.4,685879.0,1295.4,2361.92,3616.46,382.57128
2022-08-09 16:00:00,247.907537,588.07786,2455.27,225.6,118231.3,95218.0,1679.83,2414.56,10745.4,115.5029
2022-08-09 20:00:00,156.774425,1294.1608,1393.65,223.4,89841.9,407161.0,1770.8,376.71,1275.79,596.80254
2022-08-10 00:00:00,289.805061,2004.84842,8193.53,441.4,241055.0,710828.0,6449.79,3478.99,8352.14,2190.07273
2022-08-10 04:00:00,118.079936,764.80571,4262.73,93.2,580373.3,115664.0,1787.56,87.28,15589.29,194.36909
2022-08-10 08:00:00,165.364199,856.3103,5791.25,89.7,48188.3,100806.0,6060.43,4795.3,12227.4,56.25054
2022-08-10 12:00:00,436.886386,3675.22406,14238.43,740.7,815731.1,1364892.0,21143.14,5635.35,29708.82,1273.94584
2022-08-10 16:00:00,231.987704,802.79923,12786.96,215.2,486658.7,699053.0,3844.37,710.62,15905.62,123.04485
2022-08-10 20:00:00,325.558316,1344.15114,10733.25,104.5,110558.3,492777.0,2292.1,244.09,13532.26,113.73832
2022-08-11 00:00:00,497.300764,4324.89759,15440.85,302.8,545598.6,760555.0,5017.33,623.5,16632.53,278.63796
2022-08-11 04:00:00,364.072762,3404.79887,17725.14,133.5,136420.3,1061803.0,2576.63,743.68,878.23,136.95878
2022-08-11 08:00:00,269.761812,2072.68295,9826.37,152.3,172088.0,377405.0,573.62,401.15,2965.72,212.12535
2022-08-11 12:00:00,405.342552,1838.41154,13073.29,366.6,329266.2,1827540.0,3155.2,1408.93,1783.64,1541.53762
2022-08-11 16:00:00,268.295794,3644.30049,11300.18,266.9,202065.2,412439.0,2104.53,535.45,1647.35,1203.57487
2022-08-11 20:00:00,176.717841,1223.97907,4258.53,111.4,107837.1,264822.0,1566.18,701.96,725.8,175.86454
2022-08-12 00:00:00,295.886521,1920.61703,6330.97,175.7,330611.7,238053.0,6994.08,3017.73,2634.87,1400.33299
2022-08-12 04:00:00,204.664791,1300.25943,2070.32,120.7,92241.2,344609.0,1069.76,471.27,971.1,1041.91031
2022-08-12 08:00:00,317.936471,862.44689,7939.65,151.7,103523.0,747622.0,1615.36,2240.03,13233.53,337.70496
2022-08-12 12:00:00,545.264581,750.77238,5480.7,225.7,170146.6,385291.0,1771.05,2668.8,14198.77,351.27191
2022-08-12 16:00:00,477.610346,1520.19359,9141.53,133.3,317044.9,360425.0,1394.82,2241.93,10666.9,154.45621
2022-08-12 20:00:00,328.173771,997.81582,8974.51,135.5,89840.3,407561.0,2113.58,1631.12,10292.58,6453.5034
2022-08-13 00:00:00,360.111425,1407.95985,17307.34,149.6,427733.8,758437.0,3516.41,1075.0,1865.92,1865.8574
2022-08-13 04:00:00,241.689949,1175.67611,10344.95,130.4,737962.8,1240273.0,1346.69,1681.77,2376.23,1642.27488
2022-08-13 08:00:00,292.48818,1754.29625,9224.51,260.3,271021.4,311918.0,2064.69,2171.34,800.16,2945.2818
2022-08-13 12:00:00,212.517756,1032.06687,6904.1,183.7,252484.9,305953.0,604.58,830.02,2004.79,2115.39893
2022-08-13 16:00:00,236.42338,657.49307,3306.9,170.0,307778.0,356624.0,2892.6,159.32,1189.32,1014.22347
2022-08-13 20:00:00,166.766854,563.82084,3302.72,104.8,113604.1,193367.0,1047.65,953.52,305.67,782.80846
2022-08-14 00:00:00,128.485049,444.64903,4765.9,129.8,1391653.4,221148.0,2223.87,1089.77,1850.32,139.57199
2022-08-14 04:00:00,217.80338,1402.74223,8163.2,184.6,515129.8,3076232.0,2133.84,1559.47,1471.47,815.72387
2022-08-14 08:00:00,205.761853,584.15531,3896.11,65.2,550489.4,2666101.0,615.5,591.69,1898.63,222.18586
2022-08-14 12:00:00,163.478414,750.27775,4134.44,183.4,485406.6,3819632.0,891.98,3367.69,4892.63,473.63677
2022-08-14 16:00:00,394.148751,1144.10514,10942.79,322.2,382424.4,5644826.0,2434.62,6910.55,12852.36,644.91876
2022-08-14 20:00:00,238.790642,1091.38396,5431.5,141.6,502274.5,1923773.0,418.16,3983.0,3060.56,418.23504
2022-08-15 00:00:00,408.429087,1676.08102,11433.65,347.3,441235.4,1613559.0,1500.37,3933.18,7326.99,450.4356
2022-08-15 04:00:00,488.748859,2422.76784,6892.32,523.0,643617.9,770151.0,2135.63,4632.83,1443.4,709.89125
2022-08-15 08:00:00,468.117248,1803.80005,5760.69,211.8,420203.3,688560.0,1842.21,1441.83,701.27,187.68393
2022-08-15 12:00:00,525.347544,1229.80971,8420.9,141.7,116041.9,390458.0,1196.67,2285.59,1226.34,192.98078
2022-08-15 16:00:00,330.416251,679.2882,5125.67,239.1,290275.3,473927.0,816.18,1788.7,677.09,1318.78968
2022-08-15 20:00:00,398.298324,804.73392,5926.33,136.1,436047.3,499463.0,1226.04,1197.21,278.3,147.86903
2022-08-16 00:00:00,293.785812,1461.87821,8758.33,205.6,197374.0,2584297.0,972.24,1286.94,1958.78,434.12769
2022-08-16 04:00:00,171.857032,1046.08776,5779.2,204.0,49715.4,2641087.0,382.08,1135.69,804.43,210.15899
2022-08-16 08:00:00,275.562338,729.24985,6484.53,39.0,248716.6,7615505.0,2584.4,370.55,546.02,207.71031
2022-08-16 12:00:00,553.747211,959.93701,8681.59,147.0,139514.0,7068390.0,1634.01,1484.77,1748.33,150.57825
2022-08-16 16:00:00,484.495016,565.59329,6314.38,133.2,129534.0,1749740.0,3171.2,1076.17,1129.31,1273.49695
2022-08-16 20:00:00,410.079055,568.34367,5208.77,152.4,438830.0,2268811.0,558.98,429.26,446.76,72.61867
2022-08-17 00:00:00,463.959877,937.87176,4454.79,133.6,550996.6,3981533.0,1469.35,737.56,1584.98,805.43094
2022-08-17 04:00:00,480.380121,1886.76093,5568.11,253.2,1140538.5,3713536.0,1145.26,7439.09,998.83,2081.42479
2022-08-17 08:00:00,403.371199,1056.01734,3714.27,79.1,288972.6,3183200.0,364.2,1307.19,192.96,289.94897
2022-08-17 12:00:00,460.21279,1515.42917,13352.87,378.8,593483.3,4012290.0,3841.01,2490.7,2577.14,609.32091
2022-08-17 16:00:00,299.15159,886.79067,5395.04,153.5,177165.1,1876860.0,1094.56,3996.49,630.03,129.02016
2022-08-17 20:00:00,170.180373,461.56427,4497.43,150.4,52800.6,2000104.0,1442.27,3396.7,1898.28,148.58842
2022-08-18 00:00:00,149.107202,725.63127,3700.8,402.0,135601.1,1650331.0,3026.66,2141.69,1215.07,107.747
2022-08-18 04:00:00,102.451172,446.59814,2955.11,57.5,101131.9,1600673.0,434.79,1258.91,766.25,81.09743
2022-08-18 08:00:00,125.327175,528.54403,3573.3,293.3,84368.0,901687.0,145.59,1549.8,210.65,92.81405
2022-08-18 12:00:00,214.447364,766.39462,6041.22,523.1,216075.8,634119.0,1232.19,2197.13,283.18,67.97047
2022-08-18 16:00:00,199.333428,437.454,4596.19,271.2,285182.9,1049936.0,1880.05,1546.22,1084.66,42.84478
2022-08-18 20:00:00,160.848986,2580.49545,4383.15,229.9,196973.8,2517296.0,2538.99,3113.07,1905.29,1793.51281
2022-08-19 00:00:00,357.350761,3798.7615,11779.86,250.1,1000243.1,2961793.0,9199.87,7252.64,4860.28,1660.78756
2022-08-19 04:00:00,573.408215,2412.39722,20765.6,613.0,678126.6,7085467.0,6491.42,3908.8,2794.73,3059.02381
2022-08-19 08:00:00,813.63432,3324.33153,13082.06,333.6,427253.2,1458272.0,5179.12,6507.7,1954.45,1084.32289
2022-08-19 12:00:00,733.014012,2409.39412,7600.1,200.8,277265.9,973415.0,3223.03,1550.59,2014.21,569.08607
2022-08-19 16:00:00,593.564282,1980.70612,11941.2,279.7,210638.2,708259.0,1831.86,1545.31,341.39,244.72434
2022-08-19 20:00:00,1007.557309,2652.70104,6026.65,316.7,320845.2,2249309.0,4750.6,2933.97,3500.43,852.11062
2022-08-20 00:00:00,439.858272,1307.15621,4005.1,373.0,391097.4,3955000.0,4412.94,1223.42,1595.69,4403.63222
2022-08-20 04:00:00,390.920701,1490.0552,6608.27,443.5,359794.4,6838163.0,4502.56,2327.49,1985.89,580.86445
2022-08-20 08:00:00,237.229664,934.24764,5720.53,132.0,162965.0,2738062.0,837.03,235.75,491.72,954.30535
2022-08-20 12:00:00,173.579161,1007.68173,7339.69,184.2,555663.0,2310568.0,1826.52,1936.52,390.6,276.39275
2022-08-20 16:00:00,264.323862,2418.82789,11065.64,154.6,713316.6,2752626.0,2458.34,4133.69,6080.76,506.52169
2022-08-20 20:00:00,323.085999,2478.47723,10334.08,280.0,395527.3,3057815.0,2044.39,2805.23,3913.31,562.67217
2022-08-21 00:00:00,129.479702,725.02888,3298.5,252.1,156140.0,2676478.0,647.27,699.49,461.29,207.1135
2022-08-21 04:00:00,100.303866,697.5793,6836.49,164.7,222505.9,3888958.0,1120.02,2038.43,229.17,111.48792
2022-08-21 08:00:00,153.274056,1373.5155,4215.96,319.2,260811.4,2351843.0,2381.63,543.88,533.7,299.11848
2022-08-21 12:00:00,81.276509,859.61822,949.1,348.9,310504.1,1500858.0,585.09,363.43,249.27,103.88253
2022-08-21 16:00:00,82.104738,1175.4636,3980.62,263.1,280793.0,826177.0,1650.89,911.65,300.42,533.86451
2022-08-21 20:00:00,225.433691,1542.63047,3194.04,737.4,440198.8,1901138.0,2279.6,1316.01,1026.16,534.52933
2022-08-22 00:00:00,331.286497,1184.30296,4346.12,220.9,83290.0,2670259.0,999.03,715.49,921.82,119.65136
2022-08-22 04:00:00,238.587429,1457.96639,2989.43,156.2,219088.0,2472870.0,963.33,2021.0,456.1,207.79325
2022-08-22 08:00:00,394.9136,4407.90173,3683.44,274.1,229679.0,2682108.0,824.66,911.88,364.97,2453.90022
2022-08-22 12:00:00,357.575695,1477.94394,3576.52,184.4,250099.3,1680839.0,797.77,1217.45,1083.36,502.74219
2022-08-22 16:00:00,217.624867,1089.23684,4421.46,369.6,148534.0,481131.0,2078.73,1094.28,460.38,503.22385
2022-08-22 20:00:00,191.956551,925.07105,2756.44,442.1,213720.4,795906.0,2832.34,692.63,776.65,619.0965
2022-08-23 00:00:00,157.719642,851.64474,1653.24,179.2,251159.6,1337215.0,998.3,3112.13,1148.71,278.59176
2022-08-23 04:00:00,201.242324,2266.91171,3210.03,297.9,178533.7,869366.0,1302.45,1898.47,2071.74,207.64949
2022-08-23 08:00:00,270.646828,2280.3438,2855.06,230.7,214022.4,880725.0,2319.3,2235.27,504.33,1253.43314
2022-08-23 12:00:00,269.29487,1532.11701,4581.72,161.4,264566.2,511272.0,4924.71,1138.91,2759.61,343.4598
2022-08-23 16:00:00,146.770812,3104.28259,3074.24,134.6,225192.2,343343.0,3021.17,587.07,1702.7,463.80224
2022-08-23 20:00:00,157.730364,2432.97842,1907.9,306.1,232273.2,443810.0,1326.55,2126.47,369.53,409.1811
2022-08-24 00:00:00,361.041318,2239.0542,7369.11,452.8,364321.0,2271112.0,7024.92,5574.35,3543.91,1223.30019
2022-08-24 04:00:00,278.800435,2668.46913,6775.23,80.3,208124.9,1896091.0,2440.07,739.56,670.24,1894.80762
2022-08-24 08:00:00,338.133508,1962.33914,4188.11,176.0,109321.7,1032908.0,1262.0,1320.13,246.04,920.87608
2022-08-24 12:00:00,663.877,4325.48635,5534.36,114.5,296106.8,915414.0,2735.17,633.93,166.75,175.64561
2022-08-24 16:00:00,849.867165,810.41301,4605.32,103.6,183121.3,1418605.0,3427.67,1877.13,1191.51,1162.45207
2022-08-24 20:00:00,338.398612,1787.65513,4570.26,168.5,204007.9,715690.0,828.07,2226.21,555.71,522.04691
2022-08-25 00:00:00,275.532706,1797.37515,4503.22,134.3,98702.1,1103897.0,523.14,2019.08,1956.6,187.7786
2022-08-25 04:00:00,183.19737,1486.48383,4684.05,232.3,132171.8,902275.0,1027.44,982.34,755.67,335.24133
2022-08-25 08:00:00,297.949705,496.62339,2426.15,248.1,169021.8,5265157.0,1103.32,1108.93,110.9,827.76198
2022-08-25 12:00:00,209.114609,1013.36422,4348.84,235.5,241743.4,2273247.0,2352.26,1341.16,797.64,119.46224
2022-08-25 16:00:00,157.748623,1674.79212,3288.6,99.8,190165.2,559581.0,488.79,935.65,541.09,236.25193
2022-08-25 20:00:00,108.140088,522.70099,3282.68,163.0,253100.5,615806.0,881.72,1137.56,416.41,78.08308
2022-08-26 00:00:00,156.495846,2678.79401,2617.83,137.7,298475.7,1362336.0,899.44,1505.56,1332.98,146.49986
2022-08-26 04:00:00,159.02256,957.13577,8696.34,281.3,593929.6,1576468.0,970.99,1116.43,1537.68,180.27331
2022-08-26 08:00:00,357.535681,1302.13505,3508.53,40.8,434116.3,2792020.0,1621.58,632.19,468.75,96.3111
2022-08-26 12:00:00,2078.702029,8511.67825,14830.19,507.5,1314491.3,7511955.0,13738.32,5728.95,2213.57,3678.6532
2022-08-26 16:00:00,668.829429,4120.49021,9856.96,193.2,449330.4,2493516.0,4823.17,1631.67,5692.81,562.53456
2022-08-26 20:00:00,685.502743,2302.60445,7471.66,341.7,554310.7,2457931.0,4472.97,3105.01,2744.88,1388.71772
2022-08-27 00:00:00,449.877611,1642.94534,3706.72,224.3,579660.6,3294754.0,2553.24,940.33,2519.34,1483.75208
2022-08-27 04:00:00,397.419197,1940.95639,6223.78,133.7,238253.0,4500632.0,2502.68,2083.13,382.08,1225.04377
2022-08-27 08:00:00,367.949858,1650.36687,8603.29,357.8,222451.8,3681413.0,7401.06,845.42,425.13,119.95927
2022-08-27 12:00:00,432.319892,2197.48083,7198.74,130.9,519177.4,3302377.0,4455.8,904.78,1069.72,254.51207
2022-08-27 16:00:00,328.734461,2451.34928,6705.79,678.1,334821.2,2676651.0,2141.75,1144.15,259.69,710.71325
2022-08-27 20:00:00,238.976571,908.0123,1627.76,178.6,93648.0,998281.0,1767.98,915.88,339.56,138.33162
2022-08-28 00:00:00,168.161704,511.65419,2538.0,154.0,251443.8,2096254.0,2078.26,807.91,2725.78,447.64259
2022-08-28 04:00:00,100.244284,593.39297,1357.16,229.8,113910.5,1056481.0,2861.63,446.47,486.63,1767.33734
2022-08-28 08:00:00,129.510097,629.09486,3713.15,92.3,102269.8,2480221.0,3368.79,508.43,251.8,1664.64941
2022-08-28 12:00:00,183.815536,537.14938,2625.64,133.1,394952.5,2330708.0,1390.16,1213.53,260.87,8939.81285
2022-08-28 16:00:00,149.828773,933.45065,2031.79,427.4,102789.3,1013720.0,2229.75,3366.15,378.3,994.90971
2022-08-28 20:00:00,338.582274,1669.22918,5733.02,145.7,260590.2,2189900.0,15798.44,1730.09,1224.09,1798.5283
2022-08-29 00:00:00,329.281007,1246.1577,7738.55,226.4,150756.4,1472407.0,10550.24,1001.2,2210.43,5997.01554
2022-08-29 04:00:00,184.481518,294.20489,5309.33,73.2,118998.2,382220.0,5174.01,157.69,174.56,1689.40687
2022-08-29 08:00:00,219.878585,457.7477,5892.99,113.0,105192.7,307572.0,5161.99,110.57,245.17,1300.41814
2022-08-29 12:00:00,543.302515,2400.20539,12826.1,169.8,428869.0,1018763.0,12078.02,5515.16,1583.67,2821.0272
2022-08-29 16:00:00,274.243608,1612.88104,12167.22,177.8,151422.0,560336.0,4175.8,543.78,219.57,1912.51309
2022-08-29 20:00:00,177.447107,1651.98549,5134.05,144.0,247492.5,572839.0,3661.06,1113.79,665.66,1469.98032
2022-08-30 00:00:00,280.777981,1686.06649,7159.5,172.5,344270.5,1217331.0,3972.7,602.32,473.45,344.54885
2022-08-30 04:00:00,316.54044,1703.1805,4716.28,165.4,193589.5,1444589.0,8670.25,759.35,672.48,132.51387
2022-08-30 08:00:00,143.198563,1031.76137,2711.76,54.9,327740.5,508984.0,3762.11,308.6,128.75,403.26043
2022-08-30 12:00:00,423.024644,2189.94641,7207.24,156.7,657453.9,1110327.0,4686.37,2023.94,919.63,560.72669
2022-08-30 16:00:00,352.07327,1643.38997,8594.13,171.8,360115.0,1100094.0,6385.52,1586.54,2462.22,880.14779
2022-08-30 20:00:00,219.168663,1278.93848,4594.96,174.7,174539.2,309137.0,2333.73,925.53,497.51,548.46463
2022-08-31 00:00:00,308.329639,1734.25086,6018.71,192.4,275728.1,1527308.0,1731.09,1466.0,2557.01,854.58107
2022-08-31 04:00:00,233.937254,1244.40287,3649.4,110.8,115704.6,743228.0,1445.17,309.81,638.88,197.34483
2022-08-31 08:00:00,209.167555,1101.3418,3162.45,462.1,209076.8,368087.0,1593.3,357.51,175.66,96.9113
2022-08-31 12:00:00,378.56621,1186.62583,4503.99,121.1,156536.8,344557.0,6007.18,920.76,1174.47,199.96957
2022-08-31 16:00:00,244.859839,927.14064,4799.7,104.5,82796.5,309478.0,2175.75,1140.11,920.9,2893.29303
2022-08-31 20:00:00,146.666786,540.82059,5081.84,116.7,82571.0,265379.0,4176.54,749.15,755.96,184.31878
2022-09-01 00:00:00,225.107609,1269.93782,5768.23,193.8,190175.2,1099842.0,1916.12,1442.43,471.17,3389.99109
2022-09-01 04:00:00,219.21985,803.34722,3388.34,67.8,71769.4,619615.0,772.89,791.7,395.31,661.81292
2022-09-01 08:00:00,211.599024,658.29702,3301.95,60.6,26337.6,847009.0,1406.06,785.44,463.98,1215.58476
2022-09-01 12:00:00,331.249202,1435.69297,8264.67,372.1,608085.3,797800.0,2944.56,3649.78,1055.03,2388.42529
2022-09-01 16:00:00,376.674696,1449.33306,3457.09,197.9,345058.7,810749.0,2181.22,927.99,1519.46,3868.14999
2022-09-01 20:00:00,235.712625,836.3506,3732.39,176.9,100718.2,767277.0,2763.32,1111.37,3100.3,1460.08438
2022-09-02 00:00:00,156.584485,636.93884,2442.54,130.0,113862.1,1286113.0,5392.04,1135.93,1028.8,2141.51663
2022-09-02 04:00:00,149.304334,443.3017,3346.17,134.6,104649.5,733351.0,582.25,345.67,186.19,1134.80275
2022-09-02 08:00:00,107.665983,288.72129,1583.09,67.5,91553.2,996518.0,220.74,744.36,593.62,930.53046
2022-09-02 12:00:00,509.09907,2240.2121,8155.93,166.5,456627.6,1590228.0,1934.2,2995.65,2490.72,5158.47688
2022-09-02 16:00:00,435.27241,1339.02405,7011.43,186.3,234313.2,726882.0,5147.28,716.73,2054.61,7134.20653
2022-09-02 20:00:00,196.300196,618.74904,1774.97,142.1,65818.5,349914.0,780.03,2764.07,233.96,2067.74528
2022-09-03 00:00:00,167.20552,620.34771,1721.21,72.9,205390.3,205296.0,611.19,3046.72,594.41,3370.85337
2022-09-03 04:00:00,102.718288,635.79835,1148.48,51.1,742715.0,2648963.0,1286.47,876.65,881.8,6425.71059
2022-09-03 08:00:00,120.663608,655.89036,1527.67,39.7,156339.0,335049.0,556.73,170.2,39.47,1789.78913
2022-09-03 12:00:00,96.666003,451.53082,713.66,79.6,340484.4,1263088.0,320.6,28.18,417.44,1799.1275
2022-09-03 16:00:00,136.69751,403.9197,649.64,91.1,322846.2,948870.0,446.06,287.73,582.59,1336.3367
2022-09-03 20:00:00,65.670042,166.29385,863.14,93.7,92405.9,404252.0,885.02,410.36,534.96,526.68975
2022-09-04 00:00:00,62.765718,69.74235,689.8,104.0,840887.7,375470.0,855.11,807.09,565.84,2410.28244
2022-09-04 04:00:00,51.790857,242.47212,595.88,36.0,359232.9,237668.0,704.78,1112.34,278.89,280.80467
2022-09-04 08:00:00,134.643326,302.97988,625.9,19.2,402570.5,1616920.0,465.72,970.78,316.38,945.85396
2022-09-04 12:00:00,213.208977,758.28004,1323.13,68.3,361798.0,758081.0,738.25,2772.59,9784.74,1164.39744
2022-09-04 16:00:00,225.306305,559.98936,936.49,69.4,190186.6,367897.0,248.66,303.57,9447.06,616.32917
2022-09-04 20:00:00,146.723349,322.29251,2053.03,70.3,257619.4,775180.0,908.63,6013.73,378.36,233.43067
2022-09-05 00:00:00,214.261148,1153.78128,6330.45,123.7,272488.5,443327.0,784.31,5433.95,1633.27,1206.45422
2022-09-05 04:00:00,118.637184,438.4626,4073.76,69.7,291016.9,504586.0,568.84,1317.26,2316.03,1113.94737
2022-09-05 08:00:00,121.593935,361.07652,4034.65,51.2,266297.6,1236205.0,1976.74,3055.16,1240.92,602.57332
2022-09-05 12:00:00,214.607158,1164.00303,5549.11,101.8,191597.7,492045.0,725.55,212.71,2122.72,534.73313
2022-09-05 16:00:00,217.290455,1207.55821,2263.38,113.1,220088.9,290846.0,332.46,1828.45,399.43,277.20117
2022-09-05 20:00:00,165.221666,753.56861,3734.46,84.5,395888.4,1310612.0,1127.0,1413.45,1232.93,549.04141
2022-09-06 00:00:00,493.757602,2309.83221,11296.3,333.4,585054.6,5032026.0,6286.52,5519.14,3323.38,4571.15896
2022-09-06 04:00:00,264.516659,1694.86622,5497.76,138.8,292040.4,780885.0,1072.76,3644.89,822.57,159.17723
2022-09-06 08:00:00,255.636741,789.00276,2358.45,193.4,119989.1,528003.0,1040.71,994.48,207.31,204.7307
2022-09-06 12:00:00,441.247755,1489.43676,9976.68,151.4,147664.0,1084414.0,2575.96,1596.05,2666.97,2932.6372
2022-09-06 16:00:00,688.060666,3530.09749,15150.54,521.3,684868.8,1863207.0,4079.27,8388.58,5911.26,2176.33346
2022-09-06 20:00:00,371.012179,1141.20646,6880.29,352.5,299415.6,583732.0,1019.8,1215.61,1174.77,1647.4029
2022-09-07 00:00:00,366.4865,1270.15613,3685.28,579.7,408180.6,1064631.0,1112.86,1418.77,1461.71,762.09287
2022-09-07 04:00:00,218.077944,537.06292,7044.58,66.2,155605.0,1448978.0,635.67,277.44,296.96,277.77457
2022-09-07 08:00:00,159.342408,542.12517,2938.77,86.2,102759.7,772656.0,240.69,304.4,1205.59,77.40252
2022-09-07 12:00:00,285.581124,731.86945,3817.8,155.3,129043.2,1580882.0,2264.35,2981.0,621.87,454.87435
2022-09-07 16:00:00,350.756172,937.11384,5161.66,94.9,96453.6,447904.0,2379.67,1347.61,6263.47,716.9519
2022-09-07 20:00:00,459.424281,2391.85202,5681.27,208.0,792343.6,1440786.0,3137.58,3676.18,8460.87,703.67594
2022-09-08 00:00:00,219.749828,611.71618,3228.23,200.3,260458.2,800196.0,988.07,2305.18,523.6,664.91388
2022-09-08 04:00:00,256.418751,1712.35687,3058.95,97.7,112870.7,573753.0,2328.41,569.75,917.27,2728.00843
2022-09-08 08:00:00,215.402184,1262.08579,3260.1,78.6,49057.5,947143.0,1421.18,2639.28,1850.22,298.19956
2022-09-08 12:00:00,651.501008,3638.29664,10789.92,333.7,150365.6,1274623.0,1446.23,2046.12,3663.85,655.33729
2022-09-08 16:00:00,260.14167,1573.25647,5324.97,95.8,315128.7,942209.0,1194.5,954.51,2424.47,253.015
2022-09-08 20:00:00,141.95666,893.03733,3974.79,144.0,108136.0,344742.0,558.93,1574.02,1757.48,319.35309
2022-09-09 00:00:00,301.653487,968.07736,6450.05,203.3,482802.3,1362054.0,1799.08,3657.39,8459.0,1034.36895
2022-09-09 04:00:00,853.771102,2589.38358,7926.7,207.7,362132.5,2613132.0,4624.69,2133.58,13486.87,608.18562
2022-09-09 08:00:00,668.532941,2369.64288,4943.71,106.9,236700.1,2382690.0,1161.78,2381.48,6084.82,431.8819
2022-09-09 12:00:00,560.274193,2217.36937,5367.34,131.9,297990.6,2148562.0,1237.6,2472.24,6590.59,527.37322
2022-09-09 16:00:00,398.683812,1342.81909,3888.83,273.0,180191.4,1320406.0,1113.87,4168.07,2105.25,1032.82055
2022-09-09 20:00:00,284.694369,748.84945,2182.56,106.3,184207.4,1972458.0,1544.2,1362.4,4109.32,278.66173
2022-09-10 00:00:00,258.710206,980.21697,2215.12,131.0,2060157.3,733649.0,4227.0,431.34,2470.08,670.65553
2022-09-10 04:00:00,336.300756,829.5175,1321.63,188.9,597770.6,3699559.0,1030.73,1594.18,2253.0,411.29271
2022-09-10 08:00:00,97.33904,157.17921,850.86,15.8,280306.2,917654.0,679.76,404.81,598.92,321.09761
2022-09-10 12:00:00,189.685368,265.39075,648.63,82.8,275124.2,337368.0,816.16,747.32,318.6,1224.33454
2022-09-10 16:00:00,241.905925,467.2007,880.35,114.1,129593.8,839766.0,737.77,543.11,6307.03,525.26964
2022-09-10 20:00:00,304.878449,1557.88693,1075.87,148.6,79574.0,1062490.0,868.72,1082.34,2291.87,423.0343
2022-09-11 00:00:00,189.205333,952.8235,1291.56,182.4,153911.7,453261.0,524.28,1474.14,516.78,479.29177
2022-09-11 04:00:00,160.855086,554.63134,1883.79,80.8,232868.2,661105.0,1148.62,1140.88,2340.04,655.72391
2022-09-11 08:00:00,163.915994,515.91882,355.15,16.0,166435.5,361904.0,66.52,302.95,3513.26,21.61653
2022-09-11 12:00:00,158.44233,946.82643,1002.46,1308.9,303183.8,1490726.0,545.28,1239.29,730.99,761.38013
2022-09-11 16:00:00,147.058685,927.15432,3685.77,101.1,125688.6,248505.0,2059.54,335.21,2513.08,1129.12583
2022-09-11 20:00:00,339.472317,1020.21978,2512.73,115.6,191071.1,479226.0,1888.05,989.66,3396.16,556.74507
2022-09-12 00:00:00,823.246492,2445.77301,4144.45,175.8,469579.9,1325792.0,7553.25,2058.32,18683.79,1249.45835
2022-09-12 04:00:00,400.965239,724.01665,1652.46,130.9,162648.5,596490.0,3484.09,1189.8,201.02,580.57117
2022-09-12 08:00:00,653.219585,583.25531,14796.86,130.9,404884.2,1335298.0,5517.38,3018.58,520.16,309.06604
2022-09-12 12:00:00,430.289651,911.73818,6167.04,110.6,294619.6,1749993.0,7168.64,6368.65,5727.8,280.88867
2022-09-12 16:00:00,320.490088,790.3439,7254.36,219.9,363492.3,941427.0,5568.56,1066.87,2705.97,682.77533
2022-09-12 20:00:00,263.546938,599.65969,2166.06,137.1,83643.9,280570.0,1736.39,3038.33,1228.31,168.24385
2022-09-13 00:00:00,340.268507,912.47741,8681.74,222.6,196447.0,994482.0,2037.26,4903.78,1051.61,910.15785
2022-09-13 04:00:00,441.432141,848.62838,6481.71,69.3,292168.9,699182.0,4852.72,585.13,394.72,515.10495
2022-09-13 08:00:00,527.327567,841.8042,3812.71,153.7,83229.3,639335.0,3203.89,945.13,551.45,4270.42519
2022-09-13 12:00:00,1384.423332,5532.94898,30501.07,874.5,1612321.3,2546081.0,12019.61,10249.45,11512.28,6137.90776
2022-09-13 16:00:00,457.715521,1121.44119,5452.53,149.6,787447.0,930145.0,1873.3,2070.7,2171.68,1434.17329
2022-09-13 20:00:00,395.25888,1120.90491,4892.72,154.3,156453.7,2197551.0,1194.7,1586.46,1120.21,657.4654
2022-09-14 00:00:00,422.164675,922.602,5046.5,141.4,162328.5,471207.0,893.28,711.19,1532.63,327.53339
2022-09-14 04:00:00,175.039797,436.29428,2998.51,231.4,72564.4,953557.0,719.15,445.66,2628.82,471.13032
2022-09-14 08:00:00,342.104646,555.50882,2872.88,87.7,178067.2,1415747.0,978.17,824.98,1607.0,176.363
2022-09-14 12:00:00,520.926687,995.95106,5747.65,196.8,436624.1,675993.0,677.07,2918.01,4825.1,631.22944
2022-09-14 16:00:00,585.458229,939.67125,3685.6,196.1,493435.7,933164.0,1561.8,1035.58,4691.31,2035.90756
2022-09-14 20:00:00,310.091797,959.37597,2702.95,113.3,118448.4,655844.0,1780.31,252.09,3572.81,607.40272
2022-09-15 00:00:00,278.648471,1864.64298,1624.74,84.5,496138.7,1209662.0,1309.18,1214.89,3996.79,737.26482
2022-09-15 04:00:00,425.826192,4620.24165,3305.55,323.9,276467.4,1215534.0,2588.84,869.14,4365.31,542.17554
2022-09-15 08:00:00,260.059352,1298.35585,2513.6,216.4,58353.7,356145.0,797.2,106.29,3004.95,539.82994
2022-09-15 12:00:00,480.63269,2391.13163,4053.73,264.5,378156.9,818994.0,9913.61,1435.06,1525.06,888.03663
2022-09-15 16:00:00,190.972914,1201.66159,1394.99,130.9,72276.0,292446.0,1485.16,1945.92,2516.3,346.2761
2022-09-15 20:00:00,147.092581,999.72711,2122.1,140.4,43165.8,316403.0,1179.06,952.63,2769.21,151.60618
2022-09-16 00:00:00,204.887172,1626.9909,1585.6,406.7,109145.5,953374.0,2393.5,1245.14,7583.96,939.77176
2022-09-16 04:00:00,173.985811,663.8298,852.82,79.1,76026.5,548799.0,394.51,568.16,1766.76,201.82152
2022-09-16 08:00:00,213.662976,631.2906,945.02,85.8,172392.4,285372.0,1105.7,2352.77,6254.85,160.05543
2022-09-16 12:00:00,451.335423,1576.65678,4197.31,125.4,118127.1,860192.0,1139.43,3192.41,3499.18,316.48038
2022-09-16 16:00:00,366.341475,1140.87423,2830.41,56.0,65202.3,718301.0,1764.05,612.31,1086.2,83.0333
2022-09-16 20:00:00,265.471869,515.15111,1590.88,74.1,152964.1,530887.0,4600.56,541.06,1282.76,96.38919
2022-09-17 00:00:00,185.155307,570.60403,1781.66,92.8,301348.5,519916.0,1209.67,4032.46,2248.91,135.6009
2022-09-17 04:00:00,104.13264,474.12837,267.04,82.4,126312.2,326434.0,696.14,316.89,11198.86,35.41942
2022-09-17 08:00:00,53.008672,706.25171,1585.74,39.8,33055.1,280754.0,528.85,1651.9,1194.23,86.49353
2022-09-17 12:00:00,121.200591,990.40256,994.63,55.3,242526.4,936055.0,721.7,265.71,600.72,312.35181
2022-09-17 16:00:00,287.785137,671.33522,2510.87,101.8,72899.8,1042374.0,807.14,2608.92,2473.22,1213.57409
2022-09-17 20:00:00,151.410249,517.08061,1035.95,46.7,126208.6,695002.0,763.38,269.32,3745.17,233.12033
2022-09-18 00:00:00,125.256402,426.71031,770.37,84.4,237619.5,520962.0,15512.9,631.56,3717.03,151.51284
2022-09-18 04:00:00,52.136739,378.51053,361.53,34.6,50025.9,142020.0,823.41,1267.79,1143.43,227.46805
2022-09-18 08:00:00,123.802982,542.09297,532.53,101.3,78386.1,429122.0,349.37,486.87,1262.46,176.51544
2022-09-18 12:00:00,166.557715,682.38323,750.38,183.3,69796.3,489901.0,430.38,2557.99,127.51,406.12422
2022-09-18 16:00:00,404.886013,3164.4912,1908.13,331.3,116319.6,1311684.0,925.72,663.66,1156.04,899.58929
2022-09-18 20:00:00,320.357496,1651.20864,5490.56,516.0,737186.7,4145292.0,11465.19,5637.16,2438.95,6525.68067
2022-09-19 00:00:00,552.10746,1289.52782,3606.79,161.3,629167.1,1930599.0,2757.73,2759.89,4416.34,2891.00643
2022-09-19 04:00:00,463.205298,826.20925,1539.01,168.5,161378.4,658554.0,2015.12,1497.55,3182.37,574.88671
2022-09-19 08:00:00,275.487024,457.86534,1442.79,103.7,94330.4,226601.0,910.76,382.74,1621.87,148.12974
2022-09-19 12:00:00,738.772863,1170.29182,1534.44,225.8,93000.6,810160.0,2307.39,1138.44,985.87,160.51163
2022-09-19 16:00:00,477.870276,567.9752,2074.4,194.5,180550.6,298368.0,392.49,509.61,930.35,186.92507
2022-09-19 20:00:00,256.603,502.2406,2340.26,257.2,121119.0,877973.0,783.45,1336.99,538.47,167.2516
2022-09-20 00:00:00,276.506019,510.98514,2438.07,144.3,199090.1,449544.0,832.94,2833.51,1058.82,460.786
2022-09-20 04:00:00,212.201358,683.03929,831.11,77.7,153387.3,539686.0,2896.57,279.6,244.8,289.75428
2022-09-20 08:00:00,176.714609,710.87987,1363.71,51.6,34918.9,427411.0,511.35,479.58,627.28,18.01114
2022-09-20 12:00:00,326.506147,1278.30722,1690.49,173.8,221704.1,838268.0,1112.29,1173.99,1808.36,139.56542
2022-09-20 16:00:00,485.529559,1594.73767,2410.07,155.8,65858.9,223651.0,908.93,734.81,3145.1,967.73982
2022-09-20 20:00:00,185.4829,881.23611,1358.32,85.7,100076.6,261822.0,622.2,2840.29,1946.2,984.62518
2022-09-21 00:00:00,142.637896,394.47525,344.18,85.9,2368646.8,617119.0,1033.04,206.82,857.03,339.62756
2022-09-21 04:00:00,198.339171,660.00144,677.02,57.7,184890.5,267265.0,1606.02,500.49,905.24,383.57824
2022-09-21 08:00:00,142.910245,359.57762,478.87,64.5,39984.7,22851.0,1005.92,313.6,476.03,65.82024
2022-09-21 12:00:00,374.393598,729.57758,4237.3,156.4,178086.0,188736.0,1139.56,1591.0,840.36,401.70837
2022-09-21 16:00:00,2886.557728,11187.89435,16119.68,1020.5,1967015.7,2533637.0,11998.52,6885.56,10333.17,3502.82997
2022-09-21 20:00:00,594.059823,2507.59671,3826.85,538.8,477120.0,716143.0,1663.27,3647.34,3744.48,803.42567
2022-09-22 00:00:00,595.112824,783.81047,5148.17,128.0,86506.1,104388.0,917.39,1907.5,905.97,109.99173
2022-09-22 04:00:00,594.036427,709.61408,2012.04,359.1,102499.1,80514.0,904.12,2031.68,1055.45,77.48126
2022-09-22 08:00:00,696.530258,1291.27361,3562.2,111.1,220749.9,160793.0,1766.77,1787.96,1128.73,306.25767
2022-09-22 12:00:00,710.548227,1147.60505,2620.54,117.6,411796.8,189612.0,1781.42,2007.61,4304.49,232.50717
2022-09-22 16:00:00,644.56342,1286.06876,3176.56,142.4,339749.2,149531.0,1760.78,3171.33,1199.76,662.59795
2022-09-22 20:00:00,286.231942,1048.15895,2533.68,150.6,285777.8,293554.0,2621.72,411.55,461.87,195.40329
2022-09-23 00:00:00,220.076793,837.42051,1932.61,202.5,528096.2,873029.0,857.7,1297.45,982.61,184.97975
2022-09-23 04:00:00,158.63034,683.36965,1406.13,196.5,502188.3,1276222.0,919.31,921.2,483.64,325.83258
2022-09-23 08:00:00,348.690649,913.71548,1990.32,197.6,200759.3,491710.0,2260.0,1021.57,3243.17,99.39569
2022-09-23 12:00:00,904.963083,1866.89935,2138.99,212.9,324117.5,1287872.0,10061.92,691.41,2536.55,148.68991
2022-09-23 16:00:00,613.586098,1864.7766,4643.61,361.8,179981.7,2557667.0,1418.13,415.0,1153.17,798.10864
2022-09-23 20:00:00,486.085982,1456.62262,5980.13,187.6,220823.7,5825757.0,980.48,798.7,5395.91,650.59838
2022-09-24 00:00:00,312.299998,288.23184,3759.51,135.9,172373.2,4401494.0,936.91,970.07,2403.34,484.43029
2022-09-24 04:00:00,262.625894,239.87601,1615.18,222.2,152637.3,1455206.0,317.77,203.59,1205.14,671.67384
2022-09-24 08:00:00,158.83021,175.83862,1505.72,94.3,46206.3,1073071.0,508.22,59.13,5514.27,397.21713
2022-09-24 12:00:00,175.805305,298.46601,1853.6,148.1,128776.5,2042823.0,554.46,267.18,281.3,168.2785
2022-09-24 16:00:00,101.665078,376.36223,1826.85,119.8,187973.3,1479378.0,354.18,999.06,5647.64,78.82372
2022-09-24 20:00:00,239.5645,555.56102,2285.9,114.0,114304.0,1029828.0,675.9,1344.27,2241.39,352.01099
2022-09-25 00:00:00,190.157285,307.47822,383.4,85.1,50935.4,507870.0,160.83,276.1,686.98,142.82412
2022-09-25 04:00:00,138.477311,309.08549,2058.57,79.4,109416.3,239094.0,488.84,180.74,3393.67,310.31193
2022-09-25 08:00:00,79.657436,224.69412,594.15,82.9,52340.4,176925.0,217.43,266.13,1431.97,169.94818
2022-09-25 12:00:00,203.630368,503.17254,1021.0,76.6,97066.8,809198.0,967.68,329.01,4597.71,119.82775
2022-09-25 16:00:00,308.088849,823.13492,1245.62,82.3,344423.9,849056.0,467.9,338.54,2089.13,309.47921
2022-09-25 20:00:00,226.97981,697.34311,1313.33,103.6,178167.3,589283.0,721.28,831.67,3238.93,163.39081
2022-09-26 00:00:00,264.085975,1088.92761,2158.11,64.8,118934.2,186649.0,349.49,1123.99,1906.87,145.72516
2022-09-26 04:00:00,221.556122,724.90578,1365.72,93.3,97472.6,477724.0,658.4,482.51,3048.74,222.31209
2022-09-26 08:00:00,527.039114,859.0905,2125.57,82.1,125779.2,670279.0,528.53,1719.23,1270.9,200.61004
2022-09-26 12:00:00,573.127748,1423.30483,2662.53,90.2,140824.2,340145.0,2271.76,1470.82,3084.15,104.34144
2022-09-26 16:00:00,485.726629,1201.55033,5365.59,133.1,72636.0,239930.0,1638.27,1164.0,3383.19,159.54974
2022-09-26 20:00:00,255.470912,457.89441,3890.73,91.8,95258.9,867153.0,623.08,1203.98,827.14,264.89979
2022-09-27 00:00:00,1287.253248,1851.39039,5522.68,213.8,310433.3,700505.0,6561.0,2268.65,5583.87,462.85686
2022-09-27 04:00:00,727.377724,709.75958,2876.01,83.5,124005.6,135191.0,2211.6,718.37,2923.84,79.96552
2022-09-27 08:00:00,562.657893,383.82125,1455.82,50.7,53599.3,113141.0,3494.62,2213.67,1804.86,82.63906
2022-09-27 12:00:00,1220.958687,875.54454,2851.26,183.8,243234.4,288380.0,6872.96,581.48,4168.39,640.274
2022-09-27 16:00:00,895.327868,1138.27963,7970.31,172.9,580722.5,871503.0,3317.83,1229.46,5436.18,419.5517
2022-09-27 20:00:00,493.694664,462.43943,1280.76,81.4,54105.2,403773.0,828.45,1443.4,7245.32,135.83374
2022-09-28 00:00:00,796.373399,954.87884,3171.35,119.8,463734.2,256071.0,10709.06,1645.88,11988.97,720.25504
2022-09-28 04:00:00,449.75474,450.8608,2385.09,61.6,89413.0,59530.0,1289.17,2514.94,1474.46,82.07733
2022-09-28 08:00:00,775.751119,1089.54503,2900.97,60.9,90717.6,67358.0,697.53,521.56,3596.29,166.13454
2022-09-28 12:00:00,962.835203,1036.98712,5745.64,131.9,58229.7,183643.0,631.29,833.92,17317.18,121.43859
2022-09-28 16:00:00,687.994378,1101.63002,3452.13,91.1,183118.3,261509.0,2615.49,932.69,5601.04,220.71754
2022-09-28 20:00:00,348.550227,954.6764,2192.46,283.1,173901.7,269572.0,8659.09,231.23,6689.71,49.21632
2022-09-29 00:00:00,346.161025,503.55758,2348.79,101.5,71698.2,117558.0,638.29,214.83,1989.27,41.1958
2022-09-29 04:00:00,252.398223,789.84097,1238.72,475.0,104704.7,191916.0,669.67,241.47,1326.4,157.12195
2022-09-29 08:00:00,153.744798,538.80863,1230.57,84.7,68037.6,158576.0,286.58,264.42,1205.92,132.37249
2022-09-29 12:00:00,785.869035,1338.19819,6236.58,115.4,107197.0,144075.0,3477.81,3140.92,4404.71,147.65858
2022-09-29 16:00:00,684.452398,626.36028,4128.89,124.6,118171.2,50182.0,798.88,486.81,1589.68,255.3466
2022-09-29 20:00:00,167.348965,219.21313,2411.33,72.9,73285.2,145144.0,1904.41,672.81,2438.02,75.67875
2022-09-30 00:00:00,397.886151,740.59573,2979.87,206.6,109652.0,308826.0,1001.57,695.75,733.7,210.69165
2022-09-30 04:00:00,211.154426,389.91465,676.4,137.9,33612.1,274589.0,357.06,478.06,137.18,72.69118
2022-09-30 08:00:00,237.157228,510.17026,2246.05,150.5,52665.8,119418.0,515.93,432.32,513.68,16.90795
2022-09-30 12:00:00,1607.635513,2499.07715,8315.65,333.1,297640.9,768661.0,3669.48,1074.5,6549.53,409.28011
2022-09-30 16:00:00,715.547412,823.73522,3889.76,95.2,117510.4,898376.0,1211.73,1636.69,1366.27,76.87803
2022-09-30 20:00:00,379.230924,481.47694,2363.97,103.8,130085.7,3291249.0,1732.28,366.1,3027.56,269.95522
2022-10-01 00:00:00,123.320622,128.58793,712.27,79.3,37174.0,2575556.0,213.79,1453.25,846.87,22.55339
2022-10-01 04:00:00,69.977071,123.25732,433.16,27.9,52688.3,411941.0,162.08,1376.87,69.23,100.57876
2022-10-01 08:00:00,98.420625,91.13276,567.28,26.7,31221.5,1085297.0,293.93,115.31,452.99,5.50249
2022-10-01 12:00:00,150.479608,199.40124,1017.69,81.3,33086.6,607186.0,150.75,122.92,1191.92,104.92439
2022-10-01 16:00:00,128.02592,406.80204,1602.66,109.0,61221.4,1281450.0,1023.74,439.41,3150.74,169.70237
2022-10-01 20:00:00,77.655777,186.5106,471.11,73.6,27044.3,355266.0,830.83,254.33,1376.76,53.36471
2022-10-02 00:00:00,48.59985,145.42491,562.48,87.2,27576.7,134196.0,339.43,1491.32,1170.1,53.85035
2022-10-02 04:00:00,84.038516,369.24286,884.61,70.8,75384.8,218131.0,678.51,993.63,235.05,89.18511
2022-10-02 08:00:00,178.221374,579.47568,894.15,73.7,143129.1,513487.0,1503.56,1351.67,2091.75,104.62515
2022-10-02 12:00:00,204.627837,314.11988,788.5,57.2,105228.5,228303.0,711.58,1187.32,234.99,145.92071
2022-10-02 16:00:00,203.762963,309.92915,977.3,123.9,73561.2,997580.0,1418.7,401.79,1215.34,113.83392
2022-10-02 20:00:00,478.193465,910.85093,1745.46,278.4,95554.3,1048510.0,619.1,842.83,2416.26,160.51752
2022-10-03 00:00:00,318.966277,623.83289,1831.23,96.4,83441.1,510246.0,2644.7,2453.04,911.87,113.73992
2022-10-03 04:00:00,423.184259,367.18756,2175.36,50.4,56493.4,458016.0,806.53,990.31,1197.54,62.0832
2022-10-03 08:00:00,235.509937,198.75748,860.35,64.3,48001.8,405328.0,280.04,461.57,164.97,46.87408
2022-10-03 12:00:00,547.043318,862.91578,3138.15,147.5,141072.9,1562476.0,445.33,2249.79,894.83,379.36892
2022-10-03 16:00:00,493.823485,496.6695,3324.46,150.0,99820.6,595321.0,1653.3,698.94,2916.82,376.62989
2022-10-03 20:00:00,365.892582,215.77482,2150.55,130.1,29788.4,134440.0,2369.57,1629.28,1045.36,119.38541
2022-10-04 00:00:00,411.56718,199.6239,1929.04,183.6,40526.1,1054108.0,8278.68,519.76,1963.0,141.54514
2022-10-04 04:00:00,445.193256,519.61327,4795.99,118.2,92453.6,748655.0,2188.14,786.62,1234.24,341.47244
2022-10-04 08:00:00,510.482957,470.57765,2332.3,111.8,73180.6,197003.0,973.61,711.08,1014.19,97.32812
2022-10-04 12:00:00,753.807295,574.54697,7862.97,270.8,170780.7,248696.0,1215.85,8312.51,2313.28,227.21523
2022-10-04 16:00:00,590.940384,293.54463,2953.41,168.6,82869.6,6229236.0,964.85,1956.79,3817.54,596.54228
2022-10-04 20:00:00,529.114328,351.71843,2806.42,179.2,56046.1,1960420.0,772.24,702.24,1132.27,127.52983
2022-10-05 00:00:00,383.59015,166.4459,3025.92,98.2,61882.7,1608987.0,641.12,777.42,1015.28,63.88781
2022-10-05 04:00:00,262.172915,113.14976,1386.14,70.0,39213.2,552680.0,897.25,59.43,929.05,65.99997
2022-10-05 08:00:00,371.834386,299.24661,3833.89,194.2,111341.1,1284426.0,1471.49,2833.6,896.89,98.90393
2022-10-05 12:00:00,586.700677,383.45202,3017.64,223.7,87939.9,1534050.0,4207.19,607.06,4347.43,138.16622
2022-10-05 16:00:00,414.349384,475.70093,3903.59,783.0,184114.8,2216564.0,1708.06,4176.94,1739.83,104.02312
2022-10-05 20:00:00,244.721782,182.25763,1232.89,41.1,101523.0,819979.0,311.18,511.14,1052.97,68.4435
2022-10-06 00:00:00,591.108955,611.14115,3890.36,187.9,179198.2,1150652.0,2655.88,3780.87,1584.9,321.60246
2022-10-06 04:00:00,410.117772,381.56258,2211.64,159.3,63641.5,684826.0,895.3,319.81,817.19,151.13506
2022-10-06 08:00:00,294.878159,196.60234,1121.07,30.4,94725.4,347628.0,555.42,124.8,275.47,81.51854
2022-10-06 12:00:00,1697.182067,754.25004,4601.7,172.4,174368.5,739023.0,1052.97,1263.61,1250.52,419.09816
2022-10-06 16:00:00,2296.532377,376.52602,3668.8,190.6,83720.0,696276.0,1214.42,2206.7,360.99,397.77102
2022-10-06 20:00:00,937.215391,116.28167,1974.25,760.8,192429.3,787350.0,645.58,462.07,806.61,107.66105
2022-10-07 00:00:00,614.128312,127.50386,1068.96,305.3,37365.5,342566.0,267.48,1031.07,3424.55,97.64527
2022-10-07 04:00:00,405.462661,88.26704,1647.61,116.1,28594.3,674614.0,57.52,147.17,1538.32,106.33608
2022-10-07 08:00:00,325.13213,119.94185,974.4,33.6,33040.4,184272.0,383.29,37.46,712.18,61.08984
2022-10-07 12:00:00,1058.764657,1177.66091,3367.07,348.4,325881.7,680239.0,3797.76,5990.41,3235.09,378.64252
2022-10-07 16:00:00,779.591901,294.90737,1584.08,362.3,123528.6,2021384.0,1172.24,4894.2,1163.26,76.58368
2022-10-07 20:00:00,290.467493,75.5796,841.37,72.7,20919.4,461329.0,210.89,355.48,540.29,55.19099
2022-10-08 00:00:00,165.075297,46.2345,784.82,133.5,46376.8,301343.0,24.78,540.08,522.42,262.70058
2022-10-08 04:00:00,191.844582,97.52574,409.03,32.3,39999.3,224323.0,72.19,281.13,111.06,40.28484
2022-10-08 08:00:00,123.824491,86.57369,153.38,14.4,22390.9,130857.0,114.83,359.58,176.37,5.8941
2022-10-08 12:00:00,187.034271,86.45463,721.57,56.6,34077.2,475731.0,465.87,1245.78,593.98,28.74664
2022-10-08 16:00:00,111.747342,129.80923,658.58,95.5,45553.9,235243.0,373.37,129.55,436.41,20.6052
2022-10-08 20:00:00,371.44185,208.05247,1247.09,267.8,33613.9,576445.0,525.45,801.29,1661.76,76.8403
2022-10-09 00:00:00,205.406406,99.94126,299.34,132.2,24340.2,303734.0,273.01,904.18,290.41,61.95509
2022-10-09 04:00:00,139.800308,61.56171,356.7,46.5,15409.1,213975.0,88.3,64.96,148.7,34.10165
2022-10-09 08:00:00,120.24772,114.31332,399.74,64.6,5675.6,266146.0,176.99,214.08,186.12,13.4159
2022-10-09 12:00:00,216.518872,64.87746,751.09,42.3,11515.4,108169.0,91.79,958.31,496.12,433.74025
2022-10-09 16:00:00,309.52763,265.00997,332.8,121.7,36680.3,219577.0,292.14,1675.18,901.15,35.77702
2022-10-09 20:00:00,393.938618,91.99671,1075.32,38.7,81989.0,231474.0,189.81,1087.39,268.56,90.77043
2022-10-10 00:00:00,291.388819,156.02296,1214.44,50.6,31884.5,87298.0,622.74,2450.45,4376.66,108.75167
2022-10-10 04:00:00,179.318089,83.33839,539.53,18.8,26948.6,294397.0,251.85,733.6,499.98,82.56967
2022-10-10 08:00:00,565.897435,250.14377,1798.22,167.2,269595.3,1254682.0,982.18,2733.17,863.41,89.17746
2022-10-10 12:00:00,554.471009,105.39568,2561.42,70.0,82698.8,319052.0,322.98,1369.43,429.67,45.83239
2022-10-10 16:00:00,496.319332,145.46735,4713.32,205.7,68788.7,151771.0,765.67,604.5,719.88,156.16097
2022-10-10 20:00:00,481.127691,420.93188,1550.18,112.3,458124.5,1284633.0,2513.01,687.06,4232.11,197.28348
2022-10-11 00:00:00,1047.187981,715.84857,3129.65,112.4,863692.3,1010925.0,4012.96,2356.27,4210.67,316.78925
2022-10-11 04:00:00,511.400367,185.45424,1337.86,44.1,219725.4,103498.0,403.69,333.48,182.45,89.87177
2022-10-11 08:00:00,424.800036,103.89926,679.24,65.8,87745.5,196834.0,202.79,914.91,249.22,13.25607
2022-10-11 12:00:00,1802.030877,365.56411,3312.39,100.8,175756.4,968226.0,1799.41,2974.85,1302.63,202.24131
2022-10-11 16:00:00,1235.139037,264.92143,4622.92,97.7,248239.7,270199.0,539.21,732.31,753.65,122.31747
2022-10-11 20:00:00,299.424369,190.89798,2677.78,118.2,73804.3,1006096.0,328.72,454.4,894.23,105.98174
2022-10-12 00:00:00,399.050452,89.16985,1830.35,196.8,40745.0,682503.0,554.22,697.86,535.78,107.83958
2022-10-12 04:00:00,336.6267,47.90847,1232.43,56.2,102066.5,368548.0,290.8,184.52,241.43,118.21225
2022-10-12 08:00:00,240.508717,105.97294,628.75,42.7,17779.8,163711.0,235.96,281.62,74.15,111.53952
2022-10-12 12:00:00,811.902026,413.80526,3830.08,195.2,116522.8,619436.0,598.6,385.94,559.1,116.41294
2022-10-12 16:00:00,260.440555,174.98078,2596.46,165.0,128219.7,188796.0,264.6,426.18,954.87,85.28137
2022-10-12 20:00:00,143.858984,142.50283,1040.85,86.5,288891.8,557666.0,174.45,620.36,141.32,15.03332
2022-10-13 00:00:00,212.322156,166.62907,1303.15,179.8,286025.4,546798.0,3447.33,1146.41,2332.29,177.72161
2022-10-13 04:00:00,300.133469,459.99167,8754.39,201.5,454140.1,1042558.0,1943.37,9758.04,14372.26,54.86853
2022-10-13 08:00:00,696.617261,930.30056,9871.23,359.1,530260.9,1615355.0,2859.27,1715.34,2461.78,127.3985
2022-10-13 12:00:00,2844.574457,1654.09283,15920.18,689.1,1185356.6,2389983.0,9065.67,4480.41,6760.78,788.41228
2022-10-13 16:00:00,1837.820181,421.68258,3630.26,184.1,337058.6,2011966.0,2043.28,1503.79,3268.21,84.44241
2022-10-13 20:00:00,593.401833,136.94882,711.57,120.2,124776.7,1353393.0,138.24,943.59,1226.83,65.50556
2022-10-14 00:00:00,911.155649,1722.56988,4913.96,171.0,154116.1,705601.0,1526.33,7625.63,2608.99,120.93686
2022-10-14 04:00:00,435.913962,146.58767,1786.38,121.8,120426.4,1106470.0,735.62,802.14,819.16,57.79895
2022-10-14 08:00:00,556.142785,163.42476,1582.0,52.6,38109.3,734116.0,167.76,638.42,628.67,42.68545
2022-10-14 12:00:00,1653.911088,580.46492,4159.58,207.5,226380.4,682272.0,735.15,942.07,2605.9,100.34749
2022-10-14 16:00:00,841.710608,319.28735,2751.94,144.1,164044.3,628493.0,759.21,1942.33,1686.31,54.50382
2022-10-14 20:00:00,170.895146,44.21623,854.17,83.5,439782.9,396120.0,674.77,1279.26,899.33,39.4363
2022-10-15 00:00:00,119.519262,45.95736,973.07,193.9,117207.3,527251.0,516.94,252.64,54.42,35.36133
2022-10-15 04:00:00,70.737615,60.02888,386.15,43.7,46431.1,131664.0,189.99,81.54,396.38,15.85342
2022-10-15 08:00:00,118.12411,159.71482,1278.85,33.4,96822.8,754267.0,145.11,127.43,196.6,17.24961
2022-10-15 12:00:00,81.269511,61.57081,652.51,68.3,87343.3,839674.0,257.48,144.29,591.01,23.24064
2022-10-15 16:00:00,84.643003,66.10651,459.86,58.4,53463.7,226115.0,106.71,759.84,703.48,331.1307
2022-10-15 20:00:00,127.865028,302.28955,831.97,120.7,107230.7,301819.0,314.19,93.47,284.37,127.31727
2022-10-16 00:00:00,69.573104,78.80394,481.35,104.0,22116.9,246203.0,192.6,524.83,766.76,564.08283
2022-10-16 04:00:00,38.255342,45.88078,211.6,29.0,26267.8,51799.0,274.52,304.34,933.07,37.36638
2022-10-16 08:00:00,28.622011,28.98344,310.83,45.8,135866.8,32819.0,189.64,950.4,1254.96,13.34454
2022-10-16 12:00:00,17.999738,55.28487,226.18,49.3,54178.3,34086.0,234.73,198.34,137.7,23.10144
2022-10-16 16:00:00,97.267656,169.09506,775.68,128.4,152403.0,117938.0,493.89,416.61,919.68,57.83123
2022-10-16 20:00:00,496.472642,286.79546,2096.03,106.3,77553.8,72946.0,890.51,2379.4,1214.07,244.98764
2022-10-17 00:00:00,280.252142,133.14249,3416.14,123.4,85548.1,76746.0,557.86,506.26,543.53,45.73393
2022-10-17 04:00:00,267.380837,81.95438,1223.65,90.1,61482.5,60688.0,132.1,526.29,610.75,10.46767
2022-10-17 08:00:00,480.506749,314.35058,1739.81,163.3,54968.2,68671.0,552.97,38.32,1884.29,25.31951
2022-10-17 12:00:00,1588.941347,278.95659,3482.69,80.9,135132.3,68697.0,586.84,997.55,1394.95,23.01068
2022-10-17 16:00:00,903.415177,163.2486,3739.62,70.3,237353.2,77601.0,505.07,214.02,919.69,73.02389
2022-10-17 20:00:00,487.709871,119.00925,4181.85,165.7,159677.3,73727.0,652.1,1347.52,1247.05,32.24411
2022-10-18 00:00:00,578.777863,180.96795,3926.94,265.5,255155.8,171898.0,410.1,537.13,779.29,49.34894
2022-10-18 04:00:00,425.116969,139.02268,1481.15,66.2,184093.3,128475.0,391.26,913.2,537.84,20.97298
2022-10-18 08:00:00,494.289854,129.06742,2341.58,42.7,155993.0,55589.0,849.56,632.02,735.48,9.81584
2022-10-18 12:00:00,1100.734136,453.84472,4787.32,125.0,210732.4,1023402.0,568.38,383.85,429.85,53.35993
2022-10-18 16:00:00,986.955636,300.41013,3992.71,177.4,235426.3,1146114.0,1109.23,245.86,1523.27,134.31659
2022-10-18 20:00:00,421.701039,161.12996,1847.41,75.4,121198.8,269142.0,522.05,784.87,362.85,116.98766
2022-10-19 00:00:00,308.123184,328.98245,1448.11,97.9,261264.4,252359.0,520.92,668.97,910.39,97.98096
2022-10-19 04:00:00,353.645076,130.00857,1791.35,30.5,131803.6,331988.0,1212.85,282.98,123.71,61.30381
2022-10-19 08:00:00,398.035195,52.4888,2265.45,77.3,268525.3,132193.0,325.77,315.72,677.97,23.43825
2022-10-19 12:00:00,993.593899,168.70724,4978.37,149.0,262418.9,252654.0,1017.2,183.9,1178.44,48.8688
2022-10-19 16:00:00,465.582189,186.11013,1889.94,157.3,220789.9,1054182.0,675.89,1200.16,539.57,34.98093
2022-10-19 20:00:00,315.021007,186.29233,3653.09,107.1,162327.7,832257.0,8193.59,623.7,1460.08,90.58201
2022-10-20 00:00:00,615.300607,290.12496,3505.01,97.3,209264.9,156222.0,3407.48,1623.42,1121.61,68.60186
2022-10-20 04:00:00,511.215277,101.30615,2680.96,114.5,118473.7,71059.0,4008.5,67.33,774.02,67.9255
2022-10-20 08:00:00,358.136449,137.13992,1306.44,52.8,132759.0,117060.0,1493.37,489.25,167.65,17.93102
2022-10-20 12:00:00,999.536057,232.29842,2950.74,82.2,178289.4,81367.0,1008.43,525.44,613.81,309.80374
2022-10-20 16:00:00,757.023563,357.29946,4404.87,80.5,750067.6,526678.0,2886.56,1745.89,4385.38,136.81265
2022-10-20 20:00:00,361.009191,391.32259,2506.91,77.4,514138.6,677398.0,947.65,1551.38,455.9,89.57942
2022-10-21 00:00:00,251.021883,217.71942,3006.79,155.6,350600.2,239132.0,1819.22,582.19,589.99,65.15683
2022-10-21 04:00:00,161.558284,64.55522,1079.28,130.5,150979.1,136133.0,3240.69,655.1,907.18,40.30168
2022-10-21 08:00:00,406.543274,154.8732,5256.68,67.8,479875.6,379994.0,929.73,817.72,1631.67,133.75315
2022-10-21 12:00:00,2024.779271,763.58924,10218.09,161.8,553944.0,444229.0,2147.15,1048.01,1242.66,201.16749
2022-10-21 16:00:00,674.467898,147.42975,3539.53,124.8,331838.8,109974.0,1977.13,3502.57,1695.7,137.70337
2022-10-21 20:00:00,148.190373,51.6279,1283.06,38.7,149375.0,446293.0,2402.15,401.19,338.38,158.27697
2022-10-22 00:00:00,72.290749,77.79117,968.61,54.8,206655.7,335304.0,1284.88,1008.33,745.81,73.38771
2022-10-22 04:00:00,30.669226,22.67181,1074.27,45.7,202926.7,148206.0,493.35,1207.47,453.07,112.86164
2022-10-22 08:00:00,36.463949,35.97368,910.16,54.9,326873.7,107113.0,455.1,89.42,105.13,160.83862
2022-10-22 12:00:00,108.076935,162.1891,1190.09,57.4,228120.1,521108.0,1564.44,171.7,1788.06,199.12108
2022-10-22 16:00:00,91.876461,71.71327,1273.69,42.0,283405.1,263481.0,611.97,49.05,860.01,47.79231
2022-10-22 20:00:00,64.002647,75.3297,993.95,105.4,300170.4,380270.0,456.13,105.21,733.01,121.30412
2022-10-23 00:00:00,46.369886,141.42373,1774.6,45.0,393547.4,159593.0,1026.54,171.37,1717.2,128.72395
2022-10-23 04:00:00,53.14227,46.84896,1014.85,104.6,144415.5,71102.0,2069.72,90.71,546.97,44.20459
2022-10-23 08:00:00,29.764772,57.11216,1307.29,19.7,143529.2,93337.0,195.08,217.32,378.63,142.02793
2022-10-23 12:00:00,108.24296,64.71095,1199.48,53.8,176427.2,123535.0,348.77,350.35,1242.69,173.49633
2022-10-23 16:00:00,483.405748,218.97964,4993.39,195.7,233923.3,168781.0,970.94,1218.97,3589.69,190.50057
2022-10-23 20:00:00,541.405107,427.60029,3720.22,104.4,341005.9,925040.0,2405.71,289.42,2340.24,141.53403
2022-10-24 00:00:00,702.211296,640.72741,4485.35,64.0,181195.9,393924.0,1167.53,1124.3,1626.69,165.59692
2022-10-24 04:00:00,542.872152,203.28173,2353.48,12.8,330691.2,202821.0,1019.16,179.59,206.24,98.95977
2022-10-24 08:00:00,466.658916,174.19112,2214.78,25.0,334036.4,112461.0,537.29,303.34,1591.2,9.91198
2022-10-24 12:00:00,1121.206549,529.08665,8014.66,174.5,255118.5,394285.0,1058.73,1088.54,1362.5,96.26024
2022-10-24 16:00:00,301.927966,128.13043,1701.81,72.0,164957.5,377888.0,476.78,698.13,951.15,23.37182
2022-10-24 20:00:00,176.882201,202.60621,830.53,70.2,525687.5,258858.0,479.54,195.74,864.64,34.10186
2022-10-25 00:00:00,188.685137,106.80654,1843.68,117.3,269593.6,670988.0,730.36,1076.93,1155.3,38.32697
2022-10-25 04:00:00,116.056717,67.8182,2037.34,41.4,235272.5,430398.0,452.64,946.01,349.48,7.35196
2022-10-25 08:00:00,200.594241,81.99441,2528.61,20.5,299387.4,314159.0,308.84,106.19,165.19,1.70013
2022-10-25 12:00:00,1245.869853,1175.94689,11880.25,166.8,607453.7,1307011.0,2519.08,469.09,4521.17,60.94182
2022-10-25 16:00:00,2940.722506,3606.52856,17021.55,284.1,2514127.9,4363795.0,6438.22,4418.52,8025.85,442.34745
2022-10-25 20:00:00,1151.779832,1702.9213,6338.63,83.5,876968.4,1121952.0,2399.63,1495.55,1412.74,224.40316
2022-10-26 00:00:00,811.412529,1019.52727,4251.02,93.4,684655.7,1621875.0,2646.21,327.98,1308.29,34.54091
2022-10-26 04:00:00,737.422218,785.04036,3876.52,17.3,326449.8,1273779.0,1513.07,336.26,1496.76,97.15825
2022-10-26 08:00:00,1482.154938,974.19535,2826.25,79.3,435613.2,1601217.0,3240.01,1093.23,2044.8,98.471
2022-10-26 12:00:00,2873.201787,2331.73365,6419.26,143.5,1033403.2,2857233.0,3303.64,3691.08,2926.18,74.77489
2022-10-26 16:00:00,1332.892218,971.47485,4531.43,121.8,332403.7,5541766.0,2004.07,3950.13,2794.98,193.16896
2022-10-26 20:00:00,866.116982,1100.27576,5188.71,279.0,234026.4,2845838.0,1332.33,1427.49,1981.91,204.90648
2022-10-27 00:00:00,751.499155,1162.70624,3165.95,165.3,243816.8,6732514.0,2006.36,472.98,1094.56,119.29252
2022-10-27 04:00:00,490.622582,271.61037,4863.8,108.8,328355.4,6298149.0,3183.43,899.58,1257.87,42.88196
2022-10-27 08:00:00,755.785972,732.33307,3186.17,166.6,142724.3,1822473.0,1620.01,1289.92,921.59,278.24412
2022-10-27 12:00:00,1920.701968,2141.34573,6329.73,127.9,491579.7,2187102.0,4854.23,751.67,1393.15,71.27611
2022-10-27 16:00:00,584.276949,418.79172,2899.5,121.1,293617.9,4597097.0,1371.04,260.14,576.02,114.65699
2022-10-27 20:00:00,1078.090139,1908.05224,5582.6,195.3,515178.5,4681405.0,1506.88,827.46,1864.33,152.60528
2022-10-28 00:00:00,825.88549,1076.7698,4702.46,95.4,441804.9,5343303.0,1320.31,1312.48,750.78,143.49619
2022-10-28 04:00:00,479.398229,636.99057,4572.25,70.0,250499.5,2671761.0,772.89,231.66,1236.77,69.51588
2022-10-28 08:00:00,789.09354,686.06149,3751.38,65.7,144311.5,10860570.0,3095.78,233.38,138.38,41.39528
2022-10-28 12:00:00,2080.763058,2334.27192,9787.77,320.1,546830.6,9124800.0,5983.1,319.31,2237.93,117.21444
2022-10-28 16:00:00,1097.717458,1383.63017,7018.71,282.0,305578.4,13582395.0,2535.73,1865.6,1834.45,62.24543
2022-10-28 20:00:00,246.751835,575.58488,3515.15,123.6,268399.1,5465539.0,2933.5,411.78,496.75,118.76305
2022-10-29 00:00:00,274.450763,670.64439,2174.23,150.9,183227.5,8929633.0,2604.18,830.99,1923.87,31.45624
2022-10-29 04:00:00,268.141572,836.23108,4439.12,122.2,168264.2,8054217.0,1530.84,1011.28,1256.5,79.03653
2022-10-29 08:00:00,757.247727,1438.62031,5235.2,156.4,297660.8,34422594.0,3552.66,292.85,3021.47,382.93381
2022-10-29 12:00:00,657.380534,1525.46587,2331.53,115.5,154439.1,59202298.0,2132.97,709.17,1837.15,132.36221
2022-10-29 16:00:00,690.006282,1976.93777,4080.86,300.3,1311407.7,74666448.0,2774.44,2299.71,5687.26,229.11856
2022-10-29 20:00:00,308.38805,585.71474,1527.62,185.3,249737.5,28476970.0,1315.86,2130.47,4066.0,164.22494
2022-10-30 00:00:00,180.62322,281.44363,1511.03,120.0,150309.7,24179063.0,454.24,1213.81,11649.97,218.94184
2022-10-30 04:00:00,313.541043,425.72374,2759.37,300.9,263419.0,30426864.0,7128.99,777.02,1241.55,107.34034
2022-10-30 08:00:00,377.486624,664.8383,2220.87,397.8,333988.1,29255516.0,4602.25,3945.01,2063.18,60.3768
2022-10-30 12:00:00,424.483261,799.02073,1087.82,137.3,231876.2,30666551.0,10301.23,916.95,3313.18,38.50989
2022-10-30 16:00:00,335.384048,501.72263,1597.82,428.5,152587.4,21028045.0,1152.51,354.86,3414.01,226.1526
2022-10-30 20:00:00,241.162232,229.02062,4355.41,176.7,116830.4,10431958.0,1188.6,1699.62,6470.23,112.69947
2022-10-31 00:00:00,337.526067,679.53559,2551.86,143.6,369547.5,21207909.0,4335.35,2355.07,8003.41,95.22096
2022-10-31 04:00:00,185.769198,228.76843,2218.73,45.9,82998.9,18436677.0,3304.1,771.64,4773.12,29.34153
2022-10-31 08:00:00,426.503327,707.15488,5041.99,1648.2,554287.8,28208663.0,7379.22,1780.66,4104.51,80.77765
2022-10-31 12:00:00,1157.798145,1596.39241,5985.5,895.0,544697.9,27820288.0,6858.89,2737.19,9950.34,206.34539
2022-10-31 16:00:00,628.854955,842.45364,2746.62,217.4,133439.9,27903561.0,1999.4,1836.98,3027.91,60.15971
2022-10-31 20:00:00,353.192102,606.55916,2325.63,158.1,73770.7,6110675.0,2405.44,1135.44,7915.54,67.20638
2022-11-01 00:00:00,352.07334,543.30985,2554.6,290.8,206675.0,18730344.0,4552.62,1083.83,3387.35,37.62047
2022-11-01 04:00:00,258.638422,398.53915,1997.89,330.8,206204.8,47368268.0,3159.2,805.44,1962.64,186.44244
2022-11-01 08:00:00,550.529266,724.1757,3597.2,64.1,227707.3,75374322.0,926.57,6920.38,1528.69,130.83398
2022-11-01 12:00:00,1030.983589,611.0163,3086.62,458.9,340545.9,69240329.0,1880.95,10043.34,1996.06,172.57611
2022-11-01 16:00:00,489.158889,234.73613,3246.24,146.8,197399.5,46521669.0,2244.79,1510.96,660.78,74.79863
2022-11-01 20:00:00,213.015825,173.47148,3564.61,95.2,149457.2,18367725.0,1707.76,3709.86,1334.19,110.89922
2022-11-02 00:00:00,852.862194,607.01488,5394.12,91.3,568326.1,40229050.0,2436.07,11868.41,7719.2,104.37263
2022-11-02 04:00:00,644.502216,904.79902,3570.76,283.1,292629.7,52779266.0,1813.18,15583.49,6035.3,78.55545
2022-11-02 08:00:00,409.667262,552.90985,4231.22,84.9,504401.1,47075162.0,4037.21,4652.78,1993.05,5419.65479
2022-11-02 12:00:00,332.017018,353.27542,2555.75,180.7,208199.1,23440479.0,3488.06,1724.82,1095.7,1986.42657
2022-11-02 16:00:00,3017.074436,4630.28703,14265.42,838.8,2218238.9,60011731.0,14534.58,4647.0,8101.26,1621.80678
2022-11-02 20:00:00,558.549755,763.03147,3775.4,122.6,387480.3,26598319.0,7044.88,1311.6,2758.95,1274.33911
2022-11-03 00:00:00,864.041979,1277.40615,5995.67,178.3,303335.8,37553874.0,4394.53,18729.33,9307.69,3621.84409
2022-11-03 04:00:00,778.484094,603.85934,5450.03,747.1,217102.0,22345479.0,1754.65,11130.81,15129.25,672.33195
2022-11-03 08:00:00,468.631531,482.91977,4581.9,340.0,187557.4,36688306.0,4206.61,18670.79,14585.79,515.85284
2022-11-03 12:00:00,1247.753029,548.67868,5583.63,126.1,417834.8,22342123.0,2292.44,36111.01,21033.42,401.07994
2022-11-03 16:00:00,840.415241,234.11031,1901.3,143.3,148580.1,14483320.0,1184.82,3487.21,9957.29,344.68049
2022-11-03 20:00:00,547.109204,497.76922,1143.16,280.9,242536.5,20746969.0,1799.29,12827.26,1350.72,187.91777
2022-11-04 00:00:00,680.241322,434.90311,4558.62,696.8,1364558.5,49661332.0,4522.13,17787.95,10578.55,578.77354
2022-11-04 04:00:00,902.483028,726.45283,4896.38,272.5,506427.5,40589445.0,4629.5,9566.49,21282.15,993.09268
2022-11-04 08:00:00,592.237137,549.30548,4812.72,440.3,374271.9,30355449.0,2606.47,7044.9,8311.84,1566.06991
2022-11-04 12:00:00,2628.622956,2280.3529,12454.2,456.2,923428.4,55045370.0,11758.18,54397.85,21924.5,3069.56419
2022-11-04 16:00:00,1482.266433,1211.16205,4765.02,259.4,589085.7,24019685.0,3434.33,34410.55,13491.82,471.40945
2022-11-04 20:00:00,473.817404,521.7031,4316.96,105.3,295413.4,10264928.0,1330.19,23804.28,10245.28,332.60531
2022-11-05 00:00:00,608.757289,539.14272,7754.55,234.0,700306.0,13881262.0,21646.92,68168.34,11052.61,550.89916
2022-11-05 04:00:00,198.481828,225.01999,5655.27,334.9,299408.1,21457278.0,4444.56,13364.83,5589.02,814.30112
2022-11-05 08:00:00,361.339816,252.11155,4392.62,120.4,270085.4,17368607.0,2460.08,29142.49,7749.23,1853.1275
2022-11-05 12:00:00,278.385765,385.21006,28678.77,342.7,544353.2,16727376.0,9670.79,14472.2,8576.3,845.13792
2022-11-05 16:00:00,166.06915,301.00241,28742.21,281.9,495714.8,12119019.0,14746.83,14465.33,12692.58,437.02338
2022-11-05 20:00:00,129.975537,239.14915,7506.68,126.2,230103.9,7843176.0,4834.49,8819.57,6353.77,223.72958
2022-11-06 00:00:00,272.652819,418.94256,8337.71,132.4,259752.6,13974262.0,3236.88,26275.58,10074.02,932.57477
2022-11-06 04:00:00,141.120474,81.51878,4534.88,386.2,252156.4,8068515.0,3791.65,13264.43,2344.87,603.5381
2022-11-06 08:00:00,179.252286,259.95632,1903.7,77.4,157734.2,5074217.0,1811.83,16416.83,2052.76,107.74157
2022-11-06 12:00:00,166.295394,159.11396,4148.24,119.4,166508.4,7103027.0,971.66,12342.81,8663.85,67.64558
2022-11-06 16:00:00,265.701077,560.84169,8862.1,396.2,553903.7,12662570.0,3269.02,33024.15,8943.05,800.13991
2022-11-06 20:00:00,379.409176,711.86535,8348.77,331.2,652121.6,16265274.0,3979.55,20099.29,9502.38,470.05529
2022-11-07 00:00:00,729.52732,820.23988,9063.52,518.7,546329.2,14141520.0,2289.26,29365.98,12776.8,2051.67285
2022-11-07 04:00:00,499.73925,776.31024,11185.49,438.5,446627.7,9529892.0,6893.45,14557.76,7266.38,596.75528
2022-11-07 08:00:00,409.564819,554.82804,5042.23,248.1,417105.0,6663184.0,3312.03,9474.33,1854.8,815.13007
2022-11-07 12:00:00,876.055701,429.40265,12076.69,159.4,221685.6,7313865.0,3096.45,33881.98,11411.32,333.45477
2022-11-07 16:00:00,701.149175,387.86648,14452.27,793.9,289925.2,6726240.0,1928.95,52266.36,17690.64,632.9078
2022-11-07 20:00:00,635.260055,746.15284,20185.26,262.0,333370.5,13883513.0,8267.52,37722.1,25877.65,232.11324
2022-11-08 00:00:00,769.998981,980.33185,20782.29,1150.0,691307.6,19511039.0,21047.29,83685.74,34648.8,581.41898
2022-11-08 04:00:00,1835.848724,1906.01105,35906.53,2902.6,1526502.5,30613427.0,27166.75,92661.9,39181.62,1400.22215
2022-11-08 08:00:00,797.300521,328.49775,7789.06,966.9,402765.3,13996956.0,7011.35,52084.27,23490.76,373.31293
2022-11-08 12:00:00,1650.501139,1100.77831,9846.45,493.0,716921.0,24598191.0,9230.24,73057.0,17303.31,266.37265
2022-11-08 16:00:00,5691.292198,17584.08076,79420.1,28868.3,5393899.3,62793110.0,105559.85,198109.39,89455.17,10316.48558
2022-11-08 20:00:00,889.500495,3921.55741,38189.54,3906.0,727683.5,14119123.0,44834.77,89463.3,19717.08,1629.33326
2022-11-09 00:00:00,1083.218713,779.27088,65006.86,1535.5,1791623.7,26154159.0,11910.96,73281.7,17785.65,868.18853
2022-11-09 04:00:00,741.17009,1846.58555,112809.94,1592.4,1250758.1,21826117.0,13646.35,57103.9,9340.81,244.14799
2022-11-09 08:00:00,1422.436093,2975.44477,97612.88,1683.1,2338663.4,32686601.0,36610.06,224410.36,39011.44,1208.00357
2022-11-09 12:00:00,1742.587554,1855.04131,86485.86,1232.5,2736272.9,57223843.0,46123.72,107265.76,23277.56,1396.77762
2022-11-09 16:00:00,1208.033227,1853.7598,90610.18,1088.4,1238025.2,13125797.0,17562.34,39004.0,16322.02,902.31576
2022-11-09 20:00:00,546.215073,2716.0705,62125.69,2062.1,1460267.5,16472008.0,29455.65,104130.68,35232.35,2384.82424
2022-11-10 00:00:00,612.10294,728.83569,73493.43,1599.2,1346940.2,3941644.0,3306.14,41734.12,12609.06,654.30976
2022-11-10 04:00:00,377.889956,373.5617,49359.47,976.5,581645.1,5016534.0,10177.11,31660.06,14347.02,159.87345
2022-11-10 08:00:00,120.0677,512.0469,44108.82,1433.1,513150.1,8698681.0,19188.71,9455.35,18786.86,2533.27579
2022-11-10 12:00:00,515.057427,2562.6953,86046.09,2444.4,1340730.2,15950538.0,45251.75,27767.77,41108.29,7857.47746
2022-11-10 16:00:00,650.073607,1183.78728,45360.25,384.3,543345.1,8661392.0,16317.3,17878.46,22129.54,803.82351
2022-11-10 20:00:00,667.984507,448.37797,25369.15,228.1,261723.2,4858249.0,1920.31,10340.85,4957.94,327.13153
2022-11-11 00:00:00,784.657401,451.32272,30780.58,551.1,306000.3,6566933.0,2528.77,10873.22,9730.71,892.87422
2022-11-11 04:00:00,266.99708,1855.27241,12043.57,149.3,93168.7,869732.0,770.85,4667.02,1633.57,480.01813
2022-11-11 08:00:00,188.367575,214.22743,6264.2,81.2,30507.3,862028.0,729.32,1047.13,3034.35,456.3522
2022-11-11 12:00:00,714.949347,1127.0528,52203.77,589.9,366740.2,5162596.0,3972.39,21384.45,13399.09,1324.16483
2022-11-11 16:00:00,276.993372,363.78177,11482.29,388.2,317535.7,880621.0,2784.74,7845.41,5810.02,861.4238
2022-11-11 20:00:00,256.726867,1974.98896,13445.56,556.1,222579.6,1849519.0,3352.99,7272.22,4196.36,513.02255
2022-11-12 00:00:00,92.549545,369.96802,12295.19,469.3,285199.6,1980215.0,972.43,9018.08,4658.58,293.76623
2022-11-12 04:00:00,240.871498,881.6145,19080.62,956.3,184981.3,16591080.0,6397.2,40273.6,20520.25,343.00402
2022-11-12 08:00:00,173.933877,188.21601,3924.47,76.0,40006.5,13693913.0,3627.27,12482.29,5612.39,181.74733
2022-11-12 12:00:00,179.419825,132.40089,8491.1,212.3,145526.8,11188664.0,909.09,17428.38,1449.16,452.31408
2022-11-12 16:00:00,133.893093,826.35638,6082.05,154.4,70089.7,4474170.0,2284.21,9307.02,1496.13,832.89211
2022-11-12 20:00:00,188.064723,804.55312,5709.1,335.1,106267.5,7869040.0,1737.95,21458.4,3954.13,150.26415
2022-11-13 00:00:00,134.700632,83.94798,8264.61,127.1,112055.1,11272326.0,3136.0,20044.52,2319.52,173.76533
2022-11-13 04:00:00,145.839268,1550.59071,6682.66,315.8,191312.0,8975150.0,4510.75,34711.15,4761.2,150.77272
2022-11-13 08:00:00,175.326461,193.79745,4433.8,75.4,227153.5,5561373.0,1813.49,12321.79,2769.05,226.27056
2022-11-13 12:00:00,112.308602,98.07449,19143.35,246.3,317756.4,4068806.0,4071.26,13095.56,1256.35,235.02794
2022-11-13 16:00:00,146.87791,123.04826,10242.19,319.6,222327.8,4268853.0,1013.88,16338.35,3202.63,64.75883
2022-11-13 20:00:00,215.657019,300.31686,12643.51,208.6,450818.9,4617769.0,9270.36,26667.9,5392.79,416.15862
2022-11-14 00:00:00,621.280374,1146.37808,31790.37,560.1,543099.3,9398030.0,7131.03,49264.61,6283.09,520.45233
2022-11-14 04:00:00,967.738051,1960.55416,28230.51,545.6,699353.5,10279004.0,8147.82,26491.27,5357.09,1027.43296
2022-11-14 08:00:00,746.328666,182.95437,12570.04,160.7,127383.6,7689341.0,9100.27,19691.65,3449.09,403.16103
2022-11-14 12:00:00,1030.866693,2217.81677,18955.49,709.7,347333.3,6285013.0,4346.7,54282.25,6858.47,466.50551
2022-11-14 16:00:00,893.790842,319.71096,13489.07,956.4,227516.6,5577579.0,3738.9,38347.99,3051.12,145.91498
2022-11-14 20:00:00,709.24425,1812.93745,8249.54,347.1,250583.7,5950478.0,4234.5,24584.04,4775.25,236.02363
2022-11-15 00:00:00,1264.706463,371.14544,5222.45,260.7,171146.9,7657959.0,1759.45,20484.95,3120.04,519.12238
2022-11-15 04:00:00,1098.687567,95.73631,6727.11,454.5,163792.1,2044239.0,1504.6,7417.08,2653.39,99.56993
2022-11-15 08:00:00,1391.549232,755.83233,6354.31,271.2,155304.3,2613093.0,1679.41,13696.31,1891.95,467.83078
2022-11-15 12:00:00,1993.327234,129.9268,27111.5,1018.3,310302.4,4101257.0,4017.02,24629.47,6917.55,240.80592
2022-11-15 16:00:00,1539.534299,155.92223,7486.79,344.5,343925.1,2474832.0,9757.2,36468.24,2912.98,1188.95077
2022-11-15 20:00:00,1232.596404,139.64036,8138.56,161.2,73906.2,1937637.0,2204.5,24543.88,10481.46,97.96396
2022-11-16 00:00:00,661.064366,810.89246,5213.67,158.7,303786.5,3511720.0,3495.52,15798.85,3124.36,129.12834
2022-11-16 04:00:00,275.95417,279.55153,1800.96,86.8,352069.5,5874324.0,2976.01,7999.86,126.83,183.81887
2022-11-16 08:00:00,915.398749,901.43028,4253.09,217.8,126728.5,4226585.0,1294.63,28151.91,3030.24,166.64177
2022-11-16 12:00:00,1351.445877,1050.25568,11308.74,230.0,565775.2,5459414.0,5459.4,30770.92,11177.1,439.71337
2022-11-16 16:00:00,384.375961,307.6142,8695.74,241.3,130760.1,1266894.0,2867.66,23535.65,2723.76,99.98952
2022-11-16 20:00:00,301.96301,334.85087,9561.39,318.0,270173.0,2128872.0,1673.77,16217.26,2177.64,168.69211
2022-11-17 00:00:00,546.393457,403.59108,9992.13,506.0,195147.1,4277298.0,7439.94,11900.97,12584.82,355.94414
2022-11-17 04:00:00,367.872548,481.97445,6527.07,431.3,307562.7,3968303.0,2229.25,18924.57,1255.16,656.8835
2022-11-17 08:00:00,164.780773,995.1592,5776.39,482.7,205322.3,2881544.0,1086.52,12980.5,1214.61,574.116
2022-11-17 12:00:00,338.766818,1035.74844,36243.7,581.6,415814.2,6305730.0,5936.56,33192.27,1363.82,318.72995
2022-11-17 16:00:00,461.976056,232.82439,10308.86,307.9,163172.0,2932964.0,2518.43,10564.09,4434.95,766.71818
2022-11-17 20:00:00,275.04967,124.01332,15375.45,178.0,123990.0,2078527.0,2866.78,7761.75,2133.85,2611.04054
2022-11-18 00:00:00,531.035898,164.02743,5847.92,108.1,99087.3,4554600.0,1800.37,23658.29,4518.69,315.82796
2022-11-18 04:00:00,184.835262,126.7506,2374.68,78.3,34316.5,1136569.0,3967.65,3575.01,490.98,39.36065
2022-11-18 08:00:00,187.042305,116.74648,1823.87,68.0,430754.2,924009.0,475.61,4289.96,2225.22,249.70431
2022-11-18 12:00:00,289.518296,153.60733,4749.61,63.5,139596.3,1454955.0,963.8,11306.53,2098.14,231.09504
2022-11-18 16:00:00,420.045233,922.34406,5247.72,125.2,203753.6,1421637.0,1613.84,1625.92,1962.52,235.78153
2022-11-18 20:00:00,145.999922,80.91245,1899.33,99.9,53450.3,1201725.0,608.38,1517.77,387.26,142.15581
2022-11-19 00:00:00,54.665184,90.71034,3414.53,136.2,69984.2,1186040.0,2413.97,1516.13,530.37,141.84635
2022-11-19 04:00:00,70.175777,147.64461,1231.88,104.0,31731.2,1690256.0,2763.54,4853.17,900.49,145.0561
2022-11-19 08:00:00,40.171742,25.24642,891.92,38.9,9174.1,1497396.0,2042.08,65.43,13.79,339.09943
2022-11-19 12:00:00,47.700483,22.10583,7410.72,95.3,82969.7,897545.0,1994.78,4315.38,616.36,265.37983
2022-11-19 16:00:00,100.035819,57.01028,2120.05,75.5,192011.6,5691322.0,844.6,1649.08,512.32,206.64699
2022-11-19 20:00:00,157.406468,1124.58074,4498.06,118.1,64103.3,2269553.0,2947.07,1179.69,3009.56,327.30452
2022-11-20 00:00:00,106.943211,141.74031,2046.68,111.0,39409.9,1752396.0,420.33,7366.97,953.11,663.11734
2022-11-20 04:00:00,61.940385,78.42958,13117.68,80.2,79881.2,2643225.0,622.04,2820.95,5615.36,78.2124
2022-11-20 08:00:00,192.038603,1403.02451,3562.67,157.7,225830.4,4674418.0,2484.29,1015.04,2665.07,342.92762
2022-11-20 12:00:00,95.311279,260.19085,14927.64,96.8,190951.3,1436597.0,1722.33,5196.41,4285.62,134.40424
2022-11-20 16:00:00,116.186798,209.97696,1345.44,662.8,232966.7,5668241.0,1736.63,4777.87,1602.74,166.73816
2022-11-20 20:00:00,506.816721,544.24954,14102.72,284.4,422377.8,8021458.0,3675.48,4708.71,2369.13,214.50991
2022-11-21 00:00:00,376.465694,557.48388,44563.36,451.0,467981.9,4582012.0,6010.62,4267.32,2474.2,1629.42026
2022-11-21 04:00:00,206.041417,208.11926,8942.7,139.5,160464.1,1201459.0,2402.51,4436.86,556.82,382.12001
2022-11-21 08:00:00,155.63205,204.58617,6098.06,94.5,82471.3,824936.0,2568.23,3097.42,7207.68,16.70999
2022-11-21 12:00:00,169.91241,149.06559,5303.13,102.6,354403.2,1500059.0,2727.95,6420.42,2016.95,197.08454
2022-11-21 16:00:00,405.891249,541.68017,11717.2,471.8,400335.0,2683158.0,3750.24,22639.37,3952.85,332.4047
2022-11-21 20:00:00,491.068315,481.65854,12347.14,276.2,799574.2,3862937.0,5727.44,28176.69,3749.0,460.33215
2022-11-22 00:00:00,402.20441,181.30174,11016.21,325.4,270976.0,2388959.0,1698.21,17612.4,2036.47,323.54897
2022-11-22 04:00:00,315.076898,1099.99276,7516.76,107.9,258452.4,3244632.0,4894.06,11046.73,7428.49,189.03758
2022-11-22 08:00:00,174.581605,518.48835,12451.11,67.1,282164.0,2551970.0,2159.64,1528.38,1284.14,220.09994
2022-11-22 12:00:00,519.095574,1806.85201,43593.91,1001.9,546162.6,7164743.0,10784.23,13590.82,10108.15,4568.6106
2022-11-22 16:00:00,336.058732,944.86842,9640.37,120.4,114166.1,1745197.0,1542.33,8432.5,4398.81,357.44854
2022-11-22 20:00:00,376.879406,876.62463,8535.44,129.6,91265.4,1302653.0,1781.87,14700.2,2060.92,597.1078
2022-11-23 00:00:00,570.814869,399.38945,18780.48,347.7,230946.2,4233218.0,5778.82,18384.1,2899.43,9134.22401
2022-11-23 04:00:00,258.428333,262.89385,6804.02,86.3,187900.7,3680648.0,4965.38,10713.9,6261.96,4967.62633
2022-11-23 08:00:00,244.102482,253.50174,12354.68,2232.0,189498.9,1540352.0,1997.6,13583.76,1470.0,1709.85666
2022-11-23 12:00:00,379.422937,886.18983,9169.2,733.5,221239.0,2511081.0,1918.27,21365.52,2687.48,7670.34866
2022-11-23 16:00:00,670.121327,1769.40699,21149.26,1571.3,264864.5,2449065.0,1970.65,13453.8,8122.45,6886.11271
2022-11-23 20:00:00,192.381419,153.9369,23636.72,364.4,78833.3,1292070.0,1235.47,10809.59,2412.73,2677.30824
2022-11-24 00:00:00,456.094135,262.64404,29845.79,528.5,186206.5,4143353.0,4206.74,21137.82,8368.34,1988.27401
2022-11-24 04:00:00,230.861565,174.85975,20584.06,163.1,97860.4,1148190.0,867.55,7338.15,3415.86,2456.44523
2022-11-24 08:00:00,208.893287,141.13722,19025.69,148.3,120565.4,1286081.0,1249.71,4142.46,1040.17,1896.87597
2022-11-24 12:00:00,207.196512,156.63871,36974.11,102.4,127975.2,717420.0,1716.92,6011.8,1963.81,866.16238
2022-11-24 16:00:00,171.587441,404.82733,31749.4,618.6,158537.5,1848289.0,5838.83,4770.53,5665.84,1140.2686
2022-11-24 20:00:00,141.786101,118.23826,19705.41,128.8,202754.4,865655.0,1173.04,3630.03,530.53,1744.01039
2022-11-25 00:00:00,209.506768,946.13411,30710.01,151.7,417002.9,3199261.0,1502.9,5261.4,1376.36,3329.27352
2022-11-25 04:00:00,255.893902,173.00129,10467.09,89.8,169580.9,1647199.0,682.51,1982.25,2610.49,2915.36677
2022-11-25 08:00:00,173.09882,149.65145,11213.75,103.7,115185.5,8885548.0,516.7,6239.0,2403.29,3891.92225
2022-11-25 12:00:00,212.563161,118.48302,13704.19,294.9,77929.7,5226790.0,1256.82,19032.2,1928.4,1722.0404
2022-11-25 16:00:00,132.303344,155.83152,6534.1,77.1,115963.8,4992702.0,2684.98,13774.7,5440.4,3068.73608
2022-11-25 20:00:00,80.187485,787.82907,4777.82,100.4,261198.6,2698063.0,1385.23,4699.67,2991.24,1861.44299
2022-11-26 00:00:00,128.510864,318.44086,9719.65,432.5,243174.4,11807816.0,3432.06,17126.01,6970.58,2791.68653
2022-11-26 04:00:00,67.269105,148.7973,3270.99,188.4,84879.7,4677602.0,218.96,13261.43,718.55,3680.123
2022-11-26 08:00:00,60.278878,103.05721,9560.4,191.4,60276.0,2765131.0,875.65,4125.38,1116.77,2152.77834
2022-11-26 12:00:00,54.645239,185.35641,14485.87,383.5,325897.0,6349662.0,452.37,5782.45,15336.25,3514.36875
2022-11-26 16:00:00,55.564439,723.37437,10232.42,222.4,315708.4,4751361.0,978.43,1998.99,9656.51,2748.91606
2022-11-26 20:00:00,69.236573,59.55291,6045.16,148.9,86483.4,2875480.0,1412.36,7745.38,5886.91,1731.37492
2022-11-27 00:00:00,49.211813,71.53604,4869.99,207.7,55048.8,1975969.0,593.79,1876.91,3400.63,2759.02855
2022-11-27 04:00:00,63.087593,109.15183,11330.84,105.9,49410.5,18911637.0,660.11,2424.7,755.93,3156.73404
2022-11-27 08:00:00,53.610566,118.70104,2614.13,121.6,82573.2,23376900.0,665.79,8924.04,588.47,3462.94121
2022-11-27 12:00:00,46.368477,46.42064,4926.56,129.4,67944.8,12935408.0,1860.98,5105.2,2296.33,2026.74196
2022-11-27 16:00:00,36.851881,82.31429,2316.57,291.2,68809.3,10087727.0,455.06,6756.28,571.25,1787.27304
2022-11-27 20:00:00,132.918643,226.14096,6709.61,217.0,170937.5,13687772.0,1035.1,14457.85,6811.99,1840.8711
2022-11-28 00:00:00,316.657042,506.77264,51551.95,918.4,741189.8,11689734.0,8583.57,32992.64,13678.12,5122.74132
2022-11-28 04:00:00,57.918755,78.54746,45633.88,185.3,90415.8,5408793.0,2736.72,11261.22,1391.14,3052.30119
2022-11-28 08:00:00,132.579298,132.58024,7780.92,642.3,86517.1,5110131.0,238.65,4922.55,814.0,1451.78266
2022-11-28 12:00:00,264.325207,181.07195,24010.51,918.8,284700.0,5205131.0,661.64,7019.01,1777.45,2230.09592
2022-11-28 16:00:00,609.278838,256.54067,41335.91,772.1,378125.7,15951593.0,4712.46,14096.26,14387.43,2297.54011
2022-11-28 20:00:00,180.446024,105.17287,9043.98,232.1,191906.2,4733376.0,451.37,1014.99,16141.97,797.4101
2022-11-29 00:00:00,269.482413,169.90573,14107.22,359.1,187670.3,10146850.0,3557.44,9871.18,9243.78,1711.43072
2022-11-29 04:00:00,357.95118,238.4928,10607.44,313.7,182347.7,6647715.0,2593.96,9962.63,22874.59,868.49034
2022-11-29 08:00:00,102.577906,174.34663,7512.32,103.6,66336.9,5115827.0,2320.41,3923.54,372.1,236.16336
2022-11-29 12:00:00,283.408181,109.23413,12295.48,297.2,147314.5,5858259.0,495.04,18908.11,6535.01,932.09674
2022-11-29 16:00:00,311.647103,113.37347,8573.89,458.2,114726.5,4735698.0,626.94,21222.83,6750.12,612.24915
2022-11-29 20:00:00,160.992411,698.84273,9201.82,319.9,108540.1,3332326.0,509.72,6445.79,865.08,395.67208
2022-11-30 00:00:00,477.722086,911.85312,16525.6,283.0,344789.9,16993369.0,3261.15,18063.12,7642.33,1621.81402
2022-11-30 04:00:00,274.346572,314.9648,12741.2,184.1,89697.3,5110327.0,889.77,13145.41,680.8,384.01346
2022-11-30 08:00:00,118.951825,167.56335,9279.12,179.8,103204.7,5025289.0,915.14,15282.66,1499.39,222.11592
2022-11-30 12:00:00,295.080272,163.1892,6068.91,275.3,134185.2,6340332.0,1871.32,5452.06,624.18,300.92652
2022-11-30 16:00:00,702.215279,348.76552,8215.15,354.4,399016.5,9638450.0,3902.54,26687.06,3780.91,1165.64188
2022-11-30 20:00:00,365.500082,285.60438,18386.0,359.9,166124.4,7570666.0,2815.65,10015.25,7241.24,874.61446
2022-12-01 00:00:00,211.167888,120.49482,18792.91,287.7,122580.2,6095539.0,1071.5,14350.45,3512.9,943.60462
2022-12-01 04:00:00,131.005622,52.73148,5188.43,306.1,80136.3,3089658.0,559.84,8887.07,1722.42,245.70474
2022-12-01 08:00:00,66.766634,35.76504,3879.36,222.5,21325.4,2183090.0,299.5,2812.28,109.1,122.2663
2022-12-01 12:00:00,464.189708,248.50158,18470.78,558.0,203705.0,8181394.0,6054.61,11892.49,5323.99,879.23159
2022-12-01 16:00:00,166.769288,78.02903,6676.33,167.7,108750.0,2512885.0,1150.33,3670.57,2563.43,242.25872
2022-12-01 20:00:00,112.74329,87.96694,4496.11,190.7,67820.6,3341920.0,982.2,487.95,2410.54,265.84197
2022-12-02 00:00:00,141.804047,46.52458,5968.24,505.3,103372.9,7084084.0,729.52,9165.4,1735.9,628.6285
2022-12-02 04:00:00,81.409521,26.30515,3494.89,308.2,52874.1,2714643.0,338.37,248.81,2842.22,271.02521
2022-12-02 08:00:00,83.557874,171.30626,7367.51,93.6,67142.2,2020787.0,1072.76,6226.51,326.52,243.95816
2022-12-02 12:00:00,360.992146,267.69711,14127.1,221.1,116418.7,5096285.0,6846.96,52813.5,578.07,204.91962
2022-12-02 16:00:00,187.428383,127.42958,10348.81,147.9,140408.9,1947468.0,3156.6,7995.73,446.0,219.54979
2022-12-02 20:00:00,127.101237,193.3989,7090.42,235.0,107870.0,8386219.0,10602.48,11380.13,1606.97,339.27021
2022-12-03 00:00:00,63.247298,210.95427,3454.77,270.5,239224.8,5224559.0,2109.67,50407.8,1735.39,697.23811
2022-12-03 04:00:00,109.782807,87.48597,5048.71,150.2,139484.7,4332276.0,791.42,16210.2,869.05,227.47133
2022-12-03 08:00:00,131.615073,159.35106,4590.54,79.0,312604.6,3321631.0,1839.78,8353.41,73.2,230.91685
2022-12-03 12:00:00,60.459234,31.02117,5836.01,169.5,264862.2,6941561.0,6404.41,4144.28,899.96,181.3972
2022-12-03 16:00:00,64.158743,42.18304,4175.45,83.7,115984.5,2849451.0,4032.04,1655.19,604.79,149.98051
2022-12-03 20:00:00,100.557877,518.23718,4298.16,134.9,177103.9,4609442.0,2771.35,6710.69,2009.2,323.7617
2022-12-04 00:00:00,47.035186,165.99266,3477.74,72.3,129690.5,3208980.0,1555.78,5534.75,2809.35,188.9211
2022-12-04 04:00:00,106.257803,90.57959,1331.55,84.2,95497.3,5716914.0,2506.99,9681.85,717.97,242.33963
2022-12-04 08:00:00,76.983978,39.25226,1448.42,142.9,66973.9,7253129.0,1148.24,4614.17,147.34,190.88497
2022-12-04 12:00:00,94.450101,72.45344,2380.4,139.8,117566.0,2090725.0,2092.32,4871.05,406.33,341.5751
2022-12-04 16:00:00,250.804406,203.23053,3963.56,181.6,222709.8,2958200.0,890.23,12909.03,777.87,567.22376
2022-12-04 20:00:00,96.334891,73.12818,3589.14,122.9,42704.1,1724030.0,1665.99,9444.6,709.57,289.57294
2022-12-05 00:00:00,308.440589,393.99057,10399.11,189.7,92793.7,1734414.0,2445.59,9462.62,3290.48,779.07369
2022-12-05 04:00:00,290.551129,343.69622,6032.71,145.8,146380.0,2053719.0,1475.95,3939.89,1218.58,2684.56892
2022-12-05 08:00:00,276.616876,207.54693,5014.49,68.4,138672.1,7569220.0,2153.81,761.97,644.48,501.39
2022-12-05 12:00:00,397.795627,241.14665,8662.86,164.2,110825.6,4825018.0,1679.5,5213.28,3476.28,992.84471
2022-12-05 16:00:00,438.857406,207.59853,16978.55,206.1,192986.7,5814123.0,2823.13,13231.75,5837.99,746.70956
2022-12-05 20:00:00,138.379771,790.17755,4056.21,116.3,110259.0,2364180.0,1397.41,5392.1,458.26,377.08944
2022-12-06 00:00:00,190.168827,137.85128,15110.92,93.1,100645.6,1980241.0,631.23,10077.11,1276.26,870.82401
2022-12-06 04:00:00,116.965745,103.11087,10086.97,58.5,89713.3,4632184.0,380.47,5728.03,5503.81,648.14019
2022-12-06 08:00:00,248.126997,294.57134,5023.2,58.5,97286.3,3331579.0,1877.77,7551.91,2834.15,1196.56179
2022-12-06 12:00:00,305.604022,192.7735,8271.22,98.8,124986.0,4483420.0,1707.21,10061.49,1341.28,500.27578
2022-12-06 16:00:00,313.3945,205.43644,8069.83,144.8,212071.7,5923688.0,1046.77,5364.58,2965.21,529.504
2022-12-06 20:00:00,201.804435,185.64483,9213.52,91.9,125818.4,3101691.0,522.27,6035.29,3438.53,663.34051
2022-12-07 00:00:00,150.47996,237.29207,6608.31,95.7,141348.3,1993719.0,394.0,8965.24,1509.43,318.71084
2022-12-07 04:00:00,259.960595,426.52934,8133.68,552.9,330570.6,9876293.0,4820.9,13943.54,12627.35,1653.99566
2022-12-07 08:00:00,156.816159,187.35876,9883.18,124.3,184929.5,4542697.0,3011.78,16128.33,4159.18,387.23669
2022-12-07 12:00:00,155.32125,561.84248,5878.76,178.4,217076.1,4054761.0,1281.87,14893.85,1468.22,317.52836
2022-12-07 16:00:00,78.533108,740.6759,4631.56,143.0,135387.1,2441475.0,1600.57,2856.06,3972.05,565.97714
2022-12-07 20:00:00,105.871291,903.36858,17907.12,146.4,125009.0,2028961.0,2548.82,1461.21,567.22,192.78176
2022-12-08 00:00:00,123.528953,1508.68048,8513.8,79.8,173912.0,4220375.0,764.58,9442.39,727.28,258.8906
2022-12-08 04:00:00,45.780998,1005.52394,6841.88,86.4,67986.2,2250360.0,1938.12,4969.62,742.33,1287.87183
2022-12-08 08:00:00,94.192376,1234.85131,5314.15,116.7,78188.1,4231965.0,615.02,1790.52,944.05,388.80032
2022-12-08 12:00:00,225.323811,2829.75083,5912.57,116.2,167454.7,3550968.0,305.03,153.57,1915.29,426.10758
2022-12-08 16:00:00,291.765448,2086.05597,7176.06,145.7,156914.8,4152311.0,1422.57,2956.49,1209.46,916.85767
2022-12-08 20:00:00,224.705135,1303.84396,5267.24,179.0,87706.1,4129207.0,1324.63,888.98,846.74,272.55731
2022-12-09 00:00:00,143.674153,2702.15096,3215.86,120.7,74969.6,2534492.0,682.43,793.88,369.33,456.50914
2022-12-09 04:00:00,62.105883,1181.55132,2869.65,43.6,28098.4,1737840.0,408.12,337.02,135.38,145.25921
2022-12-09 08:00:00,56.506602,1893.18573,10062.28,48.5,60735.6,851459.0,1762.71,455.97,168.97,172.69234
2022-12-09 12:00:00,233.968153,2950.15273,10443.26,221.8,187084.9,4571125.0,789.12,1945.49,2772.54,550.54134
2022-12-09 16:00:00,64.196045,2117.23502,11261.89,150.0,164689.2,1773668.0,414.97,894.96,847.15,106.75636
2022-12-09 20:00:00,68.270806,1654.86418,3312.82,273.5,136604.4,2254360.0,633.69,612.8,1701.05,139.12679
2022-12-10 00:00:00,45.463288,1780.19527,426.7,345.7,42958.6,1338195.0,400.5,1970.36,167.86,76.24299
2022-12-10 04:00:00,53.863549,1708.41597,4828.87,891.6,72347.4,2230567.0,247.36,200611.04,257.54,44.53509
2022-12-10 08:00:00,34.029285,1743.21122,615.88,40.7,65827.2,1760612.0,5.11,1238.8,4364.39,151.06131
2022-12-10 12:00:00,52.599337,3151.62474,939.86,80.7,80833.6,2027435.0,420.64,558.03,2785.29,212.28286
2022-12-10 16:00:00,42.701616,2385.9016,1917.23,155.3,48764.7,716501.0,1634.4,2151.81,5751.63,68.41576
2022-12-10 20:00:00,52.187498,1627.89246,4951.26,29.3,66590.6,3048187.0,105.77,974.1,727.92,76.41421
2022-12-11 00:00:00,54.185156,1512.46704,795.54,163.8,72679.9,668651.0,115.36,638.12,535.14,253.32594
2022-12-11 04:00:00,48.567067,1758.93868,480.1,34.7,17896.3,1512302.0,304.37,146.29,684.51,105.27191
2022-12-11 08:00:00,33.663492,1061.57972,478.08,24.8,11956.7,1180351.0,27.14,18.93,170.97,46.03294
2022-12-11 12:00:00,58.10961,1490.20548,3421.12,39.1,18989.8,1495179.0,8.51,253.27,1784.96,86.95212
2022-12-11 16:00:00,93.650364,2395.14056,1261.35,86.2,39131.6,1365246.0,590.97,2189.94,1111.51,254.89752
2022-12-11 20:00:00,160.130576,2514.08578,5638.54,287.6,259619.1,9490692.0,3111.19,9727.57,8488.25,653.10814
2022-12-12 00:00:00,287.006311,3022.2789,11597.57,178.3,138889.7,17079889.0,3246.6,5309.04,2212.91,484.28114
2022-12-12 04:00:00,92.511101,1386.12853,3033.17,169.3,101891.0,11731772.0,1188.45,850.3,167.21,848.34056
2022-12-12 08:00:00,71.537836,2308.05353,4259.47,44.4,76530.2,9387711.0,530.34,58.35,459.35,194.38079
2022-12-12 12:00:00,204.260949,3010.03896,6209.37,1555.0,109819.9,5559990.0,974.84,6589.98,995.12,592.53651
2022-12-12 16:00:00,60.891788,1731.19439,7326.63,478.3,112399.1,1676333.0,1208.86,950.65,564.69,176.00913
2022-12-12 20:00:00,115.531284,1429.37531,2860.81,273.5,51908.0,3838971.0,622.25,2787.39,2710.4,286.25151
2022-12-13 00:00:00,83.824469,1104.21631,1507.7,621.1,38954.0,2001959.0,922.48,772.93,1241.33,295.23144
2022-12-13 04:00:00,95.394051,1526.31686,4844.79,797.3,508015.9,3277780.0,377.68,468.03,1831.45,1210.38912
2022-12-13 08:00:00,246.243915,2611.51482,895.78,607.1,256606.8,2698887.0,447.9,314.83,1853.86,291.81589
2022-12-13 12:00:00,638.361915,4833.59808,6308.23,974.0,168133.3,8709400.0,14660.7,2375.86,17167.74,819.3578
2022-12-13 16:00:00,218.230116,2090.12438,3565.73,377.2,501865.5,5193928.0,2719.07,253.14,5119.09,564.24324
2022-12-13 20:00:00,71.289169,643.03086,1106.52,329.9,62750.2,1333422.0,824.1,240.82,595.66,200.25742
2022-12-14 00:00:00,125.856793,739.28907,2703.44,442.6,89508.0,1063432.0,679.56,1257.55,6740.99,667.68569
2022-12-14 04:00:00,143.299455,682.4795,651.94,277.4,189923.0,1344714.0,523.66,373.91,1490.59,174.89917
2022-12-14 08:00:00,187.204241,689.30052,194.46,229.8,77380.4,747264.0,1131.48,161.87,287.07,147.07329
2022-12-14 12:00:00,649.13407,1664.27285,10643.9,510.7,113548.8,1339843.0,882.17,959.21,2260.29,381.6547
2022-12-14 16:00:00,1763.063832,2028.76432,37823.12,647.8,325669.5,5046217.0,4115.61,1278.95,6102.29,1878.96071
2022-12-14 20:00:00,716.463957,754.17533,13909.24,452.4,91281.8,1303940.0,2326.42,233.52,1223.64,673.63554
2022-12-15 00:00:00,479.965397,1280.64341,4636.35,421.1,214756.1,1778499.0,3595.66,235.34,1822.43,741.57009
2022-12-15 04:00:00,123.066985,666.00294,1114.71,113.4,115234.4,725140.0,454.67,321.48,261.54,458.07394
2022-12-15 08:00:00,189.52569,398.21735,340.28,91.9,223268.0,536334.0,917.15,118.08,377.3,100.66104
2022-12-15 12:00:00,628.015517,1475.149,7464.47,265.0,114602.0,1194301.0,820.82,1979.17,950.35,1082.45418
2022-12-15 16:00:00,272.583652,1264.91467,3796.68,1181.4,219192.3,3036322.0,2360.7,49.0,2909.74,583.01283
2022-12-15 20:00:00,170.678956,255.90043,1856.88,877.5,70421.2,1416993.0,2340.16,101.68,1360.83,413.01577
2022-12-16 00:00:00,214.630761,325.65611,1415.62,815.5,36866.0,907540.0,651.32,89.2,241.45,396.47709
2022-12-16 04:00:00,121.369322,241.32443,636.8,164.1,128955.4,404219.0,294.0,975.54,523.53,230.51924
2022-12-16 08:00:00,941.403542,1813.44097,3440.18,1507.0,548883.9,3741864.0,1333.88,2586.57,8338.05,3176.4684
2022-12-16 12:00:00,534.513173,815.44441,6707.53,653.1,151056.6,1435056.0,1303.23,1077.0,1371.51,528.81499
2022-12-16 16:00:00,579.65695,650.82491,9330.81,777.7,171950.6,2482449.0,1038.9,446.03,4635.51,540.46881
2022-12-16 20:00:00,553.568433,1327.91285,12198.93,1928.2,929977.7,6715517.0,2326.26,14070.31,27062.35,1140.41536
2022-12-17 00:00:00,318.000388,609.7399,6195.45,1347.0,301660.1,1263009.0,1590.71,1609.02,897.98,1053.24254
2022-12-17 04:00:00,229.092068,504.53732,1597.17,624.8,226191.3,1702837.0,744.09,331.06,12774.5,3223.8366
2022-12-17 08:00:00,150.877747,425.51816,885.17,595.2,90636.9,701554.0,322.1,351.43,671.54,949.37004
2022-12-17 12:00:00,175.159922,391.61387,1471.69,284.7,295471.1,768844.0,242.29,238.17,5683.49,643.20323
2022-12-17 16:00:00,108.231881,423.07289,1366.48,448.4,397156.5,905807.0,428.54,283.14,989.82,536.57016
2022-12-17 20:00:00,93.130446,111.16428,1003.38,383.3,230490.9,5856020.0,410.83,324.31,797.04,350.46313
2022-12-18 00:00:00,70.733736,144.29731,3252.08,1194.6,243162.6,711079.0,273.46,255.03,328.96,243.62422
2022-12-18 04:00:00,125.871355,144.37987,909.06,1547.3,57358.0,1088039.0,1047.81,199.71,2819.29,530.64821
2022-12-18 08:00:00,69.691359,92.33752,1173.44,196.0,208176.5,358411.0,109.59,14.63,662.55,412.4455
2022-12-18 12:00:00,67.85257,67.88894,232.49,158.5,22235.9,161102.0,335.13,156.63,115.98,170.42959
2022-12-18 16:00:00,174.377316,158.54633,570.65,515.4,42742.7,864262.0,248.0,116.65,760.66,198.57718
2022-12-18 20:00:00,167.94837,346.26791,729.38,363.1,59608.1,1584298.0,555.67,116.65,114.91,179.86271
2022-12-19 00:00:00,250.357873,384.04924,3583.81,240.3,54310.1,1128314.0,790.45,686.73,3851.98,1007.52329
2022-12-19 04:00:00,117.440187,187.20584,496.71,180.7,31482.4,783192.0,338.43,153.91,2040.89,390.30374
2022-12-19 08:00:00,114.404446,179.34127,291.21,83.1,10108.0,832271.0,702.54,257.72,1714.81,254.06369
2022-12-19 12:00:00,244.012429,437.46004,966.62,281.1,37816.2,871012.0,395.36,223.89,2393.08,127.80003
2022-12-19 16:00:00,351.495273,607.82818,7215.96,225.8,375502.8,3378370.0,1323.39,1986.54,3229.29,496.02433
2022-12-19 20:00:00,401.696236,1226.42802,6153.58,369.7,140232.7,2693596.0,1829.6,565.95,4359.53,1625.48553
2022-12-20 00:00:00,631.545334,972.98685,2496.95,664.9,86184.7,2372241.0,2373.34,849.4,2113.92,1903.72154
2022-12-20 04:00:00,418.86473,761.65548,710.93,138.7,90794.7,2558876.0,909.69,1856.6,11475.95,505.06169
2022-12-20 08:00:00,206.892388,1097.89608,371.08,43.4,136290.5,343555.0,284.44,103.16,3702.71,559.85435
2022-12-20 12:00:00,453.988009,721.83049,1002.87,253.7,126300.3,1150641.0,1068.62,1291.44,2773.64,789.46126
2022-12-20 16:00:00,352.852311,552.8206,1175.87,163.2,29340.7,432146.0,1436.03,2555.18,1125.49,2101.26212
2022-12-20 20:00:00,167.367951,195.89281,930.63,123.5,80612.0,1187234.0,527.24,564.13,442.72,241.04057
2022-12-21 00:00:00,217.061132,394.40465,1087.3,579.1,86233.1,1113238.0,461.05,473.47,835.41,1188.10365
2022-12-21 04:00:00,97.547268,358.76275,670.39,134.6,201056.0,1685324.0,273.14,196.83,348.34,449.19633
2022-12-21 08:00:00,73.566839,625.64726,633.58,356.4,48722.0,757833.0,433.55,491.1,85.12,467.49027
2022-12-21 12:00:00,283.29335,506.55006,798.8,199.4,22895.2,871526.0,215.37,596.08,607.66,401.39169
2022-12-21 16:00:00,108.941147,263.98539,607.87,108.2,69348.2,593163.0,157.5,644.03,495.46,539.7896
2022-12-21 20:00:00,88.443346,345.84838,1968.77,89.1,36849.6,932738.0,256.71,107.29,897.87,158.474
2022-12-22 00:00:00,71.012458,521.39921,570.11,197.2,53908.7,850018.0,340.65,266.56,206.17,73.13992
2022-12-22 04:00:00,116.626324,422.1764,1228.04,79.4,123792.9,671845.0,31.08,512.44,149.0,330.81991
2022-12-22 08:00:00,143.613007,1340.56376,830.33,34.1,5347.9,2291435.0,217.19,596.7,1756.18,282.81981
2022-12-22 12:00:00,433.820929,1538.64394,8270.0,130.9,166658.9,4122424.0,509.1,795.25,1382.92,269.39014
2022-12-22 16:00:00,247.845326,777.50176,3903.53,249.4,120309.1,2226062.0,845.8,1321.41,1494.67,213.59843
2022-12-22 20:00:00,285.191892,1190.96533,4240.8,144.6,59992.8,2459538.0,189.21,1159.92,816.04,708.12721
2022-12-23 00:00:00,155.449093,525.18439,5588.84,225.7,97679.2,4208085.0,286.58,942.03,223.65,199.21228
2022-12-23 04:00:00,67.727999,467.41583,5456.43,122.7,51592.3,2878712.0,193.11,5288.46,263.84,101.69175
2022-12-23 08:00:00,92.485499,1092.53005,1325.85,33.4,15265.3,666818.0,258.17,196.48,45.37,135.36285
2022-12-23 12:00:00,516.185817,2072.95635,2606.29,213.1,58257.1,3235140.0,1263.59,243.12,640.45,383.59588
2022-12-23 16:00:00,60.628425,263.12826,954.64,99.3,21994.1,631567.0,585.76,492.7,27.35,97.26756
2022-12-23 20:00:00,87.803163,297.17813,1654.92,76.3,32048.3,1243992.0,2685.94,15.75,196.31,148.46827
2022-12-24 00:00:00,36.516501,299.02996,435.89,85.3,13917.1,714237.0,113.19,498.46,12.63,67.58931
2022-12-24 04:00:00,67.112204,274.01114,20870.39,57.1,13399.0,1155646.0,618.12,1412.76,49.92,396.68667
2022-12-24 08:00:00,37.176503,239.96769,3355.24,81.9,105438.8,500001.0,6.35,3408.59,25.47,58.26231
2022-12-24 12:00:00,20.878962,220.45346,1582.62,61.7,16811.1,548628.0,118.4,324.87,245.16,33.5763
2022-12-24 16:00:00,45.06553,654.79827,3140.53,69.2,10089.7,1352313.0,165.76,782.91,128.27,101.26669
2022-12-24 20:00:00,53.069186,855.27276,1918.92,45.0,35512.8,532325.0,140.73,3.63,288.66,167.19962
2022-12-25 00:00:00,25.600273,233.67656,1620.47,36.5,27888.5,493227.0,573.52,120.64,148.13,141.76545
2022-12-25 04:00:00,54.24839,347.73218,1776.04,73.4,7961.3,577610.0,9.31,479.02,82.59,105.67871
2022-12-25 08:00:00,25.826336,179.23489,754.81,13.5,23049.9,875740.0,87.95,19.21,155.4,25.98313
2022-12-25 12:00:00,140.111976,1219.62399,4426.83,99.7,68387.4,3674438.0,446.46,522.73,901.16,230.50901
2022-12-25 16:00:00,96.186448,860.04273,785.24,64.2,41990.4,3720318.0,373.57,288.49,269.04,608.70689
2022-12-25 20:00:00,101.687738,1214.76643,1502.77,63.9,17852.1,1191351.0,90.89,134.92,687.33,2023.59464
2022-12-26 00:00:00,95.360905,372.71546,3665.32,124.5,199226.3,1038168.0,859.88,221.59,255.08,540.02276
2022-12-26 04:00:00,57.650753,239.96892,2582.01,30.0,143786.3,519725.0,347.66,713.73,184.31,206.14974
2022-12-26 08:00:00,62.810808,789.13051,618.69,50.3,24602.1,632483.0,113.16,265.65,23.52,2930.23184
2022-12-26 12:00:00,60.644403,610.52134,13902.47,70.5,48850.2,767114.0,295.73,34.58,117.75,521.43863
2022-12-26 16:00:00,57.094551,445.18723,8878.38,58.1,50018.1,640030.0,295.75,739.29,196.53,225.29488
2022-12-26 20:00:00,145.869824,843.05737,4163.64,63.6,151688.0,2277970.0,385.07,147.02,156.51,1600.14514
2022-12-27 00:00:00,220.972839,1119.25869,2650.97,91.2,35817.0,1005152.0,184.72,1323.03,340.64,252.68599
2022-12-27 04:00:00,63.89215,347.90198,5183.77,81.8,21688.4,344013.0,190.21,277.87,366.39,398.40199
2022-12-27 08:00:00,110.921984,759.14719,2563.06,51.2,33406.9,782580.0,326.96,230.07,68.29,291.08443
2022-12-27 12:00:00,222.15474,1857.89387,10327.19,343.8,141375.0,952300.0,360.87,532.47,1133.03,299.88502
2022-12-27 16:00:00,257.095332,885.22187,8228.49,272.2,53772.2,6449667.0,386.86,550.05,1023.08,1160.80031
2022-12-27 20:00:00,107.353349,365.7571,3315.57,534.9,39267.4,1369063.0,812.48,228.11,81.8,169.52071
2022-12-28 00:00:00,322.369551,1442.28352,3336.43,301.1,97413.4,4299465.0,2695.49,797.46,4568.58,551.32298
2022-12-28 04:00:00,222.21759,738.39373,35837.87,187.9,138447.1,3834796.0,491.32,4904.22,8695.23,2210.81249
2022-12-28 08:00:00,118.238224,586.5593,8843.36,1115.8,139477.4,1026521.0,347.37,23.16,2834.96,301.64127
2022-12-28 12:00:00,391.929094,1939.02873,18565.9,132.1,35687.4,2820320.0,691.86,78.57,1037.78,219.16915
2022-12-28 16:00:00,138.913476,749.72026,6587.34,65.5,18624.1,1222320.0,34.13,580.98,287.82,388.81664
2022-12-28 20:00:00,297.428594,1124.6339,12533.01,355.1,182729.9,1379411.0,364.34,2142.1,2827.28,294.49474
2022-12-29 00:00:00,139.650581,1064.10178,7342.08,207.0,302825.3,2867295.0,2074.24,879.8,1398.79,689.66204
2022-12-29 04:00:00,83.745786,560.81339,2985.5,114.7,25682.7,964508.0,16.26,15.39,446.03,2024.37056
2022-12-29 08:00:00,165.895666,654.76707,9820.62,165.0,68033.2,955731.0,34.0,459.54,241.33,352.60598
2022-12-29 12:00:00,171.54252,910.62292,5687.99,398.6,51397.4,1417072.0,263.43,53.36,121.83,374.0487
2022-12-29 16:00:00,76.596968,422.3001,24833.64,312.2,170931.9,987037.0,3062.41,6731.5,5181.92,618.94013
2022-12-29 20:00:00,111.328169,678.74256,99805.49,505.4,87685.2,2295367.0,3169.43,848.22,1179.04,244.83834
2022-12-30 00:00:00,99.734203,560.02793,52675.35,291.0,15821.1,2417308.0,593.33,170.34,257.55,182.4963
2022-12-30 04:00:00,195.859736,578.54564,20284.97,46.1,47457.6,4036442.0,225.54,2881.02,4633.64,484.3968
2022-12-30 08:00:00,90.583388,357.83937,3839.03,25.9,17359.0,1802571.0,264.49,0.0,17.45,108.85654
2022-12-30 12:00:00,334.117092,1196.57105,20312.32,240.5,96167.2,2734801.0,726.1,660.32,2254.48,148.42133
2022-12-30 16:00:00,176.768911,595.99901,11995.92,81.7,1727060.3,2110912.0,330.67,383.01,3393.43,224.04466
2022-12-30 20:00:00,183.759566,462.31298,14103.65,221.0,47938.4,1150939.0,537.9,455.59,450.46,162.85927
2022-12-31 00:00:00,60.186987,372.40571,9524.63,89.2,19892.8,740659.0,428.78,865.88,2134.98,45.5768
2022-12-31 04:00:00,67.612991,430.41783,2949.55,484.0,12939.1,1510113.0,527.82,125.83,3521.32,87.93215
2022-12-31 08:00:00,54.690468,461.37147,4049.77,152.5,30731.7,2096694.0,279.07,809.11,17117.11,70.96492
2022-12-31 12:00:00,94.681369,1316.13919,6023.05,573.2,149750.9,3922580.0,352.94,14.3,2293.85,1122.10409
2022-12-31 16:00:00,116.457155,366.29959,5091.76,296.1,70696.8,1521013.0,158.94,1431.78,318.52,178.70714
2022-12-31 20:00:00,169.990353,534.94195,5019.61,194.4,317313.5,824153.0,527.98,593.85,226.06,123.55234
2023-01-01 00:00:00,50.458542,470.72106,5490.49,304.4,93369.0,1235725.0,841.25,260.36,1186.57,252.27221
2023-01-01 04:00:00,48.19607,483.06359,3302.45,99.1,16545.8,964864.0,178.14,427.81,363.81,119.79855
2023-01-01 08:00:00,50.841412,235.93424,1157.83,49.1,4304.6,1076984.0,100.54,39.29,79.06,219.19804
2023-01-01 12:00:00,37.164013,294.07076,1195.89,24.7,14915.4,428070.0,120.37,11.03,9.46,140.73352
2023-01-01 16:00:00,65.519815,466.17507,1822.49,245.7,16374.0,1783926.0,448.15,504.92,48.82,497.44411
2023-01-01 20:00:00,56.876199,271.13404,2262.2,54.9,29321.8,563705.0,575.12,107.39,5724.67,312.90887
2023-01-02 00:00:00,100.861929,495.91834,5047.1,182.0,80266.8,1382801.0,799.87,887.71,994.16,352.36018
2023-01-02 04:00:00,186.600952,577.27753,20504.13,208.8,223520.9,4474527.0,5950.93,765.8,979.85,1748.12572
2023-01-02 08:00:00,110.517233,863.22269,11836.22,213.4,25303.2,2694286.0,615.2,668.32,919.8,1171.42187
2023-01-02 12:00:00,97.110417,698.94177,6095.01,883.3,30160.8,2880745.0,313.37,34.49,81.9,634.9202
2023-01-02 16:00:00,55.595482,370.88694,3312.0,131.8,22795.9,1038775.0,2459.44,1693.41,527.24,460.6792
2023-01-02 20:00:00,162.44536,631.51469,11591.13,99.7,83075.5,1553743.0,2275.26,81.21,570.82,376.15447
2023-01-03 00:00:00,90.308007,381.51245,7422.71,38.7,48172.2,1473864.0,4533.06,843.67,329.32,518.51682
2023-01-03 04:00:00,84.515098,478.44841,27593.58,79.8,21122.0,1747115.0,212.83,322.84,1670.87,579.59843
2023-01-03 08:00:00,58.120905,338.8105,7281.81,84.2,16655.8,1079172.0,327.67,209.97,1478.9,530.44642
2023-01-03 12:00:00,268.294619,850.70416,33175.65,48.0,107745.4,2200476.0,3149.32,282.0,1421.58,468.25865
2023-01-03 16:00:00,160.686037,716.53917,41173.16,110.6,73548.4,2111540.0,1038.03,171.01,1124.92,639.23292
2023-01-03 20:00:00,82.021092,488.9559,10741.15,64.4,35284.1,1038810.0,235.62,1590.24,1013.96,266.47066
2023-01-04 00:00:00,270.121851,1354.4765,25135.87,575.5,294677.0,6516819.0,2933.51,1715.7,1516.22,941.48754
2023-01-04 04:00:00,161.07953,1245.07312,17351.29,180.9,42702.8,1717122.0,4707.97,71.14,1284.05,946.7867
2023-01-04 08:00:00,111.02211,843.09363,7300.62,57.6,91027.1,1235702.0,669.35,730.84,159.28,344.40301
2023-01-04 12:00:00,316.868525,1509.58732,8848.83,61.3,50722.2,1208189.0,2352.52,3.57,2053.43,181.70727
2023-01-04 16:00:00,494.311841,2131.72147,10294.54,866.3,270670.5,3224768.0,2756.41,1825.99,303.31,707.26465
2023-01-04 20:00:00,157.927964,719.0509,13239.99,166.5,223919.5,1233523.0,848.51,177.53,206.51,181.55033
2023-01-05 00:00:00,104.874456,862.81031,6837.99,106.5,73468.6,3909223.0,475.66,835.83,404.74,386.70375
2023-01-05 04:00:00,53.68656,684.78677,6163.81,61.6,110553.2,3693249.0,517.5,364.52,21.57,324.89146
2023-01-05 08:00:00,70.320329,448.22779,8815.83,75.7,61045.3,2803757.0,512.96,579.8,968.0,206.72619
2023-01-05 12:00:00,283.467278,1475.17765,9036.36,123.1,32935.4,3160731.0,440.99,30.25,272.37,595.70124
2023-01-05 16:00:00,117.039307,509.01649,4234.88,99.2,41234.6,945895.0,145.83,30.77,1133.02,424.50026
2023-01-05 20:00:00,92.702921,577.437,19422.36,134.3,61204.2,1861569.0,730.92,1957.82,3409.83,237.03229
2023-01-06 00:00:00,111.407415,573.17539,18728.53,267.2,758916.4,1366178.0,679.22,526.59,369.32,596.87961
2023-01-06 04:00:00,94.78343,558.82403,10511.94,100.0,274051.2,1626391.0,597.95,352.02,1855.9,1788.67772
2023-01-06 08:00:00,147.620528,700.23285,12070.98,104.4,139609.5,1896116.0,2149.76,99.75,11.05,519.07571
2023-01-06 12:00:00,388.275341,2220.78786,25032.26,295.8,185247.5,2577309.0,1604.55,328.99,2881.95,593.03803
2023-01-06 16:00:00,230.410412,2424.95777,13767.59,111.1,84905.9,2434138.0,411.19,2983.77,2375.34,628.22952
2023-01-06 20:00:00,254.871087,2315.56824,10744.0,65.3,346135.0,1298887.0,624.14,317.0,2242.11,280.66877
2023-01-07 00:00:00,58.168934,345.87274,9255.11,333.5,69342.7,1236410.0,580.06,335.64,2038.32,299.65704
2023-01-07 04:00:00,49.443628,270.06411,7658.63,42.4,32586.4,1006957.0,278.02,197.84,392.94,202.76605
2023-01-07 08:00:00,36.87235,333.43213,5632.08,57.6,112933.1,1045179.0,174.37,306.85,3.77,197.30544
2023-01-07 12:00:00,46.341131,628.46087,4566.01,143.6,48119.4,810852.0,697.61,133.69,340.9,164.20272
2023-01-07 16:00:00,28.643997,220.61111,2813.21,64.1,105139.1,910465.0,265.26,359.84,1025.36,329.25892
2023-01-07 20:00:00,48.903666,545.24735,4329.28,64.4,29240.7,626947.0,125.34,109.5,4379.1,257.42935
2023-01-08 00:00:00,58.165346,712.35238,20815.5,146.6,55953.0,1527804.0,949.65,1501.4,474.28,284.49887
2023-01-08 04:00:00,23.307245,268.13265,8390.2,72.3,30037.9,743569.0,94.55,217.86,1351.31,122.51578
2023-01-08 08:00:00,49.740834,319.60182,16242.07,38.9,698791.5,476277.0,471.33,471.31,1176.42,618.04371
2023-01-08 12:00:00,74.398906,498.72055,16320.26,293.5,262164.5,1245063.0,343.29,378.18,94.89,631.09788
2023-01-08 16:00:00,119.111798,862.80775,18930.05,399.1,288277.5,1764456.0,424.63,494.3,173.29,458.00901
2023-01-08 20:00:00,262.790933,1598.90931,29927.32,761.3,323646.5,3450573.0,603.97,680.2,3078.99,848.11317
2023-01-09 00:00:00,536.301681,5968.63969,134086.5,543.0,3038820.0,6665073.0,2741.72,736.23,9414.85,2447.80562
2023-01-09 04:00:00,137.401459,1616.59143,36053.27,70.4,376644.7,2511845.0,420.48,999.75,1601.4,996.94632
2023-01-09 08:00:00,172.601031,2142.59882,43413.74,80.5,191258.0,5627810.0,481.57,1854.63,766.82,667.84175
2023-01-09 12:00:00,260.211115,2828.73801,86611.7,379.9,304118.7,11124877.0,245.44,2921.75,5099.4,565.06158
2023-01-09 16:00:00,280.872001,2063.20706,61619.58,265.7,508756.3,7917183.0,1367.43,1675.72,1390.18,574.56183
2023-01-09 20:00:00,333.931471,3015.69794,47697.83,222.2,639288.1,4839464.0,1344.53,2716.53,6536.84,652.37634
2023-01-10 00:00:00,176.848635,1701.09917,31668.52,149.9,479150.4,5568525.0,936.93,817.09,554.51,283.59795
2023-01-10 04:00:00,83.068507,1073.40751,28785.33,68.4,73036.4,2769583.0,505.82,65.21,129.32,191.7003
2023-01-10 08:00:00,118.230319,1296.93334,15112.06,50.6,72963.5,6067618.0,1047.9,195.65,406.41,98.42687
2023-01-10 12:00:00,356.08175,2508.33387,17915.55,104.5,131349.2,3284299.0,1511.55,1830.97,496.78,163.60217
2023-01-10 16:00:00,284.121169,1899.59702,10698.87,142.6,607304.5,1992922.0,2171.56,259.34,4526.26,113.10399
2023-01-10 20:00:00,195.12158,1568.89938,17626.01,135.0,44246.4,1529518.0,444.34,1229.67,5220.16,139.01673
2023-01-11 00:00:00,228.173913,1579.75304,22715.94,268.6,243475.9,3220836.0,2365.89,657.09,1061.34,67.97097
2023-01-11 04:00:00,137.932704,955.2697,15581.49,36.8,331973.7,1052178.0,482.96,1735.27,341.0,686.54467
2023-01-11 08:00:00,89.603176,713.41164,9331.12,25.3,18610.5,644664.0,103.93,8.17,102.63,229.89152
2023-01-11 12:00:00,210.621753,1578.32192,35316.19,61.4,82948.8,2613591.0,566.13,868.94,519.96,307.67997
2023-01-11 16:00:00,335.194977,2039.90454,20430.06,437.6,48960.1,2217723.0,42339.5,1170.37,5082.03,382.21826
2023-01-11 20:00:00,646.595956,2663.08442,19905.1,387.5,383277.3,3580173.0,21898.65,3080.28,11951.37,906.5501
2023-01-12 00:00:00,1180.170132,3650.16031,31567.15,413.4,1087890.2,7811736.0,10499.41,1072.35,5762.23,1831.49188
2023-01-12 04:00:00,309.253753,1334.75395,15647.4,113.9,175649.5,2715879.0,6664.61,291.02,1854.34,283.44477
2023-01-12 08:00:00,326.492606,1588.73689,12483.18,67.4,208477.5,2156813.0,1935.66,199.65,328.33,109.97721
2023-01-12 12:00:00,2013.789216,6530.98129,50138.43,614.3,1513445.9,9550515.0,12093.96,2932.19,9258.42,1127.9243
2023-01-12 16:00:00,2278.223882,4969.76621,34014.54,242.7,462153.0,5541620.0,6686.61,2201.77,1889.95,437.21536
2023-01-12 20:00:00,806.722447,2393.35887,24228.72,139.0,287628.6,4087833.0,3193.75,1152.02,598.87,449.31918
2023-01-13 00:00:00,336.77332,2092.1044,18644.0,339.8,389459.2,2578067.0,1812.13,709.02,716.27,490.58269
2023-01-13 04:00:00,179.200755,868.64958,30194.41,102.7,126195.9,2063398.0,2139.3,203.47,166.47,154.5479
2023-01-13 08:00:00,569.605721,1642.63848,14943.69,18.0,270130.7,3155758.0,5640.48,455.58,525.19,46.18249
2023-01-13 12:00:00,1265.012318,1991.53269,15617.58,129.2,204711.4,3425635.0,3132.07,313.52,615.57,246.73327
2023-01-13 16:00:00,1208.385167,2156.5807,20327.18,105.5,291883.4,3995993.0,6599.17,879.87,1114.31,164.0082
2023-01-13 20:00:00,1452.246296,2829.97966,56660.44,270.3,992989.0,9440024.0,14689.79,3190.14,10220.41,736.74903
2023-01-14 00:00:00,2885.379487,8629.90976,121634.17,1543.6,2407621.6,22666245.0,19534.67,8363.64,11922.46,2228.00694
2023-01-14 04:00:00,701.498676,2882.81863,52885.09,1281.4,1097764.9,7066964.0,15802.9,30484.18,5194.08,419.71615
2023-01-14 08:00:00,1907.324225,4651.02276,46085.67,1397.0,2252109.4,16539406.0,40618.96,17312.07,13994.28,2119.3469
2023-01-14 12:00:00,1722.08394,4366.92265,48752.02,431.5,1026335.3,8275434.0,9453.65,5785.25,10769.36,342.28781
2023-01-14 16:00:00,879.27655,2666.30202,30495.1,99.2,673050.4,4643960.0,4825.59,2918.74,694.16,357.31091
2023-01-14 20:00:00,525.379,2494.16447,28748.78,122.9,326692.1,2534515.0,2978.48,4312.78,1324.42,98.44893
2023-01-15 00:00:00,874.814036,3674.54774,77406.69,306.3,432395.6,6716692.0,8657.9,4470.29,2385.24,479.29554
2023-01-15 04:00:00,286.190653,982.38665,21184.86,96.4,71279.5,1574485.0,2948.23,191.03,500.8,81.06763
2023-01-15 08:00:00,367.930311,1452.14956,27833.54,118.0,148253.4,2569418.0,3178.11,775.41,835.87,113.46093
2023-01-15 12:00:00,225.446422,1822.21644,23790.13,309.9,182352.5,2763771.0,3746.98,2122.84,1491.37,326.55516
2023-01-15 16:00:00,356.436784,3480.78849,20210.89,544.4,263038.5,5613064.0,4771.96,1341.89,1348.43,107.53432
2023-01-15 20:00:00,134.490183,1322.84407,10135.47,90.7,91853.6,5473840.0,1525.84,706.91,2004.06,60.16515
2023-01-16 00:00:00,660.203331,3616.07666,35085.54,324.0,306751.0,5916286.0,3878.18,2495.78,4712.41,198.53507
2023-01-16 04:00:00,409.918327,2244.08443,32415.59,244.2,206826.3,1714856.0,3118.59,1140.58,2323.71,224.26428
2023-01-16 08:00:00,495.069724,2268.37056,16125.44,384.5,313319.5,5072806.0,8255.47,5875.46,9124.13,794.42765
2023-01-16 12:00:00,378.464107,2591.1963,10086.16,513.1,517942.0,5535434.0,4003.06,2744.92,2962.14,279.0034
2023-01-16 16:00:00,555.750194,3286.66341,32429.93,190.4,469524.1,3446393.0,1566.71,2121.14,3810.16,182.66121
2023-01-16 20:00:00,401.024498,2544.59924,7487.48,133.4,160834.3,2897505.0,1177.14,802.87,4120.37,213.38085
2023-01-17 00:00:00,375.226291,2827.22908,14552.98,260.3,328209.6,2672293.0,9243.43,1458.95,1015.19,623.47244
2023-01-17 04:00:00,184.619634,1720.02925,12876.32,101.6,97177.2,1048854.0,1431.27,3963.81,956.8,121.28354
2023-01-17 08:00:00,223.94276,1408.48062,5979.69,101.3,112319.2,654425.0,800.39,247.81,357.63,641.46267
2023-01-17 12:00:00,654.854495,3666.56432,11174.01,370.8,197268.3,3289966.0,11403.23,3931.15,2381.11,339.70277
2023-01-17 16:00:00,397.082932,2562.87883,5291.18,97.6,61858.1,1264311.0,3520.49,3631.51,1893.07,1031.37755
2023-01-17 20:00:00,249.495049,2087.74861,8144.54,159.3,206097.4,1494540.0,3451.19,1123.58,10320.79,179.69558
2023-01-18 00:00:00,193.708372,2401.01957,14337.29,485.6,296779.4,9227679.0,2157.13,893.88,3934.35,254.85911
2023-01-18 04:00:00,81.002591,1391.64609,5260.44,62.8,315973.5,3314857.0,577.61,824.57,1151.21,66.25569
2023-01-18 08:00:00,100.588449,1707.91625,6964.08,134.0,279392.1,1965199.0,1439.68,3587.87,1972.97,192.23666
2023-01-18 12:00:00,400.555992,3663.19863,30119.4,786.9,628286.1,8370907.0,4642.6,9612.75,8898.21,390.44752
2023-01-18 16:00:00,706.85509,4131.52531,59437.01,2879.4,1695273.3,14876328.0,29946.84,14264.69,13488.08,1144.81721
2023-01-18 20:00:00,262.653735,2472.63196,40655.05,429.1,1117470.1,3273828.0,4456.29,7080.13,4127.27,2645.26927
2023-01-19 00:00:00,144.852663,2214.9515,16761.96,135.6,246209.6,1576102.0,1148.28,762.88,375.37,408.75411
2023-01-19 04:00:00,65.128907,1184.676,11229.18,69.4,103922.6,506610.0,1322.93,478.37,258.84,49.60767
2023-01-19 08:00:00,81.877671,1402.36599,11354.29,103.7,117121.9,711859.0,2859.76,253.22,371.71,100.28255
2023-01-19 12:00:00,176.216105,3169.93306,24520.75,158.7,904035.7,1424204.0,2639.76,1773.76,3059.39,477.78266
2023-01-19 16:00:00,192.239875,2834.91156,28877.23,82.3,328133.6,1533622.0,1514.74,128.36,3038.6,207.06323
2023-01-19 20:00:00,103.761212,1502.02645,14439.03,84.6,272279.6,1193498.0,626.52,460.53,2263.75,61.3644
2023-01-20 00:00:00,159.885396,1843.37087,13204.42,128.9,227751.4,1197556.0,727.32,790.93,294.73,181.63632
2023-01-20 04:00:00,194.149461,1513.57726,10789.26,273.6,139586.2,652969.0,452.54,246.27,811.84,145.50112
2023-01-20 08:00:00,118.104713,1318.62914,7526.92,76.6,64201.6,429048.0,426.96,1868.3,256.81,297.02104
2023-01-20 12:00:00,360.550031,2145.05951,7722.59,211.4,297345.9,1066140.0,3448.75,680.95,2394.21,266.8152
2023-01-20 16:00:00,600.331755,3587.67516,33395.92,239.9,1684257.2,2438006.0,3641.73,1614.21,18702.54,479.88702
2023-01-20 20:00:00,1181.450073,3204.12827,69935.05,1218.9,1514914.2,8751168.0,13728.2,4868.26,6663.93,823.4192
2023-01-21 00:00:00,486.899436,2625.11392,43718.77,2179.9,965781.2,2654458.0,5138.58,5123.18,4632.32,300.18293
2023-01-21 04:00:00,194.377607,1586.23074,10018.57,128.8,153418.0,2467159.0,361.12,287.96,3091.87,252.04554
2023-01-21 08:00:00,957.828811,3363.75041,24692.25,1123.0,748142.5,9547866.0,13850.22,8743.46,10808.14,792.36935
2023-01-21 12:00:00,1132.452,3003.36738,19343.44,330.6,1037367.7,5839774.0,5020.08,614.68,8914.01,188.33407
2023-01-21 16:00:00,1013.48439,2845.02377,15023.15,227.9,753813.9,3601359.0,4636.3,5031.02,2393.74,458.24363
2023-01-21 20:00:00,686.369886,2339.85035,13761.27,374.7,687360.5,4314104.0,4974.84,3748.75,4525.83,214.69435
2023-01-22 00:00:00,729.667138,3201.32381,18106.41,255.6,387183.0,2216894.0,1185.73,1692.52,2939.48,205.1928
2023-01-22 04:00:00,342.916654,1724.29784,13956.08,168.6,353458.3,1264017.0,873.36,630.95,503.65,120.53049
2023-01-22 08:00:00,402.855019,2143.50206,8542.43,50.5,1061069.8,986393.0,3516.88,1681.47,168.28,229.02035
2023-01-22 12:00:00,659.467746,2920.75063,12308.49,356.7,505303.8,3987220.0,11051.0,3117.54,11323.53,932.13862
2023-01-22 16:00:00,548.807069,3263.54711,14176.59,801.3,771466.5,14542285.0,7080.76,2731.12,3838.47,189.12487
2023-01-22 20:00:00,813.72975,3025.67922,25582.05,563.9,818710.2,7478364.0,16416.36,2284.19,9980.36,665.90699
2023-01-23 00:00:00,313.641718,1983.71983,14431.02,358.5,1122525.0,4346196.0,3151.35,3393.58,7279.92,19.38251
2023-01-23 04:00:00,208.960448,1473.99483,8443.44,130.2,359072.1,2966166.0,3580.14,2395.96,1063.75,64.99103
2023-01-23 08:00:00,336.772364,1700.94223,11999.97,159.7,505097.4,2488355.0,2744.89,970.73,498.64,649.50908
2023-01-23 12:00:00,784.849342,3683.88195,21481.17,713.3,698962.3,6580995.0,8017.02,13056.06,9616.93,1195.24324
2023-01-23 16:00:00,717.969671,3334.82754,21864.51,288.0,391189.8,3813392.0,3484.49,4076.02,804.7,367.00561
2023-01-23 20:00:00,278.804318,1571.34235,22828.72,280.8,597071.6,3089439.0,1818.96,6654.35,813.17,80.4666
2023-01-24 00:00:00,363.722964,2437.19156,22033.93,1557.1,552561.3,3628221.0,16725.56,1734.36,5757.66,248.07349
2023-01-24 04:00:00,233.677773,981.21419,10838.84,374.2,142474.9,1523663.0,718.12,5593.62,744.39,275.73278
2023-01-24 08:00:00,414.311315,1958.26477,9465.92,265.8,149651.1,2407019.0,1446.57,1612.05,1756.56,128.10506
2023-01-24 12:00:00,520.894993,2805.47374,15333.4,456.0,191037.0,2394906.0,3093.12,2457.21,3993.38,111.31839
2023-01-24 16:00:00,249.400349,2158.08079,12732.08,571.6,516992.4,1573374.0,2590.01,1198.15,1240.23,189.71174
2023-01-24 20:00:00,361.900967,3084.23752,41921.3,1957.9,914698.1,6797416.0,5895.37,5760.02,11943.76,263.61981
2023-01-25 00:00:00,331.489624,3124.7138,21249.2,792.1,882405.8,5815885.0,5761.61,2659.92,5707.83,282.15142
2023-01-25 04:00:00,151.80802,1324.92426,7241.61,209.4,313908.3,1132563.0,565.92,543.97,1078.09,112.11838
2023-01-25 08:00:00,197.781989,1432.29957,6361.06,132.9,249002.0,1748051.0,888.04,501.44,4983.58,35.52786
2023-01-25 12:00:00,427.684346,3387.84082,42680.83,453.8,321140.2,3320050.0,4338.48,2341.36,3517.24,494.68976
2023-01-25 16:00:00,269.260285,2626.33534,10423.47,111.6,179076.1,2925655.0,1211.27,752.76,2045.46,109.2648
2023-01-25 20:00:00,818.985234,3940.34791,73046.3,1135.8,1521246.6,8522266.0,6936.92,13088.07,14624.25,1681.73459
2023-01-26 00:00:00,254.601357,1551.40191,20494.63,343.5,1275116.2,1085996.0,982.04,1183.5,1111.31,120.41124
2023-01-26 04:00:00,163.008058,1331.20541,11610.38,177.6,281896.2,2314898.0,3333.68,3618.4,2545.67,34.75317
2023-01-26 08:00:00,120.125464,765.89294,4541.06,113.5,71611.1,697322.0,1402.62,370.84,536.16,92.53568
2023-01-26 12:00:00,306.910478,1782.11833,15151.96,578.3,458400.5,3559485.0,13699.78,5397.92,6381.83,557.73406
2023-01-26 16:00:00,194.34341,1172.11935,8684.72,345.8,423766.3,796712.0,3770.98,2249.05,2930.87,238.53892
2023-01-26 20:00:00,154.352732,1262.25209,3773.21,265.6,397734.7,1021068.0,2143.59,859.88,4633.11,206.51274
2023-01-27 00:00:00,333.713477,2634.3104,12732.24,473.7,489633.2,2151598.0,8508.6,2368.45,7178.99,556.89162
2023-01-27 04:00:00,176.850265,1729.25451,3409.41,588.0,150666.5,701150.0,1070.27,372.02,4359.57,133.81047
2023-01-27 08:00:00,139.774977,907.60484,3900.62,56.0,145737.8,510418.0,1309.86,393.6,3399.11,107.52846
2023-01-27 12:00:00,322.943551,2554.96335,12315.29,243.9,463580.6,2434098.0,1767.87,2802.23,3643.4,1168.26809
2023-01-27 16:00:00,303.133686,2405.30856,6368.16,74.5,550919.2,1648634.0,9111.05,3729.62,5967.54,114.1561
2023-01-27 20:00:00,349.989118,1906.26362,19533.08,244.6,407445.6,2733531.0,51540.42,25493.84,5670.57,263.82005
2023-01-28 00:00:00,107.548011,916.35579,15216.36,210.4,1305517.2,833569.0,24751.45,1333.19,5206.36,327.59678
2023-01-28 04:00:00,84.463513,828.16457,6843.03,340.7,345437.0,6071314.0,4447.47,860.33,2201.32,168.14893
2023-01-28 08:00:00,74.74366,780.66302,150.88,97.4,67403.5,926687.0,2877.68,442.71,441.21,64.41498
2023-01-28 12:00:00,82.423175,1593.40394,2196.92,121.6,216788.6,2385956.0,12802.4,2218.32,4430.03,348.01396
2023-01-28 16:00:00,37.616139,798.6226,644.24,108.8,57975.7,481908.0,6304.73,233.25,312.98,439.27659
2023-01-28 20:00:00,48.734421,866.36924,923.0,99.1,94937.5,594059.0,6589.9,608.32,891.58,231.10281
2023-01-29 00:00:00,429.328834,3654.61535,7162.21,458.7,745345.4,2980386.0,4435.47,1453.08,3080.32,2618.02821
2023-01-29 04:00:00,80.166559,1211.42155,1693.68,76.6,79211.2,764708.0,4870.85,106.88,773.01,258.4607
2023-01-29 08:00:00,203.385122,1777.76746,3008.18,1053.6,535767.5,2198164.0,4073.82,1088.16,3033.84,491.1535
2023-01-29 12:00:00,168.00596,2002.9705,6071.38,336.3,202772.0,1411846.0,2967.15,1085.72,523.03,466.98879
2023-01-29 16:00:00,261.83804,3085.2278,44708.46,426.4,190825.8,3243790.0,6729.73,1442.08,6020.94,2236.82824
2023-01-29 20:00:00,192.164029,1796.65531,31625.83,338.2,165610.6,1293311.0,5082.65,1530.03,1646.14,526.39221
2023-01-30 00:00:00,175.699961,1364.5814,14864.42,343.0,388541.2,1924049.0,7512.43,1921.97,1729.57,295.37099
2023-01-30 04:00:00,102.422658,957.97383,2355.12,151.6,289507.2,1318600.0,4178.27,527.21,2033.27,235.12981
2023-01-30 08:00:00,393.434022,1843.50428,7787.57,1082.6,657256.8,3455914.0,30456.98,2866.66,4369.58,1955.20101
2023-01-30 12:00:00,205.395585,2067.76096,7499.8,294.6,235098.5,799560.0,6844.6,2630.24,612.43,602.04965
2023-01-30 16:00:00,316.343947,2284.56223,8561.15,599.7,567228.2,15512233.0,28931.27,2662.79,9986.83,824.17778
2023-01-30 20:00:00,261.973229,1599.294,10169.22,296.1,317574.1,4247935.0,13628.44,1001.41,4100.61,499.95996
2023-01-31 00:00:00,139.951164,1603.38022,2895.51,177.3,211670.2,15135937.0,3685.02,1483.89,2154.3,1514.00629
2023-01-31 04:00:00,111.982588,1003.23957,5836.78,223.8,156051.5,9991342.0,1996.65,148.83,2320.2,430.69469
2023-01-31 08:00:00,97.561989,1127.10298,1166.14,87.7,106522.1,4743046.0,1292.48,105.64,1218.25,179.91951
2023-01-31 12:00:00,251.047427,1949.35256,3250.23,187.8,2026256.3,5934880.0,5398.27,149.56,504.78,192.67405
2023-01-31 16:00:00,116.097535,1796.15551,2991.06,118.9,847267.8,9231420.0,1985.27,1116.5,8618.85,131.75216
2023-01-31 20:00:00,251.184956,2348.6472,8023.44,401.8,388236.4,7107356.0,3085.83,1707.44,2777.91,232.64042
2023-02-01 00:00:00,166.927566,2686.77868,4143.06,124.5,162014.6,6074189.0,3839.94,136.91,267.64,716.20012
2023-02-01 04:00:00,68.963136,1897.88787,3972.2,186.7,281905.1,3358507.0,3202.07,1288.56,489.18,233.3805
2023-02-01 08:00:00,141.857883,2172.24325,2372.13,40.6,110624.4,2261213.0,2635.64,356.01,846.73,161.94076
2023-02-01 12:00:00,172.60786,2217.49611,5991.93,377.4,380855.5,4869794.0,6062.18,761.74,688.2,156.86852
2023-02-01 16:00:00,614.834653,3622.3332,10077.01,515.8,1346173.4,10659824.0,26465.3,1957.91,7018.84,669.25158
2023-02-01 20:00:00,419.918375,3796.76719,9773.22,362.0,744572.4,10661653.0,18136.63,7197.94,8485.62,769.6143
2023-02-02 00:00:00,626.854384,8112.49708,14140.76,523.2,1019081.6,6477217.0,23531.7,2573.02,6338.45,362.21775
2023-02-02 04:00:00,181.745323,3088.12666,4496.33,709.6,443258.3,2612459.0,7546.33,1338.42,1621.46,62.48096
2023-02-02 08:00:00,121.087826,2810.84715,646.42,119.5,461283.8,1424359.0,10739.31,1022.59,522.85,33.67686
2023-02-02 12:00:00,460.715617,5338.26116,10327.69,247.4,352315.4,5175403.0,34257.01,4709.31,4463.85,236.77137
2023-02-02 16:00:00,509.036829,5828.11149,24205.02,213.2,558926.8,2597420.0,10979.51,10945.58,11047.3,301.71708
2023-02-02 20:00:00,469.381217,7432.94505,17691.72,366.6,737928.3,2975106.0,20695.73,7206.12,12953.8,262.56488
2023-02-03 00:00:00,264.921636,6023.30499,9225.41,514.3,472066.8,1683001.0,5956.5,2187.89,820.77,194.2694
2023-02-03 04:00:00,93.516268,2613.96601,2655.61,253.2,524054.2,1307021.0,1632.07,3778.08,876.28,77.68165
2023-02-03 08:00:00,200.53707,2961.69639,1160.63,142.1,94880.5,960863.0,595.74,1692.42,893.87,218.02782
2023-02-03 12:00:00,668.193579,9417.01835,11810.25,1019.4,886711.6,5157132.0,13832.88,14117.72,5158.15,428.24718
2023-02-03 16:00:00,312.202791,4489.42938,7842.46,650.5,635659.5,1756701.0,2414.66,9041.92,1036.13,105.62757
2023-02-03 20:00:00,222.482648,2207.56022,3250.3,120.0,204601.0,1880950.0,1827.63,6770.59,731.79,839.91636
2023-02-04 00:00:00,74.461653,2586.17443,4176.01,144.2,607850.8,4175527.0,2082.02,1570.8,964.1,1563.96307
2023-02-04 04:00:00,67.097908,2478.79279,1300.85,263.2,274951.8,2036401.0,2065.91,831.82,489.87,129.87466
2023-02-04 08:00:00,31.271355,2207.7016,287.85,69.3,100047.1,1165291.0,1964.21,191.15,302.13,95.35195
2023-02-04 12:00:00,108.900794,4298.99351,2011.96,110.4,156896.2,1800929.0,4777.62,1997.4,1621.47,155.367
2023-02-04 16:00:00,72.734564,3584.20525,3178.49,240.8,217915.2,13898690.0,4246.32,1431.57,37767.72,249.83977
2023-02-04 20:00:00,74.561583,3304.25934,3224.97,106.8,535610.2,3975626.0,2952.49,1077.7,1389.44,871.75855
2023-02-05 00:00:00,124.592835,3656.46704,5923.32,169.9,349751.2,4609593.0,4909.89,1380.78,772.39,261.63393
2023-02-05 04:00:00,32.677031,1247.85854,4745.72,113.4,114152.6,875771.0,338.99,166.85,1925.11,124.07353
2023-02-05 08:00:00,26.24349,1562.76221,2919.27,175.9,90217.8,1092673.0,4295.23,8719.12,219.46,206.17804
2023-02-05 12:00:00,240.103373,3916.79513,11872.87,446.3,501340.4,5205748.0,8271.47,1991.98,2621.16,410.58528
2023-02-05 16:00:00,307.407624,2819.50091,5951.01,432.9,454122.8,3537540.0,9522.87,1765.24,869.03,305.64813
2023-02-05 20:00:00,183.851585,2000.85608,5023.43,175.2,185334.7,2333197.0,3481.93,817.67,1208.53,171.11305
2023-02-06 00:00:00,188.437209,2814.22141,2559.81,219.3,728079.2,798558.0,751.12,619.0,1527.5,60.8674
2023-02-06 04:00:00,19.891684,245.04994,336.36,92.2,174894.5,36467.0,107.31,0.0,261.58,4.551
2023-02-06 08:00:00,0.0,0.0,0.0,0.0,0.0,0.0,0.0,0.0,0.0,0.0
2023-02-06 12:00:00,63.822949,564.98686,4919.42,98.8,109967.9,215870.0,790.99,1344.46,764.54,20.99679
2023-02-06 16:00:00,230.95382,2762.23574,2311.9,219.8,459713.7,655654.0,1291.61,452.0,1015.7,77.55612
2023-02-06 20:00:00,232.995231,2279.98156,6808.04,164.0,510808.6,1850981.0,4121.03,2075.84,2064.47,389.48042
2023-02-07 00:00:00,140.541885,2033.71716,2809.58,197.7,214791.5,423117.0,4944.81,333.39,1568.53,944.44073
2023-02-07 04:00:00,107.454153,1134.40876,1432.0,103.7,142451.3,254359.0,1489.63,1837.68,7233.22,131.36778
2023-02-07 08:00:00,154.90742,1625.2793,1090.65,49.6,129696.8,287513.0,751.54,591.1,8262.13,137.88732
2023-02-07 12:00:00,245.477275,2394.43514,1591.18,94.4,117470.4,489885.0,1045.8,616.39,1329.92,332.24252
2023-02-07 16:00:00,752.674939,5046.32218,26851.74,359.9,1910882.7,3335108.0,8265.11,5428.09,6884.91,334.19246
2023-02-07 20:00:00,313.266604,2507.67433,7553.01,188.1,242640.9,1275297.0,6295.01,1855.61,3232.18,192.32769
2023-02-08 00:00:00,248.118814,4214.65044,18886.73,213.9,286290.7,1386372.0,1535.96,3099.87,3063.53,339.41707
2023-02-08 04:00:00,66.515454,1606.46762,4399.55,144.6,170160.8,1096070.0,672.15,1644.17,982.23,138.00925
2023-02-08 08:00:00,125.125145,2053.08413,621.62,59.8,119972.1,368840.0,1146.54,545.42,468.03,14.00186
2023-02-08 12:00:00,411.214067,7455.59468,3660.89,258.2,353342.8,1876427.0,3752.29,2249.44,13802.42,224.99198
2023-02-08 16:00:00,398.815665,7433.77296,7549.25,168.7,461087.2,1925885.0,4680.92,3291.29,14473.95,661.53513
2023-02-08 20:00:00,168.989314,2909.10878,2143.88,98.2,79120.1,880773.0,2081.67,958.7,8449.37,171.42961
2023-02-09 00:00:00,436.015777,4906.30511,10427.8,862.2,923460.2,5451899.0,9771.33,4046.05,17302.73,932.86904
2023-02-09 04:00:00,309.989488,2745.41405,4774.02,194.5,273858.8,2662381.0,5642.98,328.78,17798.88,106.16786
2023-02-09 08:00:00,102.861311,1441.89215,2398.93,92.1,46282.5,526181.0,859.01,2565.63,39075.9,69.46886
2023-02-09 12:00:00,320.568983,5092.87056,1784.77,202.1,273528.3,1877816.0,2792.96,15025.11,8909.32,124.27812
2023-02-09 16:00:00,665.582166,8224.00066,12977.95,1880.7,1059051.2,9612786.0,16355.27,10816.65,18870.6,1594.42756
2023-02-09 20:00:00,551.297948,8264.98454,19529.83,1174.7,813017.8,9643514.0,15553.37,4922.41,8964.95,1100.59203
2023-02-10 00:00:00,126.849678,3619.38781,10790.43,331.4,97316.1,1302713.0,1328.14,1285.13,3361.32,184.6923
2023-02-10 04:00:00,222.149393,2732.53657,3764.31,190.0,233067.8,1572231.0,4238.72,310.89,4252.42,309.79674
2023-02-10 08:00:00,193.312466,2043.04023,3402.46,112.3,126684.2,3546491.0,2890.41,667.8,635.65,29.43177
2023-02-10 12:00:00,479.847865,3696.57946,5524.12,325.2,363937.6,3713143.0,5416.55,992.66,1645.3,368.31999
2023-02-10 16:00:00,294.704698,2508.12187,4384.82,203.1,369860.6,2895832.0,4065.76,3291.56,1204.61,258.31575
2023-02-10 20:00:00,244.769244,2384.79024,13258.73,340.8,278105.8,5463530.0,3328.84,2255.09,3253.77,141.85184
2023-02-11 00:00:00,114.957878,977.1868,2075.93,244.4,111375.5,1169241.0,1848.89,444.06,238.76,129.78587
2023-02-11 04:00:00,32.939884,283.92658,414.37,56.5,37795.2,447497.0,550.79,209.72,49.27,71.04811
2023-02-11 08:00:00,47.849305,487.07413,324.48,32.6,28028.4,313889.0,605.38,27.38,5.0,48.04856
2023-02-11 12:00:00,55.803225,483.91491,1154.6,104.8,212944.5,542396.0,744.94,1069.96,938.09,61.69723
2023-02-11 16:00:00,82.236805,890.53772,964.74,36.8,78375.5,332373.0,965.85,810.85,569.33,115.42355
2023-02-11 20:00:00,91.641838,1136.63755,772.22,54.3,135872.0,495618.0,1228.96,407.1,782.99,69.04515
2023-02-12 00:00:00,47.875239,746.5598,596.58,74.3,47420.5,233222.0,2688.16,186.16,339.97,76.51034
2023-02-12 04:00:00,25.974413,484.14459,1196.9,131.1,66321.6,272887.0,4563.94,947.93,457.47,64.70971
2023-02-12 08:00:00,73.763444,782.84445,3204.68,57.1,73853.5,8244926.0,3296.23,1482.99,60.07,48.74673
2023-02-12 12:00:00,173.695646,1636.95829,10615.91,149.0,90003.2,2631951.0,4359.1,735.58,400.87,21.83185
2023-02-12 16:00:00,153.647059,1452.27335,29336.85,537.4,116555.2,1441451.0,8403.9,234.76,1323.6,23.21785
2023-02-12 20:00:00,177.943856,3535.08716,6087.43,317.4,144782.8,3306648.0,6495.96,2366.95,6825.56,222.79861
2023-02-13 00:00:00,217.995181,5491.82548,14304.65,398.6,315099.5,2541442.0,8653.16,1003.86,1330.63,233.03361
2023-02-13 04:00:00,118.862921,2615.62331,5218.44,888.8,107439.5,11178962.0,3132.66,1762.98,294.2,34.80589
2023-02-13 08:00:00,349.020337,6206.74341,12974.24,4806.4,543542.1,7819522.0,7423.88,4026.73,5734.79,174.65165
2023-02-13 12:00:00,226.061709,3776.30824,2539.82,869.6,87971.9,1575002.0,4031.61,203.8,857.25,87.56384
2023-02-13 16:00:00,302.052124,4909.58551,8523.83,1025.3,324215.6,2624218.0,4127.05,1611.08,1790.37,324.04586
2023-02-13 20:00:00,148.864025,1834.67976,2198.51,161.0,196618.3,1261454.0,763.55,928.27,1107.02,156.41998
2023-02-14 00:00:00,93.160317,806.62464,3528.38,253.2,125294.6,231051.0,1738.65,615.12,153.84,151.47169
2023-02-14 04:00:00,73.377992,181.2168,2113.43,179.7,87145.9,404345.0,1693.56,500.73,221.08,21.66573
2023-02-14 08:00:00,107.367552,587.72671,3886.71,60.9,318900.8,590540.0,911.95,408.15,374.75,26.26247
2023-02-14 12:00:00,931.88087,3551.36786,30856.32,922.6,2025425.8,4337619.0,11022.16,6748.17,7510.52,278.04257
2023-02-14 16:00:00,483.966394,1585.58395,10064.64,272.2,941926.3,1454100.0,1742.63,1460.66,1845.34,136.09941
2023-02-14 20:00:00,177.65093,1414.85411,4229.29,156.1,598128.1,1016348.0,1039.08,222.6,1664.19,70.95167
2023-02-15 00:00:00,108.931168,774.42576,1553.63,261.6,723442.3,7520519.0,1186.88,1088.7,227.6,33.41195
2023-02-15 04:00:00,61.117085,449.46325,712.94,189.1,113429.9,4265844.0,539.47,282.13,73.72,198.21625
2023-02-15 08:00:00,196.817075,982.53669,2534.81,169.2,150310.4,1278981.0,754.11,3651.66,3303.3,46.76887
2023-02-15 12:00:00,558.903594,2758.99967,15477.73,425.2,330876.9,2363095.0,2291.85,4139.35,1629.49,238.40643
2023-02-15 16:00:00,485.713342,2458.80325,14835.46,238.5,578582.0,1750809.0,1686.03,4533.05,4450.4,178.84392
2023-02-15 20:00:00,1138.860798,5134.11589,30321.74,500.5,1631569.6,3099772.0,6818.5,6774.73,13556.21,543.53274
2023-02-16 00:00:00,567.704394,4674.5547,15892.25,1106.1,1166842.7,4045171.0,5798.14,4379.82,3365.53,915.9769
2023-02-16 04:00:00,282.750385,3294.63465,9135.31,647.2,244072.9,2612589.0,1618.33,8372.36,2777.88,208.95792
2023-02-16 08:00:00,138.993041,1797.26502,4009.6,300.3,248995.8,428843.0,357.74,110.02,163.51,19.30285
2023-02-16 12:00:00,538.008736,5262.17508,11008.25,382.9,1744188.8,1907129.0,3487.53,1025.86,3401.14,94.37832
2023-02-16 16:00:00,631.151393,5197.45529,20011.81,555.8,571350.9,4522150.0,7251.38,13900.73,4548.46,504.6226
2023-02-16 20:00:00,674.601104,5959.82342,9275.39,1278.6,1060362.2,3012609.0,4734.01,12078.98,6894.47,368.37254
2023-02-17 00:00:00,459.578857,2780.91438,4726.16,299.4,99994.9,758625.0,1042.83,1502.67,1631.61,92.66871
2023-02-17 04:00:00,186.584278,1728.58389,4693.55,208.5,112078.6,418299.0,426.23,8574.09,592.79,68.47231
2023-02-17 08:00:00,281.475789,2020.76092,987.73,133.0,556396.5,525735.0,189.54,668.48,775.89,16.06752
2023-02-17 12:00:00,554.476548,3427.98583,8386.04,329.5,537139.1,1117775.0,1592.26,8408.31,1117.77,98.93457
2023-02-17 16:00:00,608.282552,3736.89736,7007.51,188.0,557307.6,873390.0,2384.02,25206.26,3814.63,376.55176
2023-02-17 20:00:00,862.501359,3526.66851,7242.89,345.8,734774.8,2478747.0,3403.53,7382.26,6303.4,138.87333
2023-02-18 00:00:00,330.433111,2613.27058,3576.94,240.9,320557.9,590824.0,14073.72,2014.74,3329.35,109.42549
2023-02-18 04:00:00,162.445758,1727.29336,418.65,275.1,136824.2,515250.0,442.77,1671.54,442.36,217.31648
2023-02-18 08:00:00,150.116772,1611.92588,530.79,123.8,109137.3,969456.0,302.21,1560.8,1478.53,91.64307
2023-02-18 12:00:00,183.211063,1680.96331,1418.9,84.0,309450.7,850306.0,1781.85,3471.11,21949.35,139.9817
2023-02-18 16:00:00,203.90933,2391.20097,4950.32,210.1,1176829.9,3319332.0,489.74,1934.59,3979.62,56.82007
2023-02-18 20:00:00,110.944178,725.08198,3409.78,117.2,76021.6,657750.0,480.65,585.09,331.55,46.86845
2023-02-19 00:00:00,189.91689,758.35017,2025.02,282.6,396553.0,1150087.0,576.74,1355.33,15363.59,33.40755
2023-02-19 04:00:00,306.994484,1610.0113,3369.91,118.0,168602.0,1022933.0,286.39,12678.36,6936.82,91.15115
2023-02-19 08:00:00,127.086579,487.67453,1642.49,88.1,113510.8,341317.0,324.92,5358.45,789.54,387.81602
2023-02-19 12:00:00,299.899288,1722.99964,22442.57,216.3,909251.8,1834437.0,2608.49,5647.39,9395.2,106.3326
2023-02-19 16:00:00,525.356257,3186.0974,45251.31,203.0,534375.9,3312322.0,3382.59,4440.62,11458.59,758.57782
2023-02-19 20:00:00,295.006627,1937.37926,9434.09,143.9,562538.7,1430440.0,3089.73,2037.55,8621.67,96.52899
2023-02-20 00:00:00,510.314739,1606.08182,30667.83,312.4,386555.4,1513017.0,3448.13,2418.39,2578.72,151.60013
2023-02-20 04:00:00,232.288211,796.11276,18048.61,186.1,276174.3,441475.0,5023.61,1112.01,4262.89,215.1105
2023-02-20 08:00:00,580.90282,2097.53748,5897.63,553.9,270613.7,1432112.0,3053.37,882.03,4095.12,57.73518
2023-02-20 12:00:00,313.856112,1485.71334,9340.04,200.2,181096.5,1366596.0,8903.04,800.54,1903.18,88.76195
2023-02-20 16:00:00,247.572195,1797.90053,19211.41,286.0,575533.3,1497913.0,3655.34,670.85,1652.15,703.17501
2023-02-20 20:00:00,103.799952,1152.18749,2265.46,146.4,436318.2,640378.0,2403.97,1812.37,819.48,165.16369
2023-02-21 00:00:00,483.798127,1997.72747,11332.89,423.0,229022.1,1049206.0,1482.94,622.8,1459.22,100.41769
2023-02-21 04:00:00,166.513237,1461.24497,13209.42,146.3,131150.4,330499.0,1264.67,850.36,5944.1,93.91617
2023-02-21 08:00:00,426.30886,4445.94457,8537.1,285.5,356041.4,1977398.0,2089.25,3268.3,5117.75,291.05959
2023-02-21 12:00:00,483.976346,3159.95544,9036.29,583.2,786592.3,1756605.0,4315.0,1140.66,2460.43,51.72441
2023-02-21 16:00:00,530.018358,2365.8646,8637.19,390.7,173597.3,1166695.0,13000.43,1870.22,1413.21,78.56823
2023-02-21 20:00:00,394.020353,2499.91924,4705.59,245.6,408208.9,2273794.0,3955.37,1559.05,17843.42,51.77151
2023-02-22 00:00:00,326.781804,3205.94476,9436.74,417.7,446142.3,1150693.0,6896.54,2541.32,4769.62,368.57442
2023-02-22 04:00:00,335.745875,1690.80147,10063.62,317.9,300664.1,740966.0,3313.83,1607.29,1681.96,92.86464
2023-02-22 08:00:00,313.991766,2044.94845,6283.29,183.8,287699.7,4812885.0,12886.28,3699.52,2734.72,87.27993
2023-02-22 12:00:00,308.930284,2865.95794,6149.18,306.4,281009.5,1677094.0,5993.86,1317.24,2469.55,96.46828
2023-02-22 16:00:00,602.640805,3803.11892,8694.99,169.3,422788.7,1415802.0,1581.64,1656.3,4229.02,90.23394
2023-02-22 20:00:00,267.075529,1579.03446,1914.91,103.3,263218.7,349097.0,1141.3,356.53,1249.56,57.94136
2023-02-23 00:00:00,406.142239,2398.36047,6536.23,151.9,472509.0,942042.0,1875.83,1975.97,3990.36,45.86754
2023-02-23 04:00:00,194.569621,1253.84351,2941.23,129.9,62517.7,281545.0,1294.45,659.73,1789.39,100.12153
2023-02-23 08:00:00,512.960367,2190.31366,4507.6,262.4,187544.1,591979.0,2729.79,344.31,8957.6,27.82305
2023-02-23 12:00:00,782.168951,3384.27426,5902.46,154.1,785909.6,820252.0,2271.74,1423.82,9718.43,52.72333
2023-02-23 16:00:00,557.693577,2909.10223,3935.38,265.2,259792.9,295522.0,2398.83,935.83,3345.94,89.93163
2023-02-23 20:00:00,227.087253,1139.33977,822.11,138.6,242018.0,284398.0,516.29,675.83,2437.99,53.22027
2023-02-24 00:00:00,287.211394,1537.6878,2093.31,97.1,121208.9,325266.0,655.21,1162.56,972.15,129.09446
2023-02-24 04:00:00,158.645042,1125.79577,2635.75,128.5,146304.1,540320.0,450.0,84.33,2635.37,40.37365
2023-02-24 08:00:00,206.836297,1200.928,1238.38,82.1,37704.7,178898.0,1398.5,708.43,856.0,408.77157
2023-02-24 12:00:00,661.718793,3703.81331,7844.4,229.2,416726.7,1183986.0,2503.0,4707.97,10550.49,117.5185
2023-02-24 16:00:00,572.126441,3835.25363,12556.19,450.8,503814.9,1723837.0,4785.96,3684.52,4241.13,330.97494
2023-02-24 20:00:00,310.568317,2144.41955,4189.35,99.8,158318.8,501135.0,863.26,851.72,10104.41,55.19425
2023-02-25 00:00:00,158.982702,793.05544,1293.31,96.7,65657.8,331174.0,705.34,443.4,490.96,15.00362
2023-02-25 04:00:00,112.662929,688.28262,1424.56,36.5,54681.6,219767.0,3652.54,193.17,533.37,36.93607
2023-02-25 08:00:00,180.023238,1277.94425,1509.42,64.1,71604.0,392884.0,777.72,124.27,973.0,79.88823
2023-02-25 12:00:00,131.496605,1157.90131,5374.76,561.3,100838.0,369597.0,1463.29,176.99,1029.46,55.87112
2023-02-25 16:00:00,133.302645,1403.4363,5620.06,170.3,207330.6,883546.0,2699.56,922.56,2090.69,83.26382
2023-02-25 20:00:00,187.264531,1262.92909,4173.39,1724.8,374732.1,1100815.0,1184.43,1851.39,1622.74,57.45361
2023-02-26 00:00:00,155.445521,706.17033,1789.94,79.7,130539.1,154395.0,869.23,1016.04,362.6,271.17389
2023-02-26 04:00:00,121.184788,523.55339,2388.43,68.9,42287.6,132009.0,194.79,375.99,87.83,60.19148
2023-02-26 08:00:00,129.687679,685.56763,1996.62,30.3,33154.2,623670.0,174.74,3.03,91.74,11.23046
2023-02-26 12:00:00,168.633615,1009.74679,1781.52,68.6,43046.1,170112.0,415.37,113.17,511.67,9.36283
2023-02-26 16:00:00,157.283994,1734.2091,4284.43,185.9,131241.0,453755.0,1244.99,787.19,1560.06,56.42969
2023-02-26 20:00:00,238.173468,1916.91615,2701.27,73.8,178456.7,522561.0,693.45,420.91,4083.38,81.65171
2023-02-27 00:00:00,120.044472,1178.27334,1825.8,231.7,114220.0,170778.0,582.52,1689.9,1090.38,182.44718
2023-02-27 04:00:00,147.502592,975.90918,5162.07,93.0,106388.7,268359.0,706.83,786.91,634.17,125.44493
2023-02-27 08:00:00,61.703248,847.82253,5788.76,74.0,41323.1,227212.0,367.7,108.16,1717.22,45.43811
2023-02-27 12:00:00,422.555582,2200.68648,5510.43,181.4,389161.5,452163.0,2170.17,525.51,3122.29,58.13708
2023-02-27 16:00:00,367.918022,2606.75662,7152.62,400.6,144859.1,681243.0,1533.22,650.65,3564.43,187.55737
2023-02-27 20:00:00,304.313836,1563.61737,3081.48,99.2,32660.2,272647.0,1276.09,1691.71,565.71,76.91115
2023-02-28 00:00:00,316.544925,1113.34114,4630.75,235.8,119082.9,684162.0,1394.8,391.65,2566.61,13.09461
2023-02-28 04:00:00,187.096302,1016.23917,2575.14,109.6,36890.4,575730.0,606.85,258.13,1105.27,58.7476
2023-02-28 08:00:00,178.112627,910.65496,1050.14,69.2,17105.9,189226.0,215.3,2176.43,150.56,12.29298
2023-02-28 12:00:00,390.859212,1591.78775,9615.61,87.2,47877.6,211125.0,1835.12,7250.0,721.85,42.06295
2023-02-28 16:00:00,319.785284,1348.78928,1869.98,185.0,144471.9,831859.0,1441.2,410.13,1562.75,131.23843
2023-02-28 20:00:00,346.98144,2473.66403,3642.31,183.7,333831.8,733904.0,2707.75,859.2,3154.97,199.29964
2023-03-01 00:00:00,353.911542,2554.59581,2446.81,138.3,202502.5,431846.0,642.81,1729.9,5303.74,485.25221
2023-03-01 04:00:00,387.749376,1735.8361,3105.83,106.0,126455.4,85242.0,511.73,1226.73,970.58,133.14271
2023-03-01 08:00:00,319.600335,1141.71529,5741.83,110.0,76035.7,211877.0,556.63,30.23,851.33,134.47514
2023-03-01 12:00:00,592.037367,2045.25305,3837.07,118.0,72678.0,184858.0,979.72,227.01,389.82,50.30183
2023-03-01 16:00:00,323.932882,1580.83884,2821.95,190.2,138639.8,202054.0,1019.06,726.15,2887.99,57.71176
2023-03-01 20:00:00,244.314949,1429.49935,2607.54,59.6,23055.9,191810.0,368.03,626.37,732.31,36.69339
2023-03-02 00:00:00,278.071974,1969.18512,3654.5,298.7,123565.5,341705.0,675.68,1247.8,2958.77,133.33209
2023-03-02 04:00:00,165.533862,738.07888,1353.81,138.0,28733.2,180072.0,445.28,609.91,531.23,5.45363
2023-03-02 08:00:00,219.01275,836.94903,943.3,115.7,149273.8,44515.0,159.28,71.8,116.32,25.02622
2023-03-02 12:00:00,673.203409,2265.58864,3681.26,135.7,272602.2,226455.0,472.87,1158.63,787.31,48.23757
2023-03-02 16:00:00,450.53849,1766.4286,2372.32,193.1,247084.8,273449.0,1826.0,106.19,325.4,43.3873
2023-03-02 20:00:00,285.792663,1178.67268,1520.14,281.8,23066.5,215727.0,745.86,116.4,118.87,129.69584
2023-03-03 00:00:00,889.047348,5554.00576,8188.32,601.124,1398738.9,3074892.0,9253.38,14073.65,22583.96,449.04673
2023-03-03 04:00:00,358.79286,1482.1421,2765.89,187.388,180935.1,604633.0,1901.44,2068.56,1211.9,42.094
2023-03-03 08:00:00,188.55951,821.2977,1139.51,64.021,91536.2,126933.0,536.28,250.28,497.73,8.934
2023-03-03 12:00:00,432.37689,3205.4629,3108.28,108.774,135038.3,590661.0,1376.9,3049.5,231.21,41.107
2023-03-03 16:00:00,300.83014,2558.055,2327.08,103.315,174140.3,386640.0,2958.48,1185.91,8337.98,23.496
2023-03-03 20:00:00,415.6645,2899.2337,1482.03,65.864,666946.7,445477.0,765.69,593.67,91.98,18.242
2023-03-04 00:00:00,115.04471,1433.7952,2179.73,60.673,507500.1,273802.0,1021.77,619.98,1033.86,50.427
2023-03-04 04:00:00,113.68668,847.8674,2641.58,84.48,27086.6,181350.0,1136.36,264.23,316.49,44.234
2023-03-04 08:00:00,43.26883,464.2791,529.7,140.64,34384.7,66811.0,476.52,35.71,69.13,47.979
2023-03-04 12:00:00,57.77004,781.6623,1738.37,26.066,45973.4,164410.0,537.99,988.84,102.46,12.203
2023-03-04 16:00:00,77.23057,920.721,1460.85,113.522,73882.2,312344.0,2542.02,1590.26,237.54,20.648
2023-03-04 20:00:00,260.56234,1942.4379,3248.31,246.084,326355.9,896625.0,6132.56,2667.26,3469.61,171.733
2023-03-05 00:00:00,416.77498,3910.1072,5416.51,186.022,204679.9,989521.0,2612.03,3513.13,1538.18,132.789
2023-03-05 04:00:00,109.02148,743.718,1197.81,27.555,14859.8,55317.0,308.93,1418.09,87.15,9.898
2023-03-05 08:00:00,79.55861,785.1631,492.02,31.926,42330.0,213672.0,571.25,1104.16,19.56,5.074
2023-03-05 12:00:00,103.17219,1229.1431,319.82,85.963,54351.9,89248.0,431.16,537.43,175.84,70.631
2023-03-05 16:00:00,65.91982,768.8011,1837.22,98.729,66377.4,128236.0,518.85,423.82,61.71,20.037
2023-03-05 20:00:00,204.9737,2475.8995,2449.81,153.638,228115.0,1353887.0,1613.94,2187.73,985.72,91.262
2023-03-06 00:00:00,244.23081,3325.2208,3574.82,346.481,202979.8,1343783.0,2465.54,1595.11,1092.47,66.877
2023-03-06 04:00:00,64.69172,909.8198,3512.41,214.389,68818.7,443208.0,749.64,275.27,83.71,37.053
2023-03-06 08:00:00,108.00108,887.3991,2019.88,147.048,49516.5,1302419.0,760.36,929.45,15.18,129.334
2023-03-06 12:00:00,225.8428,2158.0877,1671.99,129.229,641309.9,350869.0,6503.25,1470.43,627.07,66.89264
2023-03-06 16:00:00,247.82372,1894.6945,2246.71,178.718,244669.9,725047.0,2860.61,566.22,1929.48,175.557
2023-03-06 20:00:00,140.61902,1394.4683,2675.88,305.707,191717.3,454618.0,6026.3,872.34,226.86,95.729
2023-03-07 00:00:00,204.07078,1744.9847,3974.93,129.45,457601.4,1304971.0,3779.02,3001.48,459.99,48.801
2023-03-07 04:00:00,73.52755,559.5454,1648.27,75.329,93685.3,204177.0,1007.07,898.97,2595.99,19.183
2023-03-07 08:00:00,166.04643,951.1471,2748.73,112.901,134063.9,651831.0,2154.45,2735.69,461.34,212.4135
2023-03-07 12:00:00,922.50905,6652.05283,14737.93,613.035,911877.6,1470317.0,6066.16,7000.85,4246.58,259.62076
2023-03-07 16:00:00,714.32019,3150.7276,5749.58,297.849,887960.1,382739.0,2702.05,801.25,270.35,32.691
2023-03-07 20:00:00,710.49978,2358.9079,3244.05,150.339,168738.5,718961.0,3042.62,784.51,12715.66,25.135
2023-03-08 00:00:00,411.82138,1647.4815,3224.36,138.438,131277.5,333427.0,2300.21,1531.63,627.01,15.144
2023-03-08 04:00:00,422.259568,1613.9027,5091.78,165.599,172310.5,539246.0,2178.11,4131.46,486.65,114.42
2023-03-08 08:00:00,246.17087,1117.9274,1239.33,73.693,112676.9,343837.0,771.06,1298.49,9058.09,16.31
2023-03-08 12:00:00,1026.32674,4667.3283,9220.39,376.788,693557.2,919574.0,5038.05,1679.4,1649.79,152.80556
2023-03-08 16:00:00,488.14917,1842.1718,5922.02,257.468,350988.5,514265.0,2954.97,349.6,821.5,27.005
2023-03-08 20:00:00,762.41493,3128.94427,4795.16,597.234,541267.7,1618137.0,2550.31,2888.66,14631.61,228.38987
2023-03-09 00:00:00,271.13684,1499.5689,2270.56,216.47,346697.3,629532.0,1348.68,583.53,353.76,168.33
2023-03-09 04:00:00,108.44429,497.1533,1497.01,119.788,107440.9,219683.0,971.88,698.01,8487.94,16.643
2023-03-09 08:00:00,413.351428,1386.7283,2752.16,124.752,211846.9,474785.0,666.0,2116.03,611.73,21.046
2023-03-09 12:00:00,547.22489,1560.7916,7107.06,183.215,191792.2,239314.0,1056.9,1619.04,358.62,96.245
2023-03-09 16:00:00,1352.374305,4319.64795,9621.41,347.081,829817.1,1872382.0,5041.09,6437.5,2598.08,370.526
2023-03-09 20:00:00,1134.550779,7186.07517,14128.82,865.185,1691177.4,5430746.0,11165.56,12547.75,2522.56,516.21782
2023-03-10 00:00:00,914.839284,4181.6729,6387.66,597.189,509486.0,1781282.0,5259.63,4413.84,2443.36,560.8007
2023-03-10 04:00:00,886.40324,5012.46638,4570.25,333.172,975700.4,436238.0,3304.55,5281.1,3267.77,86.36532
2023-03-10 08:00:00,853.320793,5118.33257,7005.92,417.793,505913.8,1319103.0,4786.05,4898.19,3109.02,340.79889
2023-03-10 12:00:00,1637.62602,8517.4035,19940.51,1710.195,2513795.9,1302977.0,7845.44,6049.2,3395.83,569.505
2023-03-10 16:00:00,1138.93556,4781.1131,5463.89,402.76,564011.4,439497.0,3536.74,1439.6,517.66,80.568
2023-03-10 20:00:00,601.26213,3034.9453,5241.11,274.799,197851.7,591285.0,4390.6,1434.91,1602.3,58.708
2023-03-11 00:00:00,762.61758,5618.0989,12429.25,609.042,1071393.3,937218.0,5281.35,4098.64,11142.85,706.661
2023-03-11 04:00:00,489.18735,2550.6888,22759.26,389.936,1083139.3,1583505.0,4434.04,1030.23,1957.3,515.75777
2023-03-11 08:00:00,407.23379,3037.9889,5849.68,460.231,357084.3,605855.0,1300.36,1429.04,1069.76,304.41222
2023-03-11 12:00:00,289.7613,2190.138,2659.55,204.7,199600.4,221856.0,1655.6,1491.86,673.85,270.873
2023-03-11 16:00:00,472.26178,4597.4255,6288.03,295.862,821934.0,1081684.0,1036.02,1770.28,709.86,452.107
2023-03-11 20:00:00,259.18216,2395.6049,2550.72,151.843,159993.4,607285.0,618.43,1404.24,1065.7,143.295
2023-03-12 00:00:00,262.22639,1685.1068,1895.05,168.656,108267.4,229521.0,164.2,182.43,140.97,63.907
2023-03-12 04:00:00,185.15798,944.4699,1869.3,108.318,187552.9,184577.0,1159.97,2098.22,1561.99,29.61
2023-03-12 08:00:00,100.87348,1017.0779,3880.12,104.492,68405.0,58477.0,390.61,112.25,84.76,19.313
2023-03-12 12:00:00,193.35121,1609.2823,1886.43,130.066,289433.2,425350.0,1095.5,1224.77,226.66,77.436
2023-03-12 16:00:00,1253.19589,6354.6367,16661.08,976.603,1282020.1,2629712.0,9426.9,3908.92,2481.86,799.944
2023-03-12 20:00:00,1518.50731,5666.2858,33536.54,1252.771,501649.9,5608442.0,17321.19,3826.21,12016.44,966.632
2023-03-13 00:00:00,1328.15316,5660.2619,16704.62,721.409,1132267.3,1586859.0,6368.66,7999.23,10594.04,527.178
2023-03-13 04:00:00,592.72731,3061.9144,4344.75,2939.988,813194.2,653207.0,1403.26,251.54,66.63,88.536
2023-03-13 08:00:00,999.70681,4362.773,6547.77,1032.701,318142.4,390448.0,4166.67,2186.18,1891.66,192.711
2023-03-13 12:00:00,2637.91755,12454.90497,51248.54,2187.879,2606393.7,5951482.0,9168.73,16885.43,16146.5,1044.623
2023-03-13 16:00:00,1386.98001,5563.3021,9186.47,403.378,464553.9,668759.0,1286.84,1066.11,1997.67,412.501
2023-03-13 20:00:00,522.35436,2020.1402,5981.8,160.935,459881.6,593514.0,1069.04,2007.33,582.11,117.135
2023-03-14 00:00:00,730.351604,2733.5363,3163.73,389.272,135496.7,374643.0,1160.88,2231.27,1133.56,112.368
2023-03-14 04:00:00,851.585683,3302.3202,3948.99,272.829,218301.4,682498.0,2085.53,1173.18,575.09,86.868
2023-03-14 08:00:00,885.41881,2779.3487,5008.54,222.836,108692.4,580784.0,1842.53,1239.92,604.05,33.226
2023-03-14 12:00:00,1578.011016,12158.40034,49718.58,2778.392,2571778.2,5405424.0,22025.38,30842.2,12877.06,894.617
2023-03-14 16:00:00,1357.0767,9686.9546,27828.09,1033.847,1327355.0,2123291.0,9470.92,12354.31,11203.04,596.249
2023-03-14 20:00:00,1353.46951,6863.9751,11321.96,561.786,813815.7,2785606.0,6405.83,7169.8,3320.73,260.784
2023-03-15 00:00:00,816.66603,5174.8788,7191.78,190.052,717261.0,1165989.0,1700.01,4777.3,646.75,81.29
2023-03-15 04:00:00,296.838,1115.0083,3960.62,130.098,139796.7,532658.0,2435.14,737.58,170.86,42.597
2023-03-15 08:00:00,579.49504,3365.8965,7067.4,268.213,286205.0,1305461.0,3003.25,1367.15,986.79,60.038
2023-03-15 12:00:00,1311.28601,7538.4396,21018.31,619.242,992117.1,3079193.0,13492.2,8299.54,14383.72,428.571
2023-03-15 16:00:00,1163.78514,5072.0123,14208.18,354.383,760001.1,2001100.0,8468.27,3627.86,2199.41,277.236
2023-03-15 20:00:00,383.06915,2419.4193,2993.32,90.228,303921.5,559720.0,1700.1,899.66,463.65,190.834
2023-03-16 00:00:00,349.09556,2021.0116,5945.07,280.095,324812.8,394655.0,2486.72,1497.14,214.81,81.157
2023-03-16 04:00:00,479.34024,1751.2893,6092.94,689.276,292936.4,360288.0,1652.07,410.57,1020.1,97.217
2023-03-16 08:00:00,738.41134,2589.3559,6285.21,518.064,204919.8,471773.0,1782.99,1020.54,262.33,20.692
2023-03-16 12:00:00,716.35846,2917.7658,9353.22,3023.02,505213.4,911957.0,3507.3,3802.23,463.43,69.42
2023-03-16 16:00:00,426.42795,2578.3494,3649.41,634.79,104713.4,272704.0,922.05,1032.07,663.73,68.067
2023-03-16 20:00:00,260.56009,1600.4467,1115.98,300.17,139220.8,1642992.0,540.81,500.1,837.81,50.516
2023-03-17 00:00:00,501.28407,2836.8151,5791.39,618.21,345519.0,1046570.0,1954.77,2051.87,1763.22,150.112
2023-03-17 04:00:00,405.45209,1487.2002,2742.19,380.292,164155.0,1440832.0,1375.72,432.41,1305.67,245.993
2023-03-17 08:00:00,486.271418,2040.179,2078.1,301.205,240453.0,460985.0,1202.42,3754.83,529.76,263.594
2023-03-17 12:00:00,475.37748,2222.3851,6214.15,326.514,258454.0,907891.0,1362.6,4716.52,6756.52,141.87
2023-03-17 16:00:00,411.85444,2258.5433,4949.22,208.828,84166.2,751678.0,1123.51,2045.12,295.68,345.792
2023-03-17 20:00:00,433.042907,2449.57811,8781.61,409.642,438104.7,684897.0,2474.9,5316.94,3798.28,246.691
2023-03-18 00:00:00,291.46553,3639.4086,21890.14,706.228,980181.8,3646703.0,6935.45,1799.12,10913.24,344.08
2023-03-18 04:00:00,129.4967,1166.4652,5282.74,308.122,116781.0,429752.0,427.6,1092.61,245.21,53.377
2023-03-18 08:00:00,176.35437,1590.3044,4412.82,198.786,167346.2,1044566.0,249.47,1250.48,151.43,64.314
2023-03-18 12:00:00,231.65652,2759.97095,6273.75,846.934,300058.9,1428935.0,1647.03,797.08,2747.02,982.867
2023-03-18 16:00:00,398.33185,3781.9008,7306.58,595.886,444306.6,1360632.0,2424.52,3028.13,1050.67,208.51
2023-03-18 20:00:00,196.65887,2369.6788,3497.87,498.782,90092.3,592492.0,532.52,3637.81,867.94,31.144
2023-03-19 00:00:00,197.17125,1220.4672,3460.29,223.335,32135.2,653863.0,475.15,2090.93,5061.61,46.584
2023-03-19 04:00:00,156.52976,963.5052,982.33,117.491,23877.6,276564.0,185.14,405.06,505.06,31.455
2023-03-19 08:00:00,138.1766,893.3647,1204.71,129.308,35951.3,413707.0,841.83,44.78,172.86,16.247
2023-03-19 12:00:00,283.58176,1995.333,2304.03,363.621,155451.1,1050533.0,1122.68,926.31,754.17,159.399
2023-03-19 16:00:00,364.501824,3538.54581,6040.27,555.583,134724.3,655350.0,1126.37,1041.32,1292.89,165.314
2023-03-19 20:00:00,332.761107,2244.1154,3136.5,292.999,382508.8,649133.0,747.18,1552.41,1529.0,83.105
2023-03-20 00:00:00,433.62666,2371.9253,16466.65,382.033,554421.3,740347.0,1088.5,1533.91,1081.51,152.678
2023-03-20 04:00:00,272.05646,1649.3631,11947.32,163.938,93795.3,740905.0,936.34,930.22,953.19,58.496
2023-03-20 08:00:00,431.99324,2357.4597,11033.18,253.841,50863.8,556918.0,1187.75,654.41,3210.36,107.454
2023-03-20 12:00:00,399.92499,2902.5177,15608.37,214.021,57978.1,452145.0,646.52,596.48,1459.82,20.788
2023-03-20 16:00:00,315.36735,2904.3887,18035.73,222.715,206198.5,1542297.0,2068.61,2148.42,1862.64,112.899
2023-03-20 20:00:00,210.90059,1433.0135,3480.68,255.966,205032.7,810676.0,454.42,1373.06,613.89,222.295
2023-03-21 00:00:00,101.46248,1072.557,4417.05,181.164,392700.3,1332846.0,2038.99,1996.6,694.25,79.863
2023-03-21 04:00:00,166.90328,1080.332,3009.13,185.432,322187.9,1212393.0,696.37,203.52,1187.33,86.751
2023-03-21 08:00:00,195.11807,1009.7156,4207.23,129.927,213792.2,912851.0,295.35,475.33,1154.44,54.28
2023-03-21 12:00:00,264.314,3222.6988,8114.87,245.305,1297939.9,3707405.0,991.54,1348.04,4804.44,114.792
2023-03-21 16:00:00,322.39978,2804.4677,8939.77,240.649,890029.9,5155479.0,528.07,3315.44,2710.79,61.63
2023-03-21 20:00:00,140.09483,1136.908,1446.68,137.519,2237228.7,5830431.0,904.94,3360.06,3718.52,65.315
2023-03-22 00:00:00,175.24061,1422.9949,1266.25,268.46,445115.6,2401833.0,410.39,413.95,837.39,42.855
2023-03-22 04:00:00,138.01624,776.4559,2413.41,211.283,830103.0,1331144.0,549.16,110.22,3026.51,23.336
2023-03-22 08:00:00,126.62684,912.3889,3418.77,1241.622,246717.3,2041806.0,210.27,183.11,3241.3,126.163
2023-03-22 12:00:00,522.952331,2988.6622,7770.24,419.252,1044061.9,7595077.0,3859.27,1158.6,3136.8,156.139
2023-03-22 16:00:00,1392.606043,7985.503,31296.8,2114.637,2529437.8,13255936.0,5231.08,5464.16,8432.12,1201.767
2023-03-22 20:00:00,469.8568,3141.2758,7073.94,376.934,547132.9,3160302.0,1584.35,328.63,1279.99,869.009
2023-03-23 00:00:00,218.28512,1387.3384,4180.16,204.137,557180.7,1725580.0,588.78,1283.09,385.35,358.737
2023-03-23 04:00:00,241.53463,2248.0084,2635.43,152.792,305230.9,1952350.0,1247.72,293.31,213.08,64.511
2023-03-23 08:00:00,155.67517,1289.8821,2768.19,133.311,412988.5,11806146.0,2064.71,170.15,1340.06,465.476
2023-03-23 12:00:00,750.31365,4611.16357,18305.64,1437.261,646921.4,9330357.0,6576.28,4197.68,2709.85,1170.606
2023-03-23 16:00:00,736.79097,4713.8007,13203.77,630.005,563099.3,6894535.0,5085.57,1068.14,4046.71,497.097
2023-03-23 20:00:00,489.04391,3194.9888,4307.59,187.804,182200.7,1299486.0,1167.8,448.38,1088.63,66.706
2023-03-24 00:00:00,233.95777,1848.1387,2133.66,152.79,143459.9,579434.0,863.52,388.26,778.52,130.116
2023-03-24 04:00:00,155.93104,1419.4725,2174.54,248.608,494831.3,878528.0,710.5,206.83,648.58,283.42033
2023-03-24 08:00:00,330.73623,3881.5958,4409.09,252.718,226823.9,2856862.0,2474.83,3686.77,5974.3,446.298
2023-03-24 12:00:00,706.02604,4797.6735,16753.06,489.375,271141.6,1857567.0,3859.46,1964.61,598.09,153.334
2023-03-24 16:00:00,585.73685,5284.8109,14695.55,303.555,329997.1,2030008.0,940.84,2460.67,1461.88,760.933
2023-03-24 20:00:00,332.60191,3329.9332,6430.37,250.676,178615.7,1455011.0,1062.07,373.08,1006.38,229.533
2023-03-25 00:00:00,128.80684,1069.1226,1843.81,110.536,86697.5,1144813.0,493.61,295.0,274.52,95.712
2023-03-25 04:00:00,94.56092,1044.8641,729.01,53.606,115204.0,618709.0,1057.95,564.12,516.32,61.853
2023-03-25 08:00:00,79.44991,1129.2663,498.94,40.607,73549.0,632254.0,1063.17,472.65,414.69,60.267
2023-03-25 12:00:00,150.45042,1889.8579,1660.37,72.793,221346.3,609316.0,503.3,204.94,522.26,55.294
2023-03-25 16:00:00,187.17151,3183.1592,3409.96,1030.132,360891.1,1308263.0,1393.21,685.78,1162.58,126.612
2023-03-25 20:00:00,107.41719,1525.317,1565.84,62.381,39932.9,819392.0,4469.39,880.16,640.6,93.547
2023-03-26 00:00:00,96.03675,1322.074,883.24,39.131,110895.8,764118.0,790.14,219.08,239.01,115.93
2023-03-26 04:00:00,54.88499,580.7006,769.56,33.782,28929.1,103783.0,1272.44,140.99,123.52,33.84
2023-03-26 08:00:00,118.75467,2568.7621,1157.19,129.53,66012.5,322044.0,754.42,620.8,215.1,34.687
2023-03-26 12:00:00,265.52906,3974.7868,1946.42,86.623,193461.0,1378985.0,3462.81,519.06,330.99,81.853
2023-03-26 16:00:00,113.61629,1839.7347,1396.22,171.308,220437.1,1357320.0,775.91,169.34,617.27,43.31
2023-03-26 20:00:00,222.35084,1757.9767,799.23,370.799,209244.4,655627.0,989.29,813.04,507.29,95.18
2023-03-27 00:00:00,180.40627,1407.6944,1780.66,90.115,72401.2,634736.0,530.2,286.73,627.64,99.087
2023-03-27 04:00:00,194.86557,1458.2643,1690.32,100.07,170074.3,951687.0,568.25,171.16,214.4,51.713
2023-03-27 08:00:00,159.71474,1216.0993,677.74,29.768,72412.6,629214.0,1699.39,419.65,84.21,32.613
2023-03-27 12:00:00,1055.1267,7251.5343,8202.69,2145.693,536742.3,7527119.0,3385.88,7110.75,3181.52,802.519
2023-03-27 16:00:00,601.942,4458.4985,1868.34,1920.139,88562.5,301891.0,1762.68,556.31,1131.64,417.239
2023-03-27 20:00:00,222.09753,3347.3739,952.56,703.061,402388.7,344562.0,711.75,162.8,808.05,208.904
2023-03-28 00:00:00,282.88756,3265.6782,877.94,810.028,388649.3,470272.0,1552.44,689.54,318.2,314.548
2023-03-28 04:00:00,260.81211,3249.7505,734.53,636.527,280320.9,499171.0,1895.35,334.85,163.95,77.649
2023-03-28 08:00:00,366.29099,4888.703,1229.46,408.409,176017.2,79548.0,670.01,598.44,177.96,95.56
2023-03-28 12:00:00,631.53214,5465.1266,1376.91,344.082,939854.1,825163.0,277.05,933.29,129.03,127.358
2023-03-28 16:00:00,616.20734,5932.1994,6002.95,569.223,395033.5,741068.0,2482.03,1235.92,861.8,106.581
2023-03-28 20:00:00,286.27842,2560.9243,3309.21,320.631,697919.2,872182.0,2136.3,371.96,665.0,72.001
2023-03-29 00:00:00,206.41487,2305.8232,2330.7,292.991,347859.5,433239.0,1267.01,1284.84,303.35,66.726
2023-03-29 04:00:00,546.55081,5053.0687,3360.81,542.219,511417.7,1964558.0,2800.97,4945.1,3439.75,221.024
2023-03-29 08:00:00,775.76543,4516.9289,3651.91,240.004,1002549.7,662201.0,911.8,785.07,2142.79,100.021
2023-03-29 12:00:00,678.52156,4358.5864,3988.61,517.463,785200.7,1313687.0,1071.27,1773.86,2436.88,282.448
2023-03-29 16:00:00,554.5457,3367.425,3405.76,518.448,234679.7,881722.0,3053.9,1065.27,1722.36,80.806
2023-03-29 20:00:00,329.96072,2397.484,1369.89,328.016,173112.9,1395344.0,602.56,862.05,2311.59,82.04
2023-03-30 00:00:00,1148.263512,8496.368,19644.33,911.488,798017.7,4068688.0,2019.17,2303.45,3032.15,394.71
2023-03-30 04:00:00,548.90814,3168.4785,2688.55,885.455,320641.6,624095.0,297.24,262.17,1039.2,43.801
2023-03-30 08:00:00,385.95451,2080.9893,7185.21,311.605,181657.0,1002121.0,525.37,1326.41,707.05,27.803
2023-03-30 12:00:00,1026.43258,6574.7964,19994.56,297.023,452100.2,1261975.0,2237.65,302.29,1451.22,28.19
2023-03-30 16:00:00,1022.16122,6408.7428,6498.69,302.443,514087.6,2686937.0,1234.5,1670.61,612.85,281.453
2023-03-30 20:00:00,553.43017,3999.9029,2004.04,167.645,124613.9,986500.0,1062.53,267.0,250.83,371.906
2023-03-31 00:00:00,552.34293,3725.298,1376.78,123.336,274202.6,733911.0,1098.7,2329.01,500.61,88.041
2023-03-31 04:00:00,461.78407,2788.7353,1867.18,428.292,342494.7,689181.0,2040.73,818.07,893.01,39.141
2023-03-31 08:00:00,420.00737,2056.7352,1260.64,111.285,1138865.8,566408.0,538.42,1238.65,4753.39,14.534
2023-03-31 12:00:00,1095.01532,8321.2519,4277.86,206.563,1380637.6,1826129.0,1855.62,2331.97,2727.3,53.126
2023-03-31 16:00:00,440.89804,2712.7513,1895.84,145.586,440867.9,1034353.0,826.96,996.47,2231.63,15.304
2023-03-31 20:00:00,294.37449,1476.5443,4452.44,208.381,489302.8,1925988.0,608.14,1521.26,396.92,55.597
2023-04-01 00:00:00,270.26885,1589.4922,1479.28,165.668,544022.3,2471270.0,762.96,346.14,684.84,653.358
2023-04-01 04:00:00,145.47012,1280.5909,1589.67,92.036,401103.4,1700136.0,423.62,479.95,341.3,33.481
2023-04-01 08:00:00,120.14242,887.4619,420.61,14.231,155022.9,420205.0,105.85,64.54,43.06,7.734
2023-04-01 12:00:00,153.80525,1145.313,978.06,57.587,120986.1,566099.0,220.67,435.59,508.24,462.692
2023-04-01 16:00:00,94.648,1053.2042,1066.11,164.253,109022.9,10169438.0,268.06,419.17,398.74,141.185
2023-04-01 20:00:00,129.33337,864.8389,637.11,68.32,103677.9,5938679.0,3593.85,12387.97,189.69,157.739
2023-04-02 00:00:00,104.58547,920.6833,440.95,123.528,616132.5,8164604.0,1025.19,872.96,56.72,40.374
2023-04-02 04:00:00,81.42989,566.4722,1252.48,80.194,200097.4,2929087.0,522.19,1055.08,160.49,117.166
2023-04-02 08:00:00,117.37559,549.6003,477.56,12.006,153455.6,1877666.0,210.79,216.15,27.73,44.565
2023-04-02 12:00:00,307.26247,2762.9409,6559.93,198.627,493443.1,4987716.0,1112.27,2619.18,1610.85,281.274
2023-04-02 16:00:00,303.8583,2659.8173,2461.88,95.525,282084.6,3139031.0,646.01,1181.87,409.32,299.039
2023-04-02 20:00:00,275.48538,1799.7606,500.96,139.461,104754.0,2097978.0,399.11,319.95,209.76,95.985
2023-04-03 00:00:00,363.66235,2169.9203,3483.84,204.965,371078.3,2324078.0,897.1,3105.94,2695.33,154.568
2023-04-03 04:00:00,265.35435,1290.4379,1501.77,286.951,595186.0,782911.0,420.93,290.85,200.99,7.113
2023-04-03 08:00:00,895.23051,4451.9734,2377.54,91.921,1239548.1,1278014.0,198.33,1455.03,427.2,35.096
2023-04-03 12:00:00,703.08624,3833.0437,1951.41,198.219,534322.5,3218889.0,204.1,652.73,722.11,64.387
2023-04-03 16:00:00,544.12236,5154.6208,6287.52,286.703,883601.4,75453756.0,690.36,3189.53,1291.2,300.96
2023-04-03 20:00:00,804.27138,6723.6733,5478.73,2181.401,812436.0,24363172.0,2771.51,4263.57,5877.26,313.157
2023-04-04 00:00:00,376.07612,2631.6448,799.17,157.433,250815.6,11276331.0,59.18,1715.48,984.58,63.784
2023-04-04 04:00:00,280.32183,2134.9806,539.09,94.921,335425.0,10761271.0,211.96,562.47,314.98,30.037
2023-04-04 08:00:00,490.4197,6021.33864,1974.31,174.853,416360.3,7515162.0,997.03,922.35,1453.28,66.798
2023-04-04 12:00:00,681.15925,8065.68663,3059.9,316.137,414164.1,6337810.0,296.74,281.67,497.2,95.367
2023-04-04 16:00:00,332.65966,3161.4721,2458.75,74.006,425842.9,5129596.0,1632.9,398.95,782.35,68.132
2023-04-04 20:00:00,214.70206,2690.7615,1013.79,301.404,244004.5,4684496.0,745.76,1115.57,1212.21,56.383
2023-04-05 00:00:00,592.22122,7409.07548,2299.51,284.841,209181.9,13695129.0,4572.13,3092.93,3824.01,106.819
2023-04-05 04:00:00,175.59726,1625.293,269.22,83.069,45681.5,3479923.0,252.94,331.88,831.37,42.333
2023-04-05 08:00:00,178.41065,2682.5775,1052.96,57.432,90818.8,4071667.0,552.18,139.38,390.51,36.925
2023-04-05 12:00:00,861.73189,10817.41765,5651.44,312.368,468252.5,5669833.0,788.42,1406.03,2197.63,134.168
2023-04-05 16:00:00,485.45815,5033.4948,1458.51,144.171,235374.1,9159961.0,367.93,1047.92,809.07,36.899
2023-04-05 20:00:00,146.94225,1787.1895,562.85,157.28,46581.2,3404257.0,451.68,444.03,185.91,23.397
2023-04-06 00:00:00,280.47013,4086.9667,2184.41,339.852,185333.2,3937009.0,467.66,331.64,533.79,53.19
2023-04-06 04:00:00,148.39503,2438.1858,561.83,155.253,54260.3,2601572.0,262.48,438.89,91.77,62.478
2023-04-06 08:00:00,272.65915,4626.8385,1275.65,57.649,371015.0,4510096.0,338.68,259.29,335.91,48.128
2023-04-06 12:00:00,427.77526,4662.9831,430.24,74.56,130102.0,3862993.0,910.05,1012.82,205.39,16.147
2023-04-06 16:00:00,171.44161,2017.9319,379.6,69.956,64063.4,3933154.0,565.84,446.08,131.66,26.5
2023-04-06 20:00:00,133.0671,1678.0908,692.96,60.799,115512.2,14806155.0,327.31,279.73,501.0,44.663
2023-04-07 00:00:00,97.6431,1606.4552,746.46,83.724,273833.0,4414219.0,265.96,563.71,144.06,46.086
2023-04-07 04:00:00,184.56189,2235.3957,2527.81,82.958,65620.8,7271327.0,889.91,953.09,79.06,89.016
2023-04-07 08:00:00,184.5394,1658.5728,245.36,54.556,126909.2,3968411.0,968.26,1702.0,19.32,22.381
2023-04-07 12:00:00,241.62113,2466.6438,525.88,64.522,62977.1,2989173.0,1104.84,105.15,227.61,36.269
2023-04-07 16:00:00,52.39585,1092.694,246.48,46.953,237466.0,2142232.0,164.12,55.78,103.37,20.589
2023-04-07 20:00:00,61.97234,1125.8683,1158.06,105.111,127765.4,2078044.0,220.51,3067.2,127.06,6.678
2023-04-08 00:00:00,85.32378,1078.5764,771.8,153.392,107887.1,2515970.0,460.99,1549.74,663.88,18.652
2023-04-08 04:00:00,78.80139,947.9335,297.2,47.076,60909.8,897933.0,322.18,61.87,92.64,11.082
2023-04-08 08:00:00,42.34786,596.0964,322.08,16.73,51488.9,809224.0,79.02,1.92,22.59,11.266
2023-04-08 12:00:00,46.71956,522.7722,225.78,46.28,414490.5,475960.0,155.14,329.13,136.8,7.022
2023-04-08 16:00:00,72.57629,1154.8501,970.39,42.921,136314.5,2219334.0,488.45,853.26,871.45,35.508
2023-04-08 20:00:00,50.41931,739.1391,2108.17,68.402,47245.5,1428875.0,307.29,626.93,479.34,10.594
2023-04-09 00:00:00,70.66616,828.7305,528.53,70.87,180616.1,1346153.0,149.99,459.16,53.72,12.082
2023-04-09 04:00:00,117.17369,2452.1963,391.01,25.13,50375.3,823380.0,282.91,125.44,385.41,9.941
2023-04-09 08:00:00,75.99323,1144.4334,49.66,14.267,23543.1,923354.0,101.92,46.14,40.41,6.266
2023-04-09 12:00:00,85.83288,1817.8565,253.69,36.299,155246.4,2751170.0,84.95,139.79,57.94,163.811
2023-04-09 16:00:00,223.46055,2896.0144,598.39,82.372,106657.7,2384961.0,316.09,533.66,283.57,49.074
2023-04-09 20:00:00,280.96641,1975.8388,462.06,112.423,45432.3,636837.0,331.62,301.78,402.78,162.669
2023-04-10 00:00:00,132.56613,1617.9247,965.9,47.076,468233.1,2987297.0,849.91,452.19,316.73,154.639
2023-04-10 04:00:00,91.98594,1087.508,328.0,47.58,13782.2,947518.0,559.67,195.93,30.55,24.131
2023-04-10 08:00:00,93.20359,1108.2311,306.49,7.479,33027.2,453158.0,251.85,53.9,32.17,7.102
2023-04-10 12:00:00,246.69764,2321.0659,667.61,58.579,48934.9,929968.0,435.23,120.73,246.65,158.25
2023-04-10 16:00:00,790.98392,5560.2359,1452.29,131.955,528988.3,1859536.0,1925.63,1908.52,6514.57,191.879
2023-04-10 20:00:00,502.992264,3860.6187,1795.51,194.167,360240.3,1245561.0,1267.26,908.01,468.23,194.512
2023-04-11 00:00:00,771.283465,5129.7641,4838.0,1061.925,392882.3,2789101.0,3293.68,2031.73,1381.98,299.346
2023-04-11 04:00:00,332.70871,1660.6854,13795.97,769.832,692538.7,2283488.0,535.55,1209.62,163.12,191.31325
2023-04-11 08:00:00,238.40064,1318.4557,1496.78,178.05,577688.4,954543.0,800.37,148.21,838.71,68.971
2023-04-11 12:00:00,425.52627,3466.4124,10149.45,152.371,644863.8,1464229.0,3839.53,650.6,534.84,104.129
2023-04-11 16:00:00,397.206127,4166.7775,11822.28,550.467,864782.7,1748648.0,468.85,1467.66,411.9,45.766
2023-04-11 20:00:00,280.58064,2345.8775,4340.54,353.565,85730.4,978135.0,151.83,5066.99,396.63,82.052
2023-04-12 00:00:00,418.67438,3582.1537,10163.24,270.038,440925.7,4082741.0,1077.39,4093.95,2012.97,180.996
2023-04-12 04:00:00,167.80389,1189.0495,11839.18,98.367,105554.8,2566952.0,419.56,674.87,490.48,18.004
2023-04-12 08:00:00,124.36478,840.3861,2042.73,20.971,38019.7,1319630.0,216.99,370.32,49.91,4.496
2023-04-12 12:00:00,1057.27911,9773.9947,17728.33,220.49,993641.3,3673304.0,4692.11,2840.6,1699.48,79.882
2023-04-12 16:00:00,389.44262,4073.6324,14395.47,101.705,564780.5,4083845.0,2445.12,6468.78,215.72,181.555
2023-04-12 20:00:00,238.03045,3983.2624,4776.31,86.276,132743.1,3666412.0,5226.32,255.42,1741.8,34.87
2023-04-13 00:00:00,225.02931,2421.3563,2749.59,117.309,183309.0,918355.0,1459.93,410.04,598.3,29.806
2023-04-13 04:00:00,181.26971,1731.4985,4077.82,36.354,446128.2,1291558.0,497.33,127.21,673.35,15.877
2023-04-13 08:00:00,476.88557,8102.12149,3354.57,65.793,495995.9,11710023.0,1764.18,401.97,1178.04,119.149
2023-04-13 12:00:00,663.145754,5400.49965,16055.57,233.087,1000665.0,5427552.0,887.08,3996.42,1791.82,691.582
2023-04-13 16:00:00,363.97987,3597.35234,3415.91,89.029,1107870.5,3689197.0,811.06,1567.44,2491.96,45.594
2023-04-13 20:00:00,204.70461,1549.5467,1773.09,119.091,874584.1,1357286.0,430.71,1839.57,366.98,110.946
2023-04-14 00:00:00,697.897816,8783.27575,21242.07,744.233,1748811.4,6504704.0,856.38,4411.28,8202.43,1202.20538
2023-04-14 04:00:00,440.187433,2599.3346,14728.48,479.033,462303.3,5474952.0,1837.58,3889.83,1941.71,437.53305
2023-04-14 08:00:00,255.25806,1704.321,1846.32,86.468,205085.6,3146781.0,533.01,1852.08,1423.65,213.776
2023-04-14 12:00:00,868.71537,6451.1433,7351.13,409.374,2044587.7,8350424.0,6158.82,2752.61,3034.36,242.593
2023-04-14 16:00:00,576.25181,4208.6236,3574.4,310.539,307860.2,9657853.0,2189.2,5143.99,1113.78,107.069
2023-04-14 20:00:00,246.40431,2614.9919,3816.78,72.154,320035.6,1313262.0,6460.03,605.57,621.3,57.834
2023-04-15 00:00:00,240.93815,2932.0261,3838.13,84.677,287522.7,4111267.0,1435.91,472.79,705.19,107.868
2023-04-15 04:00:00,108.62559,1303.5096,1663.82,91.233,552530.8,2109888.0,365.72,844.56,834.44,60.979
2023-04-15 08:00:00,110.79841,2021.7388,1953.27,171.705,1094569.3,3916134.0,828.38,645.67,1297.69,6.058
2023-04-15 12:00:00,139.99671,1624.5088,1629.94,464.078,734637.1,2256088.0,3061.07,731.81,1177.45,22.034
2023-04-15 16:00:00,148.3604,2681.7342,2801.81,113.369,525532.4,2368630.0,759.49,8598.84,5327.41,38.457
2023-04-15 20:00:00,113.85146,2010.9463,3022.46,152.597,250371.4,1258970.0,299.54,341.6,414.68,48.951
2023-04-16 00:00:00,108.07456,1525.1025,3414.57,75.386,699898.8,3230964.0,574.35,389.86,2022.37,98.935
2023-04-16 04:00:00,132.81753,1276.5662,948.96,43.923,123233.0,3320439.0,374.61,1972.04,522.98,40.121
2023-04-16 08:00:00,114.8938,1338.2088,848.28,53.876,194199.7,2480291.0,446.1,1408.85,655.96,394.996
2023-04-16 12:00:00,203.6319,1914.6166,855.6,847.928,534439.3,1758149.0,230.54,813.34,1197.73,566.80597
2023-04-16 16:00:00,274.36725,3627.29353,4013.24,743.004,268431.2,4294128.0,762.44,1504.87,1199.48,231.05007
2023-04-16 20:00:00,236.13803,3420.3346,8910.94,181.477,308810.2,6663632.0,8195.62,586.15,2446.72,155.082
2023-04-17 00:00:00,498.946,5855.9462,24186.72,309.403,495117.9,5782073.0,6061.97,2278.88,4420.07,376.652
2023-04-17 04:00:00,193.74965,1634.9653,5710.1,191.29,232200.1,8339860.0,3430.97,154.24,1415.19,112.929
2023-04-17 08:00:00,423.49072,2931.6896,9285.69,136.429,401557.2,13660374.0,994.24,2211.0,1006.86,98.249
2023-04-17 12:00:00,733.76357,5260.3423,16268.95,304.36,598950.9,13041181.0,5525.02,8840.85,3219.15,13.628
2023-04-17 16:00:00,336.50677,2093.4961,8643.57,131.392,177739.8,3173451.0,2581.71,1183.7,2525.93,42.479
2023-04-17 20:00:00,171.6743,1172.417,1153.06,59.324,211882.5,2562095.0,534.85,1096.91,4173.32,75.694
2023-04-18 00:00:00,391.00469,2220.4238,9216.37,93.183,429040.8,2359534.0,1310.59,1132.09,688.37,896.33131
2023-04-18 04:00:00,313.13052,1742.9027,3453.47,217.841,189487.5,3748667.0,1463.88,1124.87,3272.34,559.69133
2023-04-18 08:00:00,550.18627,1817.6174,3496.97,132.593,669063.0,1256150.0,608.62,2198.08,2348.47,237.73575
2023-04-18 12:00:00,1026.06709,2981.1931,4705.11,343.613,286348.1,4135760.0,1833.23,3414.84,3504.87,106.413
2023-04-18 16:00:00,685.12645,2907.8077,2965.53,56.232,133544.9,5168401.0,1269.22,462.66,1043.53,104.099
2023-04-18 20:00:00,414.78107,2118.6194,1749.04,85.635,126570.4,2079760.0,3336.85,2868.49,1318.16,87.491
2023-04-19 00:00:00,493.45537,1712.1628,2047.8,108.083,351922.4,1173566.0,771.83,276.59,203.25,67.594
2023-04-19 04:00:00,430.86327,2849.7452,2992.83,330.435,166917.4,1113813.0,539.82,532.95,851.7,198.949
2023-04-19 08:00:00,1516.91364,11364.9907,29819.3,1256.259,1703609.7,12103955.0,8810.79,4182.44,6603.27,1096.621
2023-04-19 12:00:00,688.87812,6125.4749,9518.06,204.571,462693.3,5439505.0,1500.05,4694.17,694.15,261.714
2023-04-19 16:00:00,580.71641,4696.401,7190.03,170.165,406348.8,6035168.0,1898.26,1698.56,1244.29,313.118
2023-04-19 20:00:00,788.08564,5215.8295,6999.52,406.532,429272.4,3905459.0,2015.83,3516.5,4418.6,592.131
2023-04-20 00:00:00,239.68206,4022.8056,3706.52,137.814,642820.2,8206636.0,613.85,998.58,912.72,182.781
2023-04-20 04:00:00,327.18631,2572.3877,3477.69,61.632,216069.9,6820689.0,525.98,730.69,870.72,12.115
2023-04-20 08:00:00,371.30894,3208.8109,4044.63,97.813,178165.5,6004166.0,582.68,481.9,126.5,82.839
2023-04-20 12:00:00,768.29959,7621.0902,12857.44,86.049,412620.7,22374103.0,3779.23,843.26,1875.57,732.163
2023-04-20 16:00:00,1248.47746,8148.4669,16116.63,532.874,959773.8,14512544.0,4601.88,8021.35,3847.36,715.498
2023-04-20 20:00:00,436.83482,3028.2869,2970.99,122.208,354067.3,2252274.0,1337.08,1241.76,654.91,100.999
2023-04-21 00:00:00,357.0696,2573.4613,2373.58,106.777,209210.9,1722095.0,351.42,528.46,371.69,260.55
2023-04-21 04:00:00,499.89708,3988.9304,4284.75,1773.139,290233.6,1523227.0,1972.97,1121.42,623.69,161.187
2023-04-21 08:00:00,435.12724,2486.4936,2478.81,1078.016,171962.6,1039267.0,532.27,482.53,188.21,93.18
2023-04-21 12:00:00,839.27709,5500.8569,4674.51,123.974,297804.6,2048024.0,2371.51,1298.35,4226.61,24.218
2023-04-21 16:00:00,959.06139,6714.6801,17423.23,1110.79,1478623.0,6143142.0,6960.33,10839.58,12999.99,472.895
2023-04-21 20:00:00,440.25473,3910.9655,9159.39,291.948,920380.7,4109451.0,2235.25,1934.21,1319.11,82.232
2023-04-22 00:00:00,181.7867,1617.0823,1130.13,158.793,160018.6,643121.0,1707.14,250.72,118.37,46.211
2023-04-22 04:00:00,179.28873,1501.7584,397.35,39.442,42501.8,993667.0,181.07,659.78,305.22,60.7
2023-04-22 08:00:00,217.8841,1381.7595,523.09,76.97,56051.0,780062.0,560.19,52.27,8.85,3.088
2023-04-22 12:00:00,392.22729,2365.4355,1629.33,224.721,148099.8,1320603.0,216.8,1468.09,779.34,73.372
2023-04-22 16:00:00,362.08179,2353.8476,1677.03,77.073,146261.3,1376159.0,1726.18,1215.61,1594.26,70.761
2023-04-22 20:00:00,297.72852,2033.6965,1271.22,180.35,107095.6,454884.0,780.92,359.78,1606.68,6.262
2023-04-23 00:00:00,285.55005,2501.0313,1252.32,99.942,142596.9,1416955.0,1086.67,803.44,587.29,385.436
2023-04-23 04:00:00,144.85117,1152.6177,1991.63,43.822,57219.9,635521.0,22.1,37.4,5.94,13.541
2023-04-23 08:00:00,234.5339,1351.2169,959.98,23.668,21885.9,222011.0,51.17,82.07,67.25,33.787
2023-04-23 12:00:00,345.74235,2682.03,1303.46,73.796,118088.1,1330073.0,756.52,495.53,1915.61,55.893
2023-04-23 16:00:00,487.55137,3543.5277,4444.44,44.775,410746.4,2354636.0,1998.49,1156.75,842.33,99.961
2023-04-23 20:00:00,250.73314,1618.3987,986.89,100.567,186238.7,1081851.0,1354.98,2344.43,327.64,28.255
2023-04-24 00:00:00,620.52489,2097.845,1805.85,90.881,80766.0,1585775.0,760.28,1171.36,866.0,172.323
2023-04-24 04:00:00,441.19012,2088.7732,1235.88,60.394,51636.3,923425.0,135.51,372.18,282.28,74.924
2023-04-24 08:00:00,575.422,2590.2558,942.08,43.689,75836.8,639836.0,111.26,364.13,295.59,71.246
2023-04-24 12:00:00,717.84205,3004.698,1858.76,107.011,127456.6,1008200.0,409.72,1055.81,866.64,90.775
2023-04-24 16:00:00,823.05444,3811.648,3431.77,41.793,95467.3,1416121.0,661.17,583.71,475.05,98.387
2023-04-24 20:00:00,225.29895,1072.0009,292.69,41.085,134580.9,338414.0,2454.72,737.98,31.63,20.072
2023-04-25 00:00:00,282.01807,1605.1657,4734.57,173.696,252115.4,255659.0,383.81,519.43,1146.48,113.456
2023-04-25 04:00:00,267.76451,1700.4825,473.94,33.096,28319.7,451613.0,219.14,470.58,281.71,8.713
2023-04-25 08:00:00,359.93062,2543.2405,1049.34,53.519,321869.6,658245.0,204.61,24.53,120.96,307.051
2023-04-25 12:00:00,753.82202,3530.0704,1158.88,52.057,362451.5,468480.0,134.36,493.63,457.27,78.243
2023-04-25 16:00:00,672.90419,2646.5194,492.94,82.657,42393.3,705692.0,674.51,21.86,1137.8,263.624
2023-04-25 20:00:00,640.73662,2022.1993,1902.69,215.259,304230.9,939858.0,1280.52,873.98,2380.12,467.389
2023-04-26 00:00:00,402.42115,1837.5854,808.13,109.593,201942.6,1191068.0,445.33,340.31,240.75,28.202
2023-04-26 04:00:00,307.06592,1308.5454,1773.58,78.07,17922.7,596634.0,162.5,155.43,193.03,33.248
2023-04-26 08:00:00,1266.40655,4285.3339,1748.1,61.446,57537.7,1827554.0,278.9,386.63,1018.25,62.698
2023-04-26 12:00:00,1488.86611,4434.1332,5199.08,413.116,244722.2,3102942.0,549.16,1068.86,3235.06,385.894
2023-04-26 16:00:00,1398.55329,5529.7931,10012.41,438.176,520014.9,7106589.0,2910.05,10555.99,8002.45,324.601
2023-04-26 20:00:00,1592.273,5417.9735,10703.99,436.481,637638.7,6339760.0,1925.56,7567.62,3801.62,359.839
2023-04-27 00:00:00,1004.31921,5475.754,6727.44,275.944,404139.5,2503125.0,2721.17,1185.91,1396.21,389.382
2023-04-27 04:00:00,414.50231,2960.4689,1063.07,135.764,122929.0,1449352.0,53.47,440.91,352.07,36.837
2023-04-27 08:00:00,345.96013,2429.3327,588.46,32.422,67679.6,1238224.0,110.76,103.77,49.27,14.449
2023-04-27 12:00:00,820.94455,5096.1802,3248.54,184.616,210380.2,2573824.0,1363.8,1002.92,623.12,109.026
2023-04-27 16:00:00,938.13187,4404.7956,2611.04,115.893,195661.3,949016.0,439.69,737.14,675.87,111.913
2023-04-27 20:00:00,441.55677,2314.956,1509.26,73.008,153700.0,1017673.0,1013.29,2141.0,841.37,70.965
2023-04-28 00:00:00,323.11717,1550.1138,1245.95,152.03,40497.2,365132.0,58.32,2059.07,131.31,129.226
2023-04-28 04:00:00,194.60777,1339.7437,832.32,165.057,47068.5,748433.0,95.98,276.53,150.54,136.286
2023-04-28 08:00:00,281.88439,1667.1725,2616.06,222.893,51957.0,630874.0,169.03,653.1,505.73,186.672
2023-04-28 12:00:00,602.41094,3840.111,2251.38,144.962,162664.9,1495234.0,450.52,2305.83,2383.8,197.891
2023-04-28 16:00:00,324.2818,1943.008,7789.6,35.089,44074.1,570699.0,178.03,717.37,1244.35,109.836
2023-04-28 20:00:00,128.60139,1121.1718,2551.13,97.285,256095.9,439758.0,127.11,306.49,57.5,521.085
2023-04-29 00:00:00,126.92751,810.8719,1015.73,94.551,46336.8,454322.0,313.54,669.0,138.34,20.578
2023-04-29 04:00:00,83.44648,730.7483,501.81,45.167,5659.8,116069.0,265.92,163.3,271.54,25.024
2023-04-29 08:00:00,93.68578,782.572,196.89,14.358,4724.0,667587.0,86.69,146.99,253.89,16.171
2023-04-29 12:00:00,72.96421,1524.2537,11348.63,30.544,34019.7,334574.0,2711.53,1038.91,834.07,126.794
2023-04-29 16:00:00,115.28365,1307.5382,6721.49,112.233,44403.1,1984146.0,1309.4,895.84,976.72,74.682
2023-04-29 20:00:00,76.81076,885.4418,3552.98,54.522,17366.3,740647.0,183.35,49.96,509.39,46.923
2023-04-30 00:00:00,84.92597,761.4654,576.55,44.283,45646.7,231216.0,723.41,445.88,567.06,103.19
2023-04-30 04:00:00,67.78969,576.6372,722.92,25.009,23951.9,294632.0,109.93,4291.31,185.08,21.686
2023-04-30 08:00:00,85.15475,1047.527,827.83,24.351,8402.1,339385.0,20.29,508.37,343.27,3.573
2023-04-30 12:00:00,348.91977,2315.1598,2645.09,94.128,356164.6,376019.0,1022.64,1260.59,329.39,193.415
2023-04-30 16:00:00,412.05943,2951.8534,4223.35,695.122,155239.5,833929.0,1061.34,1103.78,1420.38,268.953
2023-04-30 20:00:00,296.36765,2394.4562,3998.0,244.44,325227.1,485164.0,116.84,684.16,969.85,128.359
2023-05-01 00:00:00,407.44187,2672.9267,5162.91,434.65,226110.3,3145449.0,412.0,1851.34,3234.19,255.549
2023-05-01 04:00:00,262.94677,1308.1667,1970.52,126.956,39239.5,903171.0,1811.71,58.21,884.16,12.214
2023-05-01 08:00:00,123.7215,1008.4696,211.16,82.397,34296.7,434014.0,249.95,605.41,479.49,20.751
2023-05-01 12:00:00,513.76297,3520.0005,2925.74,262.911,88126.4,1915129.0,1012.83,199.38,879.75,221.509
2023-05-01 16:00:00,527.70706,3482.5474,3181.47,339.506,486980.2,2048311.0,296.65,2788.51,2063.98,192.153
2023-05-01 20:00:00,271.50036,1630.1823,2092.74,111.708,33147.1,593822.0,164.61,196.63,724.9,26.666
2023-05-02 00:00:00,201.30046,1220.2809,635.05,221.257,27347.9,409351.0,58.95,784.15,132.94,27.868
2023-05-02 04:00:00,139.42292,740.1905,396.67,115.491,24143.5,338714.0,163.24,108.92,91.75,3.907
2023-05-02 08:00:00,118.57606,893.0139,1357.72,48.921,20934.5,490739.0,78.12,1016.04,413.29,89.443
2023-05-02 12:00:00,574.278,3537.1095,1550.4,80.102,60200.1,913395.0,260.69,2265.52,1077.86,126.063
2023-05-02 16:00:00,325.27328,1396.4531,1038.86,90.876,306813.9,732285.0,1182.3,451.05,1387.39,36.592
2023-05-02 20:00:00,226.59136,638.9215,1764.1,138.662,241086.8,359457.0,119.02,795.39,721.84,44.422
2023-05-03 00:00:00,279.90344,670.0992,934.51,226.436,106637.8,589835.0,445.01,478.02,916.48,75.119
2023-05-03 04:00:00,207.72389,581.8958,1984.78,34.992,56330.7,550596.0,33.98,2.28,239.18,55.225
2023-05-03 08:00:00,210.65958,715.6459,3729.69,16.01,128964.7,900507.0,1259.52,354.95,344.62,5.885
2023-05-03 12:00:00,592.10491,2028.8176,3343.55,138.029,231310.8,1374037.0,1301.83,1464.11,1484.53,176.525
2023-05-03 16:00:00,1225.29026,4365.6742,6067.41,233.882,540942.7,2744388.0,2177.53,2739.52,2844.38,215.638
2023-05-03 20:00:00,429.37084,1682.8263,6701.31,116.028,400303.0,1295912.0,1129.8,2348.75,941.13,434.142
2023-05-04 00:00:00,167.40256,842.7142,2510.25,105.111,47156.0,148154.0,150.59,402.9,214.81,36.366
2023-05-04 04:00:00,137.95657,429.1446,536.23,25.267,204577.6,187147.0,29.17,286.02,49.7,18.98
2023-05-04 08:00:00,192.12469,635.7312,295.79,21.236,19772.8,682876.0,119.78,452.26,70.21,15.681
2023-05-04 12:00:00,494.23502,1745.5195,4386.76,36.707,63950.2,400085.0,445.43,2760.27,289.38,74.255
2023-05-04 16:00:00,310.53193,1601.6184,2368.37,71.665,242864.7,1372874.0,2532.45,1034.11,544.81,13.594
2023-05-04 20:00:00,132.13677,703.5166,856.35,49.303,18628.2,397574.0,936.21,162.45,452.06,150.796
2023-05-05 00:00:00,370.8723,1161.4923,2575.25,59.565,69683.7,513007.0,275.36,534.14,1044.19,49.021
2023-05-05 04:00:00,175.54164,616.209,1649.23,49.812,10083.1,219167.0,174.63,426.04,85.41,221.342
2023-05-05 08:00:00,158.41405,884.7443,1270.42,15.943,28494.7,147434.0,181.27,206.57,726.71,2.0
2023-05-05 12:00:00,599.76674,2981.2947,6464.71,138.51,162226.9,1936370.0,540.83,5796.9,3222.57,104.94
2023-05-05 16:00:00,502.47,2640.2076,7998.83,237.811,156169.3,1656127.0,4830.21,2371.15,1290.71,180.162
2023-05-05 20:00:00,149.44606,1010.8466,1711.83,174.513,47113.8,1901827.0,161.44,1551.26,2077.49,72.521
2023-05-06 00:00:00,245.39844,1811.6775,3299.59,68.036,384258.3,706489.0,240.06,568.32,297.14,61.632
2023-05-06 04:00:00,167.22395,718.099,1231.46,35.15,20981.8,273097.0,6338.59,459.19,770.19,69.355
2023-05-06 08:00:00,149.4105,1491.5252,941.61,24.699,78773.5,965060.0,628.71,507.58,506.98,229.665
2023-05-06 12:00:00,375.75243,2649.2271,9328.52,150.773,509339.2,3682414.0,934.84,2774.62,2750.84,416.775
2023-05-06 16:00:00,230.61821,1375.6279,1804.87,95.733,201950.2,615456.0,105.22,798.79,153.29,144.336
2023-05-06 20:00:00,110.39557,726.2726,909.2,69.646,121424.8,158525.0,2099.46,5350.51,961.61,57.85
2023-05-07 00:00:00,185.88372,1273.2819,8492.52,57.521,46662.0,959963.0,306.71,275.31,156.4,19.904
2023-05-07 04:00:00,86.91663,723.7875,679.63,44.703,61370.0,390606.0,72.62,195.08,616.12,13.981
2023-05-07 08:00:00,100.5213,770.5566,549.28,51.821,12780.4,212021.0,114.62,192.15,35.15,9.129
2023-05-07 12:00:00,112.71138,1270.3894,1476.3,132.922,34218.3,889714.0,89.57,561.38,75.07,29.709
2023-05-07 16:00:00,145.76418,1140.5712,2645.9,70.215,469485.7,330601.0,467.36,197.19,45.43,36.046
2023-05-07 20:00:00,263.9026,2238.8241,5158.67,114.542,251235.3,599474.0,1626.08,659.23,249.82,39.511
2023-05-08 00:00:00,559.41425,3141.1484,11828.42,248.869,598697.1,5322791.0,4528.33,9575.77,6311.24,407.888
2023-05-08 04:00:00,231.81368,1340.5423,1595.89,132.487,226532.3,1280899.0,497.53,1773.25,426.15,153.375
2023-05-08 08:00:00,363.91709,2225.2732,1756.58,48.32,305125.6,778639.0,852.29,563.07,128.94,28.594
2023-05-08 12:00:00,341.54902,2187.8569,2932.37,80.215,94363.4,726320.0,959.3,1557.28,1011.51,194.942
2023-05-08 16:00:00,601.1805,3536.4442,13329.94,308.823,644673.7,10809908.0,4647.05,3394.13,9827.12,722.489
2023-05-08 20:00:00,282.21323,1425.1942,9039.26,454.011,82270.8,1637197.0,1593.44,2300.86,764.44,188.276
2023-05-09 00:00:00,98.2677,526.0081,2022.77,66.932,252465.9,450624.0,1015.74,2441.82,411.59,102.466
2023-05-09 04:00:00,70.81432,287.2453,552.63,68.481,11365.3,883438.0,276.0,619.75,255.79,74.656
2023-05-09 08:00:00,40.47203,258.0017,644.99,133.679,13973.9,222354.0,179.35,367.87,327.29,63.52
2023-05-09 12:00:00,133.71129,673.1757,1079.53,137.164,53203.7,1356781.0,465.2,563.03,577.11,18.09
2023-05-09 16:00:00,141.98194,603.105,1017.1,126.596,27620.6,987778.0,478.55,722.15,7624.18,411.37
2023-05-09 20:00:00,55.32812,367.0732,553.99,183.664,105329.6,230106.0,219.95,280.32,100.06,570.511
2023-05-10 00:00:00,49.45071,309.5244,657.79,56.683,523600.2,62401.0,833.66,491.68,725.0,65.733
2023-05-10 04:00:00,18.55099,88.0587,865.86,58.838,5068.7,131697.0,179.03,241.96,294.78,41.565
2023-05-10 08:00:00,29.36921,167.4793,318.31,17.639,192550.8,129615.0,524.22,1175.03,240.98,47.57
2023-05-10 12:00:00,177.47421,652.0342,3055.52,95.339,280582.2,868005.0,1783.21,922.69,2801.04,759.673
2023-05-10 16:00:00,285.61459,1266.9231,8700.64,575.743,410039.0,2544644.0,7011.13,8313.57,4325.81,1574.705
2023-05-10 20:00:00,80.91075,376.3274,2452.35,155.141,58786.4,425004.0,1144.95,1091.59,847.58,682.035
2023-05-11 00:00:00,49.71125,188.1436,444.84,106.313,37650.8,59093.0,574.78,98.96,206.28,83.673
2023-05-11 04:00:00,24.70843,121.6995,151.32,40.785,21644.8,128812.0,155.16,530.28,156.48,8.452
2023-05-11 08:00:00,41.06446,287.068,709.76,53.174,57434.3,280765.0,259.61,52.23,784.12,100.246
2023-05-11 12:00:00,171.99288,771.8088,6043.44,79.19,96587.8,677707.0,499.01,330.68,4368.13,261.296
2023-05-11 16:00:00,115.39663,439.0248,5064.83,236.978,43366.0,1370282.0,1187.27,476.85,932.41,181.443
2023-05-11 20:00:00,45.79299,158.4789,527.67,49.518,309142.5,1020736.0,342.9,515.46,1658.14,40.171
2023-05-12 00:00:00,79.26149,370.3528,793.24,69.472,211832.6,191811.0,579.25,632.04,1935.95,162.848
2023-05-12 04:00:00,106.11836,558.5414,1324.02,189.089,83982.2,233780.0,107.65,420.7,167.17,30.552
2023-05-12 08:00:00,59.1181,410.5337,307.86,5.263,630171.0,211010.0,58.33,39.85,282.38,13.824
2023-05-12 12:00:00,107.82056,643.2336,1468.66,66.888,230082.6,147534.0,111.58,204.85,677.61,26.998
2023-05-12 16:00:00,159.7948,695.7219,1582.78,117.116,306966.2,1183863.0,535.87,4819.38,1573.51,149.157
2023-05-12 20:00:00,123.78484,553.9567,1178.83,97.868,230814.7,434674.0,456.82,467.98,2288.46,35.204
2023-05-13 00:00:00,45.80128,215.6169,763.5,67.856,130779.0,872884.0,93.82,321.69,723.55,62.212
2023-05-13 04:00:00,27.24826,150.5805,752.94,9.941,60038.5,15726.0,0.13,2097.34,361.92,50.995
2023-05-13 08:00:00,15.6382,128.4461,391.8,10.567,3701.9,555649.0,24.26,132.01,162.32,16.856
2023-05-13 12:00:00,40.5779,357.2021,845.79,65.657,25499.1,144260.0,351.77,200.34,248.06,89.347
2023-05-13 16:00:00,73.73946,279.7545,431.34,24.134,11436.2,142951.0,66.07,156.67,420.1,23.336
2023-05-13 20:00:00,36.0307,271.4069,680.19,81.694,23386.9,42686.0,63.49,96.2,97.78,94.416
2023-05-14 00:00:00,70.6398,249.8432,1960.16,11.745,18724.6,400197.0,28.28,1200.71,1189.94,31.04
2023-05-14 04:00:00,22.6734,190.7005,533.02,41.505,2852.5,74086.0,113.33,70.98,137.89,59.647
2023-05-14 08:00:00,16.46682,131.8315,102.4,21.55,2784.0,3626.0,21.09,33.44,0.0,1.983
2023-05-14 12:00:00,97.97161,413.8304,621.53,40.478,71526.9,210961.0,125.43,423.54,225.98,220.542
2023-05-14 16:00:00,81.26316,371.5742,271.13,83.938,60979.1,194053.0,114.79,543.19,188.61,71.914
2023-05-14 20:00:00,47.77795,229.2385,58.24,21.887,4940.4,138395.0,109.79,204.31,127.29,58.787
2023-05-15 00:00:00,169.86779,726.4851,1447.21,47.782,108979.6,1203312.0,253.53,367.16,636.4,107.942
2023-05-15 04:00:00,92.84202,295.8854,1991.94,20.756,91862.5,243160.0,94.21,385.82,246.45,406.761
2023-05-15 08:00:00,49.46079,231.2737,420.15,12.68,17726.6,149979.0,18.96,381.53,87.36,26.043
2023-05-15 12:00:00,98.2949,611.9317,687.71,1153.353,6492.6,427551.0,726.55,761.58,1355.04,75.765
2023-05-15 16:00:00,150.80998,717.8312,1839.01,195.481,13757.5,517130.0,574.55,186.53,516.3,290.481
2023-05-15 20:00:00,83.12647,307.4705,1909.11,68.358,7387.7,305602.0,25.77,84.75,15221.54,37.317
2023-05-16 00:00:00,113.50115,628.7653,2263.18,44.926,98420.8,1306465.0,634.82,1367.13,1468.73,248.463
2023-05-16 04:00:00,47.17125,179.2855,409.1,36.939,74992.7,92269.0,50.06,218.01,98.37,396.327
2023-05-16 08:00:00,57.8392,373.3007,248.4,14.38,25719.8,85046.0,153.92,15.15,278.0,246.548
2023-05-16 12:00:00,78.49271,637.872,787.32,29.149,37682.1,711935.0,211.66,142.62,1908.3,369.331
2023-05-16 16:00:00,90.97211,513.6384,4905.53,63.257,3524.8,390528.0,510.11,302.27,139.53,204.723
2023-05-16 20:00:00,42.01198,281.3397,1489.5,47.903,83752.9,283895.0,112.55,47.83,1317.9,553.793
2023-05-17 00:00:00,97.06896,425.5433,687.01,93.308,71276.0,985014.0,179.88,469.35,1548.94,1546.645
2023-05-17 04:00:00,98.57008,253.1215,1200.09,37.752,28728.4,422087.0,685.86,1724.42,2800.16,129.396
2023-05-17 08:00:00,89.25948,539.5667,244.27,54.522,21313.2,1859741.0,197.78,183.04,255.16,446.629
2023-05-17 12:00:00,126.79928,684.0513,536.23,66.245,33668.7,112322.0,210.82,439.76,702.12,439.109
2023-05-17 16:00:00,201.72291,889.8774,1683.41,66.158,84665.8,2258978.0,475.93,680.79,890.47,759.023
2023-05-17 20:00:00,108.40929,407.8782,2023.84,29.919,36355.7,163350.0,129.18,807.67,651.56,224.462
2023-05-18 00:00:00,69.70757,370.5777,679.05,35.424,17334.1,199259.0,246.27,726.42,93.19,293.613
2023-05-18 04:00:00,67.99658,331.7256,886.92,18.115,31704.9,1426322.0,72.56,1659.55,188.62,108.99
2023-05-18 08:00:00,51.87808,175.4621,1865.26,7.617,23798.0,87827.0,178.82,42.92,28.19,226.606
2023-05-18 12:00:00,201.71157,597.8252,620.62,52.574,113056.4,426143.0,733.0,3124.73,1176.33,125.755
2023-05-18 16:00:00,241.64648,980.4699,1208.67,88.794,39314.3,468778.0,700.95,3174.94,3124.66,344.896
2023-05-18 20:00:00,65.62345,513.3414,810.62,33.415,61490.3,695859.0,123.54,410.66,297.39,248.528
2023-05-19 00:00:00,49.38443,252.423,250.52,75.869,19178.0,79611.0,460.96,302.91,317.96,113.938
2023-05-19 04:00:00,35.65391,202.1912,317.1,25.278,8156.1,94580.0,92.21,120.02,9.38,140.653
2023-05-19 08:00:00,27.58019,180.7233,187.87,24.591,3589.9,116951.0,177.76,121.14,9.01,89.049
2023-05-19 12:00:00,177.12716,710.6177,524.05,26.848,71695.6,49329.0,427.98,559.98,39.25,95.404
2023-05-19 16:00:00,60.68242,410.439,1125.51,32.101,25132.8,126704.0,68.32,248.47,93.71,169.851
2023-05-19 20:00:00,22.8839,139.7002,2203.86,26.733,19796.5,132327.0,89.34,153.97,100.77,185.767
2023-05-20 00:00:00,19.69343,80.7349,580.57,27.796,57379.1,163174.0,167.34,772.38,71.73,76.102
2023-05-20 04:00:00,20.74386,41.4824,541.44,20.16,43731.4,13283.0,160.63,416.93,81.85,33.06
2023-05-20 08:00:00,13.26844,58.5857,3586.14,20.508,21406.0,18035.0,0.89,12.88,15.56,8.05
2023-05-20 12:00:00,14.13687,86.3457,2756.43,44.208,18851.0,26435.0,149.87,577.31,76.38,17.288
2023-05-20 16:00:00,45.039,215.8899,3248.89,39.609,35085.3,371831.0,220.96,946.34,216.92,20.7
2023-05-20 20:00:00,35.54488,179.295,365.48,68.781,45919.5,25906.0,78.54,797.94,510.12,38.359
2023-05-21 00:00:00,35.71792,244.0472,707.33,21.964,7235.5,60308.0,7.13,538.96,170.8,37.644
2023-05-21 04:00:00,30.82179,135.053,262.83,20.265,13808.1,11030.0,56.44,60.68,24.21,81.498
2023-05-21 08:00:00,110.07802,310.5314,303.02,43.297,223259.5,10438.0,52.14,224.38,1069.99,646.666
2023-05-21 12:00:00,51.20252,358.1599,1833.48,28.356,368810.0,116727.0,537.99,973.08,949.18,158.085
2023-05-21 16:00:00,46.75207,278.6251,439.7,50.317,19209.3,148850.0,547.47,156.1,820.87,903.895
2023-05-21 20:00:00,59.47593,322.7789,2033.89,49.467,76888.4,33492.0,1661.44,1013.44,27.92,33.258
2023-05-22 00:00:00,144.54255,857.1379,817.3,68.031,41072.6,231014.0,223.42,1271.58,1326.14,730.169
2023-05-22 04:00:00,104.91983,526.7023,286.99,17.004,8127.9,74150.0,87.84,479.52,483.57,35.601
2023-05-22 08:00:00,59.33465,688.894,896.99,16.345,132389.9,526458.0,733.57,113.19,686.65,39.361
2023-05-22 12:00:00,324.52975,1391.9632,4921.27,31.219,217077.4,160817.0,46.34,151.2,388.19,211.135
2023-05-22 16:00:00,145.3918,785.072,384.85,156.689,14325.4,67617.0,723.96,711.86,281.47,45.53
2023-05-22 20:00:00,54.34792,399.6399,693.97,47.108,37337.4,54728.0,67.33,362.01,230.61,32.026
2023-05-23 00:00:00,266.59625,2418.508,2018.13,531.558,30120.6,32747.0,625.11,980.0,174.32,505.095
2023-05-23 04:00:00,204.68862,1318.5872,429.56,74.644,17236.6,92298.0,88.5,1470.52,92.24,98.63
2023-05-23 08:00:00,85.02116,670.8501,492.61,22.551,12313.5,106942.0,32.4,69.51,277.07,28.752
2023-05-23 12:00:00,237.1774,1538.97,678.7,30.874,101532.9,97393.0,1302.14,1424.42,126.55,65.105
2023-05-23 16:00:00,186.23563,1168.8142,731.6,25.398,9396.2,106123.0,1340.29,83.88,110.27,72.83
2023-05-23 20:00:00,47.7235,471.4708,962.46,73.786,7530.1,18927.0,513.14,1744.15,254.18,65.975
2023-05-24 00:00:00,125.74603,1281.8227,942.46,78.504,27256.7,240702.0,454.44,1044.61,603.57,1019.268
2023-05-24 04:00:00,100.48221,944.4978,702.34,39.552,29965.4,165725.0,40.14,619.12,1295.37,714.693
2023-05-24 08:00:00,109.73976,2436.6811,491.92,28.394,89926.6,61922.0,89.6,257.8,41.88,35.743
2023-05-24 12:00:00,346.1471,1913.259,5630.32,123.526,139700.5,322458.0,392.99,848.45,933.67,754.714
2023-05-24 16:00:00,174.65149,1235.4545,885.94,211.553,6801.7,72957.0,222.04,717.04,95.8,95.527
2023-05-24 20:00:00,133.06378,744.545,317.53,51.468,12023.5,81171.0,79.99,143.06,137.34,189.466
2023-05-25 00:00:00,151.92441,1396.8305,1891.74,132.89,110797.9,339085.0,831.36,333.14,1834.28,834.604
2023-05-25 04:00:00,48.73432,629.9641,794.85,21.971,99561.4,36357.0,26.96,263.58,132.83,116.307
2023-05-25 08:00:00,72.76282,463.3609,87.92,24.029,5832.9,17750.0,80.35,117.69,68.01,38.314
2023-05-25 12:00:00,217.16741,1407.3561,793.24,45.325,23714.8,71102.0,1096.3,642.69,408.71,136.318
2023-05-25 16:00:00,209.55412,1093.7043,285.75,148.215,18136.2,483931.0,146.8,457.98,399.89,98.688
2023-05-25 20:00:00,54.44647,623.3838,210.49,78.109,16509.6,41654.0,73.99,781.3,149.56,129.05
2023-05-26 00:00:00,88.01985,562.5088,216.09,33.44,174056.9,145022.0,140.07,267.86,43.12,158.35
2023-05-26 04:00:00,52.55021,343.4836,386.69,303.084,6761.2,6431.0,97.32,520.24,176.37,453.516
2023-05-26 08:00:00,63.59774,376.8834,86.02,36.206,5463.6,56466.0,108.12,511.93,24.22,38.134
2023-05-26 12:00:00,204.62542,1630.6403,405.63,76.252,50195.5,75312.0,260.36,94.27,1036.76,597.2
2023-05-26 16:00:00,80.38785,692.6618,576.72,96.021,108894.7,263135.0,570.88,794.83,289.56,40.244
2023-05-26 20:00:00,26.79837,308.6778,178.24,44.397,29140.6,170702.0,256.91,657.21,48.08,51.287
2023-05-27 00:00:00,54.16133,331.4614,92.61,37.001,56323.7,49642.0,2137.56,410.23,28.1,34.173
2023-05-27 04:00:00,31.33909,255.4715,301.3,44.485,4590.8,205200.0,6.41,132.12,0.36,11.567
2023-05-27 08:00:00,20.06016,225.5747,394.63,12.212,7032.8,17426.0,77.25,11.14,31.01,1.924
2023-05-27 12:00:00,60.97752,582.5409,285.81,64.855,21014.0,66762.0,854.85,1216.6,194.01,58.369
2023-05-27 16:00:00,50.99081,301.9007,459.34,42.342,4062.4,54925.0,970.33,469.92,124.38,79.603
2023-05-27 20:00:00,24.54114,239.6182,4340.71,18.529,12088.1,305346.0,359.42,288.64,497.57,59.386
2023-05-28 00:00:00,108.74753,1260.901,13663.04,84.853,47374.7,159428.0,2257.36,180.5,1328.34,127.048
2023-05-28 04:00:00,39.04929,596.6559,419.67,74.413,9596.1,49150.0,175.06,43.19,170.23,48.53
2023-05-28 08:00:00,44.36296,263.1053,587.69,2.424,233732.2,202187.0,1350.63,6.4,103.6,114.766
2023-05-28 12:00:00,43.64727,244.937,297.77,37.601,138766.9,44905.0,193.71,606.06,282.59,5.634
2023-05-28 16:00:00,152.80341,892.5799,1950.63,41.065,249682.9,139946.0,190.91,721.01,266.4,97.323
2023-05-28 20:00:00,196.48256,1916.275,3292.86,146.798,338461.4,208580.0,1625.46,564.25,521.18,661.855
2023-05-29 00:00:00,238.52877,1366.2489,1586.05,212.472,184083.6,201044.0,4385.32,488.04,546.16,1478.551
2023-05-29 04:00:00,121.77207,773.9206,502.92,49.505,24894.2,25278.0,460.01,396.74,153.72,149.422
2023-05-29 08:00:00,75.90829,554.1888,173.99,98.189,222010.3,64656.0,86.24,10.74,4.55,399.893
2023-05-29 12:00:00,162.02054,1392.3101,551.82,267.082,172856.7,71161.0,255.78,356.98,1917.63,73.56
2023-05-29 16:00:00,132.87857,1297.2059,1527.74,79.086,19215.3,126167.0,180.9,960.4,91.73,62.954
2023-05-29 20:00:00,80.50008,738.6042,1156.64,91.571,29163.5,285551.0,156.96,1454.64,204.4,43.262
2023-05-30 00:00:00,73.51767,910.0502,4790.67,82.625,19978.9,115869.0,2406.49,166.11,80.76,69.63
2023-05-30 04:00:00,59.16205,410.4091,1331.52,18.258,13046.8,1004472.0,80.7,320.44,322.7,110.298
2023-05-30 08:00:00,98.92116,770.7452,4211.35,70.043,24484.4,180630.0,892.57,179.52,22.87,905.397
2023-05-30 12:00:00,251.20819,1654.8464,2470.89,96.76,140363.8,418289.0,772.06,671.9,640.77,246.032
2023-05-30 16:00:00,164.59206,1200.8964,1786.84,84.623,251206.3,61176.0,267.32,307.04,204.13,44.284
2023-05-30 20:00:00,68.24346,892.4063,1317.1,76.177,6743.8,45911.0,147.18,57.35,92.91,50.914
2023-05-31 00:00:00,67.08613,1016.7808,1481.22,56.456,104764.7,99707.0,608.54,798.77,1699.78,89.683
2023-05-31 04:00:00,291.92129,2477.0532,3052.89,243.704,107468.2,187988.0,175.33,1730.68,2134.99,219.797
2023-05-31 08:00:00,88.90214,613.8855,193.03,31.742,23409.9,135881.0,76.35,57.32,10.59,452.759
2023-05-31 12:00:00,233.55866,1786.4634,1399.48,91.759,46614.6,136845.0,317.75,541.32,1136.6,483.811
2023-05-31 16:00:00,136.44659,1111.4724,290.32,2276.654,120791.4,399955.0,115.89,149.02,119.1,89.886
2023-05-31 20:00:00,81.49253,799.149,499.0,2284.845,4987.6,7854.0,274.05,348.13,56.53,95.454
2023-06-01 00:00:00,297.11477,3110.3329,1233.23,127.712,99133.4,85448.0,1168.14,1545.05,641.91,239.063
2023-06-01 04:00:00,39.09587,591.9026,751.06,146.631,168645.1,69951.0,20.1,160.4,175.56,237.773
2023-06-01 08:00:00,53.79353,510.725,344.15,34.537,108635.5,9069.0,94.3,102.59,197.32,169.534
2023-06-01 12:00:00,98.65992,1182.0268,655.96,19.728,18457.4,38312.0,548.59,21.94,42.83,773.981
2023-06-01 16:00:00,150.87682,1650.5986,351.37,48.791,128131.0,211040.0,159.61,325.05,840.43,549.719
2023-06-01 20:00:00,42.9478,683.3121,473.26,35.111,26596.0,48592.0,56.36,76.13,266.07,85.888
2023-06-02 00:00:00,128.87578,1279.6761,2434.61,48.246,83002.3,1033786.0,325.96,606.96,479.55,160.101
2023-06-02 04:00:00,75.76988,1304.1092,1232.49,98.437,8471.5,38555.0,132.93,1483.96,154.08,276.135
2023-06-02 08:00:00,43.01098,923.2569,1276.12,27.018,774618.8,23957.0,125.85,8136.17,107.8,58.624
2023-06-02 12:00:00,194.1842,2158.4318,902.09,39.813,11474.7,167319.0,116.19,376.3,533.83,111.067
2023-06-02 16:00:00,94.8726,1216.0928,496.56,43.578,32114.2,246618.0,123.13,73.91,418.88,29.765
2023-06-02 20:00:00,46.41644,504.4862,433.45,48.245,45353.7,142068.0,115.03,542.39,71.88,170.629
2023-06-03 00:00:00,45.08634,444.2479,265.91,33.476,50212.8,57229.0,223.93,449.55,310.98,53.654
2023-06-03 04:00:00,19.28058,244.9496,214.09,83.22,3128.4,25237.0,38.83,181.15,0.0,42.145
2023-06-03 08:00:00,25.51243,245.9956,164.46,8.966,1920.0,9131.0,35.99,90.03,40.89,224.942
2023-06-03 12:00:00,37.45261,620.738,143.27,165.191,16078.4,50938.0,109.08,932.13,458.92,117.037
2023-06-03 16:00:00,81.48855,924.817,294.47,34.942,44120.7,84624.0,39.86,511.82,506.54,62.483
2023-06-03 20:00:00,37.58154,408.807,274.83,44.968,41948.0,10119.0,142.2,491.05,1354.86,28.662
2023-06-04 00:00:00,36.81721,286.3436,247.76,22.405,63005.2,108439.0,108.79,1443.38,144.56,102.29
2023-06-04 04:00:00,30.86927,312.3877,2293.54,15.542,217277.5,3611.0,124.89,467.82,113.39,23.644
2023-06-04 08:00:00,21.13263,283.4434,179.12,12.131,12938.1,13968.0,70.44,1249.02,109.65,35.803
2023-06-04 12:00:00,52.58157,638.9851,2371.78,15.058,6309.4,60769.0,106.54,382.3,234.83,135.32
2023-06-04 16:00:00,22.38933,367.7819,2162.44,22.582,12840.0,251339.0,564.34,319.32,387.78,20.341
2023-06-04 20:00:00,119.37665,1542.7193,2428.39,29.482,24649.6,237996.0,987.29,1905.49,260.43,93.912
2023-06-05 00:00:00,117.75045,1879.2384,2683.35,59.267,25986.5,65649.0,1154.94,23423.66,1349.36,684.229
2023-06-05 04:00:00,34.42634,651.1773,1037.51,59.896,15858.5,82666.0,229.59,169.41,951.47,82.597
2023-06-05 08:00:00,37.62053,546.4348,115.11,32.573,33930.7,13628.0,27.6,218.88,178.06,74.579
2023-06-05 12:00:00,186.56125,2503.9372,5904.63,1921.228,410002.9,451852.0,878.56,1000.47,1832.8,1164.886
2023-06-05 16:00:00,395.71669,4523.2956,19748.61,1596.645,959126.5,2995786.0,18737.66,4379.55,7402.03,2003.422
2023-06-05 20:00:00,64.75547,517.6169,1593.5,344.204,49130.5,494986.0,3588.17,537.86,786.51,108.928
2023-06-06 00:00:00,43.00927,422.9497,662.78,376.954,40075.6,91993.0,6162.68,137.7,316.39,943.23
2023-06-06 04:00:00,22.14944,257.8442,341.85,124.392,17062.0,37687.0,92.12,471.6,779.63,61.918
2023-06-06 08:00:00,23.09379,436.9299,1217.4,42.307,71356.0,125888.0,80.28,472.58,48.02,15.718
2023-06-06 12:00:00,305.51564,3184.6487,6354.81,360.187,414915.2,2875353.0,5575.63,980.54,4477.76,338.452
2023-06-06 16:00:00,275.73833,2641.0503,3184.02,947.476,79379.9,958018.0,1269.19,1306.16,1010.73,192.074
2023-06-06 20:00:00,130.7502,1225.413,8422.52,3951.214,400804.7,1163402.0,2544.27,3687.67,6752.63,430.947
2023-06-07 00:00:00,113.31913,783.8755,4269.22,3417.999,339595.1,662204.0,1204.42,4088.29,4464.07,435.271
2023-06-07 04:00:00,30.26398,95.8066,2173.32,1460.118,39798.1,121437.0,904.88,1061.85,2423.28,67.755
2023-06-07 08:00:00,26.27896,80.155,1998.65,232.14,81475.3,677899.0,772.1,1839.41,1582.21,313.295
2023-06-07 12:00:00,103.99423,1174.8534,13952.02,1196.125,850614.1,1683009.0,5256.94,9835.79,18245.68,2642.411
2023-06-07 16:00:00,65.59175,630.7991,14912.13,620.501,658741.4,561216.0,1848.63,4033.19,4817.91,931.547
2023-06-07 20:00:00,31.8178,334.6028,7383.3,945.955,157219.7,275153.0,944.0,2049.89,3250.28,187.233
2023-06-08 00:00:00,31.21999,311.7305,13427.13,1674.972,365196.0,301608.0,1443.53,540.69,3116.51,304.332
2023-06-08 04:00:00,27.01786,206.8809,828.38,1958.986,231698.9,608449.0,1882.71,3671.19,1243.57,169.756
2023-06-08 08:00:00,9.4182,67.7296,214.56,427.949,169355.1,296278.0,788.18,667.75,403.39,73.021
2023-06-08 12:00:00,32.5801,208.9675,4120.23,533.551,103297.4,221021.0,319.18,1714.13,303.89,108.36
2023-06-08 16:00:00,24.56759,235.9495,3142.74,565.273,28333.1,322150.0,302.77,1751.81,790.0,89.445
2023-06-08 20:00:00,13.15239,183.6024,907.78,907.192,80450.1,60039.0,246.13,264.96,536.01,62.172
2023-06-09 00:00:00,42.64496,365.7129,4922.62,1318.5,237864.4,1611653.0,1280.79,3437.59,2213.63,254.215
2023-06-09 04:00:00,32.77359,366.317,4307.24,3146.295,583895.8,2227281.0,1003.0,3318.34,1471.4,552.322
2023-06-09 08:00:00,32.00017,250.8094,3028.47,602.221,369407.4,5743367.0,3326.44,874.07,781.75,540.407
2023-06-09 12:00:00,49.92451,310.3156,3173.95,1298.952,681736.1,3441393.0,7231.07,6600.38,2319.08,157.918
2023-06-09 16:00:00,57.19464,355.6495,4749.42,726.264,862308.9,1993321.0,3019.52,2341.81,2536.79,265.161
2023-06-09 20:00:00,37.37136,255.2573,7050.37,1881.11,463135.8,1080332.0,2750.2,7385.99,22124.09,207.006
2023-06-10 00:00:00,44.71654,345.833,5895.4,766.232,805471.7,1987485.0,5730.68,7395.2,3296.92,574.369
2023-06-10 04:00:00,45.65401,547.9232,16533.59,1247.906,1175951.1,4058818.0,5094.19,10661.17,11451.57,1249.068
2023-06-10 08:00:00,25.97888,583.564,4162.1,666.697,359945.0,381578.0,1132.59,1028.15,2476.38,120.655
2023-06-10 12:00:00,19.17175,199.9764,2915.69,861.103,371273.9,374092.0,1006.35,1582.24,4890.28,328.649
2023-06-10 16:00:00,96.82029,726.6501,4074.8,1198.325,350100.8,798705.0,3864.36,1776.15,15533.83,302.232
2023-06-10 20:00:00,21.54071,153.6442,1408.13,980.391,132857.2,215409.0,1485.32,593.58,459.56,274.295
2023-06-11 00:00:00,22.16186,150.0572,2459.29,617.645,1025381.8,324384.0,930.81,1329.34,668.25,414.945
2023-06-11 04:00:00,27.24768,115.7555,784.03,244.968,258564.7,1000895.0,1970.39,441.69,2457.6,236.684
2023-06-11 08:00:00,12.03057,118.7059,522.89,319.373,212135.1,219143.0,54.91,427.1,110.43,100.039
2023-06-11 12:00:00,7.52423,101.0084,1119.69,170.775,198936.6,215265.0,330.51,304.41,830.41,87.188
2023-06-11 16:00:00,41.09282,242.2322,2089.42,517.383,559357.8,824158.0,537.74,2257.33,577.76,210.471
2023-06-11 20:00:00,44.01859,245.3209,2689.97,383.342,513624.0,386712.0,831.35,1978.1,1451.55,113.849
2023-06-12 00:00:00,21.67826,259.1928,7984.81,1091.945,306835.9,314981.0,1069.52,2235.77,2224.25,495.088
2023-06-12 04:00:00,37.30376,84.578,2640.13,1518.758,860952.0,270229.0,487.52,443.52,1862.6,148.918
2023-06-12 08:00:00,25.20104,152.3396,1898.42,1838.669,268363.3,337523.0,526.89,1226.07,1323.23,77.44
2023-06-12 12:00:00,28.22982,145.2766,1531.62,803.527,379070.5,295763.0,550.4,542.34,838.71,49.297
2023-06-12 16:00:00,46.92864,251.3511,6579.94,2149.738,440138.7,663526.0,10678.75,1468.27,1513.5,195.566
2023-06-12 20:00:00,34.46398,415.1578,4330.55,2321.385,363855.8,808098.0,3238.55,568.05,1985.25,283.722
2023-06-13 00:00:00,47.80541,237.2156,2791.12,1710.099,481222.1,1084777.0,2564.01,3411.46,18217.78,232.146
2023-06-13 04:00:00,15.76351,84.9445,1871.61,405.36,344699.7,602749.0,1088.9,1138.1,1538.91,238.3
2023-06-13 08:00:00,26.27816,58.1108,1507.39,684.186,383878.6,294002.0,776.2,186.28,302.89,442.486
2023-06-13 12:00:00,50.00018,348.4447,5791.97,835.259,429890.8,354873.0,8714.8,2746.45,1852.21,232.669
2023-06-13 16:00:00,28.43277,176.8302,1742.4,1062.48,326448.0,421145.0,3638.68,705.86,1213.41,305.874
2023-06-13 20:00:00,18.1256,137.5723,2860.98,740.126,239761.9,166437.0,542.18,425.29,1095.34,66.444
2023-06-14 00:00:00,19.70336,142.7016,871.51,1216.329,241054.6,519725.0,1006.23,1019.94,2786.77,116.872
2023-06-14 04:00:00,28.01993,233.4494,501.97,506.51,91535.6,205029.0,1269.18,30.7,2065.93,49.697
2023-06-14 08:00:00,5.86221,33.2828,330.32,340.539,342168.5,253315.0,96.82,6142.78,1.11,28.572
2023-06-14 12:00:00,25.80881,136.9571,1036.38,369.973,91202.9,168167.0,1066.1,541.6,10786.53,84.547
2023-06-14 16:00:00,51.76008,215.5454,802.99,993.567,135974.9,335201.0,257.24,846.69,7174.61,106.401
2023-06-14 20:00:00,103.11119,554.4254,6388.3,1183.102,343953.9,1339620.0,1379.51,2219.64,3201.9,439.18
2023-06-15 00:00:00,47.75122,169.2849,3352.45,1138.483,230516.5,1864945.0,1772.99,775.85,3116.04,49.937
2023-06-15 04:00:00,30.21769,213.0539,2177.0,324.641,136690.6,568118.0,2500.26,722.42,1646.83,69.963
2023-06-15 08:00:00,21.88814,148.5819,3639.68,477.028,141225.9,214726.0,846.92,831.95,1777.65,228.957
2023-06-15 12:00:00,19.91125,179.6268,13713.29,407.117,184664.2,127208.0,928.13,100.37,683.76,50.306
2023-06-15 16:00:00,36.132,238.5842,9337.3,223.227,153288.7,39439.0,3169.95,820.92,2168.8,72.216
2023-06-15 20:00:00,61.88114,214.407,7641.21,255.896,131263.5,140814.0,1328.69,778.9,2216.73,183.561
2023-06-16 00:00:00,20.62582,99.0252,1185.16,223.969,288862.5,221758.0,1101.02,885.13,936.76,157.29
2023-06-16 04:00:00,14.20467,40.784,550.81,85.592,89331.6,25857.0,1200.99,2762.63,131.94,52.789
2023-06-16 08:00:00,12.1726,43.4382,2104.69,183.851,65179.5,62157.0,518.34,174.57,357.98,40.164
2023-06-16 12:00:00,38.98613,161.9203,2941.7,195.082,139297.2,32606.0,932.18,255.07,720.93,71.562
2023-06-16 16:00:00,67.99538,488.9438,3793.87,581.494,408148.8,805018.0,2414.34,1031.08,655.06,1498.167
2023-06-16 20:00:00,32.14275,129.1641,526.86,74.303,89441.5,93073.0,549.34,556.89,338.36,128.442
2023-06-17 00:00:00,28.92676,118.0704,890.56,209.376,20265.8,68902.0,85.07,459.63,8029.53,126.506
2023-06-17 04:00:00,29.24884,182.3882,2443.02,319.21,157760.3,63557.0,847.57,613.8,1933.04,67.89
2023-06-17 08:00:00,7.11385,63.2966,665.31,284.796,61968.2,33997.0,356.06,80.14,34.17,73.549
2023-06-17 12:00:00,15.52142,53.8726,518.76,69.562,41426.4,48748.0,316.34,222.73,186.61,81.594
2023-06-17 16:00:00,13.9766,75.5924,453.27,64.751,139122.1,207380.0,361.98,158.56,80.82,74.277
2023-06-17 20:00:00,11.0781,92.1495,4054.93,163.488,29625.5,35278.0,216.57,279.51,368.78,8.137
2023-06-18 00:00:00,18.39777,67.2789,1469.39,958.824,71063.2,29897.0,1740.19,646.3,110.0,68.212
2023-06-18 04:00:00,11.65417,33.5835,728.75,175.89,50793.3,8992.0,371.04,6.35,26.85,25.387
2023-06-18 08:00:00,3.04962,16.7458,261.27,29.138,9813.4,34216.0,131.17,525.56,140.96,103.891
2023-06-18 12:00:00,8.32908,84.7048,729.48,119.205,38395.7,300132.0,576.14,648.19,61.03,78.332
2023-06-18 16:00:00,24.63761,48.7611,1108.39,67.658,72063.8,110909.0,391.38,125.62,9972.67,12.94
2023-06-18 20:00:00,29.14305,110.307,4983.84,241.136,106632.1,329166.0,1989.97,419.12,1824.53,88.563
2023-06-19 00:00:00,7.33735,102.9846,582.18,82.598,58713.4,27895.0,39.2,76.25,245.41,10.426
2023-06-19 04:00:00,10.44006,70.6044,1055.44,33.372,11705.4,107613.0,111.06,5.52,422.03,129.968
2023-06-19 08:00:00,5.69414,28.9709,102.93,24.499,44913.4,47699.0,36.82,18.44,781.49,1.465
2023-06-19 12:00:00,12.8542,81.838,819.59,194.568,63530.5,45257.0,1561.42,225.55,2916.56,125.39
2023-06-19 16:00:00,56.88165,161.9796,4497.46,260.676,129708.0,180897.0,1114.18,608.36,4206.17,168.06
2023-06-19 20:00:00,16.74404,55.2507,1182.96,167.994,121970.4,30497.0,584.41,111.1,282.56,68.753
2023-06-20 00:00:00,29.84276,116.2249,1786.51,372.816,235365.2,11406.0,149.16,273.28,458.36,26.671
2023-06-20 04:00:00,16.63967,32.9985,2952.1,373.289,27633.2,37092.0,24.56,108.69,1077.57,43.784
2023-06-20 08:00:00,20.41167,41.2424,191.01,77.048,14741.7,54201.0,8.84,66.43,301.12,48.223
2023-06-20 12:00:00,51.32788,155.9853,2067.64,177.136,155701.2,193719.0,410.72,1836.72,3285.42,70.884
2023-06-20 16:00:00,105.1527,398.1285,10195.15,239.556,230351.5,262255.0,800.57,1920.68,4412.19,491.397
2023-06-20 20:00:00,87.10055,510.373,5470.11,349.38,202848.0,26887.0,875.88,591.49,951.63,90.606
2023-06-21 00:00:00,196.08489,407.2494,3725.85,593.995,385276.5,465307.0,1170.72,3113.73,4167.51,531.905
2023-06-21 04:00:00,22.66908,52.1709,743.8,41.897,57795.8,82238.0,340.46,446.67,1910.05,193.281
2023-06-21 08:00:00,25.1189,99.8227,642.42,92.66,35681.0,70709.0,639.0,217.03,323.47,164.05
2023-06-21 12:00:00,75.4611,330.6497,4575.13,288.13,209322.3,249409.0,487.8,442.5,3085.64,466.56
2023-06-21 16:00:00,157.90932,845.8251,11700.01,670.534,323204.0,1046263.0,3664.81,5132.25,11857.25,704.225
2023-06-21 20:00:00,40.80601,224.144,4323.88,938.611,129020.3,174049.0,132.16,380.93,1589.25,62.888
2023-06-22 00:00:00,86.89493,358.1779,5071.57,515.888,285987.1,618378.0,1024.86,2725.37,3244.37,107.607
2023-06-22 04:00:00,25.66616,125.7856,3293.95,152.991,73734.2,107945.0,99.34,1269.89,1044.85,303.057
2023-06-22 08:00:00,45.0362,174.9051,6386.27,245.061,187389.2,294608.0,354.82,830.97,5782.37,97.159
2023-06-22 12:00:00,64.82889,303.5994,13453.96,181.286,140001.5,499853.0,181.55,1671.26,1618.32,80.382
2023-06-22 16:00:00,38.91643,243.5996,5103.57,243.249,123250.0,474368.0,535.95,2085.13,3724.59,1090.178
2023-06-22 20:00:00,30.85939,286.2726,4285.31,556.329,301376.5,677293.0,1599.75,1704.98,3487.69,117.827
2023-06-23 00:00:00,20.5912,116.1094,2769.35,304.206,75537.9,224918.0,825.89,326.16,1145.99,24.201
2023-06-23 04:00:00,6.07087,26.2012,689.73,84.758,69093.8,148087.0,420.66,249.53,1522.7,44.529
2023-06-23 08:00:00,9.57019,66.6993,1013.53,131.347,19928.3,34744.0,98.72,30.08,1477.42,152.033
2023-06-23 12:00:00,90.46505,483.8709,3501.67,266.282,244293.7,320754.0,670.58,4135.07,2810.25,187.312
2023-06-23 16:00:00,119.08326,464.1124,4467.35,479.443,418782.5,979891.0,1520.78,2578.79,6233.71,758.878
2023-06-23 20:00:00,41.34447,178.1578,4035.09,567.118,131792.3,110976.0,503.47,581.36,3935.9,556.221
2023-06-24 00:00:00,28.48905,147.8387,4542.62,547.305,64205.2,192718.0,549.32,356.8,2322.69,370.054
2023-06-24 04:00:00,15.24611,68.0483,1713.81,157.977,40946.4,102778.0,193.22,352.74,478.76,51.894
2023-06-24 08:00:00,7.8357,28.3505,1347.96,48.892,20316.2,128410.0,138.38,677.92,1179.38,43.22
2023-06-24 12:00:00,22.86567,128.9071,3556.64,438.54,174271.1,269240.0,910.94,1257.51,2372.06,248.663
2023-06-24 16:00:00,27.16163,139.3551,1731.25,278.461,134887.6,281616.0,373.62,32.13,551.84,141.674
2023-06-24 20:00:00,9.56557,71.0487,2876.27,223.994,99820.5,83514.0,57.96,870.14,670.98,33.85
2023-06-25 00:00:00,25.74819,127.759,1070.51,609.346,45731.8,94854.0,832.26,958.87,827.21,60.018
2023-06-25 04:00:00,51.97792,289.4973,2326.57,217.081,133999.0,53077.0,317.75,547.67,1478.18,95.109
2023-06-25 08:00:00,5.11178,45.4556,2452.34,95.219,134473.8,9587.0,295.22,498.89,925.39,31.931
2023-06-25 12:00:00,18.83967,124.2764,1532.94,151.1,115769.5,158307.0,193.85,193.44,7081.6,146.118
2023-06-25 16:00:00,19.18871,161.2082,3762.6,66.583,138028.3,109677.0,41.53,155.91,6048.68,119.051
2023-06-25 20:00:00,14.57582,98.4421,754.73,193.606,172424.1,126807.0,42.94,654.92,1423.07,57.491
2023-06-26 00:00:00,25.72608,118.7335,1413.17,139.838,110715.9,117321.0,368.88,527.73,930.2,311.601
2023-06-26 04:00:00,18.41388,88.3363,759.59,48.549,20572.2,33495.0,249.67,564.4,925.2,212.488
2023-06-26 08:00:00,9.69285,138.4247,743.13,46.6,11692.2,5998.0,100.14,28.85,89.57,25.258
2023-06-26 12:00:00,26.14699,291.9939,1302.35,90.47,34213.1,177827.0,162.23,539.5,1902.06,325.853
2023-06-26 16:00:00,37.92355,303.4477,3250.31,615.979,146213.3,222798.0,273.79,569.08,1271.86,176.287
2023-06-26 20:00:00,12.82611,62.8045,3660.17,159.71,83918.7,393960.0,100.64,794.89,1935.84,192.384
2023-06-27 00:00:00,23.25291,98.7094,2554.92,680.835,73845.4,282035.0,461.27,534.52,8432.46,112.26
2023-06-27 04:00:00,11.07958,107.6624,515.41,57.483,113075.0,999476.0,371.54,142.8,1366.32,128.431
2023-06-27 08:00:00,32.69582,87.0182,1536.38,38.02,9753.7,214387.0,85.15,381.04,474.22,115.595
2023-06-27 12:00:00,37.98475,145.7475,2827.75,69.993,346237.0,112270.0,462.39,384.43,2913.54,191.14
2023-06-27 16:00:00,19.56984,352.9213,5123.38,283.582,76347.2,321975.0,1247.1,1199.11,1062.38,106.04
2023-06-27 20:00:00,13.05626,73.7793,1374.08,196.483,119375.8,164478.0,502.97,272.37,715.78,60.823
2023-06-28 00:00:00,27.05387,231.7462,1605.91,335.887,172582.8,581215.0,1173.13,2730.41,1661.58,116.264
2023-06-28 04:00:00,33.34726,132.2683,2991.93,147.734,110299.7,209511.0,1164.4,658.72,1824.98,167.999
2023-06-28 08:00:00,5.97575,64.5073,741.87,56.473,133909.2,239018.0,210.21,29.3,1768.04,9.968
2023-06-28 12:00:00,39.94806,114.2264,1650.72,262.239,167222.9,129765.0,609.37,196.21,645.05,118.953
2023-06-28 16:00:00,67.9052,159.1166,2477.43,185.127,235173.3,590255.0,3483.41,3992.02,7594.42,306.909
2023-06-28 20:00:00,12.22647,80.7789,992.13,200.392,135436.5,200180.0,901.77,1836.96,1762.41,45.321
2023-06-29 00:00:00,17.43303,154.7649,1560.44,361.802,135059.2,111250.0,314.65,1527.23,722.74,30.375
2023-06-29 04:00:00,15.70322,43.1338,1346.66,229.32,191230.5,240461.0,434.44,209.23,1495.34,529.159
2023-06-29 08:00:00,59.00778,103.7848,13561.28,38.501,105755.6,143341.0,5588.74,452.87,1818.92,63.553
2023-06-29 12:00:00,52.25223,184.6459,10539.45,141.179,77917.4,354925.0,833.03,5107.79,1394.11,108.118
2023-06-29 16:00:00,43.74016,189.5385,2456.92,187.243,189853.1,176092.0,1616.62,2596.96,2280.77,139.675
2023-06-29 20:00:00,52.18438,85.3887,4848.41,153.711,100364.7,246049.0,513.29,2130.58,985.15,819.33
2023-06-30 00:00:00,39.63908,126.2352,13650.04,93.118,276054.8,238394.0,471.1,1894.46,2599.5,1390.81
2023-06-30 04:00:00,69.20586,309.2764,4081.79,223.421,651498.3,285757.0,1296.84,1492.65,3373.97,450.195
2023-06-30 08:00:00,17.25108,54.1446,2963.11,146.129,231034.5,401245.0,224.67,656.76,2544.87,1518.269
2023-06-30 12:00:00,114.50798,404.3101,14838.37,436.184,260968.2,1726782.0,1460.19,2046.21,8571.16,1535.711
2023-06-30 16:00:00,99.05843,720.2725,10902.63,986.936,133147.3,484738.0,1008.52,1416.87,15170.64,2585.78236
2023-06-30 20:00:00,34.04415,141.7428,3121.95,385.59,79567.5,422539.0,1117.44,1102.12,2378.73,695.716
2023-07-01 00:00:00,17.4372,86.8387,7900.75,385.979,113845.6,1588373.0,471.48,560.03,2105.78,731.76
2023-07-01 04:00:00,13.40776,67.1795,1434.66,61.616,53709.4,265105.0,197.72,514.33,1743.21,282.186
2023-07-01 08:00:00,28.77576,36.6087,436.17,31.318,47105.2,260778.0,1843.11,1205.8,1027.94,600.8311
2023-07-01 12:00:00,21.95952,52.3374,1280.07,293.337,182638.1,2010704.0,203.99,1637.92,1661.26,389.146
2023-07-01 16:00:00,17.96606,50.1164,1294.41,216.243,49265.8,283896.0,1904.27,1030.33,2174.6,221.579
2023-07-01 20:00:00,5.44728,51.4186,1570.41,122.675,79729.4,368991.0,203.6,1314.84,2103.4,224.1
2023-07-02 00:00:00,14.63147,139.0976,1921.92,76.668,88638.6,398661.0,1011.73,207.27,1561.52,349.414
2023-07-02 04:00:00,20.23086,170.3592,5486.07,37.785,24020.8,139587.0,105.13,226.64,487.34,1045.765
2023-07-02 08:00:00,11.76051,80.0357,1064.67,18.105,8609.3,155264.0,1083.49,124.17,685.71,475.45751
2023-07-02 12:00:00,35.36638,376.3621,2032.7,162.146,39131.0,172451.0,329.68,908.76,1974.72,295.693
2023-07-02 16:00:00,14.36741,137.1042,2889.02,232.112,21093.0,1134087.0,756.33,5362.16,1336.47,920.625
2023-07-02 20:00:00,25.30416,314.6689,2848.31,98.441,54496.6,557749.0,418.71,1937.04,6741.04,723.90827
2023-07-03 00:00:00,14.82499,162.7378,1271.47,236.472,96279.4,200307.0,507.45,1061.35,3534.48,605.09255
2023-07-03 04:00:00,13.06219,173.4284,1215.89,91.723,26367.1,289444.0,270.42,882.09,582.94,76.25
2023-07-03 08:00:00,14.06151,157.081,173.69,99.548,27905.7,46021.0,214.89,142.95,4964.83,248.84
2023-07-03 12:00:00,44.27847,165.2316,4367.54,143.158,52590.2,183618.0,246.63,1597.81,1000.03,332.119
2023-07-03 16:00:00,44.88477,179.4033,2229.22,98.67,133906.0,220146.0,1711.51,1748.36,3316.08,992.845
2023-07-03 20:00:00,33.59433,140.3498,2123.94,212.716,44233.9,223509.0,982.45,544.76,2085.83,465.059
2023-07-04 00:00:00,29.49849,153.4879,1526.87,214.056,101419.1,237621.0,630.6,1245.82,617.82,680.878
2023-07-04 04:00:00,15.37297,97.9195,244.3,103.072,56343.7,56687.0,564.44,939.71,690.52,217.271
2023-07-04 08:00:00,7.15443,52.9329,173.24,252.993,41879.0,413883.0,129.93,155.56,229.7,71.426
2023-07-04 12:00:00,17.07137,109.8986,4930.88,53.613,159211.1,932490.0,296.2,542.75,391.95,148.813
2023-07-04 16:00:00,46.24343,162.1622,3536.0,88.912,158749.0,1053637.0,821.06,6020.61,2823.09,878.372
2023-07-04 20:00:00,9.83673,58.1115,1131.82,238.034,74000.0,215356.0,100.74,910.16,986.58,940.122
2023-07-05 00:00:00,5.35976,35.5371,700.5,88.537,37495.0,210321.0,244.59,1335.15,3386.01,97.451
2023-07-05 04:00:00,5.06367,87.9306,3858.53,58.314,16628.4,131062.0,141.24,365.77,5361.03,41.838
2023-07-05 08:00:00,23.24568,136.5877,3277.4,320.644,216538.1,740216.0,637.6,1015.99,7572.1,1135.788
2023-07-05 12:00:00,45.80227,221.4519,2783.16,135.591,135609.6,513911.0,549.74,4050.77,6628.1,2061.867
2023-07-05 16:00:00,25.89993,184.7022,2423.43,383.563,139303.2,216591.0,216.31,1351.37,4973.25,169.956
2023-07-05 20:00:00,25.05281,89.9991,798.52,165.232,37526.2,261251.0,335.52,1761.0,8141.97,165.926
2023-07-06 00:00:00,13.3526,109.6601,4256.44,136.726,99142.5,138513.0,402.5,2921.99,5258.23,135.216
2023-07-06 04:00:00,26.2741,88.1137,1102.13,40.606,79585.4,126432.0,287.45,1646.87,374.36,453.314
2023-07-06 08:00:00,107.85058,302.4653,7906.78,110.282,114711.1,845890.0,346.66,1793.55,2113.79,444.124
2023-07-06 12:00:00,100.39208,403.661,10318.77,317.853,255457.5,879356.0,1209.56,1839.15,6121.19,867.491
2023-07-06 16:00:00,48.00316,481.6001,18617.25,278.452,262789.2,220665.0,2762.28,860.13,937.34,652.569
2023-07-06 20:00:00,46.2517,209.5313,7283.09,195.329,100072.1,328749.0,446.84,2642.93,2178.95,611.994
2023-07-07 00:00:00,40.0317,306.7758,6153.04,205.082,49296.3,282278.0,573.7,4696.08,1368.69,649.874
2023-07-07 04:00:00,30.69307,61.9262,1957.35,42.012,50579.8,121270.0,131.48,452.05,344.76,168.006
2023-07-07 08:00:00,6.323,57.1065,4068.98,85.88,31925.8,89021.0,112.87,71.27,119.09,30.628
2023-07-07 12:00:00,57.27624,141.6882,12855.87,252.228,60189.8,406971.0,421.74,3703.91,1063.5,477.579
2023-07-07 16:00:00,33.73008,123.6495,4076.44,4915.469,82130.9,137414.0,320.99,2418.89,1095.53,187.337
2023-07-07 20:00:00,38.30176,264.0172,7512.0,1602.418,372410.7,1201982.0,789.86,1982.28,3182.91,420.882
2023-07-08 00:00:00,40.81994,135.6374,3341.69,756.48,178707.9,601054.0,2899.73,1359.32,1196.67,244.965
2023-07-08 04:00:00,10.92707,52.9294,1708.08,282.113,75301.4,689476.0,1818.44,469.17,560.99,107.124
2023-07-08 08:00:00,9.585,49.3952,3313.54,133.983,52519.6,124521.0,346.1,781.86,529.74,78.873
2023-07-08 12:00:00,21.91813,59.289,2573.96,769.101,81757.9,186087.0,2207.89,1576.22,725.19,192.335
2023-07-08 16:00:00,30.64717,93.8751,1460.08,478.185,261666.0,214389.0,1093.28,3417.69,7962.6,205.428
2023-07-08 20:00:00,24.95795,71.2872,1159.27,461.495,93222.1,483940.0,1077.94,2520.58,703.44,132.963
2023-07-09 00:00:00,37.23827,108.2858,3772.03,477.808,93360.1,142419.0,1205.18,1454.49,1971.98,127.931
2023-07-09 04:00:00,6.5015,68.2758,5475.55,223.937,67647.3,277928.0,1296.85,317.83,13658.03,26.634
2023-07-09 08:00:00,11.11641,71.0747,5010.84,184.789,69201.7,34124.0,989.97,383.41,2299.54,57.301
2023-07-09 12:00:00,17.32738,108.9353,2663.16,284.5,122492.5,190421.0,771.2,1926.07,2403.93,188.368
2023-07-09 16:00:00,12.99489,51.2967,617.93,264.149,169991.3,490527.0,428.03,3408.57,685.91,1568.438
2023-07-09 20:00:00,13.02857,81.4906,1257.13,288.477,254619.7,173911.0,386.64,1932.59,686.86,72.681
2023-07-10 00:00:00,17.20369,108.646,1993.75,498.769,120056.1,704860.0,746.98,2160.85,1950.7,454.342
2023-07-10 04:00:00,36.34333,84.6972,2819.71,140.035,68713.4,214117.0,388.4,692.15,1052.98,103.731
2023-07-10 08:00:00,8.88934,32.8209,4622.57,673.186,75444.8,84383.0,167.52,719.18,748.49,112.916
2023-07-10 12:00:00,34.54281,124.0354,1591.31,366.993,113003.7,313833.0,600.37,1016.4,699.37,167.611
2023-07-10 16:00:00,41.79674,205.6872,3193.51,249.765,142513.3,830403.0,1760.3,1479.42,3469.54,214.294
2023-07-10 20:00:00,95.12616,204.4195,6688.58,569.122,246030.8,1014374.0,1235.6,17830.82,10253.14,1959.105
2023-07-11 00:00:00,34.79688,128.4777,2344.31,682.551,180627.7,757319.0,1002.85,3003.27,1913.94,207.357
2023-07-11 04:00:00,13.83087,104.3806,2785.14,196.284,76553.0,462330.0,390.45,3007.73,1100.81,173.157
2023-07-11 08:00:00,9.72039,60.565,659.58,60.844,77749.0,175397.0,104.25,458.44,209.88,56.704
2023-07-11 12:00:00,28.80248,131.0278,2502.24,315.613,111455.9,353832.0,680.82,2336.8,5514.49,268.768
2023-07-11 16:00:00,34.16219,78.2524,2286.33,177.024,92848.5,425694.0,1373.97,1641.89,1661.88,321.903
2023-07-11 20:00:00,17.99843,80.2828,1517.76,351.467,183007.8,266911.0,496.15,1235.81,679.7,120.121
2023-07-12 00:00:00,20.36704,69.6468,1193.37,221.854,111706.5,421215.0,289.82,2578.62,1585.77,199.102
2023-07-12 04:00:00,21.83672,87.1559,980.32,184.574,33757.3,109036.0,205.44,641.26,825.29,67.898
2023-07-12 08:00:00,10.28568,33.0409,1090.9,59.134,27462.2,393036.0,183.52,465.32,1332.95,157.028
2023-07-12 12:00:00,70.19031,268.1861,11640.32,408.224,57414.2,445297.0,484.49,3392.48,2614.1,296.271
2023-07-12 16:00:00,47.43194,203.8728,6073.72,431.243,196698.3,382890.0,693.22,1548.24,1323.13,564.122
2023-07-12 20:00:00,31.13631,59.404,1114.33,101.867,116967.4,507061.0,287.34,1871.66,871.47,155.708
2023-07-13 00:00:00,21.61315,62.5174,2890.99,410.826,86648.4,425991.0,519.17,924.79,277.33,85.46
2023-07-13 04:00:00,24.58996,69.4731,7818.64,288.814,25408.0,224514.0,269.26,560.44,1236.69,1321.184
2023-07-13 08:00:00,14.68805,48.0268,1107.1,143.961,112284.0,121565.0,356.83,568.25,2708.67,395.6
2023-07-13 12:00:00,94.24963,341.1117,14136.79,311.143,284351.2,876127.0,1742.71,1517.79,4447.35,375.991
2023-07-13 16:00:00,188.96013,857.8181,24896.17,637.653,1049422.3,2855645.0,4345.98,7393.12,19511.86,730.599
2023-07-13 20:00:00,60.51553,376.2461,5438.53,1400.334,714530.3,2497119.0,2963.08,3773.34,4168.78,809.755
2023-07-14 00:00:00,68.47623,473.2178,20072.6,2128.795,1130383.8,3041623.0,3729.09,10591.9,14798.45,818.894
2023-07-14 04:00:00,36.641,240.0156,4870.82,348.297,514007.7,1048859.0,1818.45,3399.99,9347.3,738.325
2023-07-14 08:00:00,32.77649,146.8061,5169.41,274.567,251619.7,315911.0,2629.44,3287.91,1094.06,92.414
2023-07-14 12:00:00,60.93863,311.3967,8899.26,448.001,300357.4,1735725.0,2551.08,4434.6,2440.28,324.554
2023-07-14 16:00:00,148.85175,915.2236,16886.94,1249.699,666970.9,5672015.0,3057.1,4079.14,8504.87,2355.946
2023-07-14 20:00:00,37.73408,424.12,4725.06,413.196,276618.9,507429.0,456.99,875.11,1745.95,506.571
2023-07-15 00:00:00,20.21551,179.0815,5145.42,355.877,81604.3,288178.0,1090.74,648.53,753.24,291.699
2023-07-15 04:00:00,9.41232,57.0035,5320.77,214.242,194329.4,2592772.0,1461.42,1536.17,2055.44,86.231
2023-07-15 08:00:00,5.97949,73.7354,6016.39,417.0,69802.5,1694624.0,326.15,539.35,2424.62,286.64
2023-07-15 12:00:00,14.39015,88.3776,3396.25,515.744,207324.1,636400.0,819.63,1481.8,1203.07,306.656
2023-07-15 16:00:00,17.2364,70.5802,3760.2,777.66,81861.1,665159.0,485.52,1131.03,4080.28,148.367
2023-07-15 20:00:00,11.80737,50.4439,1473.35,290.559,179948.3,398685.0,661.42,5381.03,958.85,63.606
2023-07-16 00:00:00,32.55234,187.4867,4529.79,478.83,230667.1,513605.0,749.33,1336.32,1958.9,202.459
2023-07-16 04:00:00,15.14447,41.0583,929.1,141.215,81254.2,220491.0,168.08,647.48,175.12,48.018
2023-07-16 08:00:00,5.67058,13.7611,1708.8,40.284,65378.0,51741.0,356.47,47.31,317.88,125.93
2023-07-16 12:00:00,23.38493,71.9241,2788.78,214.009,73679.5,135465.0,374.68,225.57,493.38,134.085
2023-07-16 16:00:00,22.96339,139.1,1717.76,871.247,213051.6,301834.0,449.07,1962.89,3189.26,200.839
2023-07-16 20:00:00,24.02025,128.2368,2161.3,489.616,191533.5,373278.0,390.01,680.14,1977.82,216.727
2023-07-17 00:00:00,33.36181,131.413,3455.64,537.038,240826.7,153888.0,1052.08,859.12,1249.14,311.074
2023-07-17 04:00:00,14.24644,31.0469,3066.73,139.408,164417.6,1011756.0,363.83,358.5,1460.97,99.208
2023-07-17 08:00:00,16.45672,146.8692,4477.53,298.251,117314.1,590752.0,1777.23,934.57,1725.08,320.868
2023-07-17 12:00:00,25.64155,140.6963,2485.01,160.242,113725.8,646808.0,407.5,688.77,1336.89,143.514
2023-07-17 16:00:00,87.41344,382.4387,7399.36,1007.766,309981.6,1063702.0,1354.09,1407.45,11193.49,376.94
2023-07-17 20:00:00,46.87244,275.5034,1941.83,959.202,424078.6,597743.0,2297.8,1661.32,5897.46,541.029
2023-07-18 00:00:00,29.91723,112.1897,8226.76,828.443,226335.6,871974.0,1053.19,2970.21,16603.19,164.211
2023-07-18 04:00:00,16.39303,69.6415,1545.81,136.226,226039.2,297547.0,472.54,796.42,1967.83,134.382
2023-07-18 08:00:00,38.52628,85.2787,5397.54,243.783,152585.2,180413.0,263.0,558.15,1660.04,64.466
2023-07-18 12:00:00,44.91922,193.3834,4896.0,411.401,152675.7,810306.0,646.52,4433.75,1540.7,130.23
2023-07-18 16:00:00,48.92186,370.3165,4414.36,808.2,195725.4,525882.0,467.63,1125.26,2342.15,154.076
2023-07-18 20:00:00,26.89447,188.8934,1504.16,536.089,274001.7,446395.0,247.98,793.9,1616.68,304.596
2023-07-19 00:00:00,24.95715,151.5535,3703.91,622.64,539464.5,480765.0,1026.91,548.11,2602.38,826.417
2023-07-19 04:00:00,21.21686,123.8941,1829.3,160.654,97419.6,204994.0,183.07,1167.91,225.6,184.079
2023-07-19 08:00:00,8.28734,88.6354,1558.41,66.634,68140.5,275775.0,181.77,37.26,1290.2,46.069
2023-07-19 12:00:00,49.37007,248.5654,2154.52,102.736,248053.8,1244006.0,527.83,327.15,2255.77,210.195
2023-07-19 16:00:00,33.28214,183.1193,5135.54,486.354,449715.3,654631.0,729.79,6209.79,2618.82,157.081
2023-07-19 20:00:00,40.16192,272.7742,2418.89,336.311,329966.6,517511.0,243.49,757.81,979.86,322.288
2023-07-20 00:00:00,24.42707,163.6665,1626.44,365.815,694811.6,336241.0,599.21,3353.07,1383.12,500.561
2023-07-20 04:00:00,44.43659,131.5777,2157.65,199.611,206352.5,534334.0,286.3,1544.46,11415.92,134.322
2023-07-20 08:00:00,28.79688,212.5351,2573.81,128.276,44604.7,558705.0,209.97,1133.17,18868.87,444.514
2023-07-20 12:00:00,86.07419,257.3641,5741.22,167.215,225527.3,551171.0,570.35,2943.29,15092.29,159.028
2023-07-20 16:00:00,44.40681,222.5008,4633.21,184.339,213520.0,498286.0,609.0,864.01,12156.13,105.169
2023-07-20 20:00:00,20.7292,198.126,1562.35,129.703,116987.9,347933.0,795.94,408.75,11907.26,395.698
2023-07-21 00:00:00,27.51387,98.6976,1964.47,136.77,107801.8,771531.0,265.2,7297.81,13003.74,140.251
2023-07-21 04:00:00,14.39751,81.5622,753.58,45.626,48858.8,278146.0,6011.78,650.7,12774.33,95.098
2023-07-21 08:00:00,8.70466,42.1742,272.84,37.839,69067.9,160270.0,203.57,15400.65,2967.61,37.165
2023-07-21 12:00:00,13.14336,93.6198,1426.66,89.595,44679.4,2715589.0,374.94,1137.08,973.12,170.026
2023-07-21 16:00:00,56.83981,397.5287,1118.56,582.573,137503.0,875917.0,285.68,759.32,15288.96,664.18
2023-07-21 20:00:00,13.4015,52.9806,1505.49,169.584,77453.1,1558742.0,228.48,220.14,1021.57,482.591
2023-07-22 00:00:00,12.12251,56.8371,725.49,77.923,27043.0,144350.0,354.17,721.18,6203.31,314.118
2023-07-22 04:00:00,16.73072,58.009,205.96,60.38,27360.5,119080.0,121.21,1337.03,915.66,99.076
2023-07-22 08:00:00,3.76756,25.3262,313.37,9.169,112703.7,298453.0,511.3,435.61,9290.99,103.892
2023-07-22 12:00:00,9.26087,50.5662,746.92,49.6,75854.0,76400.0,87.36,192.64,740.58,27.447
2023-07-22 16:00:00,9.51292,74.6572,1373.7,21.498,55625.3,657898.0,275.79,858.78,3205.98,136.047
2023-07-22 20:00:00,28.88763,225.043,5599.22,56.512,112691.3,616029.0,594.17,294.8,3599.58,388.384
2023-07-23 00:00:00,21.05433,71.39,2416.71,46.73,98647.6,393201.0,135.85,1692.75,1060.16,90.048
2023-07-23 04:00:00,23.12431,29.1869,518.99,20.52,96860.3,112210.0,84.28,503.79,3455.73,351.974
2023-07-23 08:00:00,4.15476,7.4656,32.98,28.443,31982.6,45065.0,23.5,17.64,168.04,27.368
2023-07-23 12:00:00,7.53777,30.245,458.93,44.898,56220.3,663802.0,63.5,2299.43,925.05,60.653
2023-07-23 16:00:00,46.1098,115.2582,851.17,94.981,91943.3,610464.0,162.25,225.31,1300.98,261.833
2023-07-23 20:00:00,48.48885,112.1296,1321.84,47.507,55803.0,147583.0,130.73,19035.49,822.91,107.982
2023-07-24 00:00:00,60.9424,87.0545,1077.73,89.845,135875.0,134332.0,567.22,1970.47,1656.63,283.22
2023-07-24 04:00:00,44.7067,66.4214,9966.31,83.701,74102.6,1192840.0,1049.82,175.41,263.22,416.465
2023-07-24 08:00:00,51.70672,218.8106,3674.58,162.612,87710.1,1271528.0,747.46,1042.44,2079.84,283.68
2023-07-24 12:00:00,61.74204,115.7289,6391.64,159.238,155162.5,1723873.0,317.37,504.6,1620.82,291.486
2023-07-24 16:00:00,28.86932,98.1672,1310.8,106.24,371074.8,1577888.0,236.36,426.06,7996.23,110.569
2023-07-24 20:00:00,21.02741,94.0862,531.64,49.982,116478.7,442368.0,241.73,177.54,2989.03,188.324
2023-07-25 00:00:00,16.86172,150.9788,729.68,266.205,82479.2,1949271.0,96.91,413.1,2401.51,136.787
2023-07-25 04:00:00,10.19024,57.5119,1844.89,48.426,18003.6,4023968.0,141.28,258.37,6659.18,77.773
2023-07-25 08:00:00,11.22943,54.0038,49.19,62.168,55694.6,537501.0,202.31,75.37,492.19,57.688
2023-07-25 12:00:00,22.83538,90.5655,1050.47,38.174,323432.8,1601115.0,1241.2,669.94,1677.42,111.308
2023-07-25 16:00:00,21.55723,97.514,649.52,183.976,37273.1,4987039.0,96.55,254.35,1559.91,206.881
2023-07-25 20:00:00,13.37695,88.1779,897.87,116.381,18282.7,1622437.0,183.27,265.28,1130.25,69.319
2023-07-26 00:00:00,23.3594,125.9445,899.2,188.801,112208.9,2608162.0,448.73,1269.9,913.09,158.061
2023-07-26 04:00:00,13.41474,88.6486,1308.86,25.263,14881.3,165088.0,77.22,73.65,837.48,28.666
2023-07-26 08:00:00,6.44741,38.5175,1649.73,10.003,9438.3,347570.0,102.71,11.15,199.75,166.333
2023-07-26 12:00:00,26.58491,66.818,6664.84,143.454,243420.9,1355465.0,355.08,43.41,492.4,69.474
2023-07-26 16:00:00,45.09601,247.8868,5755.5,180.926,363781.7,1444362.0,689.86,573.1,5008.12,180.406
2023-07-26 20:00:00,97.93741,151.3616,1102.51,357.724,168138.0,808982.0,591.68,1076.87,3233.62,304.842
2023-07-27 00:00:00,24.14428,113.1024,4107.16,199.314,103016.7,545838.0,204.51,1502.39,4080.75,149.018
2023-07-27 04:00:00,10.80838,65.2911,705.15,368.975,53053.7,124659.0,65.96,342.4,2539.32,31.76
2023-07-27 08:00:00,9.89267,59.8954,1280.08,30.141,41416.0,149630.0,39.64,136.5,515.31,56.002
2023-07-27 12:00:00,23.48573,103.9273,3703.35,135.229,54258.1,489972.0,327.99,225.64,3317.93,46.337
2023-07-27 16:00:00,25.7412,96.3159,2214.49,401.412,43129.8,353219.0,287.19,533.16,4005.95,116.54
2023-07-27 20:00:00,19.96096,109.3365,3356.51,98.955,40224.4,427019.0,632.25,325.08,1341.13,65.436
2023-07-28 00:00:00,15.95188,40.4145,1000.48,35.031,53363.9,370574.0,253.64,346.29,1197.41,236.938
2023-07-28 04:00:00,5.69805,32.9062,4508.92,125.243,21849.5,312614.0,261.22,1452.08,1406.44,350.277
2023-07-28 08:00:00,12.11075,66.0984,851.01,35.891,35485.9,107160.0,80.77,19.93,47.25,15.183
2023-07-28 12:00:00,19.50663,125.6829,1971.91,60.46,86923.7,438824.0,74.99,54.56,1262.41,74.587
2023-07-28 16:00:00,17.7561,121.0481,1832.48,102.761,47159.2,248911.0,716.47,198.84,2076.17,38.946
2023-07-28 20:00:00,14.95367,77.3415,1128.67,105.095,235414.4,906703.0,96.98,347.49,308.82,101.324
2023-07-29 00:00:00,7.7316,35.6642,1808.6,302.527,52151.2,562168.0,241.74,276.76,4471.67,242.124
2023-07-29 04:00:00,6.0843,45.8206,9716.68,36.603,34709.6,176871.0,66.38,115.57,1797.53,62.698
2023-07-29 08:00:00,5.09455,41.5352,2350.89,25.383,3216.1,34034.0,26.14,13.57,417.87,6.425
2023-07-29 12:00:00,9.79758,47.3395,1328.03,50.985,60054.1,128944.0,502.89,262.14,177.66,73.101
2023-07-29 16:00:00,7.79732,64.6687,1077.04,42.078,22723.7,1100644.0,331.07,306.27,3718.67,67.465
2023-07-29 20:00:00,15.2407,68.358,243.4,41.427,17367.8,651596.0,162.4,602.11,1219.48,393.481
2023-07-30 00:00:00,7.11105,61.7894,994.46,65.357,47692.5,233493.0,15.94,55.61,424.34,665.067
2023-07-30 04:00:00,7.452,39.0052,1951.57,96.983,192542.2,116858.0,78.15,250.37,469.19,64.841
2023-07-30 08:00:00,9.09098,38.1984,672.96,17.33,27457.2,21308.0,17.42,195.92,247.38,157.346
2023-07-30 12:00:00,16.07782,86.6322,368.25,41.316,29564.2,187577.0,174.63,149.59,1253.28,68.436
2023-07-30 16:00:00,29.22997,105.894,4327.96,169.424,60055.2,523297.0,593.61,790.75,6049.3,375.411
2023-07-30 20:00:00,14.51036,86.2226,6605.87,131.048,79485.3,502203.0,348.37,614.82,2872.23,188.764
2023-07-31 00:00:00,30.69171,64.0966,3029.99,106.033,37006.7,212219.0,482.2,1287.45,3817.2,248.164
2023-07-31 04:00:00,7.63724,77.08,454.54,73.211,36264.2,161638.0,917.83,1042.18,502.4,113.138
2023-07-31 08:00:00,7.31784,50.603,197.74,13.482,13945.6,69506.0,25.92,56.5,21.52,11.025
2023-07-31 12:00:00,23.31336,131.0659,3819.36,91.868,85062.2,176555.0,400.74,822.83,1198.0,225.185
2023-07-31 16:00:00,27.02866,144.9762,1525.68,84.765,142655.5,244841.0,487.33,1044.18,1848.37,172.662
2023-07-31 20:00:00,29.58337,144.7364,1099.86,48.35,105937.1,304573.0,499.15,348.23,953.89,137.127
2023-08-01 00:00:00,47.95365,249.4612,3376.25,237.923,217070.5,721367.0,861.56,2657.97,3008.65,621.52
2023-08-01 04:00:00,12.52901,61.5257,911.88,395.989,78267.9,92230.0,58.63,565.01,3632.32,566.279
2023-08-01 08:00:00,8.17253,27.3944,241.7,93.719,54961.8,166733.0,638.14,288.59,95.83,42.514
2023-08-01 12:00:00,71.68595,167.2012,3775.21,135.048,158801.5,531997.0,316.3,285.73,891.3,409.217
2023-08-01 16:00:00,59.59933,136.3496,964.75,103.512,94708.8,343629.0,236.47,1228.17,1227.65,335.201
2023-08-01 20:00:00,63.88624,196.182,1780.86,114.136,46055.1,263616.0,438.1,719.04,835.85,213.143
2023-08-02 00:00:00,80.17721,154.6468,4589.91,182.239,111858.4,433583.0,1057.66,892.22,2205.09,407.243
2023-08-02 04:00:00,18.2562,38.7917,378.37,49.829,27051.5,152574.0,52.84,154.16,1891.75,214.276
2023-08-02 08:00:00,19.83753,37.2432,2358.08,12.042,32127.2,83195.0,214.16,1777.96,512.7,145.622
2023-08-02 12:00:00,70.50753,99.307,1574.63,178.215,171192.4,1430757.0,464.51,506.15,1571.14,353.825
2023-08-02 16:00:00,71.69878,140.1127,1783.7,298.098,221044.8,620092.0,610.87,261.74,2932.81,704.714
2023-08-02 20:00:00,22.75882,58.7931,1223.73,128.026,58111.2,228489.0,100.72,637.19,585.95,142.941
2023-08-03 00:00:00,29.65338,40.7096,1785.27,278.837,55904.1,289478.0,150.56,1465.96,1352.43,230.559
2023-08-03 04:00:00,14.32752,36.8278,5529.77,42.976,140681.9,124865.0,126.05,251.17,514.93,308.519
2023-08-03 08:00:00,9.74422,41.4512,609.68,32.205,22926.3,418848.0,81.1,31.86,1202.45,70.808
2023-08-03 12:00:00,47.70226,131.8645,1677.59,166.482,61890.8,439603.0,329.63,760.72,3212.85,140.485
2023-08-03 16:00:00,27.86503,80.4577,2610.88,96.472,72479.4,205712.0,150.7,259.48,5150.41,123.892
2023-08-03 20:00:00,31.60649,72.1414,1295.07,61.277,88583.5,281249.0,254.66,1519.9,2099.26,793.865
2023-08-04 00:00:00,18.58397,69.5814,739.08,85.349,23034.7,240962.0,113.35,328.48,140.59,563.577
2023-08-04 04:00:00,12.80976,19.8327,184.2,88.534,30642.5,151639.0,50.83,627.5,85.86,314.628
2023-08-04 08:00:00,13.52419,29.4146,743.89,61.841,1512.0,137773.0,174.83,42.62,905.43,218.329
2023-08-04 12:00:00,34.2286,114.2892,2460.89,99.004,71928.5,309770.0,209.91,636.17,618.03,254.787
2023-08-04 16:00:00,26.2329,173.5806,1999.94,66.672,43162.1,506326.0,156.14,629.66,1062.52,418.222
2023-08-04 20:00:00,22.87747,95.1131,2246.22,121.528,85410.9,1225360.0,617.7,827.83,672.15,114.66
2023-08-05 00:00:00,23.59859,40.8485,2171.33,66.425,83291.7,420015.0,156.25,140.8,370.45,112.944
2023-08-05 04:00:00,11.73677,16.5247,602.74,43.481,22594.7,778876.0,246.08,56.01,1047.25,86.826
2023-08-05 08:00:00,5.93742,13.9294,101.55,13.02,1231.6,896441.0,26.26,151.14,983.83,63.456
2023-08-05 12:00:00,12.99237,31.8614,904.78,74.159,43919.1,443172.0,176.44,136.53,355.46,250.968
2023-08-05 16:00:00,7.65559,31.3176,1622.07,84.35,53308.7,153776.0,153.91,323.72,174.5,94.965
2023-08-05 20:00:00,7.43732,40.0574,617.68,38.741,48046.7,350006.0,16.96,1308.47,1004.33,255.754
2023-08-06 00:00:00,14.05938,27.3107,2762.82,161.176,56786.9,159475.0,731.39,162.1,2000.26,139.051
2023-08-06 04:00:00,11.29812,10.0177,1332.56,88.304,78509.0,295119.0,67.63,212.0,989.2,91.768
2023-08-06 08:00:00,7.99617,22.2629,680.61,10.328,21285.2,192382.0,88.7,21.94,300.18,69.372
2023-08-06 12:00:00,18.19138,48.8848,2197.44,63.779,77769.3,162019.0,233.58,1116.39,555.72,191.696
2023-08-06 16:00:00,14.87009,33.8947,524.28,59.739,102357.0,212974.0,204.96,403.11,430.06,76.562
2023-08-06 20:00:00,29.91412,39.786,1561.64,315.204,24829.3,199077.0,87.13,647.57,535.53,135.05
2023-08-07 00:00:00,44.18388,76.072,1369.69,126.588,55498.5,295685.0,208.58,456.46,1670.71,158.464
2023-08-07 04:00:00,6.43761,37.5048,930.86,8.409,35304.4,69398.0,31.33,2035.19,1628.97,78.349
2023-08-07 08:00:00,25.13755,12.1374,43.56,20.48,28087.2,48013.0,49.6,1286.99,741.38,24.721
2023-08-07 12:00:00,18.12799,97.4183,1147.07,145.814,114361.1,413528.0,268.05,992.97,488.06,65.902
2023-08-07 16:00:00,38.76812,203.2022,1770.13,129.05,252355.9,583684.0,856.97,764.0,1610.37,144.502
2023-08-07 20:00:00,22.46628,42.6033,459.93,57.889,72455.6,93933.0,322.57,394.7,1561.79,144.164
2023-08-08 00:00:00,10.5875,92.5258,594.11,61.247,66118.0,68922.0,240.67,2615.96,958.08,59.336
2023-08-08 04:00:00,18.18339,24.482,495.02,18.154,49993.7,185292.0,127.96,116.95,1021.25,45.884
2023-08-08 08:00:00,21.92952,42.9811,759.44,21.558,16060.5,148446.0,61.14,119.3,99.09,129.832
2023-08-08 12:00:00,50.91952,119.6427,3020.48,167.524,133638.5,320604.0,514.42,379.36,1445.16,280.49
2023-08-08 16:00:00,70.79751,203.609,13235.76,169.645,323136.8,836686.0,287.42,935.97,13395.94,283.433
2023-08-08 20:00:00,102.28064,119.6578,3048.44,128.78,52126.3,431360.0,375.36,1226.59,1043.84,178.541
2023-08-09 00:00:00,27.70895,40.9444,2058.04,200.469,40548.6,44614.0,334.09,876.61,341.84,45.025
2023-08-09 04:00:00,22.96108,40.2459,959.86,67.653,36253.9,131602.0,1410.16,69.05,1150.31,146.79
2023-08-09 08:00:00,21.44825,28.4105,1052.71,14.45,13556.8,36981.0,246.53,0.39,1897.59,18.899
2023-08-09 12:00:00,51.73227,85.2305,1892.68,102.879,67424.1,741639.0,292.12,1388.17,6291.29,182.939
2023-08-09 16:00:00,35.12845,86.8108,930.15,84.425,45658.1,285276.0,332.21,732.57,1093.45,222.436
2023-08-09 20:00:00,18.6801,27.739,895.37,62.792,176384.8,117868.0,198.32,476.88,998.62,137.994
2023-08-10 00:00:00,9.16105,48.5727,461.3,78.569,51457.5,338016.0,179.17,28.17,466.2,77.045
2023-08-10 04:00:00,19.0495,31.6733,146.19,160.764,31788.6,227033.0,49.51,125.13,587.79,163.049
2023-08-10 08:00:00,7.10603,24.4519,115.94,32.506,61793.0,30576.0,127.3,37.42,844.68,110.824
2023-08-10 12:00:00,63.42754,76.8695,960.33,34.871,68074.4,148923.0,299.81,254.97,1346.03,119.768
2023-08-10 16:00:00,43.87087,83.0389,471.65,211.44,49696.5,769948.0,1136.91,168.23,430.47,545.485
2023-08-10 20:00:00,16.86286,35.0699,697.83,40.64,101949.9,123386.0,116.17,333.55,1379.93,85.736
2023-08-11 00:00:00,25.48192,41.7389,1366.53,107.128,80613.1,414279.0,193.93,126.76,318.32,51.311
2023-08-11 04:00:00,35.82362,38.8833,394.24,83.381,52616.4,48953.0,68.63,518.48,2221.99,72.264
2023-08-11 08:00:00,24.71341,11.4165,183.61,17.035,49506.3,54073.0,60.82,374.58,258.98,31.766
2023-08-11 12:00:00,49.86131,56.6654,1650.54,145.991,46232.4,82080.0,168.39,50.29,3871.82,72.354
2023-08-11 16:00:00,39.32951,62.2662,1936.83,62.079,41588.4,200992.0,61.41,471.47,1212.31,33.627
2023-08-11 20:00:00,25.8439,32.6045,1849.42,41.317,46927.2,46344.0,88.11,107.84,472.48,84.752
2023-08-12 00:00:00,16.91002,20.5017,703.29,25.868,66164.0,268629.0,114.44,465.44,172.78,185.687
2023-08-12 04:00:00,15.3247,15.9488,153.76,26.417,14564.8,83166.0,159.5,167.86,169.41,20.459
2023-08-12 08:00:00,16.97992,8.3651,94.61,5.993,2760.8,360211.0,30.85,94.14,2.19,118.422
2023-08-12 12:00:00,15.92712,31.7601,107.18,99.78,9607.9,111948.0,43.98,58.76,459.43,11.351
2023-08-12 16:00:00,18.30621,20.779,4111.3,51.285,29428.2,159502.0,219.74,4234.17,1193.99,12.21
2023-08-12 20:00:00,23.92476,21.3085,1003.02,49.68,21327.7,115340.0,199.24,140.67,156.83,71.019
2023-08-13 00:00:00,15.78232,49.2467,4068.36,69.681,79321.0,129343.0,666.62,65.87,10974.91,60.773
2023-08-13 04:00:00,21.89763,20.5564,261.13,15.487,15193.3,89437.0,34.84,5.88,231.24,34.238
2023-08-13 08:00:00,1.6444,7.3148,801.63,6.483,668.4,23706.0,21.27,1.32,36.92,46.287
2023-08-13 12:00:00,2.0087,16.3038,528.97,30.188,10536.6,164810.0,16.67,12.3,1978.4,30.98
2023-08-13 16:00:00,31.92219,143.0927,1438.45,434.835,69794.0,52022.0,280.52,494.22,778.05,25.387
2023-08-13 20:00:00,13.95364,162.8952,972.56,113.182,132680.8,372497.0,997.71,533.28,530.61,172.522
2023-08-14 00:00:00,52.94356,38.9259,1500.15,70.084,15823.3,156862.0,207.5,107.45,1713.35,54.041
2023-08-14 04:00:00,8.06192,70.8904,187.35,33.129,9372.8,31550.0,50.69,166.81,196.26,11.335
2023-08-14 08:00:00,7.01576,19.8085,1845.54,13.465,5159.5,21918.0,41.46,61.57,73.17,0.625
2023-08-14 12:00:00,37.42269,131.1728,1383.4,17.756,182341.7,183609.0,250.41,308.82,759.36,14.028
2023-08-14 16:00:00,37.03811,71.2887,3937.26,87.539,152578.1,188803.0,198.15,254.31,1029.31,65.204
2023-08-14 20:00:00,26.77483,56.9984,703.09,69.589,20564.5,521878.0,218.64,506.06,1542.43,313.761
2023-08-15 00:00:00,17.36999,59.2907,4003.06,116.676,11824.1,70592.0,76.41,104.14,454.32,40.531
2023-08-15 04:00:00,7.52672,6.7235,662.72,31.341,188655.9,116376.0,216.19,137.24,598.99,24.106
2023-08-15 08:00:00,5.85555,18.5364,131.79,60.255,7695.1,15317.0,304.03,175.16,4125.41,2.657
2023-08-15 12:00:00,23.15395,138.5325,856.92,42.736,39565.3,211490.0,412.1,8187.57,241.14,274.309
2023-08-15 16:00:00,42.65309,211.0795,4003.32,199.171,233152.4,1069951.0,1402.5,4781.74,3742.51,400.203
2023-08-15 20:00:00,9.51576,32.8876,3917.27,125.806,94934.1,436591.0,658.69,242.44,365.9,52.09
2023-08-16 00:00:00,18.29804,33.6329,667.59,67.747,61440.9,316448.0,625.98,331.76,418.09,130.423
2023-08-16 04:00:00,37.30359,34.7439,1780.64,16.796,94281.7,138660.0,46.34,114.7,421.86,17.283
2023-08-16 08:00:00,8.31264,16.5157,679.21,41.352,117134.5,89438.0,109.47,350.67,41.99,39.892
2023-08-16 12:00:00,14.10739,49.2165,2050.89,39.198,238931.0,330812.0,416.0,395.22,6286.41,123.577
2023-08-16 16:00:00,49.51278,114.8626,2631.87,381.141,85164.5,163924.0,76.9,233.8,2108.63,181.55
2023-08-16 20:00:00,65.70739,210.7288,4326.39,76.126,183828.6,1081396.0,1801.41,2255.88,4219.84,439.868
2023-08-17 00:00:00,59.80254,193.8555,2433.51,126.725,219462.5,2928932.0,684.13,982.21,3671.63,298.95
2023-08-17 04:00:00,22.96752,13.78,766.46,99.615,18541.7,5087843.0,180.62,513.23,40.94,21.916
2023-08-17 08:00:00,11.97696,47.627,355.05,125.777,16792.0,110245.0,22.15,195.79,138.49,24.409
2023-08-17 12:00:00,103.03196,322.6745,6576.86,72.245,130774.4,535551.0,701.77,763.87,1403.35,269.478
2023-08-17 16:00:00,87.4937,372.7505,2710.62,93.09,99860.2,448574.0,1097.2,296.13,1679.38,259.301
2023-08-17 20:00:00,160.72249,843.0261,20777.1,464.822,512831.4,4526271.0,4036.37,6729.1,14731.79,1038.275
2023-08-18 00:00:00,49.49961,163.0357,1634.24,248.547,256499.5,728682.0,280.91,2801.9,1848.65,161.373
2023-08-18 04:00:00,57.35164,101.0276,1908.23,155.255,141670.9,206730.0,494.86,1868.96,1049.21,168.449
2023-08-18 08:00:00,18.39249,34.7853,400.85,29.807,20599.4,302903.0,128.32,442.02,210.68,38.108
2023-08-18 12:00:00,56.54431,297.8789,2820.23,125.501,176225.3,198360.0,641.19,143.75,3433.49,532.365
2023-08-18 16:00:00,121.33613,246.4804,3848.69,84.51,81015.2,215468.0,554.93,431.87,923.77,132.909
2023-08-18 20:00:00,24.65521,61.9631,789.39,98.108,19415.9,160184.0,286.51,756.0,284.19,296.098
2023-08-19 00:00:00,25.82907,59.0039,431.08,40.234,47790.3,195098.0,73.09,529.42,4308.5,57.934
2023-08-19 04:00:00,13.16375,65.1515,395.97,127.318,14489.6,56359.0,365.09,825.75,805.83,109.592
2023-08-19 08:00:00,8.32249,45.5687,190.33,34.304,12917.1,8087.0,84.61,62.78,105.43,55.34
2023-08-19 12:00:00,27.18054,113.5295,470.21,45.065,89884.1,25946.0,51.45,650.01,153.61,542.869
2023-08-19 16:00:00,23.95277,72.7648,907.26,162.87,173515.4,115060.0,379.92,348.42,329.15,54.886
2023-08-19 20:00:00,10.31372,23.2014,218.92,80.054,99746.7,56888.0,217.21,176.88,990.24,74.106
2023-08-20 00:00:00,14.20229,30.2168,283.38,43.226,51283.0,52398.0,131.12,52.59,187.36,98.278
2023-08-20 04:00:00,11.24796,25.6791,318.42,14.229,5609.8,14378.0,14.61,204.07,84.66,68.351
2023-08-20 08:00:00,17.04746,14.3399,560.29,9.1,6074.1,29764.0,64.65,0.0,60.48,29.56
2023-08-20 12:00:00,19.63609,64.2632,149.84,21.622,23167.6,49911.0,61.55,129.0,155.93,31.402
2023-08-20 16:00:00,12.86813,25.9469,272.25,63.711,63699.7,32103.0,483.71,431.36,339.33,109.092
2023-08-20 20:00:00,21.81146,85.6824,313.42,60.16,20714.8,39386.0,131.74,131.32,1456.75,197.504
2023-08-21 00:00:00,10.60981,41.364,1671.86,59.28,46991.0,75168.0,198.32,549.73,439.02,111.311
2023-08-21 04:00:00,14.04877,42.6889,387.27,47.509,94589.7,91794.0,102.65,238.58,145.72,111.18
2023-08-21 08:00:00,11.83015,55.8121,1100.5,100.359,46248.2,120742.0,219.5,323.53,845.97,70.941
2023-08-21 12:00:00,32.54653,98.295,2179.64,103.858,143195.0,235941.0,1090.01,381.31,2119.45,184.399
2023-08-21 16:00:00,19.77878,138.2148,2365.68,49.986,59500.3,175934.0,189.71,227.65,490.0,147.236
2023-08-21 20:00:00,21.75002,40.6279,432.41,461.098,33738.4,41498.0,156.8,537.81,672.25,295.216
2023-08-22 00:00:00,16.01235,55.8304,1515.01,191.006,32906.1,46657.0,148.28,640.65,1021.17,100.237
2023-08-22 04:00:00,14.79175,19.4813,366.55,79.912,27120.2,207884.0,158.81,155.07,439.08,6.641
2023-08-22 08:00:00,5.646,26.5304,524.82,95.237,18339.1,23929.0,346.05,71.98,1432.43,124.185
2023-08-22 12:00:00,27.55056,166.3719,1156.58,271.675,73050.7,178313.0,1258.55,392.62,615.34,158.806
2023-08-22 16:00:00,51.03144,369.6205,3381.2,181.682,174240.1,590756.0,807.75,953.25,3830.6,427.569
2023-08-22 20:00:00,49.85796,314.0853,3868.46,209.945,186968.1,311687.0,525.02,578.9,1926.21,256.485
2023-08-23 00:00:00,31.7087,176.2237,1590.69,220.577,44485.6,113192.0,1331.58,1887.47,310.28,346.076
2023-08-23 04:00:00,23.9548,66.2283,563.67,118.381,29334.8,429447.0,119.76,214.33,420.45,76.243
2023-08-23 08:00:00,12.82569,42.5687,439.07,80.075,7758.5,52537.0,29.0,188.93,1391.38,15.4
2023-08-23 12:00:00,31.36449,111.9143,1131.92,70.851,105844.2,191321.0,414.48,136.46,5915.34,77.311
2023-08-23 16:00:00,98.92859,233.9997,6775.55,148.17,172137.5,145164.0,1114.5,1412.39,4057.99,305.128
2023-08-23 20:00:00,52.80628,113.1558,1287.27,57.735,25068.7,447559.0,364.81,220.7,924.17,90.736
2023-08-24 00:00:00,23.57742,89.7014,1809.73,124.007,112537.3,127618.0,357.82,140.86,328.84,108.505
2023-08-24 04:00:00,8.94815,25.3154,1347.55,137.664,20648.8,141237.0,25.23,218.69,128.16,18.585
2023-08-24 08:00:00,11.51591,32.3117,281.86,18.699,9417.5,44614.0,35.96,77.66,197.95,6.999
2023-08-24 12:00:00,26.60798,164.9193,1299.65,20.43,83360.1,144032.0,698.25,401.7,2240.84,232.1
2023-08-24 16:00:00,42.13744,131.7712,3675.3,61.807,69195.0,68393.0,70.56,190.37,1500.24,36.5
2023-08-24 20:00:00,21.94522,54.4444,703.45,67.087,78133.5,110754.0,269.45,194.38,1221.27,317.804
2023-08-25 00:00:00,33.67677,40.2299,1077.23,20.703,122556.6,89624.0,207.48,164.02,947.25,95.132
2023-08-25 04:00:00,22.56486,34.8325,622.9,58.449,51949.8,23572.0,169.28,74.37,447.05,75.877
2023-08-25 08:00:00,13.87245,33.9094,120.98,11.141,5231.0,9183.0,62.87,176.63,205.13,105.304
2023-08-25 12:00:00,73.32062,157.6926,2089.88,51.329,84179.1,146543.0,370.76,312.33,1325.73,347.098
2023-08-25 16:00:00,37.61791,199.3348,986.97,72.028,21837.6,447331.0,51.11,80.64,854.86,36.764
2023-08-25 20:00:00,15.32153,49.235,428.54,25.186,6042.3,211711.0,274.38,172.2,325.21,68.681
2023-08-26 00:00:00,5.37862,30.6557,562.64,56.978,27703.8,7321.0,110.9,158.25,68.48,74.697
2023-08-26 04:00:00,4.83659,12.7175,78.31,4.672,11276.4,37932.0,100.58,135.41,957.5,26.095
2023-08-26 08:00:00,5.10286,18.5351,102.54,4.86,25775.3,54636.0,67.21,100.95,119.99,10.687
2023-08-26 12:00:00,9.42578,19.0554,294.7,21.257,29516.7,51540.0,112.16,29.0,626.12,21.739
2023-08-26 16:00:00,6.15566,23.8432,320.34,73.01,14665.8,104067.0,172.37,302.65,224.76,35.965
2023-08-26 20:00:00,4.43691,8.6927,531.34,21.089,5605.5,56631.0,320.3,28.72,253.38,207.409
2023-08-27 00:00:00,24.29147,19.8993,248.87,12.278,24412.6,17730.0,590.84,69.54,206.6,30.554
2023-08-27 04:00:00,22.30766,12.376,42.28,12.977,20392.9,115777.0,40.41,66.38,4.72,11.461
2023-08-27 08:00:00,6.57705,11.4655,299.17,4.664,35898.7,15037.0,265.55,2.65,0.0,0.0
2023-08-27 12:00:00,16.79133,41.9206,2271.31,94.418,21726.5,34479.0,326.57,104.69,548.59,143.362
2023-08-27 16:00:00,14.34666,25.5646,552.79,124.294,15639.7,49346.0,203.52,212.15,328.73,135.372
2023-08-27 20:00:00,7.05975,74.8473,1166.6,56.1,14889.1,9096.0,114.48,208.69,237.36,114.895
2023-08-28 00:00:00,22.53452,32.7428,632.81,42.542,74383.4,431628.0,439.21,1099.86,571.53,230.08
2023-08-28 04:00:00,15.15302,73.7635,991.37,35.911,43047.9,111722.0,117.21,854.93,465.31,230.901
2023-08-28 08:00:00,13.59266,95.6915,1042.93,21.196,11771.3,31482.0,131.88,13.34,508.75,113.117
2023-08-28 12:00:00,43.78182,138.2691,1186.29,41.588,77323.1,224386.0,475.71,570.63,1110.47,84.285
2023-08-28 16:00:00,36.56472,100.6194,826.55,30.608,122782.4,40864.0,913.01,480.74,681.47,100.607
2023-08-28 20:00:00,36.19473,38.5921,288.38,21.393,45379.0,59916.0,733.05,349.42,303.45,209.519
2023-08-29 00:00:00,25.17698,60.5279,363.06,45.045,15922.7,29673.0,824.25,616.56,581.1,37.265
2023-08-29 04:00:00,16.76665,29.9875,374.85,168.288,13303.0,225604.0,249.33,1100.77,409.01,37.803
2023-08-29 08:00:00,28.084,26.5768,714.07,22.002,36772.4,35066.0,252.9,135.15,172.2,24.429
2023-08-29 12:00:00,185.24553,390.2007,3409.98,473.493,153115.3,1105604.0,1876.88,1575.76,4751.59,442.335
2023-08-29 16:00:00,121.95177,263.8126,1599.54,121.777,62763.4,564232.0,1044.64,2541.97,930.25,265.908
2023-08-29 20:00:00,50.6681,113.4199,1248.24,51.175,40556.9,201465.0,228.41,148.39,212.62,318.892
2023-08-30 00:00:00,55.65099,36.2382,427.18,26.993,85350.9,211163.0,335.69,369.22,467.15,92.526
2023-08-30 04:00:00,21.59822,17.5095,249.5,20.016,31039.2,33059.0,289.44,321.43,73.94,90.485
2023-08-30 08:00:00,30.18339,9.7535,226.41,15.051,8244.1,38590.0,52.86,165.54,245.91,58.209
2023-08-30 12:00:00,67.73136,68.4679,1655.33,232.807,73059.6,196697.0,910.54,2897.67,2593.31,78.07
2023-08-30 16:00:00,33.98203,44.7775,1378.96,147.528,56309.9,120329.0,223.73,150.82,221.18,32.428
2023-08-30 20:00:00,26.07956,26.8458,350.08,37.973,13650.6,64345.0,241.17,948.94,95.79,27.34
2023-08-31 00:00:00,7.91697,19.0837,184.96,44.292,44694.2,431290.0,55.33,1195.77,208.28,86.623
2023-08-31 04:00:00,8.49829,20.2854,182.92,78.821,26829.2,68022.0,65.49,172.52,75.02,32.933
2023-08-31 08:00:00,19.48374,38.7612,160.98,40.564,12707.4,69500.0,91.99,59.34,273.68,20.092
2023-08-31 12:00:00,49.3851,212.427,1675.18,85.053,97753.7,462777.0,658.5,1026.79,1096.92,97.289
2023-08-31 16:00:00,169.92649,306.8279,5188.25,78.285,293305.9,442798.0,804.07,1238.05,2395.57,360.829
2023-08-31 20:00:00,43.98233,116.808,1238.58,153.224,38593.2,136944.0,303.23,577.48,662.49,126.217
2023-09-01 00:00:00,14.60278,16.6661,433.51,61.865,62093.6,219300.0,188.93,360.69,616.46,24.295
2023-09-01 04:00:00,21.38259,7.1111,200.31,118.634,29499.2,54384.0,131.71,442.82,626.48,61.744
2023-09-01 08:00:00,19.10385,12.7669,117.43,20.823,7698.4,22769.0,29.67,297.67,159.39,49.903
2023-09-01 12:00:00,80.55624,83.9552,961.58,34.844,82861.5,142825.0,516.67,889.77,1173.1,96.668
2023-09-01 16:00:00,73.12984,244.6337,1907.88,62.267,74767.7,499658.0,1809.86,634.95,933.45,144.422
2023-09-01 20:00:00,25.78398,66.1896,790.71,93.182,17170.7,397079.0,1323.83,120.26,6046.35,76.573
2023-09-02 00:00:00,14.7971,20.0981,387.56,14.801,15446.9,49071.0,237.05,330.83,330.4,92.613
2023-09-02 04:00:00,12.07666,10.4542,171.85,17.936,3583.8,345293.0,77.23,488.87,7.33,11.25
2023-09-02 08:00:00,4.08641,8.6746,373.8,6.521,2995.6,116785.0,66.96,31.1,77.6,39.359
2023-09-02 12:00:00,13.65045,52.4173,141.06,4.802,44699.6,393477.0,148.9,285.06,520.61,40.861
2023-09-02 16:00:00,16.20133,25.9607,830.79,37.176,13886.8,310624.0,175.04,379.69,103.61,33.402
2023-09-02 20:00:00,11.67378,15.6397,207.96,43.074,18601.5,29493.0,98.69,96.5,211.19,61.289
2023-09-03 00:00:00,14.65791,50.345,494.75,26.213,12813.1,383781.0,553.93,232.74,916.05,83.835
2023-09-03 04:00:00,35.0652,19.6577,86.21,12.466,55686.1,36630.0,29.05,88.62,127.36,10.624
2023-09-03 08:00:00,11.38425,3.4187,58.54,30.034,2591.0,2340.0,59.79,57.15,190.7,17.809
2023-09-03 12:00:00,33.24217,31.4937,353.98,40.012,12660.0,25381.0,119.63,476.21,559.95,47.439
2023-09-03 16:00:00,21.76913,27.7434,2411.01,55.082,23192.2,103043.0,738.97,995.25,1059.91,73.672
2023-09-03 20:00:00,23.99069,35.724,708.16,86.671,57008.0,349381.0,72.74,984.25,809.88,35.968
2023-09-04 00:00:00,23.49009,35.3198,1387.63,34.619,33161.4,87323.0,261.93,88.68,396.67,51.192
2023-09-04 04:00:00,14.34427,18.0606,2061.0,12.84,14190.4,25335.0,16.9,83.57,572.16,153.755
2023-09-04 08:00:00,12.99273,10.8696,176.71,30.368,4257.6,21696.0,17.37,279.35,888.68,2.2
2023-09-04 12:00:00,28.51623,88.5593,1016.39,20.172,50935.0,125217.0,172.64,1331.86,1536.52,79.62
2023-09-04 16:00:00,19.47067,42.9619,2139.42,116.308,20406.3,449752.0,363.34,1270.18,486.86,32.323
2023-09-04 20:00:00,37.44121,140.9258,1032.36,25.705,42685.9,150085.0,572.57,333.81,1770.73,86.667
2023-09-05 00:00:00,17.42718,42.836,835.35,51.877,28968.8,47508.0,358.8,164.6,666.25,84.338
2023-09-05 04:00:00,13.60309,30.9454,332.58,22.039,45158.0,87704.0,69.73,25.87,24.67,113.022
2023-09-05 08:00:00,8.8131,14.8184,457.65,15.837,8948.9,62649.0,106.38,100.83,1201.92,12.524
2023-09-05 12:00:00,30.09846,85.0467,5078.0,63.91,47916.4,407888.0,202.95,193.18,743.17,44.774
2023-09-05 16:00:00,24.3887,29.0716,2252.13,41.514,41736.6,183464.0,88.87,105.25,838.14,83.259
2023-09-05 20:00:00,13.98682,99.4642,2766.0,86.515,126619.1,21541.0,255.98,63.27,919.3,81.418
2023-09-06 00:00:00,16.05437,24.9937,735.72,146.548,20838.4,336012.0,99.43,1510.85,1829.84,78.231
2023-09-06 04:00:00,9.78485,34.2531,926.42,17.888,15450.1,55927.0,262.97,68.73,535.01,61.466
2023-09-06 08:00:00,9.07877,2.3078,319.85,21.034,6194.0,14717.0,104.83,7.45,227.64,51.871
2023-09-06 12:00:00,22.24712,57.4999,5018.53,77.484,109836.5,121134.0,242.12,386.52,443.63,68.144
2023-09-06 16:00:00,81.71262,288.674,1677.79,237.523,122601.9,405764.0,509.59,544.75,3170.77,206.855
2023-09-06 20:00:00,23.88018,60.3648,223.23,99.219,48565.8,33101.0,323.84,112.87,1786.93,23.872
2023-09-07 00:00:00,28.36916,34.2948,846.63,27.061,30788.9,83857.0,459.51,559.45,6117.68,36.929
2023-09-07 04:00:00,6.45689,3.71,444.16,122.444,10161.6,15361.0,83.21,8.99,798.62,20.686
2023-09-07 08:00:00,4.15339,32.3151,334.01,44.257,14496.8,25734.0,191.68,126.19,941.05,9.467
2023-09-07 12:00:00,21.54807,46.5034,555.12,57.554,235404.6,111584.0,48.07,291.29,541.5,37.95
2023-09-07 16:00:00,26.81587,20.3542,982.84,144.13,45291.4,28808.0,1227.14,679.46,212.93,76.828
2023-09-07 20:00:00,71.51608,87.3501,1075.06,175.447,53382.3,97585.0,135.54,248.59,2189.09,103.154
2023-09-08 00:00:00,22.57022,35.3815,1375.2,41.788,20240.5,41930.0,915.71,240.3,1072.68,26.493
2023-09-08 04:00:00,12.50701,12.9677,230.78,26.625,2620.5,65099.0,230.21,1556.87,598.81,42.494
2023-09-08 08:00:00,32.0176,41.4249,1048.11,34.434,38540.2,129627.0,1040.59,291.65,1090.37,73.895
2023-09-08 12:00:00,13.98822,20.3163,294.17,26.359,46975.7,125987.0,39.28,297.31,212.58,4.387
2023-09-08 16:00:00,22.94535,56.3333,370.87,151.092,88814.8,79935.0,136.11,112.56,425.81,332.108
2023-09-08 20:00:00,5.6685,40.0025,422.43,129.721,8445.3,47963.0,41.43,149.0,66.78,130.499
2023-09-09 00:00:00,10.34295,5.2566,492.33,118.093,18873.3,23991.0,564.54,119.45,170.51,115.647
2023-09-09 04:00:00,6.90321,3.0792,173.1,34.084,3414.9,8672.0,97.66,299.99,27.52,10.206
2023-09-09 08:00:00,7.70571,2.5823,150.0,14.556,6533.1,2870.0,4.07,5.39,353.3,1.69
2023-09-09 12:00:00,16.18898,17.04,116.86,31.923,73769.0,17408.0,15.96,188.38,261.81,124.917
2023-09-09 16:00:00,10.58858,22.8942,170.56,55.184,51592.5,28689.0,36.29,75.18,421.17,32.919
2023-09-09 20:00:00,10.14202,6.294,214.86,90.58,19551.2,12658.0,905.62,527.09,102.97,47.962
2023-09-10 00:00:00,7.86013,12.4442,1841.81,36.158,117749.0,168472.0,570.18,241.72,2555.79,19.699
2023-09-10 04:00:00,9.3022,23.3478,3277.25,23.137,169803.8,600984.0,798.49,493.06,2248.73,214.526
2023-09-10 08:00:00,6.10617,2.7808,1560.01,12.145,26535.3,106013.0,4.74,1143.23,130.67,18.35
2023-09-10 12:00:00,21.68763,18.116,5821.2,31.763,51743.8,55069.0,771.37,100.44,713.43,35.462
2023-09-10 16:00:00,37.16357,169.9794,2363.29,29.868,113826.6,581632.0,344.45,191.0,1357.58,91.249
2023-09-10 20:00:00,33.14467,50.7486,5509.39,183.978,80028.9,350746.0,371.09,595.34,1076.76,23.027
2023-09-11 00:00:00,23.00274,88.92,2920.86,55.205,45660.1,42277.0,461.85,1335.39,688.49,64.63
2023-09-11 04:00:00,17.51878,12.0077,433.01,17.542,22882.5,298707.0,24.98,2737.43,125.28,100.363
2023-09-11 08:00:00,24.35494,164.6994,4852.6,67.835,276363.1,667527.0,488.14,1486.67,2385.32,114.495
2023-09-11 12:00:00,97.48381,176.4525,2373.26,53.505,190224.0,261378.0,474.29,381.18,1177.93,105.127
2023-09-11 16:00:00,36.50946,331.0842,2424.76,144.909,113776.4,130335.0,567.12,977.55,966.94,174.819
2023-09-11 20:00:00,74.21066,106.6287,2600.5,81.531,44645.3,61244.0,332.0,1464.02,1896.92,71.997
2023-09-12 00:00:00,59.83025,74.3788,1515.58,86.246,53084.0,162747.0,180.16,574.65,7645.62,76.934
2023-09-12 04:00:00,49.91241,78.1112,2552.6,30.482,65914.1,470945.0,83.47,120.48,261.2,31.911
2023-09-12 08:00:00,50.38534,116.3629,826.45,35.111,133988.4,67954.0,53.1,117.76,1101.39,47.834
2023-09-12 12:00:00,41.89351,67.8114,1072.62,192.17,110390.1,44430.0,1239.55,268.01,450.76,45.924
2023-09-12 16:00:00,49.1848,106.3477,1476.65,28.702,563385.4,124804.0,117.7,265.02,848.62,146.522
2023-09-12 20:00:00,35.50009,36.3645,525.45,111.961,18420.5,41604.0,586.54,668.9,116.21,1213.275
2023-09-13 00:00:00,26.95638,42.4283,948.12,43.786,40496.1,50239.0,762.57,223.16,140.42,35.808
2023-09-13 04:00:00,23.03033,54.6667,1999.11,14.268,48257.4,72124.0,393.51,708.2,728.44,233.921
2023-09-13 08:00:00,17.45828,33.181,743.23,19.345,15277.2,11973.0,691.01,36.15,132.53,15.833
2023-09-13 12:00:00,64.74897,59.88,628.24,64.546,39149.1,39517.0,237.72,370.48,976.87,35.001
2023-09-13 16:00:00,35.40465,42.0381,981.52,135.75,73739.2,98944.0,82.13,1970.94,584.49,293.689
2023-09-13 20:00:00,22.31508,14.0777,880.86,112.88,83603.1,94810.0,127.59,432.66,161.97,237.527
2023-09-14 00:00:00,50.56274,68.2679,4821.39,107.279,212450.0,134735.0,735.18,1654.01,1513.46,162.16
2023-09-14 04:00:00,25.73273,10.219,329.57,29.163,18302.0,106584.0,14.44,32.55,5637.12,40.664
2023-09-14 08:00:00,12.07762,13.8729,256.61,41.015,11685.2,6144.0,54.58,12.25,869.84,4.002
2023-09-14 12:00:00,83.59177,46.1402,1447.46,85.823,130469.3,50863.0,330.84,1029.08,1100.68,41.357
2023-09-14 16:00:00,31.88561,105.7651,477.36,155.681,223934.1,112413.0,103.53,637.73,1047.06,27.318
2023-09-14 20:00:00,41.75057,61.2561,285.99,90.244,39300.4,140003.0,101.98,49.19,2267.86,63.477
2023-09-15 00:00:00,38.35042,41.6402,1058.31,41.307,84541.7,103633.0,139.16,230.27,462.09,18.973
2023-09-15 04:00:00,17.3597,26.4874,460.17,22.494,11583.8,197009.0,35.74,140.07,3790.23,4.595
2023-09-15 08:00:00,15.16755,14.0246,205.69,9.686,4508.7,20063.0,60.73,445.33,568.27,2.729
2023-09-15 12:00:00,40.77948,40.9326,682.47,172.087,28372.8,26223.0,317.17,110.86,188.1,138.798
2023-09-15 16:00:00,21.10624,23.254,2611.37,142.161,101715.8,110510.0,521.33,1474.96,1883.75,143.572
2023-09-15 20:00:00,48.3046,127.77,1561.83,59.502,170713.9,656801.0,286.36,429.6,3843.09,86.55
2023-09-16 00:00:00,45.21577,32.6718,4706.84,72.981,46518.9,87358.0,257.49,2137.51,1869.63,325.649
2023-09-16 04:00:00,13.0967,23.4693,298.71,39.736,14257.5,10099.0,159.85,669.87,156.13,145.957
2023-09-16 08:00:00,9.76657,20.01,194.05,70.626,58010.6,171164.0,97.7,127.32,6192.55,33.274
2023-09-16 12:00:00,10.82838,19.4175,741.49,50.029,120918.5,29087.0,301.01,185.99,491.67,39.191
2023-09-16 16:00:00,18.23382,10.9355,2293.09,58.672,31678.5,23107.0,148.41,1042.63,257.03,36.393
2023-09-16 20:00:00,18.4328,11.7194,465.25,52.24,6248.5,59603.0,4.04,18.16,323.33,17.885
2023-09-17 00:00:00,19.24581,46.6541,670.83,100.51,167732.1,126702.0,234.7,131.08,3602.91,291.011
2023-09-17 04:00:00,10.7773,7.1787,27.16,44.923,19847.2,21048.0,11.54,102.98,415.86,36.572
2023-09-17 08:00:00,14.71883,4.3864,52.95,14.353,57669.2,57138.0,177.77,38.31,11233.58,23.088
2023-09-17 12:00:00,4.54504,33.5883,534.7,63.03,16757.5,106627.0,102.06,17.9,757.16,32.619
2023-09-17 16:00:00,14.43262,40.0256,327.81,17.155,70343.8,205912.0,333.14,290.7,979.2,43.688
2023-09-17 20:00:00,22.61526,33.6461,487.8,24.181,85554.4,128329.0,269.71,180.92,1323.65,97.64
2023-09-18 00:00:00,46.19776,64.031,3832.78,113.389,39589.2,52842.0,967.99,212.08,6233.29,148.439
2023-09-18 04:00:00,14.28495,70.8024,907.51,34.934,38361.7,81668.0,245.99,207.32,2518.18,59.095
2023-09-18 08:00:00,35.87883,72.5892,3806.12,66.536,65567.1,96449.0,126.38,255.56,3960.84,49.705
2023-09-18 12:00:00,75.15842,100.5158,9825.83,97.673,111945.0,65011.0,321.32,1402.94,1352.74,344.457
2023-09-18 16:00:00,99.01636,74.0335,1292.65,95.025,89470.1,125611.0,255.94,503.34,1042.39,96.268
2023-09-18 20:00:00,20.88825,13.3026,597.64,83.707,13374.9,96861.0,210.31,200.58,625.22,107.065
2023-09-19 00:00:00,26.90464,45.2344,2704.3,203.355,44033.7,305431.0,767.87,788.75,15984.76,132.843
2023-09-19 04:00:00,11.11774,3.5671,1017.32,34.392,15399.9,49117.0,10.64,104.31,2792.28,62.425
2023-09-19 08:00:00,57.79074,23.0686,1757.26,19.431,61761.6,81175.0,317.55,84.19,1115.24,184.0
2023-09-19 12:00:00,79.3179,72.4875,1282.24,216.384,106157.0,69621.0,918.49,33.61,1282.1,271.54
2023-09-19 16:00:00,48.3541,41.0488,415.42,41.895,77983.0,460291.0,84.16,24.94,873.2,134.248
2023-09-19 20:00:00,27.42421,48.4057,675.78,126.0,13787.6,109990.0,133.24,259.87,1829.99,45.011
2023-09-20 00:00:00,33.8938,45.8566,997.41,32.742,26822.6,339432.0,303.96,155.17,2005.51,112.97
2023-09-20 04:00:00,24.99883,36.7128,170.78,74.633,8540.6,84815.0,116.74,269.8,874.28,19.887
2023-09-20 08:00:00,18.25228,26.8826,449.51,24.521,87804.4,31399.0,492.8,88.0,1057.81,173.097
2023-09-20 12:00:00,35.27445,49.7553,552.49,41.582,129840.5,80774.0,753.33,561.92,428.16,137.757
2023-09-20 16:00:00,62.99457,157.4299,2053.88,80.083,151507.3,180691.0,1711.68,803.96,2924.58,236.825
2023-09-20 20:00:00,32.79101,18.0199,677.23,147.186,45880.4,40722.0,383.63,71.87,831.72,236.524
2023-09-21 00:00:00,48.45347,20.116,1272.29,40.547,116517.3,35917.0,162.34,1282.81,1832.25,63.244
2023-09-21 04:00:00,8.61065,8.1006,586.49,20.048,104616.4,144790.0,226.77,337.34,2428.53,13.211
2023-09-21 08:00:00,31.91715,84.1978,1378.93,33.689,112304.2,180980.0,389.8,316.65,1368.58,64.21
2023-09-21 12:00:00,83.46298,80.5712,1353.25,57.084,47143.0,114636.0,166.75,1700.84,1901.35,78.284
2023-09-21 16:00:00,47.68206,31.1583,1840.46,26.309,10906.7,519866.0,1969.76,379.92,469.32,34.742
2023-09-21 20:00:00,9.50412,39.1755,1476.87,131.712,26280.4,51382.0,435.53,1792.09,550.31,278.069
2023-09-22 00:00:00,28.85431,51.9152,779.86,181.479,107967.9,112501.0,657.82,603.67,1305.25,767.685
2023-09-22 04:00:00,13.22418,11.2414,541.49,85.039,10987.8,16742.0,20.21,54.05,139.9,67.363
2023-09-22 08:00:00,13.83458,10.6259,220.5,48.295,2705.8,6447.0,28.17,84.68,196.92,184.257
2023-09-22 12:00:00,11.50597,40.4354,1893.35,36.301,19291.0,52939.0,129.49,259.98,1040.53,10.161
2023-09-22 16:00:00,36.65955,15.9532,858.49,37.975,101439.8,87892.0,362.13,777.18,3151.89,77.448
2023-09-22 20:00:00,20.58071,10.1593,1291.33,34.386,11584.9,8295.0,47.97,98.87,262.82,18.304
2023-09-23 00:00:00,19.1204,22.3004,243.34,34.542,6296.6,81131.0,116.34,1087.6,4979.0,39.879
2023-09-23 04:00:00,5.14931,14.7883,171.68,49.571,11529.9,17806.0,9.64,21.36,823.49,19.052
2023-09-23 08:00:00,2.73753,2.9386,122.71,12.066,3423.6,123614.0,68.42,17.65,4384.93,8.884
2023-09-23 12:00:00,3.96265,7.2345,56.9,37.176,30379.0,58773.0,36.52,7.6,727.05,2.284
2023-09-23 16:00:00,14.9087,24.1284,384.18,93.595,56431.2,78507.0,41.06,17.27,3752.42,8.755
2023-09-23 20:00:00,11.59648,25.0511,184.18,29.089,36481.2,58494.0,14.59,404.64,521.3,60.433
2023-09-24 00:00:00,3.96107,39.5104,604.84,467.62,4263.9,47626.0,263.44,377.45,844.21,14.297
2023-09-24 04:00:00,4.91511,2.3898,236.79,35.994,52507.4,47096.0,25.65,239.84,711.03,31.499
2023-09-24 08:00:00,5.39169,2.0659,123.65,6.279,4453.5,6226.0,142.84,47.87,1062.3,1.229
2023-09-24 12:00:00,5.3429,14.1801,169.0,37.412,6281.1,2415.0,288.57,157.14,1109.14,20.961
2023-09-24 16:00:00,46.66733,29.6396,568.49,76.108,28295.0,54289.0,80.45,324.97,1191.42,10.232
2023-09-24 20:00:00,37.10183,18.6441,1620.57,54.816,64338.3,100729.0,159.63,211.02,395.41,126.251
2023-09-25 00:00:00,40.05712,57.6974,1200.08,29.546,92684.8,126716.0,280.88,210.43,2939.49,85.743
2023-09-25 04:00:00,19.97488,59.0439,391.56,85.046,50065.7,153802.0,10.03,246.41,875.3,41.461
2023-09-25 08:00:00,9.90443,14.0554,606.81,41.575,9944.7,42563.0,252.32,114.78,852.38,34.737
2023-09-25 12:00:00,45.07791,60.0355,562.97,33.642,200060.3,34308.0,461.41,394.89,5246.62,100.903
2023-09-25 16:00:00,39.43468,87.2389,1483.78,126.173,37911.3,184648.0,124.63,506.92,7358.64,65.702
2023-09-25 20:00:00,14.25335,17.4628,742.69,175.054,91859.0,167102.0,95.69,716.0,1542.38,72.323
2023-09-26 00:00:00,20.15503,31.9524,1462.77,190.353,38906.8,64807.0,140.42,227.89,5242.38,82.897
2023-09-26 04:00:00,6.51557,3.9479,472.59,33.908,8409.3,13860.0,23.11,31.9,550.98,30.793
2023-09-26 08:00:00,12.69119,8.8271,388.32,27.96,5235.2,37055.0,57.15,44.93,455.76,18.384
2023-09-26 12:00:00,21.33789,41.2737,311.23,161.413,28374.2,76643.0,75.95,278.18,380.82,344.639
2023-09-26 16:00:00,27.95137,31.9275,156.49,82.171,66096.4,37298.0,278.13,145.72,1900.59,17.665
2023-09-26 20:00:00,29.36676,43.2617,1178.29,41.304,92930.9,881426.0,208.11,229.77,1766.63,260.807
2023-09-27 00:00:00,11.02492,32.9849,3052.67,16.629,44195.3,43163.0,239.51,39.79,1918.85,83.754
2023-09-27 04:00:00,11.30139,13.3211,739.72,23.044,20051.4,185685.0,51.42,19.26,82.41,7.225
2023-09-27 08:00:00,43.13073,74.5348,543.14,34.283,103065.4,672084.0,94.67,133.12,2582.79,47.871
2023-09-27 12:00:00,96.35313,97.4603,2194.09,53.822,135931.8,271037.0,299.98,272.38,3585.78,156.11
2023-09-27 16:00:00,36.27556,58.2045,768.42,426.734,35800.9,680193.0,280.89,339.74,1227.67,98.391
2023-09-27 20:00:00,37.86142,17.0438,94.9,47.685,60140.0,12468.0,74.49,151.3,659.63,125.762
2023-09-28 00:00:00,39.92468,48.9185,803.29,336.156,22000.6,721070.0,111.21,25.05,1005.88,29.268
2023-09-28 04:00:00,17.11528,24.3356,488.92,31.118,8595.6,75848.0,58.85,679.53,1295.69,14.249
2023-09-28 08:00:00,23.75789,62.2264,392.96,36.781,23242.2,117820.0,135.07,54.8,6272.17,17.231
2023-09-28 12:00:00,79.53369,111.8635,1478.24,103.896,125542.9,37647.0,318.19,57.31,2124.83,134.954
2023-09-28 16:00:00,89.75213,117.3471,941.27,109.299,53561.5,165050.0,274.82,224.42,8769.71,53.602
2023-09-28 20:00:00,34.77872,79.5265,3142.33,155.119,92713.5,34111.0,162.28,1123.53,2725.89,47.802
2023-09-29 00:00:00,42.09379,42.9725,1112.93,48.451,80389.9,28978.0,230.19,189.52,1346.97,75.217
2023-09-29 04:00:00,23.95103,47.777,1587.68,66.443,9995.7,567108.0,453.2,93.16,1279.66,74.171
2023-09-29 08:00:00,11.44104,49.743,376.65,98.867,56804.6,518425.0,196.13,77.19,139.84,19.734
2023-09-29 12:00:00,62.26744,96.1304,1478.28,118.325,59366.4,324347.0,173.35,110.69,1439.94,12.138
2023-09-29 16:00:00,37.92695,72.0603,1396.28,125.139,358473.2,112854.0,162.47,828.63,2007.44,142.126
2023-09-29 20:00:00,17.09272,21.1651,880.54,86.276,75434.8,242392.0,126.09,1314.58,2299.96,224.731
2023-09-30 00:00:00,18.72141,32.5849,708.45,35.548,31295.7,5505.0,221.9,745.64,967.54,109.777
2023-09-30 04:00:00,5.9799,8.1653,861.0,37.002,20374.1,14304.0,75.17,295.11,1641.05,7.575
2023-09-30 08:00:00,12.13611,10.4914,60.15,19.604,9545.7,11001.0,55.12,287.28,3016.81,10.926
2023-09-30 12:00:00,22.58036,87.3833,3963.96,80.546,50233.3,3679.0,2689.8,725.76,2446.78,32.154
2023-09-30 16:00:00,14.9187,48.5786,1609.17,56.253,47042.8,58222.0,260.63,395.33,2758.47,175.119
2023-09-30 20:00:00,18.27788,29.5636,1313.88,160.351,31116.8,96187.0,668.78,71.44,2689.4,26.446
2023-10-01 00:00:00,11.06044,11.7745,2085.74,74.768,190526.7,5955.0,250.33,106.94,1876.34,96.713
2023-10-01 04:00:00,12.73814,10.9336,560.39,14.354,36141.1,22740.0,234.49,318.37,1053.81,14.489
2023-10-01 08:00:00,19.50494,56.2624,21413.94,12.152,230023.6,168427.0,492.36,478.05,744.4,224.586
2023-10-01 12:00:00,32.39493,29.7357,5422.38,57.319,263786.9,99181.0,443.78,335.72,2669.54,45.5
2023-10-01 16:00:00,13.88607,46.0254,4121.59,15.269,15262.9,38382.0,59.82,92.88,3447.52,38.697
2023-10-01 20:00:00,92.57301,114.9915,6462.38,518.174,184583.8,1021562.0,1651.96,3442.28,7834.01,353.708
2023-10-02 00:00:00,44.74778,39.0614,10459.93,114.741,34424.4,198895.0,229.29,715.42,1848.63,205.87
2023-10-02 04:00:00,35.1893,93.1626,3770.02,83.36,96438.1,30438.0,188.06,885.73,3923.46,212.111
2023-10-02 08:00:00,35.14948,39.7911,430.55,270.801,30172.3,108590.0,101.7,155.56,1346.0,50.729
2023-10-02 12:00:00,57.96976,233.0578,2176.24,133.572,67603.0,226206.0,506.4,1445.23,3197.82,416.492
2023-10-02 16:00:00,84.91767,226.8448,3215.13,65.637,164966.8,207729.0,359.15,465.66,8762.46,180.506
2023-10-02 20:00:00,47.45283,95.4426,1927.11,129.316,25310.6,74019.0,176.34,1740.63,2947.11,24.604
2023-10-03 00:00:00,34.20356,89.5993,1391.43,49.554,212336.1,75215.0,970.53,303.23,2063.68,117.298
2023-10-03 04:00:00,20.04958,40.4392,1427.34,28.259,16908.7,34350.0,167.58,455.74,2832.28,103.343
2023-10-03 08:00:00,16.85249,71.3111,5107.77,40.241,78191.8,4602.0,105.76,0.0,1509.88,21.068
2023-10-03 12:00:00,49.68987,87.4586,5352.7,63.645,67771.1,314899.0,171.14,130.79,3288.49,35.91
2023-10-03 16:00:00,38.86355,23.9045,5725.55,74.778,109230.1,70843.0,171.24,178.22,1387.11,85.963
2023-10-03 20:00:00,42.37214,29.291,855.68,80.177,51873.0,165137.0,265.04,796.99,2870.19,71.858
2023-10-04 00:00:00,31.1854,74.5661,3197.67,109.477,352440.0,250550.0,400.5,1250.7,4626.25,433.105
2023-10-04 04:00:00,7.39733,9.6881,1855.91,43.075,9543.9,832499.0,1192.84,18.86,1199.57,16.581
2023-10-04 08:00:00,19.02067,4.8174,849.9,15.099,7887.9,1073254.0,892.26,1.17,276.78,5.066
2023-10-04 12:00:00,38.60646,44.1415,1843.26,34.67,61691.1,170716.0,2028.92,159.24,1724.53,149.552
2023-10-04 16:00:00,59.35783,33.8099,1080.13,49.896,11384.7,307123.0,872.49,2947.43,3680.67,26.849
2023-10-04 20:00:00,32.10757,14.9774,309.56,55.05,130541.7,307418.0,853.04,4.61,659.14,118.023
2023-10-05 00:00:00,22.43741,30.7149,1108.76,71.14,23478.8,37932.0,1759.23,107.99,2096.45,121.847
2023-10-05 04:00:00,11.70562,23.4754,885.95,23.294,7395.3,23325.0,359.94,58.33,801.87,105.31
2023-10-05 08:00:00,18.85424,10.1404,1304.4,21.04,21597.9,24961.0,900.87,15.37,4223.19,78.916
2023-10-05 12:00:00,84.1146,110.454,1269.89,78.262,183045.7,65799.0,445.41,80.08,2800.39,85.21
2023-10-05 16:00:00,39.48806,73.9274,1287.52,108.05,55100.7,23816.0,1049.61,53.11,686.57,119.146
2023-10-05 20:00:00,19.81973,40.2304,379.99,56.166,49058.8,18568.0,202.7,2795.34,4489.81,69.783
2023-10-06 00:00:00,16.20463,52.163,737.0,119.721,72156.9,51867.0,767.71,765.39,1367.15,50.2
2023-10-06 04:00:00,20.5575,9.5163,504.85,17.647,16408.5,9070.0,1053.38,18.61,441.84,67.442
2023-10-06 08:00:00,22.35027,16.7793,319.04,28.28,14490.1,3266.0,579.17,0.0,302.74,23.64
2023-10-06 12:00:00,75.74899,54.6561,1588.64,28.109,112272.2,23418.0,786.15,360.38,2267.79,84.131
2023-10-06 16:00:00,55.7775,139.2585,2046.1,81.769,29863.9,83292.0,1061.77,592.23,744.63,98.074
2023-10-06 20:00:00,34.75514,88.8043,1659.24,51.003,27610.3,42869.0,794.71,1820.0,854.43,123.231
2023-10-07 00:00:00,12.23946,21.7721,686.87,37.835,99668.5,159931.0,333.51,79.59,119.82,50.145
2023-10-07 04:00:00,6.93085,107.792,2147.37,33.798,47182.2,87513.0,4101.69,544.56,235.46,13.792
2023-10-07 08:00:00,13.68805,16.9932,964.32,15.982,62292.2,87661.0,203.33,76.19,42.01,6.532
2023-10-07 12:00:00,10.24885,31.0539,780.37,38.381,100977.0,21696.0,752.3,1291.0,105.88,20.394
2023-10-07 16:00:00,15.31773,30.6068,859.45,110.08,21595.8,25370.0,382.37,499.78,573.25,37.743
2023-10-07 20:00:00,10.63768,7.978,324.58,47.399,57212.8,32336.0,60.17,231.09,113.55,17.053
2023-10-08 00:00:00,15.2488,12.7443,555.65,18.382,15853.3,9941.0,504.07,1146.25,180.61,33.777
2023-10-08 04:00:00,15.49195,9.6224,221.77,61.926,41598.1,6045.0,138.35,92.38,354.08,29.824
2023-10-08 08:00:00,8.41645,30.9557,456.53,28.087,9833.7,10870.0,211.55,75.02,493.44,56.765
2023-10-08 12:00:00,25.68063,31.1193,747.1,59.69,51867.7,31487.0,387.32,0.0,1467.08,24.155
2023-10-08 16:00:00,16.86006,23.844,1132.52,52.675,4390.8,29954.0,125.2,115.38,940.44,15.564
2023-10-08 20:00:00,25.12827,12.6073,619.14,77.263,32957.4,27612.0,500.94,841.32,3471.29,15.083
2023-10-09 00:00:00,24.49798,38.0182,378.73,58.892,39648.2,15441.0,1972.37,48.26,823.46,37.295
2023-10-09 04:00:00,7.55939,7.2205,837.53,32.026,13924.5,68227.0,251.28,101.28,171.04,113.894
2023-10-09 08:00:00,36.05269,101.1006,3394.99,51.245,44260.6,295305.0,338.72,13561.44,3970.78,116.61
2023-10-09 12:00:00,29.77619,65.2699,666.83,57.936,33274.6,53739.0,581.51,6228.72,635.86,52.272
2023-10-09 16:00:00,52.81994,136.8316,1856.49,102.05,110489.2,98812.0,1762.86,510.97,12978.59,230.701
2023-10-09 20:00:00,17.31594,59.041,696.42,94.992,132834.8,6855.0,284.92,1054.53,283.84,33.374
2023-10-10 00:00:00,23.19871,145.4159,1209.38,62.244,42792.8,18809.0,110.26,1288.84,239.95,116.502
2023-10-10 04:00:00,13.12524,26.5127,661.69,179.885,5561.1,13858.0,1339.44,823.38,69.41,8.62
2023-10-10 08:00:00,13.73117,14.3527,1058.34,314.623,37464.1,30162.0,245.85,15.01,293.4,3.47
2023-10-10 12:00:00,32.96272,88.6471,400.05,47.032,45536.0,44527.0,328.64,102.28,5785.44,67.131
2023-10-10 16:00:00,18.49774,23.9305,1525.75,21.041,68543.7,119091.0,322.14,319.09,994.29,43.887
2023-10-10 20:00:00,27.47835,40.2083,932.06,57.8,117451.3,115640.0,98.83,364.73,612.16,50.202
2023-10-11 00:00:00,34.87976,152.3094,1299.69,124.533,72638.5,174738.0,563.51,3655.35,687.39,231.87
2023-10-11 04:00:00,21.35375,95.4443,906.79,87.64,19563.2,20081.0,324.47,473.18,285.22,11.528
2023-10-11 08:00:00,25.5496,31.3678,321.03,13.448,41106.6,6526.0,25.57,14.83,571.34,18.011
2023-10-11 12:00:00,52.69606,119.7265,617.08,98.935,105151.2,37049.0,90.21,272.02,4911.74,85.5
2023-10-11 16:00:00,57.48764,88.791,700.36,98.795,52223.9,38008.0,157.03,963.17,453.35,141.155
2023-10-11 20:00:00,16.82059,53.2382,590.62,85.921,16933.1,27901.0,52.44,1360.01,280.93,48.344
2023-10-12 00:00:00,22.37447,53.0548,2226.57,185.89,47972.8,83806.0,158.93,308.93,6527.22,120.848
2023-10-12 04:00:00,7.35536,15.7664,233.54,33.177,17221.7,20397.0,36.54,118.4,271.81,12.479
2023-10-12 08:00:00,10.57517,76.9638,1904.06,40.658,18230.3,153354.0,292.76,789.66,5173.31,14.738
2023-10-12 12:00:00,27.14381,19.8322,678.34,235.92,38462.7,75385.0,540.46,35.61,929.7,85.219
2023-10-12 16:00:00,33.96317,156.3986,1363.52,342.315,115548.1,130940.0,153.32,317.84,1654.16,72.639
2023-10-12 20:00:00,13.19751,46.8964,547.09,130.313,104177.7,23170.0,102.26,214.08,209.8,43.026
2023-10-13 00:00:00,9.77101,60.7823,256.84,327.173,27292.2,13918.0,71.68,115.41,423.36,61.397
2023-10-13 04:00:00,12.30523,9.9459,246.7,29.752,41160.6,30235.0,168.33,59.56,734.4,66.358
2023-10-13 08:00:00,9.55499,14.987,188.67,81.607,9369.3,71204.0,176.23,20.22,38.28,20.156
2023-10-13 12:00:00,21.56069,28.0458,2114.94,90.682,48918.7,45427.0,130.86,193.14,902.99,12.096
2023-10-13 16:00:00,18.76465,14.9344,261.22,129.174,122845.2,128160.0,47.01,2308.98,741.43,14.76
2023-10-13 20:00:00,62.59019,136.0086,3964.1,508.057,80070.9,65506.0,274.58,803.23,4967.89,17.761
2023-10-14 00:00:00,18.60693,17.0833,778.57,56.269,276911.9,7811.0,89.2,215.45,9212.06,25.842
2023-10-14 04:00:00,6.64581,13.061,614.33,13.13,18389.7,33711.0,27.67,69.02,179.08,3.483
2023-10-14 08:00:00,6.58926,8.324,325.42,3.409,10064.1,12287.0,13.17,10.02,12.16,5.229
2023-10-14 12:00:00,11.35993,20.0391,946.96,18.945,271381.3,59534.0,101.51,35.04,19.67,8.835
2023-10-14 16:00:00,8.16905,12.2315,213.85,63.605,13495.1,190926.0,177.59,120.51,190.9,89.248
2023-10-14 20:00:00,8.6001,11.8395,87.0,29.292,3139.7,204168.0,321.37,18.6,485.69,15.577
2023-10-15 00:00:00,7.56295,17.7879,1532.74,137.808,20729.4,82826.0,96.77,42.68,406.16,60.885
2023-10-15 04:00:00,16.96307,7.7209,114.99,27.137,1032.7,95823.0,284.87,9.89,39.74,7.477
2023-10-15 08:00:00,2.17589,7.2857,233.07,15.785,1305.7,8899.0,70.22,115.3,109.55,0.0
2023-10-15 12:00:00,8.84739,12.3833,109.61,466.413,22655.0,85359.0,156.13,160.43,301.52,706.19
2023-10-15 16:00:00,16.31063,44.9481,3582.53,55.688,19211.6,59427.0,179.68,38.8,1243.26,65.956
2023-10-15 20:00:00,36.08764,34.4246,1401.07,47.328,27101.4,158441.0,88.27,148.47,2844.28,58.672
2023-10-16 00:00:00,31.70711,39.959,259.36,55.962,54660.3,116951.0,581.08,211.75,503.4,74.666
2023-10-16 04:00:00,47.49207,106.5001,1826.35,87.47,85141.7,1066906.0,1645.48,2420.43,4591.59,319.156
2023-10-16 08:00:00,13.94524,26.9445,1737.96,14.755,8995.2,98873.0,90.08,365.48,687.77,30.139
2023-10-16 12:00:00,127.3512,348.7181,10724.16,259.095,217738.6,1384935.0,5335.25,2957.85,4991.02,972.497
2023-10-16 16:00:00,41.29866,180.7675,5587.34,84.059,35092.3,296558.0,279.57,772.41,947.34,222.298
2023-10-16 20:00:00,33.99581,142.6942,1286.61,33.203,71030.2,258238.0,69.43,769.07,639.26,128.482
2023-10-17 00:00:00,38.67242,132.4785,3091.58,40.124,28634.0,40317.0,143.34,1126.28,641.57,38.143
2023-10-17 04:00:00,29.43033,46.2099,1250.68,35.708,20677.3,7243.0,242.63,124.42,64.34,9.279
2023-10-17 08:00:00,24.58577,37.37,873.7,12.335,7167.3,7157.0,79.3,25.48,456.6,26.172
2023-10-17 12:00:00,33.98486,39.8715,3305.27,119.261,47248.1,280357.0,531.47,430.15,1302.31,185.301
2023-10-17 16:00:00,25.77636,68.2956,6595.15,64.959,55368.7,132855.0,143.25,778.64,230.94,117.416
2023-10-17 20:00:00,34.05921,16.8598,1507.16,79.725,8507.4,60655.0,62.57,289.82,139.65,59.825
2023-10-18 00:00:00,27.62503,22.9631,381.61,57.268,46387.5,110578.0,121.08,886.12,626.53,182.62
2023-10-18 04:00:00,56.18725,49.2229,934.26,17.781,29626.3,13510.0,760.4,168.93,275.77,46.734
2023-10-18 08:00:00,20.56692,20.2324,935.17,46.245,7973.7,250726.0,312.04,132.28,248.23,34.907
2023-10-18 12:00:00,42.21845,19.1647,1230.12,124.32,26475.6,142399.0,96.98,83.62,414.38,62.407
2023-10-18 16:00:00,19.69249,18.2788,776.04,191.584,23942.0,8933.0,356.66,112.27,111.89,211.559
2023-10-18 20:00:00,15.99528,37.988,1231.13,54.591,80554.2,344741.0,840.61,338.72,56.14,84.512
2023-10-19 00:00:00,30.37784,34.5787,1917.86,74.986,275326.1,188182.0,628.57,710.65,895.08,37.572
2023-10-19 04:00:00,16.62353,24.9148,491.2,6.801,14433.2,40236.0,102.87,400.88,19.83,52.178
2023-10-19 08:00:00,23.97424,68.2498,4852.07,10.141,27400.1,7081.0,395.53,350.28,39.93,29.569
2023-10-19 12:00:00,45.16747,28.2907,4154.83,44.484,65214.2,53022.0,206.88,81.12,230.46,57.632
2023-10-19 16:00:00,56.43289,74.2651,18359.27,52.327,170148.6,472935.0,135.92,150.8,271.97,47.739
2023-10-19 20:00:00,26.94807,31.6377,1169.43,85.824,80982.7,178461.0,1800.12,560.35,484.35,47.124
2023-10-20 00:00:00,64.91984,163.2729,4974.88,421.277,61839.8,88418.0,304.23,780.86,429.14,203.918
2023-10-20 04:00:00,46.64419,68.7233,7978.58,273.237,151021.5,69746.0,131.83,758.55,459.44,355.435
2023-10-20 08:00:00,65.41214,122.1252,4877.88,209.296,77244.6,366698.0,610.67,3122.99,1777.1,348.576
2023-10-20 12:00:00,47.47031,150.454,2741.2,54.673,98472.6,239107.0,267.37,950.86,697.83,162.154
2023-10-20 16:00:00,27.45991,28.0621,2339.96,54.525,29198.0,288012.0,114.54,1209.87,302.9,75.274
2023-10-20 20:00:00,26.4523,28.5572,3383.67,57.492,22005.9,83224.0,161.26,192.09,288.05,73.045
2023-10-21 00:00:00,18.16391,52.1627,1119.89,32.341,13162.3,160235.0,47.06,267.64,222.02,25.395
2023-10-21 04:00:00,18.12384,58.5351,4829.2,9.358,160469.0,174191.0,202.08,76.5,920.2,96.343
2023-10-21 08:00:00,13.17388,39.4582,7523.53,21.751,55948.2,10145.0,142.59,2749.27,2110.85,35.563
2023-10-21 12:00:00,36.42467,159.1215,8459.07,31.87,46703.3,112799.0,593.91,742.94,10626.69,197.216
2023-10-21 16:00:00,74.33124,99.4407,6492.22,38.596,106484.9,145371.0,1028.4,17457.53,15276.09,831.778
2023-10-21 20:00:00,26.10693,37.2006,4953.56,34.674,52164.1,129067.0,552.01,6888.14,4205.57,71.935
2023-10-22 00:00:00,28.9996,37.22,1172.94,95.039,17038.9,21301.0,560.13,1117.24,10906.53,122.973
2023-10-22 04:00:00,27.09595,55.124,2623.47,47.866,97987.5,126437.0,1097.25,4531.48,11512.09,76.21
2023-10-22 08:00:00,15.27879,17.1615,1435.09,11.859,59978.4,17750.0,684.13,298.22,1833.7,21.869
2023-10-22 12:00:00,13.67476,16.7601,546.12,22.714,12593.5,22655.0,74.97,627.11,2117.87,91.927
2023-10-22 16:00:00,17.65829,19.3043,753.39,49.569,18263.5,104640.0,70.37,825.39,10204.23,654.013
2023-10-22 20:00:00,30.15813,109.7488,1059.09,244.412,149667.3,189029.0,851.89,1180.91,15283.42,65.395
2023-10-23 00:00:00,87.11048,155.186,6495.93,366.214,163617.1,601414.0,2067.02,4138.3,16046.36,357.168
2023-10-23 04:00:00,58.5461,82.6775,2805.19,37.2,51701.3,406928.0,3018.06,3865.27,8634.07,639.003
2023-10-23 08:00:00,19.55529,46.7806,1517.71,11.327,32280.9,564445.0,447.92,380.87,8738.25,27.129
2023-10-23 12:00:00,39.52158,43.9017,5520.6,65.693,143764.4,254142.0,390.99,3271.06,6359.09,121.824
2023-10-23 16:00:00,97.85053,319.9618,6573.18,731.101,138009.7,262279.0,1063.93,4614.58,10247.93,544.853
2023-10-23 20:00:00,200.87103,543.9984,17314.48,658.742,682315.4,1779224.0,4549.99,6223.39,15946.87,987.066
2023-10-24 00:00:00,224.34144,500.1092,18690.21,677.904,622088.6,1076805.0,1889.35,4199.58,10961.3,1104.233
2023-10-24 04:00:00,55.39115,216.5556,2937.95,84.768,101854.9,256084.0,883.35,919.97,2263.9,168.574
2023-10-24 08:00:00,59.43773,106.1918,2007.25,54.983,56146.3,111813.0,195.91,1141.49,2608.95,32.069
2023-10-24 12:00:00,112.91913,231.9607,6429.99,168.31,463988.7,1048793.0,1707.99,2417.8,6710.63,344.821
2023-10-24 16:00:00,95.8195,151.6026,11795.72,65.262,47151.0,170381.0,809.09,2534.14,1640.67,104.207
2023-10-24 20:00:00,77.34997,113.5523,8053.95,482.327,86597.9,185879.0,363.75,382.06,2882.78,145.747
2023-10-25 00:00:00,55.30073,101.0736,14585.56,150.049,428768.2,539177.0,987.72,587.1,19134.51,188.77
2023-10-25 04:00:00,38.33324,55.2212,2852.48,41.985,38044.2,79220.0,270.45,198.26,7001.51,57.687
2023-10-25 08:00:00,36.38196,72.8322,3048.14,10.528,9681.1,32296.0,134.94,669.03,2957.91,9.827
2023-10-25 12:00:00,74.0499,237.9174,6990.08,33.508,169174.9,387373.0,373.76,492.89,4261.12,151.643
2023-10-25 16:00:00,87.44705,166.4781,5218.39,147.685,227941.0,432633.0,1664.15,2748.65,7181.38,184.216
2023-10-25 20:00:00,52.57886,81.1157,3330.94,68.399,120483.2,652918.0,638.0,888.74,2649.3,155.577
2023-10-26 00:00:00,55.1583,159.1089,2543.25,110.81,223576.6,1371653.0,1091.88,506.62,2398.27,94.227
2023-10-26 04:00:00,48.10041,97.2123,2206.56,108.142,421840.2,331337.0,2456.14,274.98,1865.12,196.053
2023-10-26 08:00:00,36.92402,73.6115,2970.34,37.395,227016.9,726915.0,3886.55,3095.66,7828.71,176.609
2023-10-26 12:00:00,73.08396,113.2655,4639.27,89.158,198985.4,1117405.0,1560.17,2032.89,6628.88,197.581
2023-10-26 16:00:00,56.01933,168.286,2924.01,80.685,173710.4,553511.0,285.03,1733.89,2002.89,262.25
2023-10-26 20:00:00,32.81274,99.9353,8988.72,53.245,25104.9,547169.0,883.17,299.71,4510.99,122.191
2023-10-27 00:00:00,28.74225,77.3747,2762.44,31.356,36189.5,441301.0,1054.83,692.31,4466.5,146.09
2023-10-27 04:00:00,16.32632,73.1765,851.64,59.289,41824.5,212849.0,166.67,226.75,3223.99,24.466
2023-10-27 08:00:00,20.5847,17.4539,3252.72,30.636,41959.9,78652.0,137.43,62.94,1275.23,10.947
2023-10-27 12:00:00,35.48941,35.1998,6902.82,220.911,45460.0,106514.0,260.43,381.89,5756.24,226.437
2023-10-27 16:00:00,63.93801,95.0669,3115.89,66.775,128956.3,638725.0,284.78,1643.66,4322.69,232.29
2023-10-27 20:00:00,28.90918,20.6439,2951.04,58.658,48664.0,294904.0,261.85,137.82,818.26,188.404
2023-10-28 00:00:00,19.34085,34.8754,871.98,59.795,72447.1,586324.0,1016.29,4182.08,2749.67,172.922
2023-10-28 04:00:00,11.98892,4.4743,1291.07,20.961,101724.2,68497.0,948.43,786.09,4268.09,26.707
2023-10-28 08:00:00,18.26817,9.3916,630.95,7.289,12080.8,175077.0,611.77,649.78,2058.2,99.867
2023-10-28 12:00:00,14.84718,24.6171,1435.98,38.666,33856.3,326026.0,368.47,265.6,2052.06,86.539
2023-10-28 16:00:00,15.23707,25.8377,917.42,40.204,33350.8,81341.0,3291.08,417.43,2525.2,19.204
2023-10-28 20:00:00,6.26059,39.565,858.61,29.335,13404.6,103380.0,233.78,841.11,2551.98,13.818
2023-10-29 00:00:00,14.90248,32.0828,946.29,50.564,30892.5,117480.0,3652.65,547.5,895.11,58.797
2023-10-29 04:00:00,10.55234,3.268,1408.47,14.439,11131.8,8705.0,148.66,97.25,1332.17,30.055
2023-10-29 08:00:00,15.35647,46.3208,1447.22,32.604,68867.5,61625.0,80.33,142.46,1532.52,142.018
2023-10-29 12:00:00,36.82001,27.3689,5301.23,42.131,102380.8,338668.0,810.63,270.76,706.97,90.351
2023-10-29 16:00:00,33.34108,60.882,4247.17,49.7,124385.1,175115.0,964.8,5503.51,1439.94,98.668
2023-10-29 20:00:00,27.26895,50.2146,1170.43,50.01,33324.7,238924.0,658.91,690.13,1203.6,17.178
2023-10-30 00:00:00,34.03837,54.9104,1181.71,40.957,37879.1,86246.0,648.8,426.44,2539.67,153.761
2023-10-30 04:00:00,11.08722,11.2799,980.73,22.954,11891.7,122155.0,454.62,685.84,1019.22,32.519
2023-10-30 08:00:00,43.26728,185.1351,8334.8,178.472,136053.2,45262.0,1058.19,473.34,1799.14,103.004
2023-10-30 12:00:00,54.94039,58.6394,8027.55,45.44,200849.8,240857.0,2386.52,1251.93,5057.87,73.297
2023-10-30 16:00:00,61.39255,87.5213,3592.61,179.872,215136.8,399440.0,350.27,1641.97,3463.95,43.883
2023-10-30 20:00:00,30.87888,85.8417,1740.79,29.907,283215.4,20346.0,191.4,1597.47,928.23,108.892
2023-10-31 00:00:00,30.75945,83.6769,10322.95,80.655,274696.2,507826.0,653.85,2836.14,4792.78,307.409
2023-10-31 04:00:00,17.15634,56.9443,3110.62,76.014,234838.4,126794.0,356.38,787.1,7976.62,21.852
2023-10-31 08:00:00,21.09417,61.4825,4639.81,34.304,131147.5,112684.0,339.77,382.08,1012.1,119.819
2023-10-31 12:00:00,56.73786,43.0972,4187.51,127.044,530360.2,730283.0,1136.87,4235.28,6079.78,224.206
2023-10-31 16:00:00,21.50748,69.9818,2291.72,107.574,145277.4,207434.0,459.19,2001.92,4927.91,54.559
2023-10-31 20:00:00,32.20301,48.1874,12638.72,64.757,129273.3,159899.0,424.46,753.12,2036.27,216.559
2023-11-01 00:00:00,14.90373,62.336,7360.19,473.297,61437.7,184695.0,389.3,587.2,1637.61,229.167
2023-11-01 04:00:00,14.53713,17.4551,3785.37,15.83,217573.9,97156.0,193.28,338.33,1312.03,167.153
2023-11-01 08:00:00,13.26418,135.4106,3607.57,15.844,61202.0,126639.0,92.12,1469.9,1679.13,13.904
2023-11-01 12:00:00,135.9253,115.6811,14993.94,56.108,170170.6,487236.0,1013.25,926.46,6685.59,115.676
2023-11-01 16:00:00,75.11919,149.6381,27165.23,226.504,242144.6,293099.0,2119.93,4525.35,7310.73,201.697
2023-11-01 20:00:00,116.36549,170.7577,29471.27,353.912,387936.9,749176.0,1576.56,2774.61,7123.42,609.8
2023-11-02 00:00:00,92.17202,197.9044,7826.14,367.311,436113.4,629931.0,1173.35,5551.17,3817.02,523.701
2023-11-02 04:00:00,51.5262,130.695,11383.63,98.265,240289.4,471641.0,1108.46,2991.51,3538.89,364.163
2023-11-02 08:00:00,36.60271,18.7202,6033.92,46.676,240258.9,426899.0,951.35,263.0,1262.66,209.073
2023-11-02 12:00:00,78.82548,73.6812,7042.56,175.426,169869.1,580239.0,3466.86,5408.4,6517.62,287.303
2023-11-02 16:00:00,33.51004,133.5828,9048.17,92.476,892964.4,448619.0,1063.37,5680.06,2947.09,301.272
2023-11-02 20:00:00,35.80142,50.158,6697.66,74.617,169830.7,144116.0,1060.25,1541.69,1308.53,145.678
2023-11-03 00:00:00,28.33106,59.5432,8009.0,47.4,170017.5,402973.0,781.5,14105.89,7084.06,188.685
2023-11-03 04:00:00,31.11801,12.4781,4767.35,30.164,167840.0,14150.0,889.12,3828.15,3065.3,165.152
2023-11-03 08:00:00,30.35656,57.6817,4582.72,33.413,68339.0,61999.0,1404.65,4449.45,2326.76,8.001
2023-11-03 12:00:00,49.03467,83.9446,5972.09,201.281,81744.6,271901.0,4755.3,882.58,11808.32,44.434
2023-11-03 16:00:00,52.73456,32.9391,5835.37,245.365,176236.3,40247.0,1042.48,389.58,1738.08,45.036
2023-11-03 20:00:00,23.69638,54.7697,1887.85,69.129,127401.2,268599.0,361.84,3485.98,3658.82,107.464
2023-11-04 00:00:00,14.27784,76.0331,5678.55,61.874,109806.4,340374.0,381.8,1039.19,1806.96,99.735
2023-11-04 04:00:00,15.57795,52.8379,6081.97,69.463,24765.1,324512.0,237.7,1102.0,1638.54,144.713
2023-11-04 08:00:00,12.36271,105.4542,3546.96,123.728,8062.9,57453.0,202.19,1135.04,2214.96,99.202
2023-11-04 12:00:00,8.34272,23.0024,3465.09,58.969,56608.0,150878.0,251.64,6280.28,847.73,47.512
2023-11-04 16:00:00,13.18684,19.6065,2300.92,48.331,18678.7,132151.0,255.9,335.56,567.7,27.941
2023-11-04 20:00:00,40.92234,76.6796,2526.33,129.25,48525.0,473047.0,573.16,1039.1,3379.01,308.436
2023-11-05 00:00:00,19.55075,222.0109,2970.55,154.567,38978.8,256416.0,297.56,556.62,14469.01,653.895
2023-11-05 04:00:00,16.80104,122.7293,3302.02,75.054,140091.4,411437.0,741.38,6388.0,3432.13,139.866
2023-11-05 08:00:00,18.80818,149.1432,1231.52,96.462,94319.4,692955.0,467.3,955.83,4002.03,245.795
2023-11-05 12:00:00,25.68462,123.1768,3909.0,83.171,262960.5,1099873.0,363.06,2001.34,5975.75,29.679
2023-11-05 16:00:00,23.64087,140.4826,3057.13,46.69,250156.9,690183.0,34.45,5059.92,5004.59,303.997
2023-11-05 20:00:00,50.24079,96.4217,4713.1,83.76,216591.8,272739.0,464.1,866.09,2100.57,216.784
2023-11-06 00:00:00,21.20244,94.4106,2690.97,118.887,399098.4,963566.0,206.45,5181.18,2438.71,464.074
2023-11-06 04:00:00,11.84335,77.014,6734.56,136.914,61008.1,359720.0,710.67,359.05,6959.51,188.221
2023-11-06 08:00:00,29.27021,41.5049,1848.11,115.42,157836.9,146963.0,1433.06,2872.03,2333.18,98.486
2023-11-06 12:00:00,68.42292,92.1049,5642.94,730.012,204221.8,1503982.0,897.39,4671.14,13866.07,803.526
2023-11-06 16:00:00,53.78018,74.1696,2197.25,123.436,786750.1,1919435.0,621.69,8510.88,4901.66,134.01
2023-11-06 20:00:00,43.25173,60.48,3222.32,179.831,322143.1,590711.0,363.66,6521.36,12290.31,274.703
2023-11-07 00:00:00,34.46363,62.7762,7494.07,85.664,241968.1,1293622.0,376.95,3754.59,12590.72,366.821
2023-11-07 04:00:00,12.41044,31.475,2210.55,60.115,108045.7,90847.0,142.03,8945.75,5423.11,48.584
2023-11-07 08:00:00,58.405,40.6304,1657.11,63.269,136020.8,267600.0,217.39,482.32,2713.61,159.517
2023-11-07 12:00:00,32.11707,39.513,2566.24,139.78,117808.4,421610.0,1105.45,2657.78,7482.98,147.818
2023-11-07 16:00:00,75.73269,165.0636,14298.24,183.548,438189.5,435516.0,760.77,11114.19,6416.15,159.64
2023-11-07 20:00:00,73.88042,186.9452,4493.33,118.44,126068.9,167041.0,960.42,6874.69,2136.13,131.096
2023-11-08 00:00:00,30.18768,36.9028,4805.14,143.517,60475.5,147721.0,611.87,8112.81,7018.6,99.827
2023-11-08 04:00:00,26.72814,34.0959,1902.23,72.003,87655.2,167222.0,244.49,3453.72,3766.43,76.785
2023-11-08 08:00:00,12.99369,24.5835,1217.64,88.861,53447.3,130633.0,89.72,147.95,4267.95,75.138
2023-11-08 12:00:00,53.2749,25.3076,2756.93,130.863,136735.6,148737.0,135.48,5039.95,7335.17,29.373
2023-11-08 16:00:00,75.50128,93.616,2312.83,224.309,47264.4,985406.0,707.35,1207.67,14079.65,99.583
2023-11-08 20:00:00,88.85528,177.1698,4675.42,73.667,289563.6,929792.0,1326.94,6373.86,9488.84,484.596
2023-11-09 00:00:00,78.85838,262.3916,13855.66,137.431,236151.2,791567.0,1548.49,6110.36,20292.94,221.621
2023-11-09 04:00:00,69.09389,114.3458,4014.63,108.913,156627.1,435363.0,2086.03,14934.13,3987.54,164.854
2023-11-09 08:00:00,58.81257,68.1763,4937.67,53.311,60601.0,340119.0,263.9,335.93,1664.01,141.122
2023-11-09 12:00:00,209.32207,1051.086,9844.84,520.866,599859.7,1290128.0,1894.14,8200.06,27381.61,578.278
2023-11-09 16:00:00,140.07413,590.515,9288.54,460.463,507022.5,2094009.0,2624.63,13484.46,26026.92,1332.127
2023-11-09 20:00:00,90.15959,562.9611,10632.87,165.463,186592.5,1189241.0,1434.67,2839.58,11479.79,399.714
2023-11-10 00:00:00,62.27629,154.766,8544.64,263.072,403840.0,277402.0,1083.07,7026.41,5032.7,983.416
2023-11-10 04:00:00,28.52464,123.5141,5070.32,129.158,125192.1,275218.0,819.45,2255.48,1818.68,279.247
2023-11-10 08:00:00,39.2107,108.199,7864.97,49.478,112997.4,310102.0,262.79,922.56,3161.84,329.763
2023-11-10 12:00:00,62.58021,174.2354,11271.48,229.597,389551.3,466244.0,2093.18,4329.57,10842.38,180.548
2023-11-10 16:00:00,59.57575,114.6547,14756.22,399.657,77482.4,327367.0,24902.48,8885.31,6148.34,320.395
2023-11-10 20:00:00,44.33235,176.9044,16665.02,282.022,245616.4,2619303.0,19059.25,8578.05,7051.78,310.177
2023-11-11 00:00:00,37.47235,192.0172,16123.57,133.319,175859.2,734993.0,4669.03,2693.44,6220.02,264.071
2023-11-11 04:00:00,26.364,95.9888,4818.13,68.746,69863.0,1681534.0,693.07,3108.75,3455.8,340.472
2023-11-11 08:00:00,21.86071,177.3491,2584.9,59.225,57661.5,1178594.0,318.38,630.71,1257.29,152.166
2023-11-11 12:00:00,33.02019,103.8759,22682.71,210.861,227468.1,846585.0,42059.16,6574.34,16570.7,2159.162
2023-11-11 16:00:00,23.07219,113.2736,15102.85,252.953,220750.2,947006.0,8524.08,12955.03,7407.91,138.193
2023-11-11 20:00:00,40.05643,73.9593,9975.0,53.858,270457.2,922763.0,8121.43,4582.33,4599.8,442.054
2023-11-12 00:00:00,25.01607,62.8866,6915.13,159.342,181788.1,632338.0,4666.95,7590.36,8765.54,404.453
2023-11-12 04:00:00,19.41665,33.5506,11838.15,92.045,209753.0,490578.0,7087.29,3217.08,10684.29,78.096
2023-11-12 08:00:00,7.26641,7.9741,4301.49,53.398,59223.5,348327.0,3760.59,8262.46,2089.4,299.516
2023-11-12 12:00:00,20.01689,44.1997,7250.3,33.01,86113.7,581271.0,5106.28,8922.46,2540.32,287.72
2023-11-12 16:00:00,9.57775,41.1425,7217.35,86.365,92731.7,709184.0,2915.23,3793.27,4564.56,166.85
2023-11-12 20:00:00,24.69103,79.3492,5154.51,64.448,196033.4,183733.0,11433.26,1408.24,5923.1,102.768
2023-11-13 00:00:00,55.50404,156.8143,13085.81,255.753,165249.0,795556.0,8647.78,5786.52,4661.25,150.312
2023-11-13 04:00:00,25.94144,146.0448,6020.46,76.157,142275.0,339309.0,2624.68,4914.62,13170.24,330.58
2023-11-13 08:00:00,15.4128,27.196,5233.03,14.746,113499.0,185257.0,537.62,3486.7,1829.03,25.446
2023-11-13 12:00:00,49.10651,275.9354,10059.27,107.909,173377.3,244278.0,5567.72,4461.85,6670.58,228.635
2023-11-13 16:00:00,46.67306,141.3984,8240.67,202.6,152922.9,274991.0,3092.13,7906.41,5089.39,551.833
2023-11-13 20:00:00,64.54207,159.709,5108.52,355.078,317531.4,527044.0,3076.41,5882.85,9716.86,387.101
2023-11-14 00:00:00,32.52718,42.751,5995.49,51.029,235749.9,386545.0,3768.21,3935.65,5832.39,288.477
2023-11-14 04:00:00,29.97327,62.7598,970.36,59.834,65419.6,46468.0,3519.56,621.78,1156.59,21.876
2023-11-14 08:00:00,23.93292,51.4337,2102.77,90.038,78622.1,203399.0,3133.47,544.32,1232.72,29.606
2023-11-14 12:00:00,74.74435,136.6227,11676.98,71.352,144713.7,512368.0,4305.69,1099.45,7824.13,264.437
2023-11-14 16:00:00,91.9643,220.0496,7617.64,118.992,344495.2,694303.0,3660.7,2102.98,24217.23,466.521
2023-11-14 20:00:00,43.74276,129.0658,6228.48,139.208,88656.2,219396.0,2125.38,4928.18,2599.19,189.68
2023-11-15 00:00:00,36.45373,69.1467,4953.62,93.034,73633.1,259388.0,4405.34,128.09,2813.27,121.056
2023-11-15 04:00:00,25.91043,48.0388,6482.49,92.396,67763.7,41321.0,4688.91,716.75,1496.53,31.799
2023-11-15 08:00:00,45.96011,117.9541,5439.71,29.081,68345.6,229588.0,4039.68,1519.13,4162.16,32.442
2023-11-15 12:00:00,42.35449,115.0471,12738.01,224.271,235886.9,497904.0,7639.1,826.41,6938.83,878.115
2023-11-15 16:00:00,100.92117,208.872,9806.35,73.259,160748.4,624155.0,7209.47,22733.62,10417.69,244.023
2023-11-15 20:00:00,70.04406,236.7279,7759.38,255.456,186291.7,445443.0,1986.15,4522.8,6385.95,220.927
2023-11-16 00:00:00,51.55285,185.4832,5006.31,199.382,187016.4,316410.0,9333.89,2068.81,3846.16,195.12
2023-11-16 04:00:00,25.97688,111.4586,10347.81,128.573,389153.1,972094.0,9056.08,8723.21,3239.11,31.13
2023-11-16 08:00:00,44.62294,441.4915,6687.41,42.258,420267.5,2164151.0,4241.07,9318.06,1756.83,165.964
2023-11-16 12:00:00,90.57272,522.2155,9244.06,172.474,273983.6,1700924.0,5994.34,5381.05,16940.21,177.61
2023-11-16 16:00:00,96.4748,303.3258,6755.58,160.536,304352.7,1185974.0,5800.05,4528.76,6020.8,175.421
2023-11-16 20:00:00,46.2512,125.4428,8390.67,115.069,130208.7,1884622.0,5090.85,1323.22,1920.46,242.55
2023-11-17 00:00:00,43.2434,135.1173,8032.92,193.612,185201.2,737939.0,17244.19,1598.15,2633.32,125.203
2023-11-17 04:00:00,22.63292,33.0787,3559.03,62.633,62279.1,849971.0,6833.96,117.55,1742.64,171.696
2023-11-17 08:00:00,19.25345,32.7259,4371.53,21.826,103335.6,1667888.0,5351.97,518.63,2548.47,71.807
2023-11-17 12:00:00,51.28306,92.6989,4882.5,69.249,143973.4,1527312.0,9377.39,1785.04,11783.1,239.694
2023-11-17 16:00:00,68.68588,125.6379,7708.43,54.053,140877.9,833160.0,2627.63,594.52,16000.26,138.894
2023-11-17 20:00:00,50.28753,53.3007,3420.79,78.268,50905.0,1373177.0,3443.74,4720.27,2854.96,366.678
2023-11-18 00:00:00,11.95403,26.9056,2215.94,75.025,61597.6,802770.0,1627.73,2758.66,2385.18,100.757
2023-11-18 04:00:00,13.99531,65.7729,4045.31,40.668,108821.5,566616.0,1480.51,816.41,3108.79,351.195
2023-11-18 08:00:00,11.17062,30.5355,1034.73,17.344,12051.9,189187.0,5517.31,370.21,300.1,12.461
2023-11-18 12:00:00,35.30548,45.5452,2204.56,36.677,55646.8,1347099.0,4411.31,3625.11,2076.71,17.864
2023-11-18 16:00:00,16.38891,55.3551,3689.35,72.827,174780.6,1757222.0,1034.78,1605.94,2239.53,80.601
2023-11-18 20:00:00,9.75259,26.2511,1189.32,48.408,109468.5,267172.0,883.33,215.46,1384.0,158.907
2023-11-19 00:00:00,30.05889,30.499,3928.67,56.596,103827.5,883500.0,2299.63,235.68,4424.96,44.396
2023-11-19 04:00:00,15.31722,16.9648,3944.65,18.906,65122.6,187923.0,1643.46,3079.04,2431.35,17.086
2023-11-19 08:00:00,12.57361,15.5526,3186.26,21.281,23618.5,49686.0,1036.66,3201.49,1251.3,8.636
2023-11-19 12:00:00,12.21025,35.8297,946.48,17.134,42701.9,531342.0,786.64,102.59,642.76,9.822
2023-11-19 16:00:00,41.68288,96.3187,2101.81,84.791,86681.0,384742.0,2062.52,2775.24,2509.05,43.749
2023-11-19 20:00:00,70.1354,175.2238,7141.71,118.892,93846.9,545826.0,5848.66,1747.36,6129.53,181.997
2023-11-20 00:00:00,34.39117,60.1675,2236.63,75.115,109034.0,651500.0,1603.77,4067.59,4669.94,283.891
2023-11-20 04:00:00,14.67454,40.8605,1419.85,55.034,101645.2,485462.0,1462.67,1672.15,7266.42,85.513
2023-11-20 08:00:00,31.133,97.0879,1059.73,36.945,201953.8,140003.0,313.32,6251.07,2911.36,19.456
2023-11-20 12:00:00,59.27467,133.1879,2925.21,79.399,123672.3,521970.0,2243.89,1203.38,3221.26,79.258
2023-11-20 16:00:00,101.31479,270.545,5613.08,1178.765,192560.7,561805.0,3419.63,3681.89,2189.82,91.96
2023-11-20 20:00:00,27.95338,68.6605,4417.56,146.388,119324.7,802827.0,3737.17,3895.72,2842.88,183.478
2023-11-21 00:00:00,28.81703,90.4706,4344.39,525.56,99508.7,572061.0,2219.2,465.87,10113.51,234.576
2023-11-21 04:00:00,14.76231,75.8641,3172.67,102.649,190310.5,150693.0,1013.43,145.3,780.5,97.735
2023-11-21 08:00:00,17.52454,33.2714,1372.79,94.347,180458.4,32221.0,1088.7,515.99,533.15,53.73
2023-11-21 12:00:00,120.05573,140.6609,6646.75,520.196,172916.4,426412.0,2845.79,774.32,4823.62,508.46
2023-11-21 16:00:00,86.86457,117.2082,5232.12,1806.466,384908.2,1388281.0,14662.05,1517.87,6016.27,1113.46
2023-11-21 20:00:00,108.64968,232.3649,7208.87,1671.745,273547.2,1175610.0,13348.2,1842.67,7131.67,547.593
2023-11-22 00:00:00,58.01578,137.9823,4874.96,989.96,140681.4,835254.0,3504.69,3688.57,3936.47,411.473
2023-11-22 04:00:00,44.24072,83.7845,2069.85,982.336,46535.9,144700.0,904.66,304.75,5243.82,273.048
2023-11-22 08:00:00,30.8088,110.0688,616.35,240.913,10412.0,7793.0,785.43,2308.15,240.42,385.857
2023-11-22 12:00:00,45.38342,90.2588,2292.38,209.377,227889.3,213791.0,1379.62,614.28,2597.35,656.161
2023-11-22 16:00:00,93.78063,222.925,3165.99,335.856,73680.0,245667.0,1492.95,1186.08,2970.04,143.789
2023-11-22 20:00:00,95.37631,183.8686,9088.94,851.619,190318.3,1011069.0,1879.05,2226.35,2104.65,126.618
2023-11-23 00:00:00,14.81568,33.9046,3029.12,496.307,148848.4,51919.0,1070.87,508.28,1706.57,98.418
2023-11-23 04:00:00,18.95012,76.0649,1557.17,59.987,65466.1,67895.0,1209.97,333.85,2431.84,191.839
2023-11-23 08:00:00,27.69691,98.8905,703.93,19.784,58373.7,39504.0,224.16,1424.55,572.45,171.876
2023-11-23 12:00:00,47.04953,93.6599,4870.5,309.775,120890.6,275415.0,3344.1,1052.31,1113.79,57.528
2023-11-23 16:00:00,35.68409,51.8417,1629.85,235.077,31771.9,233576.0,347.03,284.66,2526.26,147.459
2023-11-23 20:00:00,27.35593,46.7371,639.05,454.064,47177.2,94272.0,322.14,291.74,1873.84,109.43
2023-11-24 00:00:00,15.06264,39.9497,962.38,161.068,268726.0,261591.0,2708.26,181.88,898.09,102.879
2023-11-24 04:00:00,18.89026,66.5229,890.27,54.738,36697.6,191883.0,672.01,145.01,459.21,22.359
2023-11-24 08:00:00,53.08739,207.9565,1488.33,44.185,155813.3,242498.0,1955.93,920.83,820.83,57.503
2023-11-24 12:00:00,90.32303,116.4108,3245.91,63.696,56950.9,143709.0,1269.57,301.48,465.02,109.01
2023-11-24 16:00:00,67.9329,99.3686,2819.83,129.835,154248.9,313762.0,3501.18,1712.01,4478.03,198.66
2023-11-24 20:00:00,40.2144,64.921,1358.35,181.235,137116.6,230222.0,1360.38,858.84,790.84,43.108
2023-11-25 00:00:00,11.93507,93.9086,5536.99,564.759,46768.4,350141.0,2729.19,840.28,1690.89,112.872
2023-11-25 04:00:00,19.10047,14.9824,1100.17,116.481,21309.6,76372.0,567.4,1274.18,510.32,31.035
2023-11-25 08:00:00,9.59316,22.996,1412.85,20.033,19997.2,185151.0,512.23,737.45,2445.69,85.078
2023-11-25 12:00:00,10.47561,54.6663,589.58,181.436,112915.1,77057.0,618.75,1670.63,328.3,272.347
2023-11-25 16:00:00,9.4955,56.9491,1980.01,479.193,38032.5,439017.0,246.45,670.19,414.45,223.587
2023-11-25 20:00:00,21.21025,44.5259,423.46,267.958,32951.2,217347.0,431.83,1537.06,337.64,111.754
2023-11-26 00:00:00,8.79954,41.8453,1088.57,105.124,91202.7,1017484.0,454.47,519.51,957.72,286.257
2023-11-26 04:00:00,9.60825,30.8359,739.22,62.619,33345.7,83890.0,639.0,558.18,1388.07,67.558
2023-11-26 08:00:00,10.67764,18.6056,262.29,22.221,22731.9,29440.0,78.36,201.33,1083.95,22.827
2023-11-26 12:00:00,29.39141,43.6583,2101.81,61.269,149283.8,266881.0,861.05,447.41,2403.13,121.296
2023-11-26 16:00:00,25.65905,59.016,1191.66,260.954,80456.1,231212.0,1358.02,1883.37,2860.57,158.102
2023-11-26 20:00:00,53.97222,43.2325,897.71,130.975,94651.1,138806.0,1182.88,841.17,1090.69,48.966
2023-11-27 00:00:00,19.36496,37.6155,1884.49,57.021,53839.0,1262316.0,4841.75,5656.53,6888.02,40.235
2023-11-27 04:00:00,15.98362,36.4537,1549.17,66.366,34718.2,634993.0,444.05,607.92,1149.0,23.03
2023-11-27 08:00:00,23.93298,19.6825,2776.05,59.42,95964.2,135781.0,189.89,319.86,676.25,103.527
2023-11-27 12:00:00,31.31898,96.6962,3019.2,105.683,68593.6,323092.0,645.54,1516.88,5415.49,393.215
2023-11-27 16:00:00,43.75136,88.6909,2414.69,87.013,121868.2,205519.0,2225.55,428.16,4171.75,77.141
2023-11-27 20:00:00,30.94326,57.8981,1884.71,87.185,86706.8,392401.0,1911.27,275.31,466.35,58.705
2023-11-28 00:00:00,31.00084,101.0845,907.72,74.8,16613.3,77337.0,1464.02,185.1,1552.67,28.167
2023-11-28 04:00:00,12.4726,71.3047,1214.65,59.263,66123.9,70923.0,1576.13,355.54,3698.11,41.107
2023-11-28 08:00:00,12.36387,10.5872,1049.38,37.319,20628.1,10926.0,975.25,195.81,470.02,20.147
2023-11-28 12:00:00,34.99967,82.2565,564.42,29.288,91759.1,702065.0,1715.26,509.94,1104.02,71.377
2023-11-28 16:00:00,123.4553,137.1542,4533.7,160.34,113348.8,771821.0,2774.36,957.84,2347.15,603.158
2023-11-28 20:00:00,46.37077,52.7663,2620.04,212.125,89874.9,83131.0,1874.09,328.49,2745.38,193.128
2023-11-29 00:00:00,29.41391,87.5376,3087.55,101.363,32749.1,151958.0,3969.64,189.19,9210.18,245.497
2023-11-29 04:00:00,21.76755,38.8617,2588.74,82.05,30284.7,304343.0,3741.65,2044.43,1063.93,96.116
2023-11-29 08:00:00,41.13003,69.7509,4789.15,47.149,112000.3,96061.0,957.28,405.17,1550.72,79.375
2023-11-29 12:00:00,49.9296,65.85,7243.6,147.023,179931.2,906776.0,2858.18,1169.73,2280.04,295.744
2023-11-29 16:00:00,43.30914,27.3621,2226.92,570.966,60772.2,362397.0,1877.0,459.98,316.96,166.69
2023-11-29 20:00:00,39.21923,25.6461,1540.72,121.526,33364.9,137257.0,411.56,562.29,611.74,60.287
2023-11-30 00:00:00,31.60863,28.5409,2893.77,571.52,27097.8,280333.0,4955.97,1741.05,1049.7,31.681
2023-11-30 04:00:00,28.03875,21.3535,3488.32,105.692,40577.8,170198.0,1502.29,540.76,242.05,120.209
2023-11-30 08:00:00,19.97316,52.6458,537.15,66.209,58348.4,313889.0,484.54,61.44,970.17,57.717
2023-11-30 12:00:00,40.85754,60.8282,3194.44,231.138,80619.5,249951.0,930.3,8279.58,1737.48,220.286
2023-11-30 16:00:00,41.60455,15.233,3084.89,296.24,31772.3,931432.0,457.06,6548.84,558.35,76.579
2023-11-30 20:00:00,22.98067,73.4322,3538.37,42.682,67362.4,365202.0,1774.24,2402.9,2006.64,33.876
2023-12-01 00:00:00,51.20635,220.0804,8447.13,60.878,76951.7,138812.0,2683.37,228.43,2337.0,204.485
2023-12-01 04:00:00,32.41563,104.1007,1156.47,150.359,30581.4,582822.0,1278.24,3170.4,2113.48,111.015
2023-12-01 08:00:00,68.71286,103.0544,1601.89,108.181,33290.1,938434.0,5171.75,148.91,287.34,84.56
2023-12-01 12:00:00,49.56932,84.667,2072.09,65.693,15955.9,418388.0,286.28,700.95,1008.66,161.623
2023-12-01 16:00:00,76.53084,285.3417,2459.33,102.372,35189.2,585038.0,8324.03,315.53,6743.4,197.202
2023-12-01 20:00:00,27.03332,27.6274,1318.71,360.143,89731.2,225953.0,1749.29,710.5,2367.47,178.857
2023-12-02 00:00:00,15.41607,98.1427,1553.27,178.973,51475.5,139554.0,312.01,1058.57,6160.05,70.472
2023-12-02 04:00:00,11.53219,83.2132,3239.69,67.109,149639.3,241302.0,250.11,167.59,4269.0,27.125
2023-12-02 08:00:00,7.5353,41.0792,225.94,21.224,36375.4,39156.0,133.97,2390.35,479.55,4.465
2023-12-02 12:00:00,17.68909,87.4869,1937.86,162.484,85464.6,228119.0,490.59,423.74,1340.4,94.641
2023-12-02 16:00:00,61.03829,222.2557,2309.5,198.641,116776.7,837506.0,5498.71,583.14,3899.77,130.948
2023-12-02 20:00:00,54.76658,102.8087,4573.6,114.64,246952.3,676136.0,2700.82,1381.71,4241.47,31.514
2023-12-03 00:00:00,28.49484,37.4366,7243.27,589.035,143231.1,604908.0,1915.92,3483.54,1888.82,652.986
2023-12-03 04:00:00,13.0184,22.6013,2431.56,71.205,60223.2,117963.0,263.39,601.08,2665.66,154.448
2023-12-03 08:00:00,6.60768,15.2134,699.84,34.674,37046.8,195474.0,1250.89,129.89,1896.13,41.669
2023-12-03 12:00:00,40.79185,30.5204,1735.33,108.175,81366.1,167596.0,5324.96,1064.89,1034.99,41.965
2023-12-03 16:00:00,29.02852,53.5086,2585.47,133.779,51266.8,106721.0,1116.96,652.25,3396.85,57.325
2023-12-03 20:00:00,97.95114,189.80107,5379.31,177.373,273433.6,1781007.0,1924.09,1675.94,3194.45,60.792
2023-12-04 00:00:00,114.37212,121.5062,5153.03,448.051,198353.7,1193542.0,6621.61,928.59,5954.01,1397.654
2023-12-04 04:00:00,83.51597,136.76663,4648.19,498.528,197519.6,1694510.0,2973.3,2908.37,9088.16,178.003
2023-12-04 08:00:00,93.68973,186.21054,3708.85,411.24,154074.1,465186.0,3896.48,1790.47,6771.41,137.333
2023-12-04 12:00:00,83.82756,87.0221,7728.69,75.507,106527.2,395274.0,1424.11,1481.03,8706.99,58.765
2023-12-04 16:00:00,67.2757,56.1527,4571.28,210.77,55629.7,279631.0,3439.14,750.42,3463.7,196.13
2023-12-04 20:00:00,85.41068,121.6271,3430.62,152.801,75123.1,837922.0,1704.51,1089.61,2844.9,226.175
2023-12-05 00:00:00,34.15169,91.9037,6692.85,288.771,132373.1,226000.0,5695.77,2788.7,1363.49,201.678
2023-12-05 04:00:00,20.24994,58.8047,3199.69,94.668,71928.8,204524.0,2293.8,1226.28,1077.28,138.36
2023-12-05 08:00:00,9.39754,37.272,464.2,87.826,14307.5,354698.0,256.79,2131.99,562.84,28.37
2023-12-05 12:00:00,54.89977,60.9493,2847.23,47.214,79404.8,745295.0,345.8,471.45,8560.54,62.855
2023-12-05 16:00:00,233.85261,309.30909,6958.86,256.97,662328.5,1615727.0,8030.91,7095.32,11973.42,248.402
2023-12-05 20:00:00,123.94827,169.3786,4989.86,818.344,191701.2,1474448.0,5812.47,2265.95,1593.93,269.756
2023-12-06 00:00:00,38.63552,221.8237,17734.8,538.664,372313.9,743743.0,8013.54,7022.22,4541.71,376.251
2023-12-06 04:00:00,80.20707,90.5475,6221.93,359.596,237148.5,5552911.0,2575.97,2095.09,5206.04,135.465
2023-12-06 08:00:00,42.48011,81.286,9756.31,280.231,145234.0,1692294.0,2534.58,2330.65,4947.45,175.754
2023-12-06 12:00:00,61.49394,90.5873,2087.85,161.044,538732.7,2213156.0,7164.21,6918.34,4160.83,282.404
2023-12-06 16:00:00,53.33276,90.1927,2204.54,236.111,263081.9,1682929.0,12839.76,1042.27,5822.69,126.832
2023-12-06 20:00:00,51.82575,158.222,5281.98,169.145,392585.4,1385009.0,3834.45,617.6,9818.27,180.429
2023-12-07 00:00:00,23.4619,36.7555,4244.28,212.462,169201.6,927098.0,2938.76,784.44,4539.03,42.619
2023-12-07 04:00:00,19.5963,86.3691,1378.69,98.88,67189.1,132429.0,1815.63,1131.46,5040.35,70.256
2023-12-07 08:00:00,52.00616,189.1351,2707.67,145.188,306022.3,336134.0,5682.86,3280.44,2478.88,59.525
2023-12-07 12:00:00,75.41325,206.2174,6546.18,132.662,111680.8,388042.0,8301.0,3656.27,4528.15,27.81
2023-12-07 16:00:00,50.19722,223.61641,9829.52,301.347,450381.7,615580.0,1623.68,2933.69,8478.17,229.709
2023-12-07 20:00:00,37.24701,123.2375,11297.07,87.771,119841.7,852499.0,704.41,434.28,5586.69,62.389
2023-12-08 00:00:00,27.59171,125.2497,13606.11,422.002,159441.7,789919.0,3397.92,745.89,12488.47,309.521
2023-12-08 04:00:00,25.52662,73.9257,9820.81,217.741,261322.2,340892.0,1460.91,5606.36,12760.93,33.482
2023-12-08 08:00:00,22.29113,70.3931,8657.61,141.867,387226.7,154940.0,1041.01,757.34,14169.54,118.269
2023-12-08 12:00:00,51.8682,117.8464,7145.57,245.374,717032.5,754601.0,2171.28,8888.77,7657.56,322.299
2023-12-08 16:00:00,40.3406,137.1636,6002.28,360.507,1219611.2,1856995.0,1874.08,6318.81,5170.65,978.092
2023-12-08 20:00:00,104.04287,103.5826,7164.01,231.475,268360.5,2138043.0,7463.82,4609.1,8784.18,249.646
2023-12-09 00:00:00,28.10209,40.9206,5574.15,297.636,952624.3,760371.0,6494.83,8893.62,4115.22,359.801
2023-12-09 04:00:00,21.43844,111.7622,3606.3,270.547,655167.1,760818.0,2348.75,3816.91,3107.02,209.514
2023-12-09 08:00:00,23.41643,112.1579,2349.38,301.163,707433.9,353745.0,1931.39,4625.32,2730.59,402.685
2023-12-09 12:00:00,16.86512,114.1375,2808.11,302.267,544867.5,434534.0,6248.53,3148.02,5248.97,118.445
2023-12-09 16:00:00,17.34664,273.4022,13951.04,157.384,809403.9,1001360.0,5521.81,7723.6,3102.43,57.638
2023-12-09 20:00:00,23.10432,93.1144,4591.22,114.731,295039.8,1212896.0,604.89,1445.74,2498.53,171.144
2023-12-10 00:00:00,12.1591,182.5138,1840.41,132.201,424710.3,470709.0,1525.14,828.55,2214.97,63.179
2023-12-10 04:00:00,11.57663,47.6623,2349.07,283.895,146123.1,1043889.0,3007.41,915.67,4126.17,288.635
2023-12-10 08:00:00,13.51439,24.4528,2869.79,40.756,332920.8,695141.0,1117.36,1454.48,2634.35,91.161
2023-12-10 12:00:00,20.3022,56.9042,2906.21,55.782,123274.5,131725.0,6541.01,3856.53,3733.75,9.946
2023-12-10 16:00:00,9.8496,17.1158,2380.96,231.366,199288.2,507534.0,6163.92,2021.22,4441.76,112.903
2023-12-10 20:00:00,40.92088,49.6093,3648.24,302.24,516112.0,700956.0,12741.76,2513.13,4365.59,206.149
2023-12-11 00:00:00,103.68366,408.5522,10706.42,662.259,784871.5,4894361.0,27091.37,4903.95,26754.86,878.889
2023-12-11 04:00:00,35.33343,198.708,7507.12,144.152,193660.6,1252513.0,9348.86,4832.64,9799.85,94.502
2023-12-11 08:00:00,14.04326,70.8059,1462.11,64.74,88367.1,460661.0,2778.05,260.93,1320.51,64.031
2023-12-11 12:00:00,24.82762,76.7214,3735.54,354.092,307916.6,1316354.0,3929.15,1604.96,2503.31,388.654
2023-12-11 16:00:00,114.06705,203.9687,6798.87,450.656,443546.1,3156416.0,6648.35,5169.02,2831.66,649.687
2023-12-11 20:00:00,57.06304,68.3551,3175.67,178.756,226136.9,689921.0,6825.83,1341.15,915.96,109.011
2023-12-12 00:00:00,39.36544,84.2917,4060.93,649.241,343254.2,1714227.0,9073.1,2871.05,2097.36,438.76
2023-12-12 04:00:00,28.64927,44.8928,1443.51,247.167,429012.8,291253.0,3098.84,2502.05,369.56,616.438
2023-12-12 08:00:00,18.6748,26.7076,1804.47,149.506,249922.4,405360.0,2025.34,1358.5,601.67,11.998
2023-12-12 12:00:00,41.95677,69.4459,4619.15,360.057,315292.4,1301099.0,6018.72,6685.45,2475.0,63.072
2023-12-12 16:00:00,81.54375,51.8781,6017.02,355.578,260245.2,1265865.0,4316.04,5960.99,11040.77,134.105
2023-12-12 20:00:00,35.99932,70.2959,4308.13,262.168,235874.5,220188.0,2490.06,7203.78,2651.45,335.812
2023-12-13 00:00:00,47.64706,75.8536,4173.72,295.257,294181.9,773992.0,6113.89,3517.15,4722.68,439.613
2023-12-13 04:00:00,16.46884,40.927,4912.58,205.205,142314.1,805316.0,4022.29,789.14,2105.35,175.779
2023-12-13 08:00:00,8.90674,42.0852,937.04,397.092,138320.4,103884.0,918.6,280.91,141.05,58.246
2023-12-13 12:00:00,44.85177,69.696,2413.67,125.806,1109202.5,194019.0,6552.6,2170.93,1092.11,85.252
2023-12-13 16:00:00,69.21835,99.9131,3974.61,191.922,911355.9,462335.0,1972.6,4273.6,3160.17,173.037
2023-12-13 20:00:00,74.67297,212.4656,6888.61,209.074,484978.9,1076022.0,2544.1,9195.95,1826.21,210.534
2023-12-14 00:00:00,26.8955,67.6175,4933.53,285.585,553819.6,710407.0,5520.71,9071.94,2787.48,788.905
2023-12-14 04:00:00,11.12492,40.1244,2589.83,286.28,260515.9,403453.0,2558.83,17639.19,1424.51,145.194
2023-12-14 08:00:00,12.95066,35.0454,3329.27,119.893,173525.6,240958.0,907.19,886.84,2241.2,36.391
2023-12-14 12:00:00,88.16925,198.0446,6250.58,868.857,314858.9,315807.0,3076.43,9551.73,15454.4,122.896
2023-12-14 16:00:00,82.09434,96.1049,8562.78,79.657,310040.7,887433.0,3158.67,2999.01,12312.18,574.431
2023-12-14 20:00:00,24.54303,64.9571,5948.24,202.397,155254.9,665875.0,3121.51,3605.72,9926.88,52.93
2023-12-15 00:00:00,22.7942,43.2554,2502.79,135.278,238403.5,186745.0,3321.74,1370.97,3682.68,137.88
2023-12-15 04:00:00,23.49927,53.2379,5014.94,114.702,61151.1,235163.0,2831.87,2331.92,2611.63,467.765
2023-12-15 08:00:00,13.10019,22.4537,5223.4,61.659,188223.9,145216.0,3080.69,227.94,253.61,108.381
2023-12-15 12:00:00,55.47187,61.0796,7358.21,219.478,275157.6,1493688.0,3448.01,2402.51,1589.93,65.698
2023-12-15 16:00:00,24.77895,42.3073,6365.64,352.316,170184.5,399535.0,2756.6,4710.0,507.34,154.626
2023-12-15 20:00:00,23.30208,77.9621,6253.5,146.555,277382.3,297473.0,3649.82,3121.57,10394.3,149.246
2023-12-16 00:00:00,20.40041,56.7246,2153.06,80.113,274556.7,449827.0,7698.14,1069.11,2713.38,47.793
2023-12-16 04:00:00,10.39046,20.8447,1077.22,57.461,55697.0,114396.0,2123.84,313.2,4726.63,53.208
2023-12-16 08:00:00,5.14318,2.1847,693.43,28.938,33840.6,75368.0,6307.68,196.53,7706.07,12.281
2023-12-16 12:00:00,23.87112,29.4725,3770.16,87.637,180325.5,65226.0,6084.21,1223.18,1942.72,130.398
2023-12-16 16:00:00,25.11121,66.6814,3449.24,159.851,216118.3,312853.0,7325.22,2191.14,3602.0,79.481
2023-12-16 20:00:00,10.64433,22.2842,4021.31,141.806,133906.6,467551.0,4313.75,5253.98,3621.45,148.67
2023-12-17 00:00:00,17.3504,52.6463,2909.72,99.221,100243.1,322932.0,2265.34,1197.46,1534.32,208.602
2023-12-17 04:00:00,9.92857,22.6521,1160.15,90.61,96400.6,271713.0,2561.69,944.06,1250.71,177.737
2023-12-17 08:00:00,8.77575,14.9432,958.67,65.132,22553.1,236720.0,393.78,151.63,53.78,76.233
2023-12-17 12:00:00,11.03702,24.8495,2132.2,127.126,79378.5,106290.0,2143.47,610.63,2096.42,43.319
2023-12-17 16:00:00,23.57627,44.397,3201.17,132.689,129302.1,109283.0,1769.11,1139.4,1057.47,89.99
2023-12-17 20:00:00,20.35063,70.886,2673.02,76.168,119964.7,387252.0,984.26,2738.77,1292.14,79.034
2023-12-18 00:00:00,51.00674,93.4405,5494.39,128.934,257987.9,558853.0,1983.77,3682.6,1866.5,114.433
2023-12-18 04:00:00,11.50835,49.5599,4410.36,93.152,53351.6,227355.0,2297.02,480.55,1983.81,31.501
2023-12-18 08:00:00,26.86937,238.0106,7438.06,40.696,126732.2,2456814.0,2597.81,2454.38,2473.82,295.964
2023-12-18 12:00:00,22.67707,116.6875,2288.15,56.518,457384.7,118117.0,2712.61,898.64,686.73,281.115
2023-12-18 16:00:00,23.03165,74.64,2487.97,97.373,164266.1,385683.0,1424.46,122.32,581.43,152.231
2023-12-18 20:00:00,63.5364,67.6447,5630.06,236.648,249695.2,243805.0,4130.35,2502.18,7272.75,176.782
2023-12-19 00:00:00,51.95511,126.1796,5765.12,194.522,157959.1,740683.0,1757.86,1796.89,1988.56,153.624
2023-12-19 04:00:00,12.05138,42.7276,2046.63,71.75,189676.9,137615.0,786.45,91.8,602.79,87.537
2023-12-19 08:00:00,10.50148,26.3643,2646.57,198.55,87567.8,66588.0,947.44,1538.69,487.42,31.702
2023-12-19 12:00:00,52.27241,55.996,3645.53,134.163,220519.3,180275.0,2275.01,738.41,963.89,282.864
2023-12-19 16:00:00,58.34233,58.0939,6413.94,231.886,277977.8,644296.0,3817.98,820.74,2850.17,104.663
2023-12-19 20:00:00,20.32523,66.4737,5804.94,89.722,106909.5,687523.0,1086.94,567.3,1130.26,90.306
2023-12-20 00:00:00,15.49639,36.6384,3526.78,277.813,128314.5,272413.0,1398.45,1166.44,834.87,200.119
2023-12-20 04:00:00,42.83412,82.0258,2600.11,366.049,357143.7,50579.0,1926.6,613.05,813.66,138.767
2023-12-20 08:00:00,15.3242,30.3742,7154.34,433.817,53464.0,625486.0,1040.22,2489.0,482.81,10.295
2023-12-20 12:00:00,86.32343,112.4894,9748.52,187.266,577324.7,1005895.0,3619.65,1599.52,3207.25,273.09
2023-12-20 16:00:00,74.31842,136.4647,11311.17,459.676,327751.7,373522.0,7841.51,1314.86,3878.13,190.724
2023-12-20 20:00:00,46.56984,147.7702,7989.16,127.816,140647.1,404324.0,7081.38,1400.63,12729.67,361.623
2023-12-21 00:00:00,40.73457,32.8575,6462.97,149.22,99198.9,333811.0,6316.01,2252.52,1050.11,185.69
2023-12-21 04:00:00,23.87519,62.5888,8431.15,332.81,76355.0,78057.0,3493.52,7080.59,302.83,86.86
2023-12-21 08:00:00,26.26961,88.5992,3824.37,431.404,190521.6,199819.0,1904.78,7939.68,6036.26,85.262
2023-12-21 12:00:00,69.11754,128.2277,6262.69,310.077,189264.1,244930.0,3542.11,8379.75,4196.23,255.457
2023-12-21 16:00:00,36.93146,72.7228,15348.67,420.322,359947.5,446427.0,7892.96,12246.95,3950.44,201.409
2023-12-21 20:00:00,43.38933,100.5418,7909.03,153.259,402076.6,1772794.0,3525.08,9756.54,3676.57,409.753
2023-12-22 00:00:00,46.50445,82.9303,12754.17,291.196,494364.8,621042.0,5489.22,5974.0,12027.83,208.02
2023-12-22 04:00:00,40.90055,182.5084,6728.28,467.098,394149.4,769751.0,2738.44,3347.34,4491.07,158.67
2023-12-22 08:00:00,22.68561,133.5336,3790.72,36.84,302755.5,167988.0,2603.55,1084.39,1213.54,66.855
2023-12-22 12:00:00,28.24177,157.546,8509.24,75.676,129415.3,844394.0,2077.16,2602.99,3228.73,342.876
2023-12-22 16:00:00,39.17799,256.9033,9332.36,336.804,150116.3,694480.0,2210.81,7328.47,2516.14,893.673
2023-12-22 20:00:00,38.82324,57.7728,4184.52,270.231,67518.8,297054.0,1927.84,3145.82,517.83,415.892
2023-12-23 00:00:00,35.67753,65.1924,6118.31,138.204,191412.9,281783.0,2068.55,8677.63,1837.01,578.39
2023-12-23 04:00:00,22.09556,52.6589,3119.36,226.077,80421.4,61969.0,1592.09,1738.33,1374.05,142.192
2023-12-23 08:00:00,6.35981,36.2405,1285.09,103.441,23357.2,38148.0,1216.62,616.49,624.51,322.101
2023-12-23 12:00:00,17.30337,40.8465,4090.16,251.828,61626.8,157878.0,987.1,345.37,4198.75,34.168
2023-12-23 16:00:00,21.60533,83.8501,14849.33,121.446,187897.2,414208.0,4525.38,8578.48,4407.07,304.151
2023-12-23 20:00:00,19.80534,80.6061,11720.23,79.795,115269.4,336150.0,4889.89,9009.13,2551.02,121.723
2023-12-24 00:00:00,29.89507,107.8515,19419.97,235.678,205606.5,521555.0,2629.08,8252.88,3047.3,474.921
2023-12-24 04:00:00,42.91607,91.3591,13160.74,116.292,418419.8,210676.0,3829.99,6880.18,1807.9,429.527
2023-12-24 08:00:00,8.89244,16.2538,6043.79,79.988,134591.6,1028949.0,1171.8,22537.71,1315.74,98.473
2023-12-24 12:00:00,31.02086,41.9349,9290.2,79.365,110158.2,137642.0,506.81,4771.98,1110.44,40.826
2023-12-24 16:00:00,23.20893,62.9466,11671.16,604.991,109429.8,199289.0,2844.42,2682.05,2611.08,540.559
2023-12-24 20:00:00,63.11381,157.3275,7169.43,178.383,353111.7,810208.0,1684.16,4987.64,2518.29,115.066
2023-12-25 00:00:00,33.04723,89.4999,9766.65,128.094,80251.1,300714.0,5302.3,4306.15,4179.09,37.94
2023-12-25 04:00:00,15.79064,40.1794,5855.93,128.548,112179.7,192173.0,1361.12,5479.84,1181.04,77.136
2023-12-25 08:00:00,4.30692,17.0814,2732.92,88.76,58885.8,10399.0,797.07,2812.12,474.19,19.699
2023-12-25 12:00:00,32.36644,44.6838,15015.07,56.67,240632.5,243942.0,1215.98,1028.25,668.57,70.722
2023-12-25 16:00:00,32.07793,30.7969,15157.76,205.997,234553.4,583652.0,1114.0,2586.86,1413.49,117.614
2023-12-25 20:00:00,17.70873,69.8048,9191.37,89.632,210540.1,165600.0,1266.9,1590.24,1792.22,82.399
2023-12-26 00:00:00,10.48482,25.4292,4622.16,255.688,109068.9,165424.0,1570.97,3126.82,2047.52,221.518
2023-12-26 04:00:00,33.72404,92.9573,4948.61,356.294,174950.7,866059.0,1937.27,6217.41,4460.17,513.893
2023-12-26 08:00:00,17.28741,53.0127,2807.29,1009.662,65938.3,215030.0,470.33,2385.48,591.53,153.911
2023-12-26 12:00:00,33.73898,37.9836,6258.67,772.551,116538.5,355785.0,2065.38,6398.25,2779.07,259.917
2023-12-26 16:00:00,42.61671,157.9819,18762.81,508.575,347771.5,1039432.0,5096.89,4446.9,7623.75,890.112
2023-12-26 20:00:00,27.45081,51.91,7217.17,236.478,196720.2,346939.0,3180.33,751.54,3435.41,520.878
2023-12-27 00:00:00,16.75449,61.8118,5132.9,266.679,137013.0,717249.0,3057.47,1996.96,1606.38,320.452
2023-12-27 04:00:00,13.28434,64.7789,3691.88,250.901,46515.9,121039.0,774.92,2768.22,1081.94,172.226
2023-12-27 08:00:00,21.03011,70.0086,2644.41,419.838,125783.3,340637.0,578.85,497.74,2300.71,198.24
2023-12-27 12:00:00,30.25316,237.0209,8128.77,393.267,169608.3,224693.0,873.33,1725.96,8764.67,611.592
2023-12-27 16:00:00,40.18194,246.8109,7782.85,458.648,481290.7,263634.0,4184.59,1226.07,7743.44,792.465
2023-12-27 20:00:00,56.0699,151.2569,3654.5,505.98,262737.1,150886.0,2064.99,2215.22,5210.28,213.366
2023-12-28 00:00:00,40.39697,251.9888,7540.04,573.229,487478.4,1387949.0,3602.12,2725.07,24176.65,404.142
2023-12-28 04:00:00,35.83024,169.8724,4460.16,393.903,340784.0,204124.0,1166.67,3214.74,3768.62,272.033
2023-12-28 08:00:00,6.60936,107.3719,1652.52,324.519,86545.7,86864.0,545.95,2424.29,1838.01,107.719
2023-12-28 12:00:00,32.31213,174.7168,12855.2,748.801,289397.3,507212.0,5668.5,8401.12,4527.91,210.552
2023-12-28 16:00:00,30.87133,75.5657,3781.89,422.464,169646.6,225552.0,646.7,1345.04,1394.07,343.658
2023-12-28 20:00:00,22.13704,167.5778,4680.86,230.528,84098.4,411304.0,1004.05,2009.01,3187.74,1107.453
2023-12-29 00:00:00,32.78498,226.3759,5833.85,365.65,224490.7,195736.0,4128.8,3661.43,3538.35,634.958
2023-12-29 04:00:00,16.62487,21.7259,4265.63,236.319,61226.1,148315.0,3613.25,1935.52,822.99,139.388
2023-12-29 08:00:00,15.46572,35.8515,2324.11,107.8,33222.4,254072.0,593.68,13294.88,733.22,192.725
2023-12-29 12:00:00,30.74221,128.8466,5748.77,312.413,134740.1,409563.0,1753.31,3509.81,6315.01,293.038
2023-12-29 16:00:00,59.29714,137.8226,3294.94,271.719,133093.3,292344.0,1680.87,1847.55,7072.4,254.459
2023-12-29 20:00:00,73.73358,114.8289,1460.28,541.98,146999.2,364631.0,993.02,969.96,838.83,189.117
2023-12-30 00:00:00,17.26194,38.239,2425.96,218.235,54854.9,49546.0,433.84,656.52,2542.35,334.812
2023-12-30 04:00:00,21.78567,37.2272,1006.64,481.288,18662.3,315139.0,306.36,325.72,1412.64,113.055
2023-12-30 08:00:00,21.51673,50.8652,961.13,100.495,85233.6,54497.0,634.88,299.39,1448.62,45.379
2023-12-30 12:00:00,26.8522,42.4249,782.78,129.429,29691.7,166171.0,401.36,112.03,526.48,15.234
2023-12-30 16:00:00,36.76981,51.4352,1620.74,131.352,60254.7,80301.0,407.06,414.53,980.09,202.629
2023-12-30 20:00:00,22.33474,22.7736,1320.67,390.794,44207.3,191957.0,415.41,252.04,1798.84,71.79
2023-12-31 00:00:00,27.94652,33.014,1567.96,181.158,109264.1,60850.0,662.7,15794.77,6996.49,70.68
2023-12-31 04:00:00,22.78062,12.8535,1738.6,147.812,20101.3,85564.0,777.31,3410.66,2575.23,16.038
2023-12-31 08:00:00,20.4732,26.2207,508.49,60.193,26938.8,57949.0,206.09,393.25,3220.93,14.201
2023-12-31 12:00:00,10.91064,19.7918,1234.87,100.048,61366.9,104526.0,646.53,381.34,975.1,104.416
2023-12-31 16:00:00,25.94015,89.218,1394.79,256.007,124323.3,69330.0,660.05,999.98,4735.98,36.35
2023-12-31 20:00:00,43.23071,58.3452,1813.43,181.126,195825.6,464213.0,1040.23,868.82,4698.27,373.282
2024-01-01 00:00:00,36.29662,84.9972,1443.42,225.062,83457.5,157841.0,1033.62,1247.29,7933.67,181.679
2024-01-01 04:00:00,12.59016,67.2621,853.22,200.958,27654.3,224113.0,288.93,679.51,510.25,22.501
2024-01-01 08:00:00,20.12711,25.963,4148.86,30.314,25758.4,23290.0,348.23,67.52,248.41,6.013
2024-01-01 12:00:00,9.2715,19.4836,1453.4,34.578,51889.7,110110.0,473.65,272.8,124.16,48.464
2024-01-01 16:00:00,40.75498,72.7742,5115.47,223.396,143621.4,246719.0,942.6,1111.22,1200.05,89.306
2024-01-01 20:00:00,58.48814,107.1923,2094.67,444.843,214591.5,629327.0,2734.27,3143.96,2191.69,402.893
2024-01-02 00:00:00,127.72025,285.7458,8364.99,339.704,336763.9,1226996.0,3501.12,9702.91,3067.06,411.947
2024-01-02 04:00:00,54.70045,48.3645,3283.74,136.8,73601.9,771220.0,818.46,928.19,987.78,65.585
2024-01-02 08:00:00,45.33114,128.4351,3206.3,281.397,83111.1,273305.0,886.56,1789.39,5053.92,49.738
2024-01-02 12:00:00,60.16498,137.2418,7068.02,745.242,102973.3,624304.0,770.56,3040.21,3383.49,158.073
2024-01-02 16:00:00,62.99488,129.1269,5094.12,71.609,131108.0,208875.0,493.88,633.22,1799.73,54.697
2024-01-02 20:00:00,48.66009,102.6399,2130.5,118.155,212295.0,395414.0,296.35,498.35,564.52,61.252
2024-01-03 00:00:00,28.67614,32.8074,3068.49,105.98,54282.6,162628.0,808.66,934.69,964.33,139.562
2024-01-03 04:00:00,45.24049,38.2354,870.55,341.287,39850.8,215962.0,357.39,225.71,823.21,102.32
2024-01-03 08:00:00,54.28768,119.127,2007.09,352.795,58793.6,244711.0,945.13,1540.48,838.59,65.717
2024-01-03 12:00:00,124.97578,720.8301,12392.82,825.063,335433.1,3057742.0,6235.33,11697.19,19132.9,1107.625
2024-01-03 16:00:00,95.21838,201.0049,6020.18,223.766,213767.2,1109335.0,5462.7,4938.5,5642.94,646.403
2024-01-03 20:00:00,51.45487,34.7681,2818.96,185.277,173579.2,287111.0,1352.57,1022.04,701.33,713.778
2024-01-04 00:00:00,38.51702,63.107,3343.84,170.04,112961.0,421597.0,308.73,822.39,1395.9,1436.209
2024-01-04 04:00:00,23.43487,29.2429,1028.68,166.99,38800.5,353928.0,456.38,749.59,575.15,160.66
2024-01-04 08:00:00,13.42794,16.3222,1943.46,121.352,26479.5,241296.0,419.7,802.0,243.69,105.499
2024-01-04 12:00:00,57.94828,88.6763,2142.9,406.273,66947.5,132270.0,1090.25,2408.61,2029.37,74.819
2024-01-04 16:00:00,85.01609,90.6638,4066.98,197.95,99722.1,234829.0,3467.35,4919.46,1372.78,210.743
2024-01-04 20:00:00,70.04449,126.1829,2779.35,279.509,123947.7,335385.0,1803.93,749.38,3628.4,233.523
2024-01-05 00:00:00,71.17764,85.2029,4048.08,686.079,142235.2,489397.0,886.45,1549.34,4068.92,100.566
2024-01-05 04:00:00,30.62513,12.7526,2032.73,109.642,77000.4,80816.0,950.32,53.27,1952.75,135.721
2024-01-05 08:00:00,32.35798,19.9627,1675.82,63.982,101714.2,47860.0,306.61,1558.91,1242.5,34.499
2024-01-05 12:00:00,52.47225,38.5697,2447.34,102.311,189813.4,328624.0,449.4,630.66,1541.75,273.04
2024-01-05 16:00:00,38.85095,123.9515,3899.87,113.672,185313.3,190565.0,3942.64,619.31,2792.5,315.313
2024-01-05 20:00:00,49.94739,77.8973,923.39,69.45,202891.2,219683.0,903.96,554.36,779.41,253.92
2024-01-06 00:00:00,24.29224,34.7287,1252.98,224.553,280979.6,115381.0,686.04,456.89,474.42,77.981
2024-01-06 04:00:00,31.77304,43.6817,3596.78,169.889,160151.7,629729.0,3500.25,1896.18,1461.51,435.284
2024-01-06 08:00:00,12.21067,17.5704,1944.86,40.584,42413.8,43115.0,285.4,3604.98,180.81,43.183
2024-01-06 12:00:00,24.65416,8.4241,1964.12,46.836,61672.3,62755.0,414.09,1085.68,2143.9,33.268
2024-01-06 16:00:00,39.83128,33.3256,3045.8,260.384,102099.3,87014.0,1424.1,3739.58,1388.65,221.107
2024-01-06 20:00:00,28.81095,24.6663,1903.22,29.443,43552.2,107534.0,346.36,741.91,587.55,35.782
2024-01-07 00:00:00,31.98955,34.34,5021.29,83.988,34472.8,43576.0,481.82,721.61,829.94,70.742
2024-01-07 04:00:00,14.14494,24.6593,1243.47,32.966,21866.0,91671.0,1682.49,1642.65,1321.4,131.538
2024-01-07 08:00:00,14.59282,30.1117,2275.88,28.681,77730.3,80988.0,201.94,318.78,182.24,5.801
2024-01-07 12:00:00,32.04602,103.8079,2007.42,158.185,58842.2,35547.0,637.47,134.36,718.26,68.857
2024-01-07 16:00:00,31.27778,27.5608,1409.31,57.102,92853.2,75868.0,665.98,539.24,1443.46,156.252
2024-01-07 20:00:00,39.59917,55.9468,6813.91,71.069,175941.2,550727.0,2372.81,3542.93,1379.55,175.861
2024-01-08 00:00:00,48.87404,217.9961,7301.48,253.455,322937.7,585920.0,2290.07,4860.62,4014.17,627.9
2024-01-08 04:00:00,46.63733,63.2435,3711.59,47.567,146975.2,223412.0,787.71,2363.51,2419.04,247.487
2024-01-08 08:00:00,28.17668,38.018,592.13,52.743,19969.6,257343.0,699.13,1235.12,586.05,41.483
2024-01-08 12:00:00,86.52293,212.4919,4988.35,40.618,132355.1,647562.0,857.75,1874.57,3036.38,577.781
2024-01-08 16:00:00,153.5099,191.2354,6279.78,129.034,256252.4,793919.0,2186.7,1970.96,3971.85,448.614
2024-01-08 20:00:00,63.40647,71.1801,2709.21,67.346,85307.1,549437.0,787.68,2184.61,2648.48,192.956
2024-01-09 00:00:00,54.06484,116.5019,2783.02,108.552,178821.5,324366.0,664.5,2270.01,1315.8,290.166
2024-01-09 04:00:00,34.88367,41.8025,5279.3,179.892,103690.8,92485.0,826.08,591.85,2967.55,171.831
2024-01-09 08:00:00,23.98292,29.5467,2510.83,46.145,90405.4,112619.0,223.41,916.23,917.25,114.884
2024-01-09 12:00:00,68.68112,81.3623,3515.5,54.522,57855.0,203231.0,906.03,5992.03,2120.37,170.27
2024-01-09 16:00:00,38.8937,91.8693,2153.88,96.218,113506.8,993310.0,1753.89,3651.1,5833.61,590.63
2024-01-09 20:00:00,140.58352,497.9819,7600.91,280.068,254238.7,1316460.0,1879.09,2020.19,4840.75,521.174
2024-01-10 00:00:00,37.12693,319.262,1344.75,102.982,77272.3,213607.0,1029.27,1293.79,1238.51,113.195
2024-01-10 04:00:00,30.41716,129.0926,569.26,76.519,32938.6,299979.0,256.41,433.89,405.07,64.132
2024-01-10 08:00:00,32.1527,562.6499,632.29,31.199,45932.2,142892.0,826.47,908.26,3330.41,24.23
2024-01-10 12:00:00,48.49778,285.01695,5412.24,156.176,137095.7,986542.0,1336.05,9417.0,5069.24,309.718
2024-01-10 16:00:00,88.98689,280.42524,4752.6,163.565,66974.4,315254.0,1113.98,3659.24,2968.99,1827.811
2024-01-10 20:00:00,210.39184,1005.77788,12516.58,364.553,647279.9,3798685.0,5061.6,14504.02,9313.57,704.624
2024-01-11 00:00:00,47.0089,263.2879,4735.15,231.033,195691.4,625587.0,1106.84,2732.64,2736.81,393.915
2024-01-11 04:00:00,39.45454,277.9134,3856.71,246.903,242766.9,127624.0,1616.36,9518.27,621.45,240.031
2024-01-11 08:00:00,32.60342,88.32674,2352.84,133.183,90704.7,649170.0,965.45,849.72,6528.23,178.358
2024-01-11 12:00:00,143.70171,454.12693,8905.78,261.93,585782.6,1425190.0,4215.74,4773.37,11937.51,832.475
2024-01-11 16:00:00,81.00601,261.2235,4636.11,310.228,98473.7,996184.0,1955.2,4509.96,7349.86,364.065
2024-01-11 20:00:00,57.96666,222.116,1313.54,360.266,30818.9,1080376.0,554.76,3544.02,668.06,427.658
2024-01-12 00:00:00,40.73106,105.9516,1886.88,554.103,81446.6,523774.0,889.45,783.22,1143.25,91.225
2024-01-12 04:00:00,40.12639,17.4321,840.91,179.479,83219.6,1276458.0,202.15,794.31,4059.31,254.017
2024-01-12 08:00:00,24.02558,128.1704,908.62,87.446,67092.2,531098.0,398.75,2374.97,433.32,725.039
2024-01-12 12:00:00,55.43211,344.4756,4321.69,233.9,153545.2,227915.0,1008.28,1584.11,4931.19,1441.365
2024-01-12 16:00:00,103.73183,288.6109,7802.66,164.938,295411.7,429572.0,1532.59,2313.57,6541.65,524.282
2024-01-12 20:00:00,108.15699,400.2188,6044.65,187.17,206682.2,513966.0,1855.18,2129.1,5406.38,314.812
2024-01-13 00:00:00,69.17546,185.8908,2703.11,73.872,164261.0,138041.0,1684.44,1240.28,6110.06,136.046
2024-01-13 04:00:00,20.03231,38.6153,236.73,78.228,30119.0,130408.0,394.89,506.46,224.13,106.752
2024-01-13 08:00:00,14.11646,22.2163,1047.39,27.434,24417.9,22174.0,79.67,342.74,242.47,37.807
2024-01-13 12:00:00,18.89251,37.2665,352.51,138.678,47217.2,50967.0,583.19,319.32,255.54,14.88
2024-01-13 16:00:00,22.8945,69.3755,1619.74,95.519,79042.1,69039.0,396.82,639.43,793.22,44.966
2024-01-13 20:00:00,58.80556,93.3053,13761.27,78.898,43627.6,58996.0,410.13,767.81,424.47,54.809
2024-01-14 00:00:00,27.98933,49.4498,2266.47,50.38,28905.9,26283.0,381.37,584.39,3236.42,396.991
2024-01-14 04:00:00,34.13087,46.5287,4042.74,108.395,10864.8,69598.0,1844.72,3338.42,7133.06,68.211
2024-01-14 08:00:00,11.73841,22.0268,1728.67,90.097,3278.1,285916.0,3749.71,2795.29,2603.83,47.078
2024-01-14 12:00:00,17.9302,25.2025,1202.42,65.143,15203.2,76118.0,737.43,497.66,1154.74,65.613
2024-01-14 16:00:00,29.59527,74.2497,5767.73,42.512,126710.3,72128.0,1263.89,542.6,1670.46,144.466
2024-01-14 20:00:00,93.37932,135.3278,4065.72,55.197,192713.0,120210.0,1012.38,448.64,2645.26,238.892
2024-01-15 00:00:00,33.36403,79.0545,1314.98,83.613,202142.9,81513.0,1110.67,1148.22,6153.1,168.571
2024-01-15 04:00:00,26.64112,42.2322,569.66,246.574,94786.6,16760.0,186.43,5065.98,286.06,71.243
2024-01-15 08:00:00,12.45277,17.4356,1392.3,94.145,40387.6,37982.0,190.59,253.28,954.1,16.639
2024-01-15 12:00:00,23.51939,26.9334,1589.93,230.506,77415.8,133338.0,507.53,336.61,9190.25,152.056
2024-01-15 16:00:00,47.77772,53.5001,1025.97,1759.555,117651.6,65829.0,2300.92,474.59,4839.45,864.261
2024-01-15 20:00:00,24.92093,43.1109,1568.36,163.968,55347.3,212093.0,255.57,361.29,1639.2,684.089
2024-01-16 00:00:00,32.88834,20.2869,1718.11,204.795,100225.5,139665.0,211.51,335.35,327.12,78.962
2024-01-16 04:00:00,19.13083,29.1465,1225.01,51.284,14115.3,53754.0,102.89,330.88,191.89,891.279
2024-01-16 08:00:00,17.16114,12.9783,1003.94,329.535,10694.4,73628.0,402.75,1375.59,289.16,8.879
2024-01-16 12:00:00,53.94799,137.9349,1851.34,146.15,89542.8,214171.0,660.62,449.95,4774.9,37.843
2024-01-16 16:00:00,34.16767,82.9307,1765.45,31.477,39934.1,131729.0,271.22,7552.45,444.4,110.138
2024-01-16 20:00:00,37.06857,89.8255,2457.7,141.949,12999.3,291186.0,316.54,2883.42,546.89,224.619
2024-01-17 00:00:00,26.50255,96.5681,5001.78,122.325,76488.5,289391.0,496.47,3056.81,10426.53,182.571
2024-01-17 04:00:00,22.15723,38.2986,3042.02,64.051,31671.4,90454.0,366.92,7007.36,1802.06,98.534
2024-01-17 08:00:00,8.73102,33.1818,5045.56,174.014,18136.5,41749.0,339.91,528.77,1814.2,7.068
2024-01-17 12:00:00,28.82718,70.1812,4685.25,100.157,84849.8,107748.0,1370.85,111.88,2289.75,73.22
2024-01-17 16:00:00,20.80131,145.3516,4690.2,124.371,100700.7,83492.0,1143.39,743.15,1861.32,70.101
2024-01-17 20:00:00,32.17562,95.5971,2849.86,104.442,109039.6,13581.0,393.98,282.56,2416.75,29.478
2024-01-18 00:00:00,10.39952,94.3914,5008.68,78.58,97214.5,69750.0,694.14,406.59,1278.87,167.385
2024-01-18 04:00:00,23.64145,47.931,957.11,76.473,49873.1,25235.0,167.67,2367.38,385.28,34.926
2024-01-18 08:00:00,12.88863,16.93,798.67,56.365,10257.7,12226.0,755.01,377.68,497.75,22.973
2024-01-18 12:00:00,14.14323,37.8684,2325.03,42.068,47827.4,120766.0,271.46,1118.24,2465.55,140.62
2024-01-18 16:00:00,109.3842,206.6169,10657.61,244.323,128532.6,291150.0,1704.37,3393.45,3596.55,346.124
2024-01-18 20:00:00,113.00475,137.5249,4273.8,279.548,86229.9,94350.0,1329.21,2120.52,485.72,103.393
2024-01-19 00:00:00,44.24607,101.2977,3457.33,124.139,146930.8,270895.0,1298.31,2389.96,1240.81,245.263
2024-01-19 04:00:00,19.53715,19.3236,2008.32,28.847,51458.7,392650.0,291.22,510.1,502.17,2802.283
2024-01-19 08:00:00,9.93464,16.248,548.98,54.705,28048.3,20655.0,1196.76,11.6,4578.56,83.396
2024-01-19 12:00:00,42.66148,71.424,4785.9,39.056,51615.5,168106.0,1171.25,774.48,1382.25,217.15
2024-01-19 16:00:00,92.65851,183.7345,8651.79,145.383,169443.6,698381.0,1583.54,4558.41,4176.53,540.602
2024-01-19 20:00:00,30.18524,89.5316,2717.98,75.328,94717.5,278886.0,1385.95,739.19,7803.4,706.517
2024-01-20 00:00:00,19.5439,124.5723,1325.63,69.248,114960.1,87934.0,319.97,1487.85,4492.62,429.16
2024-01-20 04:00:00,6.70855,47.9119,1955.13,303.838,43011.4,92050.0,257.47,1318.27,1533.4,183.677
2024-01-20 08:00:00,6.04029,7.1606,404.99,23.875,68333.9,7228.0,311.06,124.49,2775.75,49.918
2024-01-20 12:00:00,11.90507,10.1364,1191.8,40.569,22687.9,66297.0,219.33,310.92,948.43,40.829
2024-01-20 16:00:00,12.11455,19.1166,549.39,66.535,13457.9,778333.0,227.41,66.84,839.69,27.362
2024-01-20 20:00:00,19.36844,36.363,1317.49,131.68,31148.3,6208521.0,333.8,3717.09,348.27,39.158
2024-01-21 00:00:00,14.56389,38.806,3316.04,334.405,22740.5,2072496.0,330.5,255.51,571.66,31.177
2024-01-21 04:00:00,10.15412,3.724,510.1,34.826,46899.5,851110.0,782.08,472.25,132.43,239.33
2024-01-21 08:00:00,15.49509,3.2656,717.98,30.938,20111.7,205633.0,159.8,104.26,389.44,30.979
2024-01-21 12:00:00,16.20481,24.3424,197.76,90.947,25501.0,420064.0,327.97,801.86,320.4,47.041
2024-01-21 16:00:00,11.97469,21.9943,667.03,697.092,24733.5,403000.0,243.2,972.14,2797.68,146.603
2024-01-21 20:00:00,15.07953,17.2244,767.94,207.545,37421.0,258563.0,289.92,44.58,281.59,84.793
2024-01-22 00:00:00,49.63139,88.8073,1417.53,97.267,42542.5,648054.0,560.87,963.45,1385.88,263.975
2024-01-22 04:00:00,25.45371,89.6983,2980.54,84.914,25488.8,395420.0,644.44,266.97,967.81,82.585
2024-01-22 08:00:00,17.90556,90.913,1813.32,40.31,39546.3,87169.0,2472.44,421.31,992.83,351.698
2024-01-22 12:00:00,45.35762,102.7507,3758.46,50.745,80617.1,237034.0,1126.43,4893.32,1409.68,141.655
2024-01-22 16:00:00,93.4706,104.5498,9638.55,189.931,72008.4,1018227.0,2616.62,4513.96,8608.51,279.35
2024-01-22 20:00:00,43.28553,107.7317,3851.67,316.036,63290.0,147451.0,2205.44,1177.21,1382.19,136.115
2024-01-23 00:00:00,34.5831,33.3828,1160.0,368.444,37906.4,127941.0,316.94,464.31,845.71,570.05
2024-01-23 04:00:00,13.92495,26.6595,724.3,32.635,28457.1,743671.0,197.82,1403.95,534.33,79.35
2024-01-23 08:00:00,37.54466,152.0178,7161.74,84.787,101007.6,991194.0,1072.64,4574.33,2299.55,165.126
2024-01-23 12:00:00,59.83333,166.2395,3746.18,78.79,121631.6,579347.0,2002.74,1731.06,4982.89,242.756
2024-01-23 16:00:00,34.94077,135.4255,3741.27,173.76,136565.1,167522.0,2506.46,3736.02,1420.77,561.329
2024-01-23 20:00:00,19.21836,31.8325,2600.95,79.538,124684.6,228822.0,2136.89,728.91,971.46,59.042
2024-01-24 00:00:00,23.78172,67.7221,2462.92,137.922,50272.3,76729.0,454.44,1249.53,767.07,69.038
2024-01-24 04:00:00,10.60009,24.8886,2380.01,134.445,28883.9,814627.0,377.59,2763.66,167.74,65.551
2024-01-24 08:00:00,8.2765,59.9902,1073.4,11.616,14237.9,552362.0,5400.8,9897.51,261.32,19.497
2024-01-24 12:00:00,19.36958,78.8598,3290.04,40.669,29527.0,473830.0,1469.14,2490.6,422.43,517.48
2024-01-24 16:00:00,9.71558,40.252,2837.63,112.036,36151.4,283744.0,678.26,4210.16,1093.2,98.646
2024-01-24 20:00:00,19.78417,23.3998,1933.94,550.152,36884.3,2226363.0,1207.94,205.61,512.53,252.744
2024-01-25 00:00:00,5.17527,74.5869,1645.68,192.47,58533.2,603172.0,378.32,431.5,291.42,923.415
2024-01-25 04:00:00,4.21914,13.6672,1330.53,32.367,13845.2,105418.0,283.46,95.42,198.05,123.887
2024-01-25 08:00:00,2.44151,5.6963,546.91,56.013,38770.5,28747.0,123.56,121.19,270.22,22.992
2024-01-25 12:00:00,19.2162,75.0515,2081.09,777.159,28691.0,80041.0,648.0,650.99,897.21,123.332
2024-01-25 16:00:00,15.79615,46.572,3184.57,181.323,48132.4,161305.0,1390.56,1016.06,317.11,70.733
2024-01-25 20:00:00,7.5308,65.077,1088.58,99.252,76859.5,18364.0,128.27,72.21,535.93,127.459
2024-01-26 00:00:00,14.43933,48.2229,2339.42,33.127,18175.4,105739.0,417.52,482.33,444.49,112.791
2024-01-26 04:00:00,6.41925,9.7574,213.12,66.407,17902.7,10917.0,72.9,257.08,235.02,20.625
2024-01-26 08:00:00,21.83741,28.3037,2746.43,407.71,203816.5,104066.0,865.78,404.9,488.21,74.409
2024-01-26 12:00:00,32.96005,35.1264,2277.07,55.044,186452.1,459395.0,749.25,1970.05,542.54,564.063
2024-01-26 16:00:00,36.74085,125.4191,3432.56,72.844,114527.3,272851.0,752.25,2725.42,1418.3,1397.047
2024-01-26 20:00:00,16.17822,42.4699,1721.46,84.145,94325.2,854292.0,255.74,197.98,157.34,2018.689
2024-01-27 00:00:00,6.11539,75.2111,1424.78,1377.791,56354.4,372278.0,820.31,296.4,347.1,105.303
2024-01-27 04:00:00,6.02228,58.9062,1391.88,70.293,18483.2,74338.0,1095.41,550.14,654.05,25.951
2024-01-27 08:00:00,4.43642,5.4203,583.84,13.06,45745.7,21286.0,121.14,757.47,475.97,16.937
2024-01-27 12:00:00,2.65437,4.5805,394.44,43.26,7655.0,74646.0,459.38,236.73,135.05,21.384
2024-01-27 16:00:00,8.34363,63.4189,342.74,40.476,17347.2,45224.0,166.7,2598.97,291.89,354.381
2024-01-27 20:00:00,7.29172,21.7411,1389.4,29.294,25171.7,382173.0,567.34,2789.35,144.93,99.736
2024-01-28 00:00:00,9.99199,22.3613,2732.13,39.286,58830.8,41891.0,4880.44,932.11,787.57,367.818
2024-01-28 04:00:00,16.18057,47.8672,3144.44,73.294,87787.9,208156.0,1194.95,430.93,1090.02,90.333
2024-01-28 08:00:00,2.41565,5.1858,1725.61,19.832,26177.5,234517.0,1863.93,164.42,297.19,4.027
2024-01-28 12:00:00,13.59532,62.1207,1623.44,40.791,31201.3,497684.0,1343.89,425.28,1390.05,31.219
2024-01-28 16:00:00,11.29298,50.5461,3502.5,32.691,22226.8,607917.0,1293.13,2625.92,542.33,165.056
2024-01-28 20:00:00,8.11542,26.824,2932.86,58.143,107947.0,87095.0,767.25,939.31,774.26,74.161
2024-01-29 00:00:00,15.9498,31.5411,3005.28,35.095,134722.9,114591.0,661.68,936.83,1413.89,53.306
2024-01-29 04:00:00,3.77432,10.4841,1548.93,39.331,9461.9,38857.0,523.5,2574.11,589.64,27.984
2024-01-29 08:00:00,2.32853,6.7906,577.42,8.23,5382.6,159288.0,162.61,675.27,101.58,21.853
2024-01-29 12:00:00,21.2308,73.262,2563.78,197.318,23453.5,1405535.0,1260.86,1274.83,1208.47,18.206
2024-01-29 16:00:00,32.77416,108.4919,5506.83,134.036,376837.1,762242.0,1510.79,6502.28,1411.63,337.375
2024-01-29 20:00:00,9.76647,63.3851,1679.71,118.442,187462.6,341909.0,251.87,5290.27,809.38,125.715
2024-01-30 00:00:00,13.08429,22.5133,3586.67,1669.112,108538.1,231063.0,1147.78,1504.25,914.26,70.491
2024-01-30 04:00:00,3.83509,12.5141,655.68,92.597,97423.4,46101.0,271.84,3289.07,438.05,248.243
2024-01-30 08:00:00,3.03627,10.6678,3227.65,26.799,44942.1,36334.0,448.73,184.4,4357.6,18.74
2024-01-30 12:00:00,16.94743,134.7347,6648.47,33.01,375079.5,59395.0,1155.37,3915.88,10270.31,63.977
2024-01-30 16:00:00,10.15571,158.2187,2546.86,37.714,87008.1,237329.0,1734.68,4555.92,3281.94,311.815
2024-01-30 20:00:00,23.51351,56.8225,3029.33,44.438,50827.9,255911.0,771.6,563.59,686.03,491.4
2024-01-31 00:00:00,7.90741,33.0947,5131.93,60.084,132323.7,258151.0,701.82,258.71,2269.66,125.303
2024-01-31 04:00:00,5.71532,15.7415,1232.42,81.968,26096.7,36962.0,378.98,1080.54,1562.79,11.448
2024-01-31 08:00:00,5.25731,60.4881,2007.6,46.666,40780.3,274064.0,2363.51,735.14,816.28,466.081
2024-01-31 12:00:00,18.17659,118.0631,3462.92,51.935,32985.6,77734.0,1378.94,632.93,1995.15,502.942
2024-01-31 16:00:00,24.06357,25.3969,4249.17,104.789,97184.2,434376.0,433.6,349.63,1316.42,430.058
2024-01-31 20:00:00,35.16602,39.0479,5906.26,153.499,28114.9,126372.0,2107.79,1650.68,6147.45,142.539
2024-02-01 00:00:00,16.03713,64.6792,6407.39,99.433,304188.9,335301.0,879.67,520.28,1157.31,56.177
2024-02-01 04:00:00,8.00675,29.6484,2133.9,174.91,130851.0,169831.0,695.12,27.47,1409.5,53.974
2024-02-01 08:00:00,2.20726,23.3424,1527.61,15.624,20976.8,5392.0,109.43,126.58,316.95,257.621
2024-02-01 12:00:00,16.6972,16.4709,2479.97,34.74,49028.0,42292.0,428.13,133.35,13070.85,1215.631
2024-02-01 16:00:00,59.2755,41.6655,3117.4,554.42,67278.7,34198.0,259.9,863.08,2912.32,77.332
2024-02-01 20:00:00,9.65388,14.52,1348.92,606.726,36581.9,99974.0,252.34,98.2,13504.51,216.09
2024-02-02 00:00:00,9.90029,20.0732,4338.94,314.547,41991.4,49255.0,878.61,1285.75,21762.62,44.419
2024-02-02 04:00:00,4.45036,18.9351,2156.62,31.034,68182.9,104695.0,660.53,200.99,6359.2,33.495
2024-02-02 08:00:00,1.93901,1.8831,749.72,254.48,137168.4,48303.0,1714.05,357.07,778.36,19.666
2024-02-02 12:00:00,18.79972,29.0547,3130.61,80.971,59460.4,75183.0,1369.64,1762.42,15267.55,269.534
2024-02-02 16:00:00,17.90062,48.0823,2067.73,95.778,207145.7,94963.0,1297.17,254.06,5624.27,45.906
2024-02-02 20:00:00,5.98192,7.7625,1018.99,316.878,25425.5,20531.0,259.66,287.06,8720.15,162.786
2024-02-03 00:00:00,8.28164,22.421,1628.28,68.354,163194.8,60879.0,1716.74,1580.08,2133.04,30.217
2024-02-03 04:00:00,1.47438,28.692,1278.25,66.959,28582.2,20379.0,177.33,333.79,531.87,57.893
2024-02-03 08:00:00,5.75009,16.7995,275.14,9.752,246362.8,6246.0,389.77,203.81,860.05,94.474
2024-02-03 12:00:00,2.60649,13.9422,2672.4,40.243,82019.8,69859.0,241.58,339.79,1029.6,195.025
2024-02-03 16:00:00,6.37467,12.3964,1328.08,14.987,16138.4,12644.0,400.16,443.19,1689.3,39.602
2024-02-03 20:00:00,6.42934,12.1888,729.78,103.178,36666.4,185217.0,263.51,517.77,1454.05,411.378
2024-02-04 00:00:00,2.61359,6.5132,470.25,72.768,73478.1,74170.0,332.74,279.46,1102.98,46.875
2024-02-04 04:00:00,2.34328,8.8137,1165.91,269.575,94480.8,18493.0,1089.93,66.81,320.72,12.273
2024-02-04 08:00:00,2.39956,8.1563,462.43,6.564,4722.6,14085.0,51.1,133.83,5742.5,433.106
2024-02-04 12:00:00,7.89495,4.5167,619.06,390.938,11217.5,55614.0,76.96,76.94,947.3,63.59
2024-02-04 16:00:00,4.55688,23.1288,543.62,35.961,34146.9,37291.0,377.47,177.52,1936.71,49.389
2024-02-04 20:00:00,16.06718,61.2609,778.9,56.776,53894.6,91815.0,487.17,538.19,1599.98,35.208
2024-02-05 00:00:00,10.37475,49.8387,1577.07,98.583,60961.6,371859.0,479.8,1260.8,11721.88,30.328
2024-02-05 04:00:00,8.65029,46.5449,1680.91,45.545,62619.8,71876.0,331.32,3051.02,7783.73,28.076
2024-02-05 08:00:00,5.25666,26.223,234.86,7.171,8375.0,63025.0,235.91,345.28,9853.73,52.863
2024-02-05 12:00:00,17.45505,28.7511,3096.1,20.056,44186.8,55809.0,561.38,1650.83,5908.5,174.916
2024-02-05 16:00:00,11.24565,35.1911,674.66,26.057,30012.4,100493.0,525.94,1253.41,5545.11,80.435
2024-02-05 20:00:00,18.04156,26.7504,1381.86,149.377,16726.0,105798.0,1222.14,345.58,5114.75,27.081
2024-02-06 00:00:00,11.5387,10.1262,450.83,40.653,26549.2,108290.0,154.46,7967.4,21562.4,324.757
2024-02-06 04:00:00,5.75651,11.887,404.3,18.64,4893.5,28698.0,315.62,1183.24,762.81,195.745
2024-02-06 08:00:00,7.30293,12.442,1148.63,2.389,10836.6,18336.0,265.38,485.34,1188.34,23.251
2024-02-06 12:00:00,17.52036,50.2404,1076.27,27.331,34798.8,105337.0,142.98,388.06,2037.01,51.94
2024-02-06 16:00:00,10.12948,43.4916,1572.66,61.833,41418.1,59978.0,293.51,762.93,1182.28,35.195
2024-02-06 20:00:00,7.9671,104.866,889.19,63.629,14344.2,80096.0,237.48,196.28,1466.31,165.674
2024-02-07 00:00:00,10.39889,89.6945,631.82,45.399,93028.4,69089.0,337.9,635.9,2358.33,52.948
2024-02-07 04:00:00,8.20045,19.7393,927.13,79.682,145548.7,216050.0,388.13,304.07,684.77,1623.684
2024-02-07 08:00:00,3.59259,19.3043,237.14,104.555,163240.6,24296.0,69.76,135.03,279.94,26.418
2024-02-07 12:00:00,8.87607,16.0744,396.43,32.878,13987.8,7749.0,116.53,109.15,445.91,15.091
2024-02-07 16:00:00,18.58583,162.9825,1980.5,418.976,26131.3,108625.0,689.57,384.17,4325.5,427.634
2024-02-07 20:00:00,43.58186,77.8616,6521.42,112.559,255893.1,135883.0,466.26,7218.04,2208.59,1268.357
2024-02-08 00:00:00,17.29429,34.3419,4701.63,764.639,76155.8,62345.0,268.83,565.05,1810.63,474.698
2024-02-08 04:00:00,8.22701,60.9158,1801.42,603.314,177025.6,350763.0,456.58,10289.38,1497.28,124.061
2024-02-08 08:00:00,4.20372,25.5418,272.34,89.485,256142.4,99694.0,109.72,264.79,593.84,15.265
2024-02-08 12:00:00,21.54627,127.2293,5430.65,65.389,132724.9,101451.0,684.17,894.41,4404.78,173.808
2024-02-08 16:00:00,14.405,74.5493,3523.29,175.012,134787.2,107849.0,303.1,209.57,2228.97,347.124
2024-02-08 20:00:00,10.04691,48.4143,1438.17,117.702,91037.0,96743.0,439.15,2474.14,3263.22,524.309
2024-02-09 00:00:00,31.30943,62.6363,6037.83,158.047,139705.1,85431.0,1098.76,725.54,1335.14,140.847
2024-02-09 04:00:00,7.33368,27.6775,4059.03,27.362,37708.1,140866.0,662.16,111.62,465.42,107.313
2024-02-09 08:00:00,17.97253,72.3627,4505.53,83.568,275572.0,46750.0,324.06,566.11,657.32,109.62
2024-02-09 12:00:00,47.29468,122.9163,6863.45,110.935,167115.4,129156.0,2184.34,1856.16,2227.77,333.26
2024-02-09 16:00:00,36.89201,97.3915,3258.18,217.655,56949.4,456132.0,944.77,630.28,767.05,88.402
2024-02-09 20:00:00,17.39654,29.0452,6518.52,68.578,59196.9,71233.0,778.4,673.27,3447.09,152.005
2024-02-10 00:00:00,5.7402,28.5601,5147.05,69.26,61664.8,64446.0,1183.82,1428.17,1527.03,97.16
2024-02-10 04:00:00,2.45109,17.1857,1059.7,46.791,61344.9,91585.0,1243.54,1557.75,2088.06,87.354
2024-02-10 08:00:00,5.94947,22.6117,2266.9,18.698,45486.6,79123.0,1564.51,993.99,1291.71,30.693
2024-02-10 12:00:00,3.70455,5.4037,2657.32,41.407,15796.1,48636.0,662.5,306.06,2236.13,122.116
2024-02-10 16:00:00,6.75335,34.1781,753.3,147.232,57987.8,40111.0,1175.32,978.93,1470.64,42.253
2024-02-10 20:00:00,16.32364,37.9725,3697.43,80.453,244475.1,149483.0,5262.62,1847.45,3442.08,57.421
2024-02-11 00:00:00,34.20736,67.9824,3407.61,65.002,94744.0,347586.0,1264.05,852.28,15649.84,377.073
2024-02-11 04:00:00,12.18768,41.2112,1488.3,91.501,44113.8,384576.0,1709.84,100.83,7972.64,198.066
2024-02-11 08:00:00,4.01089,7.6367,1324.49,17.225,21196.9,89470.0,563.05,1838.81,1381.48,49.25
2024-02-11 12:00:00,5.96729,11.3414,1905.83,83.369,169501.7,73281.0,715.1,382.0,2651.68,376.593
2024-02-11 16:00:00,5.7986,27.7132,2109.06,104.619,105784.5,141008.0,842.17,704.34,4614.49,119.717
2024-02-11 20:00:00,11.64505,38.9922,1399.4,93.682,138916.4,117382.0,737.57,2595.29,998.27,300.073
2024-02-12 00:00:00,24.42143,34.6948,5688.93,76.749,113603.2,136596.0,1539.12,1883.07,3442.89,206.084
2024-02-12 04:00:00,11.34888,14.2387,2187.96,70.731,16892.6,140759.0,1998.85,522.87,1390.27,22.948
2024-02-12 08:00:00,5.55446,20.4916,760.45,23.67,28684.5,26492.0,170.74,365.49,906.28,46.22
2024-02-12 12:00:00,42.24486,67.6411,2671.45,240.494,104885.2,62623.0,2534.28,261.19,2984.42,149.108
2024-02-12 16:00:00,33.60417,263.8252,6015.37,451.992,386530.6,1036524.0,3021.23,3013.26,3047.58,209.705
2024-02-12 20:00:00,32.3506,120.6201,1922.69,210.648,101020.2,96338.0,1166.38,448.0,1424.97,255.497
2024-02-13 00:00:00,18.30119,74.2063,6210.26,71.624,165451.7,206516.0,1848.88,1601.39,3079.2,173.353
2024-02-13 04:00:00,11.43738,83.5994,1587.91,40.041,109760.6,5479.0,661.12,248.03,6761.78,248.36
2024-02-13 08:00:00,10.37194,36.6839,2821.05,53.907,21840.4,87477.0,641.76,365.75,4562.09,124.205
2024-02-13 12:00:00,40.79225,181.9465,5800.92,175.943,110663.4,1388253.0,1897.16,1015.71,5322.14,305.586
2024-02-13 16:00:00,30.27338,72.884,2750.21,135.674,62834.7,711650.0,2262.04,3629.54,2460.01,123.556
2024-02-13 20:00:00,19.82351,60.5948,2373.52,70.107,19079.1,87725.0,355.4,2493.27,1601.79,28.576
2024-02-14 00:00:00,16.09705,45.2129,1285.06,40.93,23420.3,110279.0,1545.38,3220.3,1815.55,66.982
2024-02-14 04:00:00,18.22795,42.9113,966.73,24.606,51607.7,215522.0,1497.99,4527.6,469.01,46.45
2024-02-14 08:00:00,38.21881,131.16181,2948.74,103.446,254200.0,243848.0,2834.29,1116.75,1906.42,213.055
2024-02-14 12:00:00,38.57389,72.98365,5825.62,115.041,261328.1,949473.0,3729.56,1941.33,2965.24,682.33
2024-02-14 16:00:00,23.38176,65.9121,2345.33,128.584,164013.7,4129332.0,855.41,2273.48,2498.43,397.143
2024-02-14 20:00:00,11.39231,69.24021,3695.51,56.733,138024.3,297827.0,1253.44,784.03,5237.53,374.086
2024-02-15 00:00:00,37.16704,255.21309,4054.81,419.774,92520.9,691092.0,2034.77,2249.98,8772.69,206.541
2024-02-15 04:00:00,11.42284,121.6824,2284.58,147.494,48482.6,346780.0,970.3,382.37,3310.44,308.64
2024-02-15 08:00:00,6.99608,16.5517,952.69,98.807,119895.3,220230.0,2500.55,3073.1,335.18,72.305
2024-02-15 12:00:00,38.9083,149.15692,6602.05,1059.694,376784.4,2202395.0,1774.41,1883.38,1957.45,327.461
2024-02-15 16:00:00,20.51856,69.094,3774.58,352.252,172615.4,975560.0,1223.08,1430.77,7093.9,1289.688
2024-02-15 20:00:00,16.64608,82.619,2369.88,122.132,248419.7,780568.0,520.71,463.73,3401.35,605.26
2024-02-16 00:00:00,11.86817,67.083,2084.0,898.52,71831.2,405682.0,1136.2,108.27,2013.0,286.268
2024-02-16 04:00:00,11.42549,65.8657,1813.21,97.844,60086.0,328416.0,1170.67,1173.26,1213.91,117.843
2024-02-16 08:00:00,9.18583,25.8289,2386.46,86.233,51204.2,100753.0,790.96,117.18,951.92,96.092
2024-02-16 12:00:00,14.16687,80.2,3756.09,349.688,138751.4,518934.0,3803.2,1214.91,4347.65,1727.096
2024-02-16 16:00:00,34.5182,86.4793,1982.21,221.516,89911.4,2110114.0,1532.81,1071.46,735.27,203.29
2024-02-16 20:00:00,8.56667,41.0876,978.05,117.817,36874.1,285652.0,642.84,475.56,540.44,98.666
2024-02-17 00:00:00,5.28048,27.8739,1687.74,149.706,102515.2,179784.0,701.09,4001.52,488.22,114.572
2024-02-17 04:00:00,3.60952,54.5928,562.34,64.643,41601.1,19160.0,469.19,713.2,1408.59,121.539
2024-02-17 08:00:00,3.86931,8.1618,482.96,115.159,24363.6,134200.0,1297.91,3631.19,1183.3,45.338
2024-02-17 12:00:00,21.8248,142.128,1841.16,71.356,68836.0,312374.0,1854.97,1637.5,2463.18,276.884
2024-02-17 16:00:00,10.02483,27.0451,911.14,102.857,74030.4,116713.0,907.04,598.59,5066.29,47.392
2024-02-17 20:00:00,8.96529,47.6526,944.64,132.182,204430.0,141458.0,316.59,1339.11,4786.31,257.471
2024-02-18 00:00:00,11.46976,28.2677,363.84,69.771,269243.8,81940.0,409.7,1530.74,1843.13,161.841
2024-02-18 04:00:00,3.10103,31.5922,769.08,63.089,106770.2,47720.0,567.97,194.52,405.1,76.029
2024-02-18 08:00:00,5.56224,25.0753,903.41,40.438,64391.0,29927.0,330.17,298.4,126.67,21.899
2024-02-18 12:00:00,4.02264,32.9636,751.99,47.609,168938.8,142116.0,477.76,215.22,593.99,40.324
2024-02-18 16:00:00,2.98746,33.2113,1320.76,107.758,86961.1,508341.0,373.4,547.94,5358.25,101.929
2024-02-18 20:00:00,11.14235,194.39191,1545.06,127.931,139635.9,157745.0,2808.24,1437.79,4322.92,194.078
2024-02-19 00:00:00,8.90668,62.3299,1278.11,124.342,158629.9,268815.0,514.49,2254.93,847.16,401.966
2024-02-19 04:00:00,8.00844,110.21152,897.97,83.406,54953.6,240325.0,741.16,286.72,1678.42,328.791
2024-02-19 08:00:00,8.02009,46.2138,837.54,42.624,98266.3,92986.0,412.18,301.41,475.18,147.567
2024-02-19 12:00:00,8.27244,239.9287,4716.0,91.244,244602.4,562727.0,1660.78,242.21,2918.43,171.785
2024-02-19 16:00:00,12.50482,179.83618,1848.49,212.061,74256.0,2567164.0,1213.6,1072.32,2799.32,956.923
2024-02-19 20:00:00,9.23522,100.57734,2139.13,284.665,272180.8,1322191.0,375.29,4154.65,1983.75,171.312
2024-02-20 00:00:00,9.27366,111.1879,2932.04,444.873,163243.2,1235454.0,925.1,2148.27,1613.82,687.809
2024-02-20 04:00:00,2.46946,54.9772,1588.24,85.94,21425.8,440218.0,253.15,2061.14,1621.39,123.944
2024-02-20 08:00:00,11.04762,77.2438,1462.37,61.417,62363.6,380190.0,1940.82,922.98,1782.44,184.727
2024-02-20 12:00:00,34.80591,322.6219,7633.69,300.456,283045.4,2050524.0,2985.12,9541.07,3918.96,836.927
2024-02-20 16:00:00,23.04834,161.0526,2991.91,291.882,164046.4,313667.0,2364.21,2293.6,3749.09,1026.955
2024-02-20 20:00:00,20.5704,318.66366,1166.78,166.518,138601.6,446503.0,1063.54,2291.69,3758.12,984.272
2024-02-21 00:00:00,4.73297,76.5267,1064.18,59.638,88867.7,803820.0,112.51,1037.35,1233.41,707.884
2024-02-21 04:00:00,5.04972,116.693,2309.96,122.67,148736.3,299227.0,732.14,7378.9,657.67,119.255
2024-02-21 08:00:00,15.61506,96.0216,1776.03,240.24,91090.7,245767.0,1148.38,2888.87,4780.61,228.68
2024-02-21 12:00:00,11.86786,125.8529,2033.55,360.459,25210.9,190096.0,2085.55,655.34,1732.11,119.867
2024-02-21 16:00:00,10.54561,78.0882,6843.19,450.955,359042.5,291784.0,1991.33,1221.85,1822.35,24.278
2024-02-21 20:00:00,17.2505,94.3061,4755.86,261.33,58158.1,215495.0,1135.33,212.32,1583.52,245.356
2024-02-22 00:00:00,8.81942,67.4788,3332.32,258.967,58028.4,134114.0,598.21,1612.97,1261.9,210.121
2024-02-22 04:00:00,10.72688,72.0009,1668.73,77.397,45437.4,84354.0,274.09,2343.97,854.44,217.695
2024-02-22 08:00:00,5.63068,135.61601,749.32,45.808,20391.8,171015.0,366.17,506.2,1128.05,131.172
2024-02-22 12:00:00,16.99344,76.8887,3588.89,243.316,34474.4,145691.0,544.03,894.31,777.49,163.637
2024-02-22 16:00:00,2.92738,47.2286,2049.21,91.847,101442.8,80002.0,332.1,780.25,731.99,185.402
2024-02-22 20:00:00,13.71582,97.4254,3407.7,118.51,93923.8,132265.0,1592.63,2074.96,1053.49,107.597
2024-02-23 00:00:00,7.82018,75.1734,3497.27,131.998,160625.1,138027.0,700.61,1055.32,2002.75,92.219
2024-02-23 04:00:00,9.31873,46.834,562.16,156.655,9295.8,56624.0,105.65,1449.08,427.17,170.149
2024-02-23 08:00:00,1.95525,14.5621,362.3,47.254,26772.1,89878.0,202.02,268.63,1592.61,33.2
2024-02-23 12:00:00,7.79401,27.7396,1404.78,247.102,69068.9,201807.0,1023.43,789.79,658.16,67.654
2024-02-23 16:00:00,10.83819,35.6798,4769.88,138.664,147527.5,233102.0,1006.93,2723.57,767.94,48.423
2024-02-23 20:00:00,7.87023,29.5061,1429.57,75.357,174860.1,240439.0,339.96,2447.72,475.04,87.84
2024-02-24 00:00:00,4.62804,21.3034,2613.43,52.548,29385.8,284378.0,381.99,449.21,443.35,348.854
2024-02-24 04:00:00,8.48047,33.0237,1094.54,96.225,35011.3,153307.0,163.87,2665.41,412.89,24.386
2024-02-24 08:00:00,3.01682,9.2884,656.75,71.451,11084.9,287798.0,178.93,583.71,122.88,274.841
2024-02-24 12:00:00,1.82747,14.3927,709.73,50.156,30746.5,1315977.0,1528.31,1111.85,185.4,120.242
2024-02-24 16:00:00,12.41722,84.7014,649.84,416.272,48050.1,858211.0,475.7,499.46,814.88,130.677
2024-02-24 20:00:00,5.63045,12.4647,637.69,177.502,53051.1,531722.0,211.56,580.25,629.92,169.639
2024-02-25 00:00:00,10.04369,121.49642,710.07,66.747,167659.9,225859.0,1569.84,1271.06,1261.13,561.836
2024-02-25 04:00:00,2.13702,48.7991,220.15,47.696,9045.7,82207.0,1217.61,15.85,484.56,87.731
2024-02-25 08:00:00,0.49033,15.9612,188.3,86.54,7802.9,90438.0,68.08,224.47,351.21,28.591
2024-02-25 12:00:00,7.88733,52.91847,797.5,88.799,26031.1,107194.0,108.96,184.52,1491.4,315.733
2024-02-25 16:00:00,10.27502,123.40074,2431.89,77.282,34029.1,116570.0,140.29,639.86,832.41,184.942
2024-02-25 20:00:00,9.0096,93.59141,1075.79,124.279,65892.8,91741.0,340.62,2123.59,515.49,330.425
2024-02-26 00:00:00,8.53128,90.72469,1768.62,548.432,125649.6,304754.0,245.45,1131.74,1210.44,254.105
2024-02-26 04:00:00,8.68036,59.7814,582.06,100.563,125688.9,1022554.0,340.07,1025.51,684.16,77.867
2024-02-26 08:00:00,4.73573,56.7229,1055.72,100.841,67778.9,137425.0,400.61,1232.09,945.94,141.26
2024-02-26 12:00:00,26.02608,92.1756,1631.76,1244.873,135269.1,661780.0,1297.6,2016.03,2127.15,555.743
2024-02-26 16:00:00,59.70916,198.24105,5654.58,240.36,343070.2,3063484.0,1442.62,3328.93,3032.12,525.803
2024-02-26 20:00:00,32.75371,150.15303,3208.14,864.39,121970.5,2041888.0,1310.27,2371.97,2413.52,1114.729
2024-02-27 00:00:00,48.86826,212.50985,4959.36,479.891,195612.6,1784590.0,2134.94,3768.79,3921.29,885.252
2024-02-27 04:00:00,12.00382,48.8433,1546.83,239.386,111721.1,1835952.0,502.61,3951.0,959.87,209.378
2024-02-27 08:00:00,11.00579,55.81876,1479.18,57.788,31374.4,2193801.0,156.42,380.55,4183.31,150.714
2024-02-27 12:00:00,53.82463,117.79003,5240.34,360.882,81762.0,2255837.0,812.18,5647.15,6077.62,492.984
2024-02-27 16:00:00,41.60719,135.9761,2324.86,507.42,183388.5,1822161.0,1973.46,8114.34,4772.09,629.737
2024-02-27 20:00:00,17.04843,114.1441,1171.52,152.092,86374.3,2035084.0,556.11,5727.69,868.26,308.002
2024-02-28 00:00:00,15.65253,51.2894,1952.33,403.098,114094.1,1477998.0,798.36,2647.09,1700.87,313.226
2024-02-28 04:00:00,21.94978,74.10061,575.11,72.889,27686.0,124132.0,201.95,248.41,1135.71,125.718
2024-02-28 08:00:00,44.69707,239.45443,7051.85,611.153,337448.5,2065459.0,3562.99,2740.13,3422.0,144.717
2024-02-28 12:00:00,102.26493,170.37296,6431.83,227.105,256037.5,2621761.0,1873.54,3769.1,11824.19,377.018
2024-02-28 16:00:00,134.91472,657.14069,17600.82,752.64,1013956.6,13662362.0,7203.31,17497.37,11751.13,1327.916
2024-02-28 20:00:00,46.86745,243.2509,11283.12,473.505,246259.9,2934488.0,2854.62,3216.83,6104.15,771.044
2024-02-29 00:00:00,27.90224,191.2265,13460.86,267.593,265924.3,3496900.0,5766.51,2172.96,5629.83,669.599
2024-02-29 04:00:00,34.44404,148.3072,4210.45,226.746,731664.4,3402106.0,1500.96,4411.79,6033.86,1515.508
2024-02-29 08:00:00,18.60513,142.65609,8761.19,177.767,215525.5,1115871.0,2930.29,2148.94,2276.41,173.24
2024-02-29 12:00:00,32.67012,129.2453,9471.03,286.711,223035.3,3641385.0,1505.11,4796.52,3601.97,922.4
2024-02-29 16:00:00,56.61115,315.1246,8637.15,586.123,517928.1,5279432.0,4346.57,4345.74,3038.91,791.351
2024-02-29 20:00:00,20.90143,128.7923,10018.83,316.984,240393.1,3221671.0,3462.66,3913.19,2573.26,753.774
2024-03-01 00:00:00,18.6326,84.8216,10613.03,407.78,265785.1,1443801.0,2535.12,12994.82,1589.96,1073.414
2024-03-01 04:00:00,7.38619,76.9157,4483.73,135.717,37763.5,1162213.0,1263.09,1025.57,4318.07,358.317
2024-03-01 08:00:00,5.19972,45.4689,2210.54,143.491,112905.8,707722.0,905.55,8803.51,4384.26,160.066
2024-03-01 12:00:00,27.69209,110.7008,5108.71,267.827,234497.0,1713625.0,1224.46,1011.46,1471.34,598.086
2024-03-01 16:00:00,14.27035,109.6475,5194.34,246.315,334184.0,5455392.0,396.07,3408.31,2219.23,366.551
2024-03-01 20:00:00,14.98933,101.554,1806.06,185.592,374683.7,4067790.0,769.6,3414.62,2422.78,312.311
2024-03-02 00:00:00,11.36751,56.2299,4568.93,139.448,1084887.2,3696810.0,1922.56,8347.35,3586.58,1130.595
2024-03-02 04:00:00,7.23983,117.4683,1109.58,214.454,436969.7,1706085.0,1361.12,3453.22,6846.75,348.196
2024-03-02 08:00:00,15.67841,61.3805,1483.4,173.14,126532.6,1832974.0,643.24,3450.91,3308.85,178.201
2024-03-02 12:00:00,9.90877,49.8948,2292.32,189.827,88170.5,1227470.0,1252.06,5108.07,2566.63,478.597
2024-03-02 16:00:00,6.70557,75.6386,1774.89,226.432,167815.1,1061505.0,1123.57,4247.13,7221.8,687.362
2024-03-02 20:00:00,14.06792,63.3997,1594.32,283.834,87750.9,1964624.0,3349.59,2607.75,1185.81,437.629
2024-03-03 00:00:00,9.21323,69.7797,1353.78,210.956,123993.9,1311927.0,1926.85,3340.14,1346.94,712.298
2024-03-03 04:00:00,6.4407,56.5665,1863.42,142.353,261441.6,1508657.0,2461.42,4338.34,3074.02,1006.631
2024-03-03 08:00:00,1.64799,29.0994,1416.12,48.871,75469.3,1313201.0,1472.03,2740.33,1368.16,282.262
2024-03-03 12:00:00,11.71406,44.9043,1769.99,121.175,49696.6,815467.0,267.18,1885.57,520.03,114.4
2024-03-03 16:00:00,14.69427,114.0073,1598.19,133.823,304249.5,3770300.0,762.01,9291.49,1468.64,252.405
2024-03-03 20:00:00,11.52956,98.4684,1773.69,210.044,59479.0,3219696.0,363.9,2138.46,760.06,190.158
2024-03-04 00:00:00,38.76975,208.9603,4219.31,348.383,263549.7,3907304.0,2039.51,6792.31,5522.92,522.807
2024-03-04 04:00:00,12.18756,68.4266,1763.71,300.552,439327.1,2713932.0,513.91,1174.67,929.16,333.611
2024-03-04 08:00:00,30.17474,76.90615,3514.25,320.961,186563.1,1204443.0,1705.11,7183.98,2250.67,335.726
2024-03-04 12:00:00,32.43254,200.4935,3478.63,228.186,224378.8,3660680.0,2452.06,8307.66,2849.84,401.987
2024-03-04 16:00:00,39.25802,242.86976,6763.55,457.538,312628.3,8477413.0,2737.08,8056.19,4202.14,668.19
2024-03-04 20:00:00,38.65373,204.2975,2655.19,316.206,279250.3,5790468.0,1597.25,5840.02,3082.72,546.05
2024-03-05 00:00:00,38.7141,227.72409,4376.88,454.632,361901.2,8185945.0,1847.76,2852.54,3220.88,769.525
2024-03-05 04:00:00,37.15701,404.82258,4578.84,426.53,445966.5,5709068.0,3750.56,16805.29,5604.89,655.038
2024-03-05 08:00:00,9.66147,175.93857,887.12,129.295,82759.1,1962828.0,860.88,2297.92,1817.58,166.133
2024-03-05 12:00:00,48.32173,337.24266,13394.24,191.888,166186.4,4314606.0,6620.78,4983.27,8701.91,538.766
2024-03-05 16:00:00,123.80288,889.0078,14177.48,984.361,707763.6,12752764.0,9690.43,10937.5,14042.03,1543.04
2024-03-05 20:00:00,62.43714,470.3403,8029.41,469.12,405293.2,6628031.0,6611.48,6901.94,7821.16,1775.486
2024-03-06 00:00:00,21.09779,129.3427,3010.83,191.301,176639.3,2799250.0,2044.7,2519.72,2292.22,238.344
2024-03-06 04:00:00,40.42178,308.2484,5910.04,193.778,216613.3,3471008.0,1565.73,11403.99,3863.6,639.734
2024-03-06 08:00:00,17.3977,228.92877,2753.85,707.451,211937.7,2723342.0,1025.59,1273.5,1922.63,335.131
2024-03-06 12:00:00,28.99127,288.2992,3358.19,281.216,177330.6,2821461.0,2221.68,3679.59,1880.59,532.366
2024-03-06 16:00:00,18.30528,134.1117,2883.74,306.585,187094.7,2116537.0,2437.16,3853.96,6930.49,583.403
2024-03-06 20:00:00,14.51172,190.6917,2624.88,381.389,219136.7,1226585.0,1792.82,2419.3,1983.16,736.827
2024-03-07 00:00:00,10.30272,140.5286,11810.23,271.027,171311.6,1987689.0,3206.76,12703.91,6205.94,742.357
2024-03-07 04:00:00,5.88311,67.1222,3511.58,482.176,210347.1,2497259.0,1400.4,3594.22,2039.56,577.295
2024-03-07 08:00:00,10.80583,80.9737,7156.46,173.591,79530.6,859928.0,1275.16,756.45,1413.09,309.418
2024-03-07 12:00:00,27.74733,178.8512,11607.12,641.249,201677.5,1353037.0,3917.75,2302.23,6176.8,216.369
2024-03-07 16:00:00,20.44538,153.6832,11590.96,771.827,339041.5,1148428.0,1576.15,1079.29,1727.38,735.936
2024-03-07 20:00:00,24.01935,324.84449,3434.63,534.579,119839.8,1602060.0,819.81,1387.34,592.41,267.117
2024-03-08 00:00:00,16.59383,177.91402,2741.36,243.561,176463.4,3501182.0,1459.37,2561.79,3693.08,275.138
2024-03-08 04:00:00,14.65942,69.1617,2827.38,446.198,123815.5,2218431.0,717.46,961.07,486.84,436.174
2024-03-08 08:00:00,2.7193,71.34639,1794.47,186.039,57178.9,1235806.0,128.55,839.24,607.14,251.334
2024-03-08 12:00:00,61.369824,171.46795,10008.43,943.403,407283.8,4102092.0,2316.92,5088.5,6347.75,312.908
2024-03-08 16:00:00,51.77576,346.6327,8105.62,910.063,316398.3,2170421.0,4724.69,6595.45,1869.98,348.802
2024-03-08 20:00:00,32.81298,134.7032,3715.21,184.697,117069.0,1848739.0,2447.38,1322.45,1175.24,344.808
2024-03-09 00:00:00,9.84423,98.0893,2197.54,422.047,104514.2,1378659.0,3630.11,2090.71,3577.52,529.04
2024-03-09 04:00:00,5.34623,72.5933,1943.86,103.187,162737.0,1242577.0,510.33,1273.64,835.47,119.06
2024-03-09 08:00:00,2.41313,59.8639,974.97,174.217,146100.7,921375.0,512.38,2344.96,720.24,176.234
2024-03-09 12:00:00,15.87931,34.7059,862.42,172.777,48463.7,715977.0,2092.03,1363.78,2199.48,149.585
2024-03-09 16:00:00,7.62841,80.6546,3436.5,281.296,135258.3,5341106.0,2608.54,1830.87,2277.86,484.082
2024-03-09 20:00:00,3.2996,31.0944,2644.43,349.68,87471.9,1509227.0,719.55,961.36,659.06,398.539
2024-03-10 00:00:00,30.28842,67.3692,2720.11,338.533,148724.0,1532939.0,2811.39,1093.79,1459.79,182.893
2024-03-10 04:00:00,12.31434,33.7839,603.87,465.881,88356.0,368613.0,797.3,1184.93,308.9,271.102
2024-03-10 08:00:00,10.39726,48.6012,873.57,586.094,101902.7,1542967.0,1095.77,1086.72,763.84,135.998
2024-03-10 12:00:00,22.46734,87.7009,4302.63,323.238,219426.7,1020014.0,3752.28,3307.03,1692.9,383.982
2024-03-10 16:00:00,10.31021,41.8929,2569.34,283.035,104367.5,1260116.0,834.36,1291.21,8644.94,190.181
2024-03-10 20:00:00,15.9482,133.9232,6359.62,204.711,171556.1,2153397.0,1584.56,1458.19,19213.38,292.269
2024-03-11 00:00:00,24.54462,137.2825,5031.98,400.759,139843.9,2887850.0,3031.2,13514.06,14807.29,221.882
2024-03-11 04:00:00,44.78034,231.23781,4146.51,381.181,192063.5,2171407.0,1599.46,4140.51,5532.28,397.594
2024-03-11 08:00:00,21.06063,167.27217,5293.66,171.342,295115.4,2191839.0,8775.59,3868.1,1969.71,1303.07
2024-03-11 12:00:00,37.67173,146.69602,4292.57,453.011,235151.0,913228.0,6129.38,2073.64,5685.08,2112.356
2024-03-11 16:00:00,23.46678,194.1303,2496.19,644.803,317402.6,1393906.0,3112.19,8913.22,6271.39,2407.363
2024-03-11 20:00:00,13.12152,110.809,1832.49,303.705,344585.2,2860187.0,4387.23,4103.06,1149.35,820.001
2024-03-12 00:00:00,13.5667,96.10976,6278.83,313.718,314499.9,1182586.0,7729.43,6577.7,2431.27,1923.058
2024-03-12 04:00:00,17.98913,102.8119,2534.92,380.121,209369.1,2446903.0,3168.03,1548.97,1619.4,727.138
2024-03-12 08:00:00,5.01019,74.3103,1133.04,201.344,80579.6,673597.0,857.95,2320.47,1826.95,327.939
2024-03-12 12:00:00,23.66315,149.615,3687.34,604.437,227445.7,2802432.0,8175.28,4611.83,3503.29,438.944
2024-03-12 16:00:00,48.27279,266.4064,8612.53,459.886,249032.9,3957750.0,9468.02,7698.71,7527.92,611.633
2024-03-12 20:00:00,8.3469,81.0388,3283.26,529.646,43445.1,1192106.0,2413.64,698.52,1978.77,224.796
2024-03-13 00:00:00,13.92236,89.441,1380.44,80.224,107556.8,1057022.0,1480.89,2351.96,2180.85,504.323
2024-03-13 04:00:00,7.91974,91.5706,1216.11,532.035,179183.1,478793.0,1205.52,1369.08,2695.1,370.919
2024-03-13 08:00:00,27.4302,47.6284,1295.86,828.854,104135.8,718975.0,3285.46,2714.63,1416.32,296.94
2024-03-13 12:00:00,28.13089,235.3872,8664.27,1418.201,212975.5,822060.0,1730.26,2928.6,1821.4,556.826
2024-03-13 16:00:00,15.76254,128.3122,7116.66,767.045,198841.5,965726.0,2521.45,1977.26,1991.47,252.371
2024-03-13 20:00:00,10.28253,80.9859,7592.31,1404.941,267661.8,633613.0,2163.3,4571.23,1853.78,309.598
2024-03-14 00:00:00,13.4077,121.4692,7257.99,1721.477,237841.4,1722509.0,4149.1,4740.23,1312.06,644.135
2024-03-14 04:00:00,20.31413,119.1314,3337.75,306.824,257443.6,8814772.0,891.02,1332.78,1459.83,131.944
2024-03-14 08:00:00,5.95936,205.5569,5114.0,157.11,596133.5,1485948.0,2273.9,5679.71,7616.22,237.952
2024-03-14 12:00:00,29.69346,345.3049,10452.25,324.075,387070.9,4534842.0,3200.03,6741.38,7861.14,523.13
2024-03-14 16:00:00,55.51154,279.3036,11826.84,644.63,501326.2,3140780.0,1859.0,10500.76,15587.48,550.618
2024-03-14 20:00:00,21.66084,149.7416,7919.42,430.431,123036.4,1046615.0,1052.77,9148.12,4555.17,210.496
2024-03-15 00:00:00,60.4518,336.4763,17277.23,332.57,314853.4,3659743.0,6787.6,5879.11,11386.27,610.822
2024-03-15 04:00:00,38.45237,220.3104,6814.21,222.89,192008.1,1411670.0,1783.44,3006.58,2342.32,354.661
2024-03-15 08:00:00,27.74342,229.7094,8005.74,640.84,267808.3,1796650.0,3747.2,3270.95,3591.36,280.438
2024-03-15 12:00:00,20.29456,135.7497,9200.38,562.85,171693.8,786108.0,4223.64,2934.59,1701.6,306.317
2024-03-15 16:00:00,28.75273,301.3457,8874.28,233.354,245988.5,1108430.0,4822.64,3580.17,2711.15,210.629
2024-03-15 20:00:00,14.50224,135.0462,6628.2,643.16,98578.0,991115.0,3021.69,2608.77,1968.01,235.103
2024-03-16 00:00:00,9.08561,76.3255,4205.21,1043.681,43504.2,523592.0,1676.28,1096.36,1243.99,190.672
2024-03-16 04:00:00,5.65886,29.9159,6287.79,127.1,222738.7,546439.0,3384.04,749.53,1239.33,152.682
2024-03-16 08:00:00,5.97899,50.8132,4117.56,192.491,54518.0,383086.0,1440.51,911.04,827.78,76.338
2024-03-16 12:00:00,6.40822,182.932,8182.32,171.285,116045.0,1665510.0,1186.55,1979.54,1850.99,248.584
2024-03-16 16:00:00,17.49091,226.4184,9555.86,235.873,286928.1,2571705.0,2397.61,6482.81,2945.34,392.855
2024-03-16 20:00:00,34.65395,193.2346,6967.24,248.566,389906.5,1177366.0,3102.59,3048.22,10288.13,430.615
2024-03-17 00:00:00,15.77187,131.9913,4998.21,179.363,74408.3,1571073.0,1586.28,918.25,8080.66,172.143
2024-03-17 04:00:00,16.68872,186.1937,4927.62,262.226,119523.4,2011935.0,1984.56,2161.39,1877.27,228.738
2024-03-17 08:00:00,15.52874,85.2098,3549.47,115.411,106726.6,972721.0,4972.59,879.83,2891.8,154.03
2024-03-17 12:00:00,11.05535,94.9282,6558.53,234.269,116662.8,811398.0,2251.19,1416.24,1529.34,60.507
2024-03-17 16:00:00,12.01431,92.0118,10096.6,161.466,1531496.3,1442403.0,2541.13,9286.06,1907.52,84.548
2024-03-17 20:00:00,9.28527,71.1254,8186.76,287.539,58303.4,752989.0,2151.3,2177.12,699.64,126.528
2024-03-18 00:00:00,12.4911,69.6981,8055.48,207.9,147840.8,385677.0,3760.02,1571.27,1552.55,113.687
2024-03-18 04:00:00,3.7519,54.1066,4490.23,179.53,118155.3,346050.0,2251.63,3119.46,2369.6,312.181
2024-03-18 08:00:00,4.39886,29.0034,3770.48,115.112,131287.3,439819.0,2274.32,3834.18,3677.41,51.976
2024-03-18 12:00:00,11.70227,90.3617,13705.7,305.272,168005.4,502034.0,2991.77,6691.59,1420.05,125.761
2024-03-18 16:00:00,19.04604,127.1445,6095.92,284.681,231893.6,653429.0,3707.2,2733.98,1015.1,321.499
2024-03-18 20:00:00,10.53544,95.3795,3541.71,119.164,89124.1,339760.0,2858.97,843.91,13984.07,543.441
2024-03-19 00:00:00,30.19307,335.4335,7303.39,377.478,355196.4,1900127.0,2558.63,3935.87,4109.8,470.581
2024-03-19 04:00:00,25.48815,137.025,5602.09,356.173,196644.0,2462000.0,3887.63,4342.7,2438.61,414.138
2024-03-19 08:00:00,39.03171,347.4519,6530.24,176.369,266748.9,985283.0,3138.44,2167.72,5311.1,249.343
2024-03-19 12:00:00,27.76603,214.8144,6691.76,307.084,98399.8,1576476.0,2901.37,1682.6,3726.17,275.525
2024-03-19 16:00:00,28.87996,177.0772,2647.11,678.573,164792.8,414458.0,1755.95,5667.21,1108.36,168.471
2024-03-19 20:00:00,58.94917,200.8199,5882.97,238.654,342686.9,848968.0,3335.5,3572.11,4823.54,314.735
2024-03-20 00:00:00,38.73345,173.6619,5111.79,254.003,287743.3,1232041.0,4156.9,1135.92,2218.18,149.59
2024-03-20 04:00:00,23.12274,210.9662,3631.06,199.606,226720.2,1888289.0,1522.21,2410.15,3942.07,156.747
2024-03-20 08:00:00,7.89558,41.2224,1447.25,86.101,98868.6,844634.0,1171.71,994.83,850.63,45.031
2024-03-20 12:00:00,16.44432,255.0376,2708.84,212.236,88603.6,465925.0,1143.56,1432.8,779.95,129.448
2024-03-20 16:00:00,34.35169,234.1337,8452.98,393.994,184670.9,2726592.0,4173.77,4361.2,7478.71,430.547
2024-03-20 20:00:00,30.95127,323.4283,8608.67,385.88,201256.8,2444325.0,2723.77,4789.24,1396.38,618.774
2024-03-21 00:00:00,15.64575,65.0345,3798.16,348.889,234163.4,1567629.0,1472.75,4284.79,1168.89,336.377
2024-03-21 04:00:00,7.98086,76.2791,3952.28,129.263,72946.0,890690.0,1696.78,659.86,1166.78,143.631
2024-03-21 08:00:00,4.64611,54.1916,922.83,246.093,23184.9,639706.0,581.45,563.11,76.61,35.369
2024-03-21 12:00:00,9.01711,104.6153,2945.41,125.488,175362.6,1647657.0,1181.03,594.05,2628.29,99.524
2024-03-21 16:00:00,12.2958,180.7173,4029.57,124.42,125331.2,2110732.0,2284.25,4829.69,2129.95,129.553
2024-03-21 20:00:00,6.52029,74.3255,1668.27,131.454,49337.6,1412278.0,1334.8,2468.77,1758.95,350.65
2024-03-22 00:00:00,5.08616,150.2306,2417.02,280.629,85906.2,2058939.0,1360.7,582.28,588.98,180.749
2024-03-22 04:00:00,2.82257,57.679,2104.48,294.142,42465.0,1742097.0,1197.01,333.45,134.16,66.586
2024-03-22 08:00:00,6.06749,67.0433,3203.66,228.992,37653.1,1660081.0,516.8,1525.45,424.44,73.178
2024-03-22 12:00:00,21.92115,189.0417,6936.55,167.18,121962.1,1826388.0,4094.78,3468.02,1359.53,243.11
2024-03-22 16:00:00,14.70605,68.6619,1995.49,221.608,90973.5,1029260.0,1917.21,581.64,848.88,116.393
2024-03-22 20:00:00,20.76552,115.4997,2516.33,172.297,156825.3,433462.0,959.41,1238.02,3359.1,187.336
2024-03-23 00:00:00,6.94881,124.2407,4463.07,94.284,86249.7,2459361.0,1547.45,2355.01,460.31,93.675
2024-03-23 04:00:00,3.87864,58.7118,838.91,145.526,25436.1,1110902.0,1381.81,4599.03,1216.12,210.121
2024-03-23 08:00:00,2.70703,28.8737,429.3,77.583,154580.1,429957.0,401.61,187.96,160.8,109.77
2024-03-23 12:00:00,11.04733,78.461,1002.75,130.107,144420.5,1977492.0,952.77,3130.28,570.95,160.239
2024-03-23 16:00:00,10.77515,52.6457,1344.32,123.447,106309.8,2513405.0,385.77,2566.09,5638.96,215.019
2024-03-23 20:00:00,16.77844,63.9895,1465.41,88.411,89974.6,1267365.0,1746.93,1412.74,1588.99,77.179
2024-03-24 00:00:00,3.63635,82.1906,1047.67,149.236,44338.7,1167502.0,572.6,2815.8,617.14,86.003
2024-03-24 04:00:00,1.41574,17.1937,393.63,118.471,75282.1,1429005.0,207.26,1957.28,2732.64,128.364
2024-03-24 08:00:00,4.06142,23.5438,372.73,32.137,25884.3,936311.0,206.4,4746.59,156.52,32.052
2024-03-24 12:00:00,7.69698,50.9401,2271.12,112.406,28871.8,1544777.0,395.68,331.99,295.02,291.636
2024-03-24 16:00:00,5.87369,70.7103,2581.25,62.116,141934.1,2051622.0,456.16,1379.72,1587.42,274.311
2024-03-24 20:00:00,17.23058,146.3996,6249.41,222.376,98611.4,2368591.0,1725.08,2707.44,1720.37,198.359
2024-03-25 00:00:00,9.64304,60.6669,3724.45,259.476,80908.8,2566633.0,1093.32,725.05,915.64,131.892
2024-03-25 04:00:00,11.21833,51.5372,1999.14,128.468,77928.8,471805.0,1051.28,1137.69,1899.03,122.088
2024-03-25 08:00:00,4.06496,30.9455,1787.25,73.695,18985.7,390921.0,1354.44,7201.17,513.3,58.037
2024-03-25 12:00:00,43.42676,231.4636,4714.88,219.623,265935.1,3955422.0,1682.86,5136.46,6627.92,311.1
2024-03-25 16:00:00,24.7206,258.7618,3101.82,329.261,1007236.9,2259465.0,1459.18,7432.9,5574.6,312.38
2024-03-25 20:00:00,30.5749,116.3303,3454.26,243.323,280607.9,1617145.0,892.87,2745.46,10756.69,153.351
2024-03-26 00:00:00,17.67762,63.7743,1550.02,432.281,165659.7,797824.0,1377.51,976.87,3416.68,181.611
2024-03-26 04:00:00,12.97405,82.6539,1953.92,151.946,267661.7,744471.0,981.05,1851.72,1334.15,279.397
2024-03-26 08:00:00,1.68147,36.1014,3249.79,150.087,77598.0,1784991.0,499.88,1002.05,2394.19,104.565
2024-03-26 12:00:00,9.43581,146.9456,4264.0,158.803,802673.4,1926515.0,1672.76,1739.58,2754.14,335.813
2024-03-26 16:00:00,9.34062,93.1346,2767.21,190.156,163321.6,1408618.0,1048.04,1702.27,1665.81,1128.585
2024-03-26 20:00:00,5.11055,58.6853,1951.77,172.548,77470.0,1984282.0,465.24,2960.58,1009.59,1390.93
2024-03-27 00:00:00,10.45458,55.3078,1557.12,86.564,114206.4,1778678.0,578.72,2899.41,1405.3,557.446
2024-03-27 04:00:00,9.54042,56.3197,643.4,133.397,70268.7,2419762.0,479.52,1245.85,501.54,243.145
2024-03-27 08:00:00,3.18438,48.7211,1857.06,78.048,43205.2,540607.0,535.34,2707.78,530.51,902.014
2024-03-27 12:00:00,30.36282,224.3065,4263.92,203.397,191711.5,1994807.0,1713.45,3556.15,1567.04,470.968
2024-03-27 16:00:00,11.67909,139.0694,1081.29,175.911,76363.5,2643966.0,611.35,2402.65,1811.39,395.271
2024-03-27 20:00:00,4.36111,34.7508,1052.2,87.743,63878.8,2143258.0,348.75,3153.67,703.04,99.327
2024-03-28 00:00:00,12.55982,90.5337,1737.35,145.124,52579.8,7462329.0,507.15,627.2,815.33,320.095
2024-03-28 04:00:00,11.61008,58.458,830.77,97.569,22309.4,1346932.0,243.85,1215.64,123.9,76.245
2024-03-28 08:00:00,10.17173,24.336,1583.38,76.235,34039.6,3190906.0,275.73,458.54,1410.23,62.241
2024-03-28 12:00:00,17.11153,166.8852,5112.63,196.621,90084.2,3938646.0,1307.28,2019.48,574.48,418.619
2024-03-28 16:00:00,10.58025,46.1168,1445.79,122.464,68024.7,2897214.0,345.35,4455.65,707.33,294.737
2024-03-28 20:00:00,2.99127,46.5042,1452.46,67.25,59154.6,2375213.0,337.98,2794.7,387.58,61.005
2024-03-29 00:00:00,7.14178,76.5212,1557.16,158.43,183526.4,2026218.0,357.25,837.77,1462.25,310.692
2024-03-29 04:00:00,5.58726,67.5734,989.79,735.222,20237.5,707284.0,448.1,1222.08,855.3,194.936
2024-03-29 08:00:00,4.5818,21.6099,484.49,165.3,20244.8,458309.0,327.74,300.16,218.66,1513.391
2024-03-29 12:00:00,15.33421,72.8754,1604.19,279.425,69412.4,1807001.0,664.45,2722.64,857.36,1295.688
2024-03-29 16:00:00,9.65537,43.2101,932.23,340.416,37557.6,1160812.0,323.53,2055.4,870.71,1313.618
2024-03-29 20:00:00,6.65247,33.3602,4521.16,223.107,355274.2,1369468.0,474.03,334.76,341.33,1231.091
2024-03-30 00:00:00,7.23387,14.9478,1733.92,101.602,51002.8,986819.0,467.28,1096.55,473.87,413.004
2024-03-30 04:00:00,2.29848,54.3095,4688.53,115.717,28726.4,910231.0,1883.35,419.59,187.27,587.478
2024-03-30 08:00:00,1.9108,65.3267,1706.05,71.706,55769.8,219889.0,314.53,692.19,578.35,587.068
2024-03-30 12:00:00,7.64198,78.1286,2038.23,92.937,45008.2,1206375.0,260.83,2733.58,542.29,269.794
2024-03-30 16:00:00,4.32224,78.6035,3404.34,128.682,81703.1,2294454.0,3364.02,2518.06,611.48,468.494
2024-03-30 20:00:00,2.99434,50.4902,922.51,137.114,46172.8,651429.0,272.14,1197.59,357.0,149.051
2024-03-31 00:00:00,3.65328,41.2869,1220.47,103.182,112971.9,1537118.0,135.33,3445.76,1562.5,276.127
2024-03-31 04:00:00,4.67954,111.7219,502.17,207.221,39828.6,1994601.0,179.09,340.76,1250.06,78.714
2024-03-31 08:00:00,1.33155,42.6919,179.94,48.871,20746.9,298152.0,165.54,331.77,1728.69,58.727
2024-03-31 12:00:00,7.1514,64.3002,1445.41,39.552,66214.1,1527172.0,274.68,726.76,360.78,53.115
2024-03-31 16:00:00,7.6127,118.5876,1894.87,89.541,209174.5,2666438.0,1076.1,4591.89,794.07,413.444
2024-03-31 20:00:00,9.54766,92.445,1525.34,91.781,75836.9,3709875.0,320.48,1499.17,1767.49,1368.989
2024-04-01 00:00:00,8.43546,90.5251,2977.0,131.157,105516.8,918689.0,1385.93,1307.78,495.16,3653.878
2024-04-01 04:00:00,14.73208,89.163,4251.81,210.858,184975.2,2658556.0,1455.86,5460.83,2452.2,1061.103
2024-04-01 08:00:00,5.11017,35.9913,718.31,247.114,33231.2,584626.0,620.3,380.73,94.54,173.33
2024-04-01 12:00:00,18.15576,101.8777,4492.31,259.241,145284.4,3856190.0,1371.46,8615.49,1234.34,1306.162
2024-04-01 16:00:00,10.54442,346.728,1213.77,217.655,80737.9,3736987.0,4792.21,741.93,254.25,743.306
2024-04-01 20:00:00,12.48743,60.204,661.95,345.464,125200.7,1006071.0,373.04,2851.61,2554.15,388.039
2024-04-02 00:00:00,26.24638,142.8824,1143.94,172.803,210823.5,4116244.0,3357.65,19229.89,2661.27,784.129
2024-04-02 04:00:00,7.34836,105.2548,627.54,51.219,165934.5,1327231.0,358.98,1574.48,1530.11,239.175
2024-04-02 08:00:00,18.2316,100.8182,4794.87,97.741,149720.1,2544913.0,953.24,2695.09,894.84,542.728
2024-04-02 12:00:00,37.58374,129.9017,3462.12,496.289,148886.8,2229122.0,1138.82,3023.34,841.25,1194.523
2024-04-02 16:00:00,30.15199,51.2966,3137.14,84.416,228329.9,708677.0,291.8,674.66,432.55,1050.445
2024-04-02 20:00:00,8.90147,45.4292,1901.29,119.7,28067.1,616765.0,571.59,2271.0,745.66,757.527
2024-04-03 00:00:00,23.06007,117.8911,2456.1,113.336,246700.6,4182682.0,1030.97,1520.41,1164.16,1422.819
2024-04-03 04:00:00,4.67003,18.6736,1930.1,82.677,41408.0,316784.0,545.5,1258.49,143.41,274.83
2024-04-03 08:00:00,8.65298,33.975,1923.1,121.075,46340.2,489002.0,133.49,5220.0,378.43,217.597
2024-04-03 12:00:00,12.91611,51.3608,1550.1,151.111,80469.4,1605654.0,356.39,3148.11,439.48,384.357
2024-04-03 16:00:00,4.70047,45.8017,1058.18,85.916,50886.2,1054471.0,324.07,522.01,431.55,253.09
2024-04-03 20:00:00,5.05661,24.8215,1569.9,65.719,56432.0,1346989.0,505.82,1493.49,1177.17,166.872
2024-04-04 00:00:00,7.52762,28.9834,1087.46,227.682,86019.9,1336487.0,949.56,1212.3,617.09,364.398
2024-04-04 04:00:00,3.694,40.9652,1168.34,35.23,143065.2,884719.0,618.1,800.59,426.19,219.75
2024-04-04 08:00:00,1.62398,16.9357,296.51,89.049,15808.9,382561.0,110.31,488.58,119.41,346.158
2024-04-04 12:00:00,13.02631,34.1826,1812.7,53.913,178816.7,1820238.0,500.14,988.26,313.13,358.9
2024-04-04 16:00:00,7.31389,52.1288,1209.77,315.669,56201.6,752653.0,882.05,1584.84,929.82,271.655
2024-04-04 20:00:00,16.06272,74.0109,1996.45,109.836,69758.5,963508.0,588.37,721.18,994.1,365.788
2024-04-05 00:00:00,9.32996,73.1528,2644.64,362.747,122928.5,548240.0,505.71,737.02,3271.51,192.622
2024-04-05 04:00:00,8.52317,71.8444,2333.99,45.054,121390.8,607346.0,382.54,1174.93,766.58,375.55
2024-04-05 08:00:00,5.9014,53.6723,2861.2,98.464,111614.5,1799533.0,380.06,1128.98,508.99,182.295
2024-04-05 12:00:00,23.05709,77.359,2912.34,166.357,81453.0,1491990.0,1631.94,1309.75,1182.46,301.131
2024-04-05 16:00:00,9.44382,55.6827,2968.89,125.176,62501.8,848201.0,1318.95,433.55,227.09,231.248
2024-04-05 20:00:00,6.46613,29.6384,1742.22,45.8,176681.2,1034945.0,205.18,203.97,293.97,87.696
2024-04-06 00:00:00,3.50856,19.3515,660.3,48.609,72527.9,1530308.0,365.59,1321.31,58.14,135.059
2024-04-06 04:00:00,1.57288,12.9919,638.71,39.569,21324.1,1616170.0,444.23,1087.91,63.17,191.689
2024-04-06 08:00:00,0.333,5.7082,463.6,26.479,25669.2,368132.0,241.31,363.25,86.44,319.5
2024-04-06 12:00:00,1.75948,21.4345,511.51,54.184,16493.8,656516.0,333.74,667.04,50.12,88.065
2024-04-06 16:00:00,1.40104,13.2026,565.59,45.982,26689.4,445074.0,498.13,257.61,73.57,145.312
2024-04-06 20:00:00,4.25686,37.2267,934.9,218.625,135591.8,1046190.0,1376.94,1048.73,300.01,143.309
2024-04-07 00:00:00,5.54415,50.0986,943.26,92.026,27758.7,2633876.0,461.1,832.08,371.78,575.804
2024-04-07 04:00:00,2.21453,30.3557,1738.57,41.503,13623.5,2060983.0,452.51,218.15,88.15,177.064
2024-04-07 08:00:00,0.93549,2.1586,485.13,60.915,36000.6,444336.0,236.4,94.34,86.93,80.324
2024-04-07 12:00:00,4.13652,24.0142,567.25,96.173,168026.5,1766122.0,267.88,1118.96,555.04,99.574
2024-04-07 16:00:00,8.73787,41.2453,1141.84,87.484,35239.3,995248.0,353.3,226.84,1870.95,119.933
2024-04-07 20:00:00,10.04677,57.813,387.14,63.667,26201.7,844712.0,219.03,259.11,163.04,84.201
2024-04-08 00:00:00,9.25985,66.9199,1228.45,46.542,143597.0,662509.0,734.82,394.26,573.22,153.645
2024-04-08 04:00:00,7.34855,55.7209,1509.43,227.146,58139.8,1518424.0,527.59,821.06,176.24,100.153
2024-04-08 08:00:00,30.01805,167.9964,2718.3,528.072,279517.1,804380.0,1159.16,1322.31,1788.98,1316.387
2024-04-08 12:00:00,27.63436,168.027,2973.22,138.254,191090.5,993784.0,934.85,5512.98,2551.61,862.445
2024-04-08 16:00:00,14.38522,159.911,1483.37,304.733,290043.3,624612.0,277.29,377.16,1440.06,120.424
2024-04-08 20:00:00,5.59758,129.2783,418.19,57.94,39493.9,1037919.0,466.05,1176.97,430.28,285.486
2024-04-09 00:00:00,7.96495,85.5539,1092.99,222.976,46876.5,881973.0,1627.72,8278.75,1204.51,916.644
2024-04-09 04:00:00,10.95096,87.1576,1222.4,135.97,39305.3,574056.0,627.89,1875.54,470.19,150.171
2024-04-09 08:00:00,5.82555,41.1238,555.0,48.176,26541.1,521366.0,372.44,1351.01,383.93,126.734
2024-04-09 12:00:00,33.22113,127.8122,2379.73,79.226,181920.8,1306752.0,534.46,6778.81,722.4,207.628
2024-04-09 16:00:00,11.56889,84.5093,1349.97,50.531,52664.8,605439.0,1014.35,643.2,343.41,133.724
2024-04-09 20:00:00,10.17318,43.8478,990.11,70.821,46742.7,272300.0,217.53,471.0,3165.11,79.297
2024-04-10 00:00:00,16.98754,73.2198,1164.51,63.72,60289.1,752646.0,541.64,1906.86,341.1,276.409
2024-04-10 04:00:00,5.33561,31.3272,485.48,32.774,18715.4,104316.0,411.36,401.07,117.43,16.592
2024-04-10 08:00:00,4.52435,11.1886,1102.99,57.078,18517.7,313160.0,377.04,1463.28,421.83,58.52
2024-04-10 12:00:00,13.29578,97.8527,3280.71,167.894,82250.6,2515524.0,628.96,2235.76,676.39,1044.404
2024-04-10 16:00:00,12.62444,86.699,2047.96,770.838,105588.5,1622730.0,702.56,743.27,580.01,122.495
2024-04-10 20:00:00,17.22878,49.5535,1108.46,75.475,490183.8,1187268.0,497.9,2753.13,346.17,182.219
2024-04-11 00:00:00,12.86855,56.268,942.02,601.794,109589.7,481555.0,178.15,1728.51,94.39,118.807
2024-04-11 04:00:00,2.03579,56.954,867.6,53.95,56793.0,423797.0,151.97,1031.52,111.78,113.881
2024-04-11 08:00:00,4.8591,55.6052,551.23,98.81,18740.1,1243420.0,189.69,1146.51,227.15,64.761
2024-04-11 12:00:00,6.15552,54.9104,1588.86,88.159,35741.5,689285.0,794.92,2614.96,588.81,143.034
2024-04-11 16:00:00,5.29066,116.2042,2033.34,60.521,40861.4,325687.0,140.01,1086.8,303.7,173.822
2024-04-11 20:00:00,4.94556,40.9339,829.64,87.64,40482.0,697524.0,78.94,1190.62,420.62,192.131
2024-04-12 00:00:00,4.99052,41.7468,241.5,108.492,52988.2,451198.0,216.04,1558.26,1323.85,117.564
2024-04-12 04:00:00,4.19546,23.3319,304.53,857.243,45683.8,848448.0,196.35,254.44,271.14,75.576
2024-04-12 08:00:00,2.06822,56.4026,665.79,584.667,14605.8,142784.0,209.74,1415.99,82.92,237.98
2024-04-12 12:00:00,18.83912,85.2783,3192.97,177.566,75977.4,1408444.0,762.51,3068.58,678.31,225.607
2024-04-12 16:00:00,48.61764,452.7322,8914.32,402.057,758787.5,4954813.0,5675.56,16641.28,8950.02,2255.976
2024-04-12 20:00:00,11.16589,97.361,3475.0,393.647,293427.0,1509441.0,1419.37,4454.37,2254.06,368.177
2024-04-13 00:00:00,12.67543,95.148,5215.98,187.294,61017.0,1218230.0,1773.6,2123.93,1352.05,287.626
2024-04-13 04:00:00,6.76616,49.5257,1173.36,33.853,104755.3,1411985.0,848.63,1395.0,411.43,54.715
2024-04-13 08:00:00,0.85388,28.4729,363.19,162.675,17522.7,245655.0,807.73,289.69,828.91,162.135
2024-04-13 12:00:00,3.00401,41.3871,843.64,46.814,47318.4,192046.0,267.45,1062.33,554.61,102.347
2024-04-13 16:00:00,24.91002,245.3948,12836.32,253.827,418085.8,3331435.0,3594.31,8080.31,5276.28,1509.532
2024-04-13 20:00:00,85.48979,506.1679,16575.28,586.211,514670.3,4919293.0,8739.1,11253.75,8368.3,1564.784
2024-04-14 00:00:00,15.14453,60.2124,4491.03,150.256,139901.2,1655591.0,1605.64,1795.75,1604.02,360.244
2024-04-14 04:00:00,6.55207,39.031,3025.3,98.117,46603.9,1185174.0,1311.94,1608.61,1084.4,234.859
2024-04-14 08:00:00,6.82353,14.7447,1874.68,99.894,19220.5,422259.0,513.29,767.22,771.41,109.1
2024-04-14 12:00:00,4.41368,15.3569,2655.9,91.881,33856.3,557394.0,569.45,676.0,499.78,109.378
2024-04-14 16:00:00,10.79422,74.9908,3130.5,70.288,193224.4,2162345.0,1083.03,5382.84,663.08,219.308
2024-04-14 20:00:00,12.71982,122.399,4865.06,81.826,170001.8,3486838.0,1529.64,4602.09,1000.36,152.427
2024-04-15 00:00:00,6.16661,61.4456,2110.9,56.575,27989.6,1173373.0,1650.1,410.64,7147.2,170.985
2024-04-15 04:00:00,9.5132,42.8985,2252.17,61.117,62977.0,984051.0,404.09,1911.07,2154.48,214.665
2024-04-15 08:00:00,2.28544,32.8527,2223.57,99.375,51152.2,787178.0,193.04,21144.24,923.33,89.827
2024-04-15 12:00:00,12.67484,81.2579,2885.67,64.87,71626.0,1433241.0,574.29,8520.59,1483.38,950.455
2024-04-15 16:00:00,27.18033,144.6203,4725.49,131.672,84371.6,3277429.0,2331.78,3796.76,2651.61,227.197
2024-04-15 20:00:00,10.02539,32.7488,1646.9,52.357,175816.4,1079374.0,292.77,2441.98,772.53,36.701
2024-04-16 00:00:00,6.51274,34.1727,3634.93,106.435,77136.2,1575492.0,687.5,2075.45,311.97,257.811
2024-04-16 04:00:00,14.84783,40.9631,3710.78,58.798,32772.8,510900.0,417.54,1834.96,884.54,275.377
2024-04-16 08:00:00,19.44666,48.9308,1500.87,150.866,37323.3,661594.0,484.52,943.71,619.33,121.27
2024-04-16 12:00:00,28.66584,192.8214,2954.57,885.041,171932.2,1069302.0,1030.02,17732.48,1854.4,46.444
2024-04-16 16:00:00,9.52511,52.7938,5179.14,70.404,85833.5,1880346.0,816.37,1433.61,2025.55,153.485
2024-04-16 20:00:00,12.6557,40.1135,1406.84,144.582,31590.1,605618.0,567.83,413.69,855.85,224.463
2024-04-17 00:00:00,7.82551,25.3562,2403.53,42.56,12838.3,391018.0,1508.51,660.84,616.93,209.113
2024-04-17 04:00:00,5.36648,27.1215,2787.86,130.398,19404.0,359872.0,247.24,418.22,72.61,271.919
2024-04-17 08:00:00,2.48509,15.0462,1281.86,89.466,12448.8,324579.0,223.51,162.78,155.91,32.106
2024-04-17 12:00:00,38.37035,127.9753,4830.59,320.725,257448.5,1215092.0,4029.96,4357.89,2145.4,241.303
2024-04-17 16:00:00,30.72558,87.3189,4722.51,162.365,73950.1,1271202.0,804.93,4795.68,711.55,185.436
2024-04-17 20:00:00,8.83999,9.8942,1876.8,124.265,38720.2,753381.0,384.87,2635.02,184.51,145.378
2024-04-18 00:00:00,3.92525,19.7315,2179.37,134.827,34411.8,512804.0,608.65,1225.29,313.12,89.293
2024-04-18 04:00:00,4.97675,14.1873,1401.94,220.147,52997.1,1233161.0,192.14,5153.11,593.71,72.543
2024-04-18 08:00:00,6.4368,35.8965,1461.1,89.417,30553.0,924785.0,552.59,423.59,290.4,150.815
2024-04-18 12:00:00,14.07143,30.0942,3384.85,149.132,99752.2,1193786.0,847.19,390.83,988.11,64.118
2024-04-18 16:00:00,8.25495,38.1894,3328.8,106.643,50851.5,465581.0,1185.24,7186.23,641.22,128.398
2024-04-18 20:00:00,4.88124,15.8298,2089.83,33.347,62789.5,919637.0,194.08,360.36,2174.06,24.3
2024-04-19 00:00:00,27.44122,148.9746,6681.62,191.562,196217.3,2713028.0,1042.42,12621.38,2100.36,272.158
2024-04-19 04:00:00,22.37637,62.431,3145.21,92.458,54479.1,1508833.0,1920.12,3244.43,1166.44,318.342
2024-04-19 08:00:00,11.16505,34.825,2443.14,40.961,13424.6,863938.0,1083.92,427.41,479.97,52.005
2024-04-19 12:00:00,11.56945,39.2453,1357.36,85.106,56589.6,982978.0,712.01,4399.06,3021.71,117.293
2024-04-19 16:00:00,13.37193,25.0488,1170.11,71.864,106539.9,653883.0,56.99,403.13,226.72,97.011
2024-04-19 20:00:00,22.15995,57.0433,2628.52,62.384,105430.5,1058685.0,764.44,5872.51,571.7,125.174
2024-04-20 00:00:00,9.83144,23.923,2057.71,93.404,243079.5,1178903.0,697.83,2775.22,410.18,87.042
2024-04-20 04:00:00,3.52199,35.4705,258.99,61.051,114973.6,689134.0,268.66,967.35,50.41,87.547
2024-04-20 08:00:00,2.22699,8.1567,578.44,83.079,63062.9,531282.0,122.69,611.15,1105.62,106.488
2024-04-20 12:00:00,16.66299,36.1494,1560.89,223.605,69744.6,1300888.0,517.86,690.59,1591.28,117.117
2024-04-20 16:00:00,23.53764,87.6368,2837.17,60.378,125126.9,2008081.0,2332.37,2353.32,2529.81,138.37
2024-04-20 20:00:00,6.37507,37.678,1118.62,73.757,42516.9,646471.0,439.56,897.41,650.62,90.983
2024-04-21 00:00:00,4.34887,20.5807,1904.18,123.385,72233.9,1841881.0,426.66,6359.93,621.18,220.616
2024-04-21 04:00:00,2.45185,17.5565,462.47,106.272,66797.6,577731.0,112.45,414.41,535.28,33.195
2024-04-21 08:00:00,2.39778,5.5403,656.43,130.341,15241.0,75493.0,205.15,60.55,45.88,100.923
2024-04-21 12:00:00,2.67016,14.8561,1259.63,34.476,27382.1,744887.0,781.81,264.35,207.25,41.778
2024-04-21 16:00:00,6.75062,27.5415,2450.13,263.006,103641.5,1754211.0,372.05,1183.6,888.51,1688.852
2024-04-21 20:00:00,3.04736,11.7704,1044.4,87.351,91861.8,957172.0,372.79,520.0,1592.95,318.966
2024-04-22 00:00:00,8.55035,27.8816,2742.06,391.307,79332.5,1051563.0,900.32,2917.54,2762.86,511.629
2024-04-22 04:00:00,6.47976,41.1158,2038.92,350.237,86563.8,876574.0,428.65,3593.91,406.42,41.421
2024-04-22 08:00:00,4.59221,11.1021,1249.17,100.819,55978.5,340473.0,1470.74,1334.0,503.79,68.708
2024-04-22 12:00:00,5.85531,47.8374,1542.52,234.955,106128.9,328958.0,431.35,4025.66,268.46,51.978
2024-04-22 16:00:00,7.01135,26.9299,1707.02,261.263,65440.0,517372.0,313.07,2553.17,1254.41,115.301
2024-04-22 20:00:00,6.36343,44.9777,1767.68,177.896,81797.6,1052914.0,402.8,2916.21,464.03,139.545
2024-04-23 00:00:00,5.19908,36.446,1448.38,155.593,35219.4,656921.0,380.43,327.22,447.38,176.642
2024-04-23 04:00:00,3.13751,9.8524,1162.3,78.984,19656.7,280923.0,278.86,2891.58,510.45,33.406
2024-04-23 08:00:00,2.3934,54.9338,605.72,458.876,60874.2,96133.0,403.41,609.26,95.48,44.744
2024-04-23 12:00:00,7.93473,110.0072,1600.25,84.623,96623.5,440829.0,390.74,2998.87,152.54,207.084
2024-04-23 16:00:00,4.04782,50.7036,1756.35,314.732,164326.3,700248.0,153.92,1228.95,291.79,291.306
2024-04-23 20:00:00,5.30581,24.5112,1598.21,129.336,95719.0,258987.0,395.18,1394.69,50.17,387.756
2024-04-24 00:00:00,7.06079,38.5401,1932.4,117.853,61096.5,752666.0,736.65,712.3,73.49,136.087
2024-04-24 04:00:00,5.20508,38.4416,880.5,55.651,29200.4,386126.0,312.17,1465.86,332.22,40.367
2024-04-24 08:00:00,2.04115,58.2451,677.17,281.123,27645.5,248135.0,51.35,392.88,242.6,61.512
2024-04-24 12:00:00,12.18577,156.9065,4869.85,142.581,151180.4,1463544.0,1018.96,4750.87,865.18,422.748
2024-04-24 16:00:00,15.55742,43.0102,2534.32,532.589,116388.0,3055309.0,842.0,1135.14,1367.24,553.89
2024-04-24 20:00:00,3.94492,35.4836,1046.23,180.837,325912.2,791825.0,462.21,1590.8,1236.26,177.805
2024-04-25 00:00:00,7.35327,30.4439,2378.46,103.129,59364.4,504307.0,564.28,2078.92,707.46,148.684
2024-04-25 04:00:00,2.67929,16.7065,281.35,502.71,32036.6,317732.0,413.3,240.09,451.14,136.569
2024-04-25 08:00:00,3.78869,34.2689,946.46,66.0,67121.1,298068.0,253.92,501.39,508.51,90.417
2024-04-25 12:00:00,6.26366,55.7765,1786.64,232.21,165289.2,264585.0,179.69,937.89,510.83,137.408
2024-04-25 16:00:00,9.20862,102.5875,1954.27,484.409,23017.1,375296.0,204.49,352.09,223.89,99.474
2024-04-25 20:00:00,5.47354,28.2943,2134.45,107.618,39688.2,498032.0,148.14,180.0,149.4,102.325
2024-04-26 00:00:00,3.80932,26.675,3630.22,135.522,94421.1,468669.0,418.24,1044.88,242.04,186.733
2024-04-26 04:00:00,1.25365,11.8522,299.79,67.709,18146.8,64478.0,87.85,81.72,316.02,87.191
2024-04-26 08:00:00,2.4548,19.5162,170.93,39.868,26691.0,104214.0,481.2,1125.98,157.24,25.486
2024-04-26 12:00:00,11.93757,24.7058,4612.03,154.765,70582.1,767132.0,596.56,1723.18,600.63,912.409
2024-04-26 16:00:00,4.09286,17.6984,1253.68,398.583,19668.7,113747.0,215.68,1364.02,765.87,181.973
2024-04-26 20:00:00,1.80366,12.9534,1079.14,47.606,15990.2,205211.0,160.23,3902.2,159.13,134.511
2024-04-27 00:00:00,6.82361,46.3775,3879.47,91.174,171574.0,710352.0,975.81,1236.84,1262.12,154.677
2024-04-27 04:00:00,4.50021,8.3139,237.98,13.135,19970.3,91233.0,190.57,259.64,48.79,56.125
2024-04-27 08:00:00,1.66019,4.3425,169.52,41.214,20481.8,253444.0,286.08,345.32,104.49,101.575
2024-04-27 12:00:00,4.38615,22.8919,1583.54,43.092,69577.9,247172.0,94.63,103.18,136.12,41.543
2024-04-27 16:00:00,7.61003,84.6743,1398.39,49.33,75591.9,254309.0,1351.99,399.03,730.64,105.923
2024-04-27 20:00:00,1.29503,64.1082,2411.27,30.399,3219.8,475165.0,90.89,1007.32,144.15,100.918
2024-04-28 00:00:00,4.36134,97.1916,1961.89,58.837,62571.7,688349.0,250.03,612.92,59.94,32.331
2024-04-28 04:00:00,1.41277,87.1311,1563.73,291.798,12430.8,102578.0,157.78,170.99,107.26,43.265
2024-04-28 08:00:00,1.24772,10.4569,527.82,39.842,60630.9,82048.0,342.56,192.47,327.68,60.457
2024-04-28 12:00:00,1.74104,38.2472,894.01,232.023,72190.2,371753.0,111.12,827.93,240.56,101.986
2024-04-28 16:00:00,3.73534,42.5571,304.29,35.471,44767.7,155763.0,190.98,228.46,63.91,21.565
2024-04-28 20:00:00,2.86578,56.2362,2532.82,142.899,59740.1,204735.0,558.36,986.8,382.52,548.093
2024-04-29 00:00:00,4.19704,51.5584,2290.24,102.2,48280.7,544306.0,164.99,1033.09,541.22,105.555
2024-04-29 04:00:00,3.38197,29.8292,1210.52,96.455,98703.8,579259.0,337.09,3145.96,337.24,234.005
2024-04-29 08:00:00,1.12058,58.0482,1161.47,37.236,25838.3,854377.0,382.41,227.34,695.7,132.393
2024-04-29 12:00:00,6.28493,52.4909,2167.15,155.961,110896.0,466346.0,1420.53,5692.38,341.64,378.63
2024-04-29 16:00:00,5.38603,30.4904,1787.27,52.641,16474.6,832235.0,640.29,2871.18,254.9,206.238
2024-04-29 20:00:00,3.9377,20.1841,1502.8,52.197,44116.6,500126.0,500.25,278.4,247.16,303.263
2024-04-30 00:00:00,8.53049,23.4663,1730.212,62.79,46845.7,820429.0,626.85,733.83,407.19,341.323
2024-04-30 04:00:00,1.45815,4.4152,366.715,92.292,9890.4,179118.0,98.69,164.42,142.24,35.877
2024-04-30 08:00:00,16.22005,116.9314,2245.967,170.29,45221.4,1466396.0,559.58,1093.38,940.36,189.605
2024-04-30 12:00:00,14.66202,87.9225,2247.157,319.229,108201.1,974973.0,407.13,2463.68,524.56,208.076
2024-04-30 16:00:00,17.8334,243.8358,3701.184,1050.252,104950.4,991866.0,832.49,2102.0,1734.72,153.948
2024-04-30 20:00:00,5.95062,101.9866,1665.108,61.378,111858.6,976451.0,243.69,2113.45,534.11,111.653
2024-05-01 00:00:00,3.45911,71.8378,1502.355,92.245,37949.2,1572925.0,421.67,970.78,973.93,188.965
2024-05-01 04:00:00,19.82717,79.4253,1593.082,199.909,81846.8,1809116.0,509.47,1710.86,501.4,151.818
2024-05-01 08:00:00,24.79301,51.338,1968.019,159.431,49082.7,806369.0,415.74,1476.81,1022.68,89.93
2024-05-01 12:00:00,16.019,39.9687,2645.946,176.578,76510.8,1014336.0,567.85,2477.91,1645.93,1020.982
2024-05-01 16:00:00,31.05601,83.6854,5866.79,152.08,151269.2,2378913.0,877.93,3447.01,6388.74,233.095
2024-05-01 20:00:00,11.84204,29.6897,2163.41,78.534,55743.6,844788.0,2916.47,294.55,1233.65,99.231
2024-05-02 00:00:00,10.04294,33.0821,2055.434,109.92,15797.6,609517.0,340.4,899.27,1328.42,74.809
2024-05-02 04:00:00,4.03962,7.7181,1117.442,65.981,15254.5,222626.0,195.43,884.39,298.38,146.137
2024-05-02 08:00:00,3.76317,20.5656,2195.015,108.537,16603.4,601557.0,168.69,1067.85,1383.11,105.077
2024-05-02 12:00:00,11.95546,17.4771,3489.89,105.43,67954.5,712610.0,1454.7,1164.55,558.03,289.938
2024-05-02 16:00:00,9.68415,41.5009,2117.37,27.52,24232.3,738260.0,194.24,2235.56,903.83,111.076
2024-05-02 20:00:00,6.14715,26.2941,1761.985,125.054,131367.8,312103.0,91.14,336.66,725.67,129.154
2024-05-03 00:00:00,7.6743,37.6681,1861.588,91.184,35557.0,782005.0,171.05,566.95,179.23,99.579
2024-05-03 04:00:00,2.05944,17.4828,800.931,49.791,44597.5,549577.0,258.95,967.86,394.71,166.36
2024-05-03 08:00:00,3.11923,7.4572,720.281,40.321,23125.3,193273.0,405.22,229.62,184.83,117.501
2024-05-03 12:00:00,30.15592,57.0551,2940.222,779.034,89466.5,2009773.0,675.04,580.41,1983.83,256.86
2024-05-03 16:00:00,10.84918,27.4443,629.794,347.914,17511.0,1145591.0,122.21,703.62,261.48,88.837
2024-05-03 20:00:00,15.22737,37.3196,567.705,56.246,40745.4,1633446.0,879.52,747.89,605.16,130.113
2024-05-04 00:00:00,9.38249,25.021,600.116,70.094,56721.0,1282857.0,218.3,1062.53,730.49,65.609
2024-05-04 04:00:00,2.33751,24.7893,548.781,84.762,15265.0,931089.0,566.21,1613.73,84.24,31.88
2024-05-04 08:00:00,7.67885,43.1963,725.758,60.157,28335.8,2083731.0,372.23,165.67,362.29,92.078
2024-05-04 12:00:00,5.0665,19.0574,1266.674,63.432,54152.5,3380822.0,64.27,91.29,178.42,260.806
2024-05-04 16:00:00,10.17055,13.3155,981.546,28.385,33812.1,999476.0,1232.78,566.25,107.18,31.154
2024-05-04 20:00:00,8.17971,33.4709,1228.266,20.875,31442.5,1318293.0,170.84,333.77,180.88,265.488
2024-05-05 00:00:00,6.90559,36.9178,1398.803,25.88,65164.0,3245877.0,843.77,247.44,474.46,417.319
2024-05-05 04:00:00,1.19002,7.7214,367.265,19.11,11297.7,452150.0,225.96,290.41,21.24,31.106
2024-05-05 08:00:00,1.36247,22.5113,74.649,20.59,9030.3,229567.0,279.99,110.11,172.82,67.792
2024-05-05 12:00:00,4.22115,31.6494,1757.596,76.275,28865.9,281957.0,143.87,1173.54,133.88,86.395
2024-05-05 16:00:00,5.5318,10.3304,1563.677,69.216,20303.3,773772.0,1085.73,1115.14,234.68,60.077
2024-05-05 20:00:00,2.04348,11.5539,281.924,53.271,22392.5,364671.0,322.0,1455.52,77.75,192.643
2024-05-06 00:00:00,3.95345,29.9902,1737.352,117.195,25865.4,1298827.0,2477.48,6159.79,4296.69,40.504
2024-05-06 04:00:00,4.74749,57.8801,548.483,90.669,16516.8,72574.0,412.58,1528.8,224.08,160.388
2024-05-06 08:00:00,14.1622,30.2605,3556.023,142.776,38996.8,1537708.0,770.25,1065.49,732.92,67.048
2024-05-06 12:00:00,12.59303,123.7368,3534.167,126.822,104367.6,1742356.0,1006.92,6739.18,1010.65,71.346
2024-05-06 16:00:00,5.72248,38.2623,845.567,29.875,60438.1,1241198.0,514.37,4688.77,452.79,97.488
2024-05-06 20:00:00,3.53678,10.4989,1555.448,35.548,22223.6,953905.0,131.83,265.62,243.21,60.867
2024-05-07 00:00:00,8.73994,43.7081,3195.797,67.146,22576.5,583040.0,485.88,223.2,447.27,159.191
2024-05-07 04:00:00,2.30309,6.0032,545.45,42.58,18166.3,474389.0,108.63,791.96,71.25,55.458
2024-05-07 08:00:00,1.8822,14.8817,1481.738,80.019,14081.3,373322.0,1509.82,308.68,491.95,20.475
2024-05-07 12:00:00,7.768,18.0397,1751.405,80.321,17056.4,194505.0,835.13,355.68,355.72,574.519
2024-05-07 16:00:00,3.83359,15.7912,2131.495,37.831,41978.5,360130.0,770.3,299.19,368.31,80.534
2024-05-07 20:00:00,9.67103,21.0719,5153.586,43.901,53784.2,412707.0,569.0,464.07,594.22,80.762
2024-05-08 00:00:00,1.84032,67.7207,1423.088,31.127,37967.5,306607.0,312.02,1679.23,204.62,70.796
2024-05-08 04:00:00,1.67617,47.7822,1242.228,57.638,11982.0,338815.0,404.84,6262.45,408.61,236.212
2024-05-08 08:00:00,3.1724,9.2103,707.612,42.97,5870.2,238132.0,254.08,116.83,36.28,77.412
2024-05-08 12:00:00,8.34916,41.877,3172.773,118.728,178827.5,365151.0,577.39,755.57,360.57,128.564
2024-05-08 16:00:00,5.27914,29.9021,1868.862,35.336,70472.5,319853.0,735.91,161.21,116.71,247.408
2024-05-08 20:00:00,10.22526,62.3547,2978.918,55.345,23827.7,794049.0,260.5,199.44,414.92,173.284
2024-05-09 00:00:00,10.35102,15.2937,1043.278,113.926,34754.5,371271.0,634.55,3390.9,310.36,302.036
2024-05-09 04:00:00,3.0613,24.4893,336.692,60.788,44914.4,512772.0,161.11,406.16,395.12,42.365
2024-05-09 08:00:00,3.03021,19.4161,1099.604,24.195,39107.8,274236.0,128.63,848.87,926.96,92.3
2024-05-09 12:00:00,4.99195,21.1889,2658.731,173.011,10041.1,786513.0,84.78,197.14,454.83,81.867
2024-05-09 16:00:00,9.22356,24.2404,1237.51,162.823,67497.5,381608.0,156.42,438.17,471.55,25.943
2024-05-09 20:00:00,12.55644,12.9435,3432.225,48.485,66042.9,698912.0,358.22,509.06,655.91,66.446
2024-05-10 00:00:00,6.95731,28.7588,687.801,42.732,50937.5,688833.0,1551.58,191.09,44.25,82.463
2024-05-10 04:00:00,2.94912,6.1577,730.644,25.256,20599.6,410670.0,298.16,99.66,501.64,99.881
2024-05-10 08:00:00,1.76786,6.6342,630.615,59.409,6278.6,270377.0,356.18,197.7,515.35,45.806
2024-05-10 12:00:00,28.88471,91.9141,4859.525,60.748,111718.0,1660328.0,448.43,1801.17,582.67,129.886
2024-05-10 16:00:00,9.43393,68.0495,1014.256,71.433,70378.1,358671.0,181.98,923.01,507.97,433.817
2024-05-10 20:00:00,3.54759,13.6025,2280.05,246.831,56110.1,271384.0,873.52,1383.05,290.63,314.977
2024-05-11 00:00:00,3.87663,15.5328,884.194,115.932,4350.9,331951.0,63.47,80.29,732.65,169.53
2024-05-11 04:00:00,2.28968,12.8961,426.214,46.696,16124.9,60792.0,149.18,327.52,20.72,33.835
2024-05-11 08:00:00,0.68882,6.5305,189.059,18.531,10244.1,254069.0,262.73,241.27,277.02,20.571
2024-05-11 12:00:00,4.46617,12.8538,958.219,55.986,53450.7,152620.0,138.44,2222.79,174.31,135.549
2024-05-11 16:00:00,1.61662,6.0491,804.632,56.271,58496.6,323608.0,101.78,559.05,97.22,125.338
2024-05-11 20:00:00,2.45107,14.4949,306.56,74.379,22795.1,168810.0,26.13,304.78,284.49,149.897
2024-05-12 00:00:00,0.92521,5.0149,185.925,17.252,11907.1,81688.0,39.89,1448.15,140.72,111.046
2024-05-12 04:00:00,4.29943,4.2194,310.859,348.4,113601.6,461305.0,107.05,2645.92,1120.69,7.477
2024-05-12 08:00:00,1.26427,8.2201,111.721,20.75,35212.2,208871.0,82.28,70.79,59.94,33.134
2024-05-12 12:00:00,3.29664,5.6337,471.473,68.129,3342.7,70951.0,35.88,116.72,1544.57,60.948
2024-05-12 16:00:00,2.48121,4.708,181.468,53.247,11781.9,93090.0,43.4,497.13,7776.84,289.551
2024-05-12 20:00:00,0.66509,34.2477,441.783,316.564,8186.7,147169.0,149.78,348.02,281.48,75.597
2024-05-13 00:00:00,5.98734,45.9644,1572.895,79.083,42242.3,675406.0,559.74,691.88,664.0,657.155
2024-05-13 04:00:00,2.63638,21.6196,433.947,73.332,20883.6,403374.0,126.09,257.21,464.87,17.951
2024-05-13 08:00:00,11.00849,25.2497,1581.832,569.028,14291.3,641997.0,173.55,402.03,193.03,211.548
2024-05-13 12:00:00,12.83534,31.3946,1273.171,111.277,31393.6,1571566.0,244.87,454.58,9645.78,32.011
2024-05-13 16:00:00,7.01515,22.3872,2504.36,76.125,18784.2,2292271.0,392.25,427.51,647.47,242.773
2024-05-13 20:00:00,2.94043,25.6656,1498.663,59.07,16415.4,451081.0,137.31,1881.19,314.94,55.279
2024-05-14 00:00:00,3.62199,25.5752,443.828,43.958,50700.7,363108.0,745.08,319.34,405.92,194.036
2024-05-14 04:00:00,3.67709,9.6514,592.037,69.611,21741.6,826888.0,357.68,563.74,487.52,74.506
2024-05-14 08:00:00,6.50643,6.226,146.7,34.683,31359.0,461451.0,1552.81,1786.78,163.95,182.168
2024-05-14 12:00:00,6.45242,51.4636,1799.545,233.444,24629.0,998929.0,470.26,375.07,393.78,188.07
2024-05-14 16:00:00,3.57252,21.0141,578.524,113.542,26437.8,702569.0,341.27,213.0,800.47,169.114
2024-05-14 20:00:00,0.93079,28.0501,506.648,88.452,7962.4,467239.0,114.71,240.42,75.97,24.568
2024-05-15 00:00:00,2.34125,16.5082,189.609,84.006,11337.6,273644.0,1331.87,77.13,225.86,239.593
2024-05-15 04:00:00,1.02827,4.9073,90.878,25.281,20725.7,613941.0,138.97,25.05,124.13,16.71
2024-05-15 08:00:00,4.99254,17.8948,256.12,37.161,12638.3,576316.0,138.37,1492.81,97.45,191.926
2024-05-15 12:00:00,32.78719,53.4498,5471.254,104.778,45289.4,1301120.0,847.04,2146.72,638.17,97.417
2024-05-15 16:00:00,24.34982,67.0432,1994.739,65.515,180590.7,641173.0,324.25,276.28,1054.15,170.454
2024-05-15 20:00:00,6.76539,85.8701,2587.709,57.139,89909.5,1910642.0,586.01,1321.76,870.71,197.762
2024-05-16 00:00:00,6.85883,39.653,4944.558,63.278,95393.4,761842.0,524.28,1689.18,169.39,48.233
2024-05-16 04:00:00,1.70415,12.4273,1809.939,19.371,40586.1,279499.0,47.19,449.89,189.57,36.876
2024-05-16 08:00:00,3.45593,12.9372,1057.758,26.79,30305.5,250403.0,638.23,335.69,79.27,32.834
2024-05-16 12:00:00,13.42704,37.0902,4197.642,103.858,110889.6,639094.0,441.17,3848.86,790.37,195.805
2024-05-16 16:00:00,11.88371,29.8709,4670.837,273.549,82557.2,431920.0,126.27,238.21,3611.3,187.041
2024-05-16 20:00:00,2.44461,19.2361,1818.228,46.069,79217.1,125826.0,89.03,284.21,4181.49,83.153
2024-05-17 00:00:00,3.48727,18.9064,1740.141,123.268,18952.9,405185.0,398.9,418.85,4010.55,21.273
2024-05-17 04:00:00,3.07853,34.7073,3385.273,64.703,179118.4,983509.0,1295.25,2531.61,1902.28,65.041
2024-05-17 08:00:00,7.59889,18.4023,4351.393,47.396,195199.3,243309.0,335.87,473.77,2493.11,38.995
2024-05-17 12:00:00,12.85465,72.6368,3840.025,88.662,53506.9,289393.0,252.16,509.18,2735.88,164.743
2024-05-17 16:00:00,11.77879,48.5449,3633.982,89.433,75547.4,675631.0,374.08,210.75,782.15,204.643
2024-05-17 20:00:00,1.33634,25.2681,1770.126,23.712,13274.4,505816.0,123.21,138.22,681.69,39.656
2024-05-18 00:00:00,1.65902,41.5414,1848.583,15.529,13534.8,250673.0,311.34,270.75,707.43,48.956
2024-05-18 04:00:00,2.28108,21.561,541.901,42.611,6016.3,117844.0,144.5,77.04,201.8,44.595
2024-05-18 08:00:00,4.49673,27.5683,968.604,16.127,25270.6,119491.0,252.89,159.04,697.08,132.112
2024-05-18 12:00:00,5.21154,13.8891,839.927,84.186,54105.7,609432.0,538.42,580.98,2521.33,28.407
2024-05-18 16:00:00,1.08219,19.0693,872.055,70.25,71679.1,104643.0,212.34,429.71,239.45,108.761
2024-05-18 20:00:00,1.59138,9.8759,857.166,26.683,180785.8,264858.0,299.16,281.71,355.5,20.579
2024-05-19 00:00:00,2.98064,27.3417,789.897,42.013,9269.1,783386.0,623.62,10.83,464.14,68.531
2024-05-19 04:00:00,0.7805,3.0727,444.92,31.064,4124.0,301415.0,153.58,116.37,1558.76,6.478
2024-05-19 08:00:00,3.30936,7.7013,1217.753,15.044,11412.6,268317.0,120.68,161.16,947.48,67.55
2024-05-19 12:00:00,7.81128,28.5593,2282.779,49.403,104020.9,242866.0,191.38,1163.81,1567.49,154.391
2024-05-19 16:00:00,3.41055,19.8118,2179.699,30.881,15732.1,206926.0,368.94,391.41,2377.66,37.591
2024-05-19 20:00:00,8.27367,19.2203,902.575,106.692,11743.8,503085.0,110.44,180.94,1055.51,44.38
2024-05-20 00:00:00,2.27341,17.4838,2719.188,46.141,19800.5,262747.0,386.53,367.26,1162.92,36.162
2024-05-20 04:00:00,2.09017,16.3757,3791.7,16.812,22321.7,771081.0,448.13,360.81,675.97,50.528
2024-05-20 08:00:00,1.33062,7.2313,793.898,30.88,4664.7,653869.0,780.55,138.87,227.45,19.437
2024-05-20 12:00:00,12.44853,26.5418,1140.937,73.691,41537.0,386842.0,233.17,724.97,828.04,9.232
2024-05-20 16:00:00,39.05996,327.8739,3600.43,262.304,197531.2,1043359.0,1750.9,4223.74,1903.46,222.941
2024-05-20 20:00:00,34.72665,536.5036,4587.767,404.574,180452.4,2622234.0,1322.95,2417.51,1902.85,203.837
2024-05-21 00:00:00,21.23148,469.0631,3741.855,315.566,233358.4,753679.0,701.85,3093.23,1175.74,360.872
2024-05-21 04:00:00,3.67388,54.8486,949.821,784.172,23722.4,272253.0,607.53,621.61,1449.79,48.277
2024-05-21 08:00:00,3.93194,419.0815,626.02,399.967,15079.8,317198.0,73.78,456.81,118.46,182.231
2024-05-21 12:00:00,22.56061,1073.319,3789.799,431.066,193053.5,2846420.0,1375.9,920.44,1169.26,124.822
2024-05-21 16:00:00,9.94219,138.7851,2091.531,100.415,55851.2,1598831.0,561.5,3216.93,2236.88,96.063
2024-05-21 20:00:00,6.19625,119.2572,2418.474,328.191,93786.9,824737.0,176.72,123.54,305.0,158.399
2024-05-22 00:00:00,15.78824,50.875,1233.829,468.343,24515.6,1231846.0,512.99,909.32,635.82,77.497
2024-05-22 04:00:00,9.93899,212.4147,1183.077,143.237,42029.2,246641.0,480.98,791.29,385.27,57.961
2024-05-22 08:00:00,3.70709,91.0384,769.82,231.662,15938.3,138248.0,311.99,531.77,163.45,46.962
2024-05-22 12:00:00,10.2317,118.4897,1208.338,147.855,402315.1,643991.0,525.14,919.01,1520.33,182.643
2024-05-22 16:00:00,4.89036,76.8225,1408.509,100.463,46671.8,428949.0,255.67,597.98,535.33,35.966
2024-05-22 20:00:00,6.38543,72.0465,1075.662,87.505,110067.3,143274.0,212.41,578.2,306.91,58.463
2024-05-23 00:00:00,2.08755,63.9471,1205.303,24.299,20145.0,392567.0,146.49,973.64,175.34,78.164
2024-05-23 04:00:00,1.36105,51.739,292.746,42.304,4838.7,208431.0,63.0,120.96,397.67,12.156
2024-05-23 08:00:00,3.38473,311.8728,1177.041,57.393,34723.0,193457.0,476.89,2467.57,308.86,203.068
2024-05-23 12:00:00,17.23918,390.754,2718.874,460.992,226691.6,1294037.0,1323.54,2902.49,1993.5,422.273
2024-05-23 16:00:00,10.50817,349.743,1184.661,208.395,64141.0,701067.0,437.67,1860.17,1017.57,235.827
2024-05-23 20:00:00,11.84331,640.799,6826.802,323.156,92327.9,1839623.0,922.06,1718.72,1759.99,505.155
2024-05-24 00:00:00,3.29154,84.3897,2011.535,38.455,15100.5,165552.0,129.63,167.16,2493.72,691.337
2024-05-24 04:00:00,5.06333,146.4577,1636.543,40.489,13780.7,2891077.0,377.17,443.41,1777.71,502.108
2024-05-24 08:00:00,1.9916,31.2519,1208.1,46.287,13788.5,191892.0,118.08,430.7,1398.17,66.414
2024-05-24 12:00:00,7.15976,65.027,1748.421,45.787,18385.9,2234791.0,204.69,1227.02,1265.63,32.872
2024-05-24 16:00:00,8.4226,99.3241,1001.598,81.901,23073.9,361110.0,411.59,698.7,1163.47,318.601
2024-05-24 20:00:00,2.13273,33.5622,809.464,104.746,7966.4,713238.0,100.4,191.98,542.52,84.724
2024-05-25 00:00:00,2.3013,21.6692,614.608,118.705,6062.2,186248.0,56.65,415.11,217.02,41.725
2024-05-25 04:00:00,3.09673,54.7745,396.74,35.946,9799.7,40807.0,51.03,168.66,55.7,8.556
2024-05-25 08:00:00,3.30981,17.5641,245.122,53.401,12820.5,636886.0,26.54,121.17,43.15,52.979
2024-05-25 12:00:00,1.86947,26.8436,275.122,28.541,51197.9,509355.0,514.14,264.26,266.17,60.863
2024-05-25 16:00:00,4.85341,8.3337,284.386,48.15,9450.5,645146.0,88.81,199.84,240.45,33.896
2024-05-25 20:00:00,1.84545,15.9875,493.753,38.906,22804.6,266365.0,17.76,732.21,437.94,17.363
2024-05-26 00:00:00,1.43857,22.1272,562.251,28.863,25935.3,486948.0,205.63,1263.04,1333.12,33.53
2024-05-26 04:00:00,0.99077,30.7731,418.713,13.235,4207.7,157265.0,45.04,58.08,465.01,93.446
2024-05-26 08:00:00,1.31526,32.8238,507.215,64.846,3117.9,123055.0,161.24,97.26,435.87,21.491
2024-05-26 12:00:00,2.21396,102.595,566.026,128.082,90889.7,408515.0,360.57,581.84,287.41,7.773
2024-05-26 16:00:00,2.28074,54.4183,919.037,49.577,72623.4,57554.0,242.45,246.09,55.12,28.008
2024-05-26 20:00:00,2.4967,51.9615,1025.738,156.727,39670.3,374867.0,409.78,429.15,847.67,190.483
2024-05-27 00:00:00,2.75093,114.5413,256.221,65.161,17461.1,268307.0,346.4,141.6,1034.83,69.25
2024-05-27 04:00:00,1.09448,65.3841,415.482,54.301,26669.5,262957.0,199.48,775.22,241.1,76.915
2024-05-27 08:00:00,1.57308,29.9674,876.815,12.902,102038.2,101834.0,88.2,251.4,116.07,39.92
2024-05-27 12:00:00,9.90211,95.1005,1403.75,54.798,51797.4,699600.0,364.12,967.3,1068.89,198.916
2024-05-27 16:00:00,10.9001,46.2537,3231.09,81.031,199258.6,432647.0,677.61,2112.21,3539.7,192.369
2024-05-27 20:00:00,8.73047,51.8408,382.697,23.011,27640.9,551662.0,305.97,340.72,877.67,39.808
2024-05-28 00:00:00,12.57945,113.8855,1508.594,115.107,94242.2,595803.0,568.3,432.82,1771.32,509.786
2024-05-28 04:00:00,5.87252,42.0089,636.019,24.101,25259.8,514418.0,413.01,552.0,283.17,88.357
2024-05-28 08:00:00,2.15063,51.2991,702.166,37.319,13384.6,234971.0,83.65,334.46,156.72,39.747
2024-05-28 12:00:00,7.30259,60.1309,1809.426,61.786,24335.2,769801.0,209.25,780.64,729.39,79.871
2024-05-28 16:00:00,12.66759,164.3816,916.335,47.275,63531.3,258973.0,333.13,1615.37,1174.06,57.205
2024-05-28 20:00:00,2.6597,31.4477,684.035,31.862,4548.2,649548.0,114.93,435.56,922.11,53.275
2024-05-29 00:00:00,2.51453,23.405,582.648,33.642,10808.7,750609.0,137.03,297.7,547.87,232.623
2024-05-29 04:00:00,2.81413,31.9417,1047.0,57.219,8706.1,322718.0,119.1,344.01,205.33,362.308
2024-05-29 08:00:00,2.54987,31.2035,347.131,46.223,48456.5,528881.0,231.37,1339.92,986.14,86.729
2024-05-29 12:00:00,6.84459,77.0045,1117.225,94.273,30548.9,605642.0,766.24,1293.15,6099.35,28.349
2024-05-29 16:00:00,3.94056,38.2365,755.281,61.429,89635.1,177716.0,893.75,1401.72,1607.6,64.292
2024-05-29 20:00:00,2.67598,38.139,736.05,33.304,96990.4,703856.0,237.29,376.17,709.97,32.287
2024-05-30 00:00:00,2.78449,49.6281,690.555,54.037,47728.4,174730.0,392.86,227.5,852.96,61.552
2024-05-30 04:00:00,2.51949,38.9655,1029.657,24.778,106337.4,1255676.0,645.03,1520.49,1450.66,76.511
2024-05-30 08:00:00,1.62029,11.798,363.304,80.089,25819.5,196906.0,395.73,871.74,325.79,35.094
2024-05-30 12:00:00,6.01021,36.4011,777.122,45.093,33042.2,760412.0,667.35,568.68,203.35,110.88
2024-05-30 16:00:00,7.42281,64.8524,824.484,48.709,78974.8,499731.0,361.81,768.57,255.59,158.768
2024-05-30 20:00:00,7.28032,26.4523,1319.314,14.131,80555.5,691323.0,722.52,135.77,255.68,136.799
2024-05-31 00:00:00,2.52266,28.6503,611.239,27.064,25251.1,19826.0,104.26,549.63,618.8,52.716
2024-05-31 04:00:00,1.19627,35.1817,241.613,141.42,7369.5,102853.0,881.44,1245.41,99.48,541.058
2024-05-31 08:00:00,1.72177,36.9868,249.608,26.067,45773.7,115850.0,91.44,83.36,127.47,78.565
2024-05-31 12:00:00,10.33491,80.494,1171.222,66.141,154321.0,391585.0,403.6,469.92,1309.62,151.417
2024-05-31 16:00:00,8.70763,57.8879,1407.878,92.605,80717.0,612118.0,618.85,1165.07,1029.94,40.184
2024-05-31 20:00:00,2.671,20.2412,314.968,82.726,32790.7,455777.0,101.24,82.26,1629.72,48.452
2024-06-01 00:00:00,0.78452,14.1405,235.19,22.55,28978.2,93188.0,198.08,32.2,177.72,34.06
2024-06-01 04:00:00,0.87463,7.4926,138.717,28.907,12241.9,70691.0,20.31,212.43,325.6,24.221
2024-06-01 08:00:00,0.13519,22.0312,213.358,16.931,20059.5,30061.0,44.58,179.23,117.92,22.496
2024-06-01 12:00:00,1.47253,24.3898,629.805,72.781,61795.9,249448.0,194.39,138.56,69.17,29.133
2024-06-01 16:00:00,1.00214,16.9481,325.455,105.188,27488.1,63690.0,19.7,1049.74,54.72,132.976
2024-06-01 20:00:00,1.97515,34.3928,833.986,462.415,75801.0,134882.0,240.66,153.13,256.09,26.225
2024-06-02 00:00:00,2.20355,25.4265,389.809,201.895,27050.1,496767.0,52.09,174.57,140.95,30.707
2024-06-02 04:00:00,1.81056,18.1872,196.611,72.451,2116.4,37947.0,60.26,64.79,514.67,26.931
2024-06-02 08:00:00,1.44164,31.9365,160.113,43.593,15861.7,426287.0,146.55,153.83,147.56,91.146
2024-06-02 12:00:00,4.1624,11.9711,342.898,17.048,9379.4,94095.0,76.99,1945.14,261.17,51.839
2024-06-02 16:00:00,4.40715,44.8254,1103.564,35.371,36542.4,436819.0,1203.92,3009.14,156.69,45.17
2024-06-02 20:00:00,2.75237,10.2781,433.744,57.481,3474.3,33675.0,92.49,537.44,163.39,10.367
2024-06-03 00:00:00,5.7932,36.9207,712.054,98.33,147095.5,516729.0,149.61,1680.99,1471.62,43.007
2024-06-03 04:00:00,3.23989,31.4412,378.716,470.345,10001.5,239601.0,1066.71,398.92,420.1,33.788
2024-06-03 08:00:00,1.18847,5.9037,445.318,293.909,11010.2,386085.0,77.93,63.56,127.76,32.114
2024-06-03 12:00:00,14.10086,74.9238,1283.979,368.64,69614.2,595268.0,385.49,949.65,348.85,52.226
2024-06-03 16:00:00,4.24523,28.0713,891.706,72.547,132493.7,119081.0,108.97,258.51,259.36,88.11
2024-06-03 20:00:00,7.1984,86.0266,1019.33,83.294,23247.1,205905.0,137.84,223.75,403.37,61.0
2024-06-04 00:00:00,2.75304,21.3499,272.087,133.558,117799.2,138933.0,565.05,1419.0,252.66,313.236
2024-06-04 04:00:00,2.09524,14.4029,305.911,362.797,25122.4,172099.0,61.22,37.05,138.02,90.542
2024-06-04 08:00:00,1.42632,22.9019,151.662,488.239,25767.1,96909.0,85.23,157.23,451.05,45.57
2024-06-04 12:00:00,19.62357,49.9258,1734.847,889.479,80566.4,233226.0,308.84,1760.84,126.04,53.983
2024-06-04 16:00:00,16.82594,97.0377,1814.895,392.667,66158.7,385306.0,519.79,887.3,376.09,89.46
2024-06-04 20:00:00,7.08741,124.5045,684.309,1190.813,58511.2,442546.0,324.96,496.32,831.51,384.227
2024-06-05 00:00:00,13.33628,132.797,1834.354,1080.756,79135.5,475949.0,400.31,564.53,267.5,170.788
2024-06-05 04:00:00,4.21245,78.1428,381.431,491.019,42036.2,527103.0,270.49,234.1,2475.05,209.365
2024-06-05 08:00:00,1.72903,81.7803,137.866,190.761,9236.1,1332065.0,47.4,262.75,215.99,196.078
2024-06-05 12:00:00,8.43885,27.6783,1043.117,128.528,221909.7,533525.0,129.91,42.51,361.31,330.526
2024-06-05 16:00:00,8.28646,110.6806,852.994,200.061,34407.1,373456.0,340.35,902.87,473.86,80.736
2024-06-05 20:00:00,6.76706,123.0717,410.119,420.356,31426.2,379641.0,447.27,540.05,359.6,193.837
2024-06-06 00:00:00,1.98588,66.896,592.097,258.908,19942.9,321257.0,291.22,1110.56,177.57,132.144
2024-06-06 04:00:00,1.4627,48.5472,365.691,157.114,36552.6,480493.0,97.36,142.39,1003.91,46.26
2024-06-06 08:00:00,5.21616,5.2349,244.536,120.344,4253.2,201072.0,223.93,75.46,257.0,255.37
2024-06-06 12:00:00,6.54472,27.4461,290.28,265.792,25186.6,381618.0,198.61,908.81,254.35,57.266
2024-06-06 16:00:00,7.7215,64.1693,903.282,76.574,54250.7,613370.0,308.26,1943.05,340.04,153.485
2024-06-06 20:00:00,6.27987,73.3999,717.04,90.963,51824.3,570580.0,350.19,1260.9,390.5,21.699
2024-06-07 00:00:00,3.87693,24.8479,292.685,134.842,56453.2,95991.0,196.42,1339.61,69.37,548.336
2024-06-07 04:00:00,4.52643,39.2196,319.541,22.421,38843.2,627175.0,56.94,193.89,241.71,43.069
2024-06-07 08:00:00,2.01299,20.679,137.187,20.89,213828.9,250277.0,92.13,208.12,52.03,43.475
2024-06-07 12:00:00,9.34988,65.0937,487.223,126.156,179584.8,979545.0,1164.48,857.94,475.8,74.837
2024-06-07 16:00:00,25.72726,362.6076,4551.689,372.703,355013.5,3410500.0,3263.7,7783.92,3480.43,764.54
2024-06-07 20:00:00,5.25092,27.0453,1403.96,158.243,19684.3,445730.0,398.19,978.47,471.14,70.186
2024-06-08 00:00:00,1.94979,24.7402,411.501,114.799,19536.5,291128.0,199.86,915.32,255.1,89.061
2024-06-08 04:00:00,0.50326,7.161,357.337,25.972,14240.7,266152.0,113.52,3067.96,1186.83,3.803
2024-06-08 08:00:00,0.53434,4.3312,464.033,16.563,40671.8,260395.0,179.05,433.55,557.27,17.346
2024-06-08 12:00:00,3.46156,16.0314,2081.569,42.76,31281.8,268559.0,656.94,1154.58,585.63,52.885
2024-06-08 16:00:00,1.67709,7.7469,2117.149,24.525,58853.6,380177.0,183.36,289.07,464.35,85.448
2024-06-08 20:00:00,2.06787,20.6589,3514.795,168.014,41800.6,61746.0,269.04,778.71,85.68,51.774
2024-06-09 00:00:00,3.66329,7.5625,1319.751,93.118,14528.9,394876.0,50.02,435.86,341.36,60.932
2024-06-09 04:00:00,0.4474,3.0474,751.161,39.039,4893.0,105214.0,13.21,22.75,155.21,9.963
2024-06-09 08:00:00,0.79673,14.0198,497.61,14.955,53641.2,123454.0,33.7,88.29,69.44,14.841
2024-06-09 12:00:00,2.0868,18.6471,327.66,67.867,16993.2,214484.0,51.04,1605.59,156.65,47.386
2024-06-09 16:00:00,2.20937,7.333,747.46,37.406,15378.7,83655.0,378.93,181.41,117.5,9.985
2024-06-09 20:00:00,0.31928,28.3902,74.722,30.346,112872.4,136379.0,85.77,85.36,340.99,28.518
2024-06-10 00:00:00,1.34507,15.8448,435.454,140.102,21904.9,72823.0,222.48,199.62,723.82,55.193
2024-06-10 04:00:00,2.00745,22.3674,388.684,186.247,202113.3,465533.0,306.48,592.74,364.93,57.833
2024-06-10 08:00:00,0.66963,17.387,223.333,78.581,42262.4,108704.0,88.82,294.38,106.05,8.409
2024-06-10 12:00:00,1.73247,11.068,635.942,351.742,182228.2,75179.0,110.71,3543.29,343.66,31.828
2024-06-10 16:00:00,4.61255,34.8229,428.624,109.386,22997.4,374979.0,132.78,490.48,567.32,63.626
2024-06-10 20:00:00,1.77581,27.0745,208.044,368.863,20902.1,154222.0,86.75,228.13,175.7,65.653
2024-06-11 00:00:00,10.08078,75.7972,1110.742,164.844,248909.4,712324.0,1030.4,727.73,1282.96,200.422
2024-06-11 04:00:00,12.33941,59.8261,1772.794,191.518,114638.4,724203.0,234.43,697.36,533.64,308.562
2024-06-11 08:00:00,9.86253,22.8365,462.947,52.979,127533.6,120268.0,210.01,396.51,1017.63,43.527
2024-06-11 12:00:00,10.40302,90.2684,4640.012,1333.207,163112.9,892527.0,643.57,1504.74,1299.68,247.714
2024-06-11 16:00:00,4.53561,75.9238,2789.396,54.077,158602.7,1111016.0,353.45,500.16,1400.16,84.45
2024-06-11 20:00:00,1.53122,29.5536,263.021,63.527,16767.0,252372.0,55.51,8129.22,99.06,53.253
2024-06-12 00:00:00,2.30883,40.715,1036.425,98.838,9291.7,872778.0,250.7,318.55,340.62,68.735
2024-06-12 04:00:00,3.01434,19.6151,538.822,30.111,7208.6,453132.0,211.9,435.47,119.65,9.137
2024-06-12 08:00:00,2.5922,23.1349,1323.248,78.126,12188.2,88346.0,88.14,178.14,455.39,25.278
2024-06-12 12:00:00,13.15563,183.6905,2847.961,175.336,184759.5,1481421.0,597.35,982.91,1116.57,97.422
2024-06-12 16:00:00,9.48776,67.3091,1149.8,80.722,121908.4,1061542.0,845.64,3583.83,1552.34,228.981
2024-06-12 20:00:00,6.44093,38.5419,657.791,45.233,83432.4,566784.0,376.06,537.92,432.94,159.437
2024-06-13 00:00:00,2.93286,36.0499,676.273,73.346,20718.8,1310515.0,1515.17,566.77,425.59,47.196
2024-06-13 04:00:00,1.11734,27.5298,249.783,40.107,15515.9,145831.0,77.46,518.13,62.02,8.184
2024-06-13 08:00:00,1.55743,11.6574,313.761,48.868,22042.9,108192.0,139.99,208.52,373.68,38.385
2024-06-13 12:00:00,12.01221,63.5501,1479.002,106.437,100756.3,362795.0,644.07,2711.75,614.05,53.045
2024-06-13 16:00:00,3.07708,27.2154,1400.975,115.249,93731.8,37532.0,90.17,1318.69,257.82,217.643
2024-06-13 20:00:00,2.84064,19.5836,2322.183,190.604,12455.6,1352113.0,477.97,268.23,180.23,69.136
2024-06-14 00:00:00,1.34104,14.1017,744.851,163.946,40826.0,133900.0,853.52,216.42,228.77,27.463
2024-06-14 04:00:00,1.8978,18.3626,425.95,347.046,48953.9,20640.0,210.41,1614.97,186.38,51.197
2024-06-14 08:00:00,1.49765,15.0905,220.534,39.818,23324.1,90976.0,341.11,1260.06,60.73,64.641
2024-06-14 12:00:00,4.37218,19.3879,1844.748,20.962,13984.0,192985.0,336.69,1116.53,285.45,46.044
2024-06-14 16:00:00,24.90661,109.7483,4942.031,414.719,117609.8,1793529.0,1497.65,1487.42,1860.51,161.965
2024-06-14 20:00:00,2.44279,100.8523,1206.666,60.913,33842.8,668412.0,1733.47,749.0,4204.03,44.048
2024-06-15 00:00:00,2.69065,34.4266,529.51,29.805,184818.3,60826.0,158.03,216.45,457.84,71.469
2024-06-15 04:00:00,2.39305,137.2282,1017.778,22.651,18393.6,182043.0,40.25,371.03,407.96,15.518
2024-06-15 08:00:00,0.69843,8.2435,58.165,15.661,9383.1,42148.0,70.38,298.87,1233.26,8.209
2024-06-15 12:00:00,1.68459,62.1267,591.903,29.469,8106.0,17538.0,44.13,125.63,144.25,15.709
2024-06-15 16:00:00,1.62897,32.4405,417.748,21.075,15856.0,778492.0,44.94,502.14,37.16,42.123
2024-06-15 20:00:00,1.01154,28.6924,126.582,35.685,6655.6,60986.0,69.06,974.24,57.03,46.141
2024-06-16 00:00:00,0.76098,6.7933,88.559,83.248,8666.1,358988.0,153.26,93.79,148.35,31.784
2024-06-16 04:00:00,0.49736,8.3871,141.879,6.803,7884.9,22025.0,21.77,700.84,345.45,30.786
2024-06-16 08:00:00,0.6576,2.0201,178.271,9.606,120071.5,23789.0,85.99,409.61,61.45,10.303
2024-06-16 12:00:00,1.31172,15.39,498.305,42.113,14036.6,40633.0,38.75,712.44,2145.64,35.234
2024-06-16 16:00:00,1.34258,13.4693,806.368,189.672,7531.3,155163.0,707.12,217.92,26.28,296.038
2024-06-16 20:00:00,0.97608,34.5055,471.175,12.693,9512.0,221517.0,124.82,186.73,851.48,514.045
2024-06-17 00:00:00,2.86954,23.1921,1116.094,40.974,14548.9,128123.0,289.77,679.92,263.06,550.219
2024-06-17 04:00:00,2.29611,13.9659,280.734,179.493,181322.0,138039.0,349.21,585.56,387.3,50.823
2024-06-17 08:00:00,3.05352,59.6027,1240.191,30.159,14075.8,599320.0,248.04,781.49,1122.19,42.472
2024-06-17 12:00:00,7.66238,116.432,523.148,78.178,32644.8,491523.0,3778.75,997.37,355.58,117.106
2024-06-17 16:00:00,5.55662,49.6697,685.799,51.004,78283.1,518876.0,1371.84,4140.48,3644.34,186.463
2024-06-17 20:00:00,2.45856,8.0052,464.793,15.805,25792.8,185283.0,375.03,1350.54,1554.85,1019.474
2024-06-18 00:00:00,16.43478,128.9692,2764.895,479.065,221581.5,2420048.0,1413.73,6579.45,5456.84,803.863
2024-06-18 04:00:00,0.62386,12.3629,520.659,110.03,16979.6,257458.0,116.72,1406.13,299.71,23.413
2024-06-18 08:00:00,1.1085,42.6555,937.004,51.815,320526.3,466643.0,234.24,1808.58,304.25,21.729
2024-06-18 12:00:00,7.55943,40.8806,1839.588,52.241,310388.7,292687.0,298.8,2992.59,1041.38,376.893
2024-06-18 16:00:00,14.37824,59.3365,1270.277,56.317,177720.8,493699.0,442.06,1687.16,488.74,149.017
2024-06-18 20:00:00,5.89348,49.4364,1484.391,188.065,223359.2,297013.0,153.11,723.72,4949.58,102.142
2024-06-19 00:00:00,8.25602,83.4447,739.241,158.739,35472.1,706466.0,836.7,487.04,2721.82,128.927
2024-06-19 04:00:00,2.25914,38.0746,297.173,97.34,29116.1,150535.0,75.19,236.4,1615.99,18.292
2024-06-19 08:00:00,0.44773,10.9818,260.986,39.545,13041.4,59788.0,31.65,2953.86,341.37,28.561
2024-06-19 12:00:00,4.31502,17.3015,304.908,56.307,12006.3,129021.0,135.04,670.01,1941.71,24.519
2024-06-19 16:00:00,2.39977,36.7867,727.711,74.208,20735.0,475848.0,518.44,712.66,4078.44,26.927
2024-06-19 20:00:00,1.41499,15.5831,481.06,201.711,18890.5,499963.0,70.69,157.91,2664.72,12.527
2024-06-20 00:00:00,3.86007,9.3283,831.241,40.34,28734.5,106542.0,334.0,276.05,790.67,44.594
2024-06-20 04:00:00,1.74351,15.7038,333.229,49.343,6364.1,157464.0,337.36,627.24,587.43,25.849
2024-06-20 08:00:00,3.68175,11.0389,400.673,31.744,7916.5,401428.0,230.19,246.35,254.04,40.933
2024-06-20 12:00:00,7.77068,61.2008,1077.597,33.005,300201.5,256923.0,481.25,1083.94,1788.57,81.36
2024-06-20 16:00:00,1.68709,27.4857,557.069,24.327,28977.4,299410.0,152.83,287.5,1356.88,39.212
2024-06-20 20:00:00,2.2003,13.1457,297.647,40.946,18636.4,19099.0,151.02,1806.97,102.49,156.683
2024-06-21 00:00:00,0.97747,11.2896,516.447,46.857,75351.9,152964.0,98.47,475.98,475.63,16.923
2024-06-21 04:00:00,2.69348,14.143,529.705,17.333,45326.0,5763.0,142.02,221.54,440.6,30.776
2024-06-21 08:00:00,3.93534,30.3718,614.483,55.342,5662.7,187038.0,231.67,752.34,687.87,35.84
2024-06-21 12:00:00,5.20576,45.3523,1141.864,35.842,19313.4,193414.0,469.95,3219.89,1103.24,117.037
2024-06-21 16:00:00,2.06087,57.2311,518.295,55.996,19323.4,156913.0,262.97,282.97,1761.82,157.748
2024-06-21 20:00:00,1.58796,24.5189,1591.683,111.237,33859.7,144521.0,93.33,542.24,601.03,97.043
2024-06-22 00:00:00,0.71973,5.331,1097.976,57.139,19790.4,33405.0,397.17,877.78,1458.74,33.023
2024-06-22 04:00:00,1.5474,3.4821,479.628,33.521,7908.6,64405.0,3698.06,804.21,338.02,11.104
2024-06-22 08:00:00,0.11587,3.7781,121.449,31.637,5620.2,18956.0,103.75,305.51,256.72,19.305
2024-06-22 12:00:00,1.02073,7.4146,624.263,16.77,75661.1,40565.0,388.97,431.09,812.15,84.646
2024-06-22 16:00:00,0.80223,8.1778,246.698,29.561,33416.4,49291.0,217.43,124.97,126.93,38.117
2024-06-22 20:00:00,0.94212,14.5768,70.798,72.982,26344.4,78719.0,73.16,23.51,1172.74,56.192
2024-06-23 00:00:00,0.83351,8.4062,121.645,46.182,21757.8,59869.0,93.47,206.14,192.85,19.301
2024-06-23 04:00:00,0.62353,5.1315,50.493,24.594,7776.8,60200.0,398.75,4744.65,179.25,16.951
2024-06-23 08:00:00,0.1134,2.7794,73.43,13.559,9617.9,27070.0,235.46,1030.57,235.17,67.628
2024-06-23 12:00:00,0.54697,16.7301,503.859,16.885,10154.5,57132.0,719.98,2593.21,305.11,10.223
2024-06-23 16:00:00,1.36012,9.377,1327.815,44.295,19293.4,65457.0,2027.66,396.6,1726.48,103.305
2024-06-23 20:00:00,4.65913,41.1543,1195.715,13.304,28897.9,693934.0,620.21,278.39,347.62,61.462
2024-06-24 00:00:00,8.25722,29.0826,2147.454,64.234,38595.0,345985.0,280.8,476.61,545.81,210.256
2024-06-24 04:00:00,3.93124,34.624,1284.696,75.249,57382.6,325721.0,470.15,1664.79,604.53,122.593
2024-06-24 08:00:00,12.56307,146.7835,867.311,75.455,39427.4,533186.0,1468.34,1887.47,596.97,242.552
2024-06-24 12:00:00,5.81147,49.4179,784.993,46.064,37554.9,123080.0,641.53,625.9,1462.88,72.917
2024-06-24 16:00:00,14.32315,49.7032,2497.1,99.488,50886.8,774847.0,954.01,1017.67,364.28,423.832
2024-06-24 20:00:00,11.71593,140.0443,1319.857,190.901,65262.6,405029.0,2340.68,894.17,1922.97,183.837
2024-06-25 00:00:00,5.80209,31.3978,1031.179,168.946,39529.6,503483.0,1485.89,502.52,696.61,156.522
2024-06-25 04:00:00,2.29922,32.9684,552.974,119.533,76983.4,231981.0,663.61,779.72,300.12,36.849
2024-06-25 08:00:00,2.35098,16.8766,475.963,106.27,24511.6,151650.0,130.95,338.06,130.4,72.804
2024-06-25 12:00:00,5.94166,28.4029,1244.587,70.224,29919.1,357065.0,641.28,2902.92,240.48,62.373
2024-06-25 16:00:00,4.45403,14.8606,1029.217,30.653,47044.8,376616.0,84.1,185.24,3082.71,52.852
2024-06-25 20:00:00,4.78771,20.3586,540.206,43.687,25332.7,148417.0,51.09,147.64,739.83,21.173
2024-06-26 00:00:00,2.97199,26.6423,1326.261,35.387,29481.6,40460.0,144.87,715.37,1050.69,34.476
2024-06-26 04:00:00,3.35488,3.7733,1488.143,87.374,25478.0,23993.0,117.75,126.41,234.53,17.368
2024-06-26 08:00:00,1.05616,5.4709,108.722,12.353,5858.3,41270.0,620.05,157.48,114.46,16.047
2024-06-26 12:00:00,3.28573,14.9113,831.503,24.407,60796.5,70472.0,1560.6,463.83,917.32,36.67
2024-06-26 16:00:00,5.01598,57.1069,299.298,26.795,45123.0,132146.0,335.09,1552.13,147.77,30.346
2024-06-26 20:00:00,2.40594,27.8458,1518.273,175.169,4881.4,71099.0,1306.9,164.13,141.93,4.482
2024-06-27 00:00:00,2.92426,14.8442,387.056,81.128,24304.5,105592.0,319.43,495.43,131.04,23.314
2024-06-27 04:00:00,2.69673,4.9527,160.998,14.258,13966.3,39734.0,142.61,907.91,430.59,24.068
2024-06-27 08:00:00,2.9751,2.0183,764.015,17.127,8565.3,243865.0,332.13,744.0,209.38,13.524
2024-06-27 12:00:00,6.68098,52.202,5243.831,69.061,74595.4,498122.0,888.27,3752.29,413.67,28.702
2024-06-27 16:00:00,4.33945,17.562,1907.198,190.793,15812.4,294928.0,439.3,313.89,5319.46,133.446
2024-06-27 20:00:00,1.59715,12.5315,1725.936,48.832,68866.5,707199.0,282.71,670.61,100.15,88.226
2024-06-28 00:00:00,5.73884,19.9104,2380.472,76.319,16683.6,48706.0,203.99,181.89,2785.5,114.745
2024-06-28 04:00:00,4.49798,12.0345,324.3,36.806,12476.9,91060.0,177.35,989.66,1632.45,22.04
2024-06-28 08:00:00,1.09196,3.5154,991.64,15.488,8899.5,126664.0,400.54,422.51,106.4,91.366
2024-06-28 12:00:00,4.7435,34.3899,894.062,36.232,141770.5,244099.0,381.08,470.08,688.07,74.029
2024-06-28 16:00:00,5.42755,35.4268,1235.561,79.782,42440.8,278267.0,104.63,995.31,1467.92,68.745
2024-06-28 20:00:00,6.37789,46.4591,543.304,88.907,9822.0,83086.0,224.85,323.7,556.07,137.775
2024-06-29 00:00:00,3.94537,9.6606,1070.403,205.93,55106.0,46054.0,1439.0,252.68,270.94,19.995
2024-06-29 04:00:00,0.46533,14.3915,690.238,210.798,16970.1,20761.0,938.82,185.21,33.82,110.802
2024-06-29 08:00:00,1.70546,3.9915,332.647,16.378,8853.0,17575.0,98.49,100.31,254.3,599.363
2024-06-29 12:00:00,2.2426,16.0115,118.972,4.465,13627.1,36496.0,207.44,135.14,668.31,642.091
2024-06-29 16:00:00,0.61908,1.8797,151.595,15.919,16863.9,57209.0,65.28,143.37,3035.46,308.574
2024-06-29 20:00:00,1.06718,8.6121,370.616,61.839,13297.9,33058.0,419.7,6.33,273.47,241.305
2024-06-30 00:00:00,2.43917,29.9477,184.82,43.544,37288.8,130223.0,119.4,223.12,120.88,89.988
2024-06-30 04:00:00,1.18795,5.4045,400.974,67.404,6594.4,152636.0,435.35,859.02,129.14,154.298
2024-06-30 08:00:00,0.34633,1.7547,833.99,9.117,3029.9,28195.0,90.57,312.71,449.86,139.463
2024-06-30 12:00:00,1.90241,7.87,2103.907,7.59,37022.0,58544.0,194.4,20.67,36.07,67.116
2024-06-30 16:00:00,3.39785,10.7379,1621.864,85.396,9391.8,159440.0,98.68,475.68,2156.58,146.781
2024-06-30 20:00:00,3.5086,50.3343,969.836,41.157,14311.7,539422.0,591.44,182.16,4842.83,122.985
2024-07-01 00:00:00,6.49654,49.8717,3824.106,20.634,36262.6,572702.0,836.19,645.56,1953.76,313.839
2024-07-01 04:00:00,0.91386,9.294,231.685,81.451,7951.7,777222.0,40.42,1388.71,40.59,91.548
2024-07-01 08:00:00,1.35822,4.1579,1106.027,581.408,17558.8,66873.0,138.42,326.91,75.2,50.444
2024-07-01 12:00:00,3.11636,10.007,420.462,28.635,212459.6,166381.0,708.13,827.46,1308.51,95.176
2024-07-01 16:00:00,4.75192,11.6649,2541.767,48.193,50424.3,230145.0,1376.14,950.83,283.28,79.975
2024-07-01 20:00:00,1.75955,27.8257,311.088,30.925,76923.2,291875.0,335.29,4104.04,2773.2,133.028
2024-07-02 00:00:00,1.21061,8.4132,593.14,15.383,35038.9,561922.0,267.61,1723.81,81.92,43.904
2024-07-02 04:00:00,1.45346,14.2922,632.858,19.924,56751.9,79225.0,176.46,1146.31,755.21,150.309
2024-07-02 08:00:00,0.66782,1.8827,301.615,11.572,161208.0,99632.0,416.45,1454.12,517.21,76.532
2024-07-02 12:00:00,5.73241,27.2009,2415.488,37.958,61918.9,216508.0,800.89,324.44,2739.67,26.998
2024-07-02 16:00:00,4.0771,63.7818,1828.465,45.36,39187.4,171066.0,156.66,997.9,1160.88,73.134
2024-07-02 20:00:00,1.68108,3.0129,3712.233,37.562,12753.2,43258.0,218.93,974.94,1113.81,173.359
2024-07-03 00:00:00,5.6277,35.4735,2272.535,40.361,160497.0,211914.0,864.4,486.5,245.83,322.883
2024-07-03 04:00:00,0.94053,14.1407,905.807,16.472,46883.5,116192.0,40.15,184.97,373.91,20.745
2024-07-03 08:00:00,5.20974,50.5349,2640.504,62.387,27110.8,371369.0,239.03,2723.94,547.01,117.123
2024-07-03 12:00:00,7.07123,26.8561,1582.758,140.522,28855.1,414112.0,341.7,2126.0,2210.37,38.011
2024-07-03 16:00:00,4.07604,29.5798,1055.927,52.614,32773.1,110547.0,194.99,900.69,6658.25,121.863
2024-07-03 20:00:00,3.72901,40.9324,1536.66,126.828,17194.2,24264.0,3365.14,404.39,799.5,148.045
2024-07-04 00:00:00,18.80277,99.1676,3479.176,175.44,52911.8,415061.0,839.31,1221.99,1730.51,207.75
2024-07-04 04:00:00,3.69008,11.9148,1040.312,50.422,28317.6,100786.0,144.47,477.13,288.04,110.741
2024-07-04 08:00:00,8.50918,59.736,522.386,82.368,14970.2,408911.0,1451.79,610.08,238.13,46.229
2024-07-04 12:00:00,10.74711,172.9564,2229.908,123.845,224087.2,2015611.0,1779.89,1639.25,4043.68,182.883
2024-07-04 16:00:00,6.06586,68.9164,533.217,22.608,88323.5,462682.0,60.97,190.6,207.45,96.219
2024-07-04 20:00:00,7.38332,54.5901,1074.627,70.802,154112.6,625225.0,484.84,2786.11,1564.26,253.336
2024-07-05 00:00:00,14.15625,141.2571,3299.919,563.081,347205.9,2345140.0,1749.29,5031.79,4870.2,2000.597
2024-07-05 04:00:00,11.52232,116.0225,1953.891,526.905,145091.5,816771.0,710.31,2628.33,1977.07,236.575
2024-07-05 08:00:00,4.98435,51.2748,2224.757,257.58,38365.6,215143.0,346.96,1939.12,997.82,152.861
2024-07-05 12:00:00,13.6879,74.3908,2446.578,119.454,26080.1,976577.0,1221.98,7101.72,1327.95,585.44
2024-07-05 16:00:00,6.68018,48.6686,1370.325,31.489,15813.9,341435.0,143.05,868.48,2624.23,453.812
2024-07-05 20:00:00,1.99105,10.6658,575.257,16.48,6496.6,226378.0,178.13,377.23,60.81,62.412
2024-07-06 00:00:00,1.57425,16.2472,742.21,29.156,21440.1,884865.0,323.5,1245.4,359.58,138.226
2024-07-06 04:00:00,0.99526,8.6156,299.713,14.198,15451.2,110080.0,218.12,1319.38,144.56,12.729
2024-07-06 08:00:00,1.52613,16.4257,1072.845,33.972,14108.7,50033.0,276.13,482.24,178.76,58.561
2024-07-06 12:00:00,3.72417,14.8643,1338.949,44.191,49426.8,223163.0,360.27,960.9,400.32,324.37
2024-07-06 16:00:00,5.04354,11.863,1876.393,141.347,178160.2,836936.0,251.72,853.06,323.88,141.579
2024-07-06 20:00:00,7.34997,25.1682,1105.335,80.073,21630.0,222180.0,198.53,206.7,2421.28,79.463
2024-07-07 00:00:00,3.30771,9.565,1606.115,110.502,16192.5,186722.0,3402.91,241.61,1142.96,1382.426
2024-07-07 04:00:00,3.76089,16.9837,534.834,32.398,5449.4,58248.0,322.72,532.2,247.2,54.773
2024-07-07 08:00:00,2.81151,12.3813,632.972,11.283,5717.0,70765.0,41.64,215.09,67.79,21.539
2024-07-07 12:00:00,5.37324,46.4219,681.402,82.591,216256.2,373665.0,453.33,825.39,716.25,180.09
2024-07-07 16:00:00,2.47049,16.0278,346.231,37.944,20498.4,328259.0,184.3,122.72,158.83,33.64
2024-07-07 20:00:00,5.15436,32.5068,549.846,20.407,28505.5,327011.0,141.03,660.75,1104.35,224.622
2024-07-08 00:00:00,11.64314,61.7215,2341.671,46.548,97983.3,780304.0,749.58,1288.11,700.88,157.972
2024-07-08 04:00:00,2.55653,4.9492,573.908,118.159,23557.2,256632.0,120.97,597.58,4696.26,113.145
2024-07-08 08:00:00,10.9601,36.8962,1806.906,36.771,138625.7,651337.0,257.59,2095.3,522.95,204.337
2024-07-08 12:00:00,13.94583,84.2903,2159.594,81.476,51612.6,509108.0,392.23,2055.24,959.11,247.746
2024-07-08 16:00:00,3.10323,44.8267,1086.762,72.527,13158.9,143782.0,123.18,44.69,1927.74,339.753
2024-07-08 20:00:00,4.23556,37.9299,2178.768,58.402,5288.7,208215.0,59.21,570.72,647.61,181.859
2024-07-09 00:00:00,2.66512,21.8512,1741.886,23.427,27280.6,384803.0,434.74,2788.38,568.86,83.683
2024-07-09 04:00:00,3.95125,11.8591,1384.829,19.451,5886.2,29672.0,220.47,4053.55,93.63,88.506
2024-07-09 08:00:00,1.49043,23.4737,538.994,21.494,78686.4,155765.0,257.46,1048.38,138.13,17.665
2024-07-09 12:00:00,6.85873,18.8894,2172.48,57.995,22926.4,522984.0,218.59,559.78,373.78,301.485
2024-07-09 16:00:00,4.98015,28.0522,1497.518,73.719,70154.1,196827.0,70.74,277.07,1124.28,158.179
2024-07-09 20:00:00,4.29811,22.6083,662.222,37.98,54751.2,48098.0,176.81,118.56,3264.77,23.461
2024-07-10 00:00:00,1.07039,9.5824,1610.247,47.123,9249.6,517868.0,133.86,141.11,1239.37,293.124
2024-07-10 04:00:00,4.46961,23.4376,2812.365,60.132,56043.9,312962.0,209.47,608.08,1347.9,19.19
2024-07-10 08:00:00,1.80773,7.3197,298.644,51.207,2730.1,24161.0,83.22,334.29,162.74,144.858
2024-07-10 12:00:00,5.07364,49.6701,1900.459,83.088,3299.5,50177.0,133.92,733.24,1846.75,60.418
2024-07-10 16:00:00,3.52991,54.2971,1242.184,28.497,247083.2,164216.0,129.83,958.27,2005.24,45.954
2024-07-10 20:00:00,3.80849,37.5217,3027.448,48.504,40393.0,613839.0,91.57,32.25,3025.48,20.256
2024-07-11 00:00:00,6.08877,23.3037,1001.152,158.235,142787.0,242406.0,192.27,206.18,711.45,283.458
2024-07-11 04:00:00,0.73968,7.0855,165.999,3.886,48717.5,26807.0,558.96,36.11,672.25,33.912
2024-07-11 08:00:00,1.07333,10.9939,184.168,37.551,33314.4,44361.0,388.33,328.57,124.15,47.812
2024-07-11 12:00:00,8.82495,60.0543,2058.268,174.27,51643.7,375403.0,949.43,648.24,2957.79,135.385
2024-07-11 16:00:00,2.53754,21.3148,1082.426,30.273,20075.1,66415.0,117.98,314.58,1209.24,92.902
2024-07-11 20:00:00,1.72007,66.0074,1058.786,44.284,175913.2,66394.0,64.76,125.78,2002.2,597.923
2024-07-12 00:00:00,4.2311,16.6158,480.46,119.3,190295.2,418801.0,205.79,1383.13,230.76,547.409
2024-07-12 04:00:00,1.09866,22.7027,649.207,40.848,8485.0,37176.0,65.21,129.1,264.42,25.995
2024-07-12 08:00:00,0.42727,15.1851,680.323,10.549,9951.5,25661.0,43.66,208.92,145.19,190.074
2024-07-12 12:00:00,2.34362,37.6768,795.044,46.256,55243.8,73785.0,237.52,331.97,2805.4,107.713
2024-07-12 16:00:00,7.83323,40.0075,1177.174,31.869,73055.1,345049.0,661.24,311.51,1974.4,152.933
2024-07-12 20:00:00,2.5029,31.8957,1436.312,60.728,76909.4,275290.0,228.66,417.87,515.12,146.052
2024-07-13 00:00:00,1.12933,12.5018,637.516,54.491,11682.8,122150.0,39.1,677.39,184.66,99.919
2024-07-13 04:00:00,0.39812,5.3988,237.202,48.972,31514.0,54408.0,64.66,468.86,253.56,57.73
2024-07-13 08:00:00,2.73957,9.3974,241.941,76.151,10849.2,52412.0,100.19,367.78,98.13,20.41
2024-07-13 12:00:00,11.45497,23.6221,275.319,71.06,197272.6,81810.0,289.32,1695.34,921.19,68.515
2024-07-13 16:00:00,3.39382,21.2153,313.447,92.286,79154.5,699993.0,172.88,1499.94,658.04,119.442
2024-07-13 20:00:00,9.73008,73.1716,841.333,41.057,195850.5,644414.0,195.93,542.21,2114.51,196.526
2024-07-14 00:00:00,10.70744,45.5925,1339.392,57.225,59742.3,346057.0,175.98,691.29,289.76,58.269
2024-07-14 04:00:00,3.15915,23.9209,600.032,34.885,19437.5,17866.0,181.27,82.91,81.1,26.392
2024-07-14 08:00:00,1.87696,29.6847,649.631,15.566,13572.6,31053.0,103.49,167.41,256.74,31.27
2024-07-14 12:00:00,2.1014,7.6936,691.325,24.829,329851.1,56292.0,66.78,153.66,1694.18,19.973
2024-07-14 16:00:00,1.15542,13.8888,621.432,38.928,24554.3,63735.0,15.6,189.41,157.91,64.407
2024-07-14 20:00:00,12.85219,56.1521,1566.204,84.721,19168.8,349780.0,591.96,493.85,4207.25,29.033
2024-07-15 00:00:00,17.14689,84.3714,4991.466,233.577,24447.3,409201.0,1294.98,1040.17,536.16,836.528
2024-07-15 04:00:00,4.47018,33.3065,921.378,44.323,78532.2,90591.0,48.43,251.6,145.42,28.384
2024-07-15 08:00:00,1.90247,33.5374,405.354,25.819,11404.8,537126.0,121.96,1889.28,164.23,170.122
2024-07-15 12:00:00,4.25154,30.7706,774.186,253.943,67626.1,302688.0,211.1,332.94,146.23,36.606
2024-07-15 16:00:00,13.50986,29.8871,2517.233,86.937,53834.4,668021.0,241.61,111.67,1314.88,105.595
2024-07-15 20:00:00,11.56894,38.9251,2228.307,157.42,60939.4,696136.0,184.74,1296.94,2205.26,93.135
2024-07-16 00:00:00,4.61443,22.3009,2306.601,123.123,84534.1,217302.0,317.71,286.54,8513.37,75.766
2024-07-16 04:00:00,15.33536,29.9137,2413.654,36.365,67174.6,362566.0,527.69,3947.07,732.42,143.763
2024-07-16 08:00:00,4.49563,29.0455,1116.435,69.037,34507.3,123358.0,292.08,2571.03,303.17,27.407
2024-07-16 12:00:00,15.17004,142.9352,1073.939,105.666,67008.3,407951.0,772.59,3870.37,2073.62,137.711
2024-07-16 16:00:00,6.34683,78.9648,725.952,68.821,127325.4,229131.0,927.47,1840.9,704.86,302.944
2024-07-16 20:00:00,5.61676,35.4113,649.33,34.19,20446.1,89462.0,244.82,526.8,1072.29,51.191
2024-07-17 00:00:00,10.73473,56.8516,1338.235,54.552,202205.1,279104.0,542.9,652.59,2117.75,95.308
2024-07-17 04:00:00,1.70946,26.2876,254.546,73.879,21354.3,83826.0,100.7,198.87,332.6,12.575
2024-07-17 08:00:00,2.48149,13.8816,1033.44,74.699,12535.6,66691.0,148.17,248.71,142.04,26.975
2024-07-17 12:00:00,6.2199,26.59,1329.174,44.344,93518.5,151119.0,777.09,1916.54,2670.77,31.004
2024-07-17 16:00:00,11.44023,75.9209,1874.595,69.028,64307.6,414131.0,199.58,1364.68,2687.46,57.146
2024-07-17 20:00:00,4.01491,16.1837,628.582,79.418,32159.9,248337.0,204.71,796.61,622.37,69.006
2024-07-18 00:00:00,8.79667,19.2422,358.725,31.566,140726.7,105190.0,156.86,298.6,174.76,64.675
2024-07-18 04:00:00,5.40974,48.5667,347.837,20.533,28245.2,94891.0,38.88,256.77,503.4,33.145
2024-07-18 08:00:00,0.76343,14.1288,720.305,21.567,11539.2,118325.0,15.46,4301.84,467.38,39.493
2024-07-18 12:00:00,7.82855,87.7698,1127.681,636.31,368018.6,218738.0,358.04,527.74,1720.62,162.118
2024-07-18 16:00:00,3.43677,31.0487,788.883,416.526,60485.8,268807.0,138.53,389.08,267.9,49.453
2024-07-18 20:00:00,1.44179,20.1061,1019.486,87.813,52203.7,84434.0,172.7,2928.43,954.89,83.131
2024-07-19 00:00:00,9.74883,36.9551,462.276,41.961,31062.8,294433.0,98.68,1283.5,227.41,105.329
2024-07-19 04:00:00,1.07663,22.941,1019.914,33.333,29781.4,40179.0,103.46,333.99,675.38,74.214
2024-07-19 08:00:00,1.86346,23.2477,527.304,22.28,7619.3,69564.0,99.1,104.56,24.58,74.489
2024-07-19 12:00:00,7.39273,37.5837,2719.94,134.062,103812.6,164608.0,335.14,1777.84,268.85,49.768
2024-07-19 16:00:00,19.84097,106.9936,1824.213,151.512,168816.1,511855.0,274.35,1913.0,831.9,148.951
2024-07-19 20:00:00,5.24096,54.2023,1889.158,387.142,56427.8,249530.0,79.68,164.82,1260.92,412.593
2024-07-20 00:00:00,6.44284,6.0366,824.131,52.587,86447.7,174616.0,50.12,1802.06,150.9,78.133
2024-07-20 04:00:00,1.32099,7.8516,105.766,35.217,7435.5,373779.0,195.35,59.15,75.59,147.072
2024-07-20 08:00:00,0.31168,25.9211,306.989,47.932,11880.6,97565.0,66.27,117.88,314.95,13.731
2024-07-20 12:00:00,1.95173,12.718,331.132,32.367,29416.9,756254.0,82.89,162.41,130.14,13.438
2024-07-20 16:00:00,15.09155,52.425,1616.982,92.028,88967.7,1058115.0,490.12,266.82,174.71,35.949
2024-07-20 20:00:00,1.05237,11.5108,1474.455,57.215,102658.5,345661.0,206.23,1489.15,636.02,22.836
2024-07-21 00:00:00,0.6428,15.0082,423.067,67.142,58091.6,254324.0,334.43,361.28,219.77,78.24
2024-07-21 04:00:00,0.47812,10.0312,718.54,19.249,20473.7,111451.0,216.14,551.6,284.42,10.962
2024-07-21 08:00:00,0.16002,2.6435,85.415,10.938,7778.0,40482.0,180.45,28.12,256.74,17.407
2024-07-21 12:00:00,3.61089,18.7906,1075.192,65.613,54614.6,212414.0,1754.89,278.45,772.52,80.674
2024-07-21 16:00:00,5.72162,88.9843,2066.442,95.107,79560.3,961516.0,1850.75,743.21,977.97,234.434
2024-07-21 20:00:00,13.57191,55.5052,2319.041,96.465,84432.9,1993326.0,1055.49,1159.96,1056.33,31.283
2024-07-22 00:00:00,6.03692,25.5032,1423.282,65.007,22898.1,560385.0,196.48,380.71,629.73,49.674
2024-07-22 04:00:00,2.93684,30.6856,1513.679,99.121,11850.5,501377.0,266.96,434.26,336.84,89.336
2024-07-22 08:00:00,8.69283,11.8061,552.885,18.253,6222.5,165753.0,139.32,174.98,30.37,9.25
2024-07-22 12:00:00,4.56951,43.524,1344.638,59.835,44239.5,511921.0,218.95,346.25,416.87,89.281
2024-07-22 16:00:00,7.15269,33.7278,720.854,43.049,16181.6,582723.0,955.03,160.4,553.4,86.364
2024-07-22 20:00:00,4.32812,44.528,363.634,151.17,21930.5,701084.0,239.69,607.96,403.52,54.389
2024-07-23 00:00:00,2.60281,28.9822,1018.396,94.997,51051.3,104275.0,271.56,2092.52,687.56,116.848
2024-07-23 04:00:00,6.98832,13.7406,1028.802,39.434,173091.8,251321.0,549.66,619.92,541.28,59.611
2024-07-23 08:00:00,0.81317,105.2419,1138.044,45.467,147118.0,270843.0,227.85,315.41,727.86,53.169
2024-07-23 12:00:00,5.87979,62.769,1735.915,80.906,59414.8,337427.0,274.96,1435.94,1446.87,196.148
2024-07-23 16:00:00,6.00319,48.6227,1172.017,61.55,70917.4,603893.0,390.88,1258.8,271.39,163.122
2024-07-23 20:00:00,1.3567,27.7886,1053.24,26.873,76526.7,230356.0,153.08,537.31,109.15,69.748
2024-07-24 00:00:00,3.75369,27.3561,1348.288,55.855,18532.7,68178.0,406.17,270.66,45.53,60.685
2024-07-24 04:00:00,1.71387,5.5558,345.705,46.718,19741.2,17810.0,232.31,18.77,74.52,229.612
2024-07-24 08:00:00,1.08251,12.1213,1672.504,24.243,15461.9,225474.0,513.14,2217.6,53.43,623.478
2024-07-24 12:00:00,6.66302,56.7771,1420.518,26.15,44148.8,252540.0,267.28,263.31,83.47,156.083
2024-07-24 16:00:00,7.11789,132.2611,1853.262,160.843,35524.1,605082.0,352.13,269.91,215.69,70.178
2024-07-24 20:00:00,4.81419,109.5667,1991.441,167.554,94901.9,713659.0,267.88,1034.6,580.32,736.297
2024-07-25 00:00:00,10.74643,162.8584,3747.259,152.306,82817.1,1098286.0,3900.42,7563.02,915.61,1363.112
2024-07-25 04:00:00,2.40462,56.3036,955.415,33.607,44600.0,134314.0,617.64,352.53,682.31,34.244
2024-07-25 08:00:00,1.22937,14.0872,1189.217,27.787,23577.2,161823.0,80.62,204.63,122.08,62.324
2024-07-25 12:00:00,6.42104,73.3593,1488.286,59.846,88431.7,239537.0,1005.6,540.67,339.59,56.904
2024-07-25 16:00:00,2.54832,79.1395,2313.783,33.339,46246.8,503271.0,568.72,672.86,323.67,56.146
2024-07-25 20:00:00,9.91988,26.9647,1668.895,37.824,41704.1,171030.0,321.71,789.06,252.58,41.681
2024-07-26 00:00:00,11.29125,79.2907,1909.114,76.086,55036.0,804825.0,134.89,1547.79,205.99,697.744
2024-07-26 04:00:00,3.4742,37.1773,478.607,75.872,68299.2,605618.0,2561.98,85.26,103.91,61.462
2024-07-26 08:00:00,1.65408,16.5951,1109.995,28.592,6715.4,66390.0,78.5,199.75,1981.5,34.282
2024-07-26 12:00:00,8.82171,18.5803,1978.048,35.025,35604.6,507246.0,370.03,185.63,498.78,25.844
2024-07-26 16:00:00,5.06993,22.5865,925.4,20.225,41856.4,523551.0,123.4,1928.75,183.18,51.17
2024-07-26 20:00:00,1.88179,20.9539,764.172,41.669,25555.1,358392.0,1020.54,1275.35,117.02,34.543
2024-07-27 00:00:00,2.33402,21.6513,604.481,35.858,34029.1,302979.0,65.31,152.76,252.41,114.507
2024-07-27 04:00:00,1.43353,18.151,1257.556,20.601,37677.9,70872.0,4.37,1722.13,403.53,37.838
2024-07-27 08:00:00,0.81579,16.0973,409.405,42.654,2404.3,165082.0,9.61,224.32,80.75,30.203
2024-07-27 12:00:00,12.69768,57.6137,2207.025,47.14,120751.9,908346.0,495.66,3923.45,2776.73,70.124
2024-07-27 16:00:00,9.89286,17.0942,1900.032,166.114,38650.6,1049456.0,391.31,1472.11,1360.06,37.746
2024-07-27 20:00:00,21.09459,103.3749,2828.87,143.793,44070.6,1250664.0,3581.9,424.77,282.72,81.562
2024-07-28 00:00:00,2.09227,12.1228,897.541,20.796,35180.4,565951.0,139.25,306.93,67.26,56.873
2024-07-28 04:00:00,4.6422,28.9273,258.904,3.467,17594.6,235554.0,837.9,133.81,102.35,144.092
2024-07-28 08:00:00,1.36502,4.5689,229.81,10.639,15891.6,213616.0,70.58,33.27,261.05,19.703
2024-07-28 12:00:00,1.05914,9.7045,332.725,58.067,13723.3,345154.0,1043.17,43.39,162.59,7.106
2024-07-28 16:00:00,0.83616,24.5947,428.988,56.686,5845.9,387348.0,686.61,145.83,130.71,42.452
2024-07-28 20:00:00,1.8435,7.4323,149.679,31.969,105984.6,760091.0,199.01,1066.42,136.18,27.386
2024-07-29 00:00:00,18.12045,43.7907,4014.934,175.776,76808.1,426261.0,394.68,505.47,948.93,198.335
2024-07-29 04:00:00,2.40071,54.3046,1877.114,33.24,26044.0,82880.0,164.82,42.71,347.29,238.218
2024-07-29 08:00:00,0.79693,16.2791,395.575,20.579,7340.8,26380.0,210.0,542.98,99.56,47.654
2024-07-29 12:00:00,17.63565,44.4186,2439.372,59.767,56923.1,296619.0,835.23,2605.15,198.3,174.292
2024-07-29 16:00:00,5.40706,35.0259,2883.486,344.755,49310.8,78111.0,351.1,2040.45,234.87,155.603
2024-07-29 20:00:00,3.27239,29.8539,1757.354,55.536,18408.3,77676.0,138.83,759.42,48.27,92.579
2024-07-30 00:00:00,6.64934,23.9192,723.068,89.677,62074.6,235099.0,209.43,1494.19,186.06,48.925
2024-07-30 04:00:00,2.16408,7.5363,308.245,6.007,20905.6,80247.0,104.94,164.09,353.92,475.852
2024-07-30 08:00:00,0.52199,17.7614,270.102,21.781,22086.1,15986.0,84.24,139.4,161.46,24.937
2024-07-30 12:00:00,7.17094,37.5486,1397.6,39.162,133535.4,283385.0,611.55,1689.65,302.78,243.228
2024-07-30 16:00:00,4.13502,39.809,2139.754,59.333,149374.1,426252.0,90.75,915.63,812.08,238.967
2024-07-30 20:00:00,3.71911,20.7232,749.099,47.249,56784.1,459629.0,389.57,470.2,562.88,107.235
2024-07-31 00:00:00,1.48826,16.5204,761.035,32.396,211053.8,317292.0,138.73,432.14,129.08,238.118
2024-07-31 04:00:00,1.07395,14.7017,662.827,26.753,34727.8,180459.0,1607.83,156.96,256.29,540.615
2024-07-31 08:00:00,0.55299,2.438,681.21,35.989,67021.9,42334.0,196.85,43.63,57.56,17.015
2024-07-31 12:00:00,2.07815,31.9843,650.556,43.818,37113.2,173038.0,107.17,379.22,110.71,22.05
2024-07-31 16:00:00,5.77657,55.9567,1875.497,30.073,128255.9,677018.0,346.96,589.14,383.99,664.38
2024-07-31 20:00:00,14.59624,24.4626,1975.3,102.2,40198.5,182895.0,327.07,473.82,374.54,246.906
2024-08-01 00:00:00,14.07578,60.1738,1579.923,69.523,36513.8,646860.0,336.18,2165.93,739.28,78.445
2024-08-01 04:00:00,2.18051,23.1315,2354.732,48.936,35292.2,346645.0,3655.38,425.61,143.52,62.984
2024-08-01 08:00:00,1.98674,5.8133,662.365,27.965,13327.5,128521.0,72.07,39.55,1852.08,15.217
2024-08-01 12:00:00,9.93495,48.7261,2902.702,162.358,152634.7,360652.0,854.83,1482.05,222.59,100.918
2024-08-01 16:00:00,6.20534,49.1483,10415.878,965.596,89769.3,618665.0,1182.95,3716.28,744.94,365.862
2024-08-01 20:00:00,7.81919,39.3735,1869.69,65.348,69275.3,985065.0,283.82,708.03,1678.71,110.394
2024-08-02 00:00:00,2.9316,13.4632,2954.538,517.767,25643.7,362215.0,93.04,155.4,148.94,152.776
2024-08-02 04:00:00,4.19869,5.4087,1903.316,8.698,18288.5,177669.0,735.18,1533.08,226.31,120.899
2024-08-02 08:00:00,1.37912,12.4682,467.739,14.34,25423.0,297802.0,49.19,282.67,65.57,46.725
2024-08-02 12:00:00,28.45747,126.4812,2703.283,77.831,214270.0,904549.0,960.13,2120.7,877.61,532.199
2024-08-02 16:00:00,6.80138,86.7674,2564.99,71.371,36002.6,148423.0,450.82,310.8,306.53,99.648
2024-08-02 20:00:00,15.0049,98.0184,1980.315,433.664,25409.2,174046.0,547.25,321.48,108.56,161.68
2024-08-03 00:00:00,6.79469,44.8199,693.958,63.713,86988.9,506814.0,229.64,1108.54,632.42,741.244
2024-08-03 04:00:00,6.00927,166.1651,154.499,8.851,14978.6,296351.0,146.74,218.51,91.07,145.017
2024-08-03 08:00:00,0.9859,8.9545,427.276,34.768,3141.9,101396.0,86.07,113.52,74.74,82.815
2024-08-03 12:00:00,8.79813,32.1848,945.82,27.227,19897.5,172664.0,241.36,408.68,88.86,35.637
2024-08-03 16:00:00,18.39918,58.003,2860.901,21.886,79953.2,585425.0,561.02,7359.35,912.07,330.696
2024-08-03 20:00:00,6.24551,29.0113,1363.754,18.601,62460.3,847111.0,1115.03,415.59,893.32,133.501
2024-08-04 00:00:00,1.79795,12.3246,632.546,9.6,12868.0,204635.0,127.2,1013.92,140.32,100.989
2024-08-04 04:00:00,1.61214,8.7436,644.595,3.807,50557.7,59310.0,59.37,137.75,38.98,262.408
2024-08-04 08:00:00,0.4241,6.1661,753.396,13.206,7285.0,53315.0,16.47,1583.85,15.17,128.408
2024-08-04 12:00:00,7.88055,35.9406,2791.479,42.961,60031.3,588535.0,666.24,2076.4,1619.32,149.389
2024-08-04 16:00:00,22.67602,254.1607,4614.273,136.334,403870.6,523738.0,831.74,4238.68,2397.38,526.363
2024-08-04 20:00:00,9.86934,52.6263,2245.656,70.11,43024.3,369346.0,636.17,213.33,1224.56,140.081
2024-08-05 00:00:00,57.68286,379.4889,8622.231,364.742,744072.1,2128451.0,6283.1,4846.23,6794.8,2431.478
2024-08-05 04:00:00,40.71559,136.5718,12053.783,292.208,245668.9,1513542.0,3625.62,4953.62,5620.93,2127.692
2024-08-05 08:00:00,10.48724,40.6966,4008.324,54.596,67497.4,441165.0,550.28,1237.17,2208.8,81.16
2024-08-05 12:00:00,47.40468,250.5831,8633.726,270.285,338217.3,2142160.0,3766.89,1507.13,1312.45,624.01
2024-08-05 16:00:00,23.33441,76.4548,3750.908,226.003,114354.8,407072.0,3134.32,1470.13,1864.25,137.552
2024-08-05 20:00:00,9.34089,52.9147,5394.881,53.068,74102.0,383519.0,1061.33,523.69,911.52,70.447
2024-08-06 00:00:00,22.94295,87.6295,3368.441,90.503,55908.4,365066.0,489.23,600.1,612.23,653.404
2024-08-06 04:00:00,6.46208,25.8856,2916.042,263.516,20270.7,334903.0,2990.66,1280.75,400.75,69.195
2024-08-06 08:00:00,3.492,28.3762,1249.615,38.697,18578.8,372486.0,279.81,592.53,436.22,343.482
2024-08-06 12:00:00,10.79995,45.919,3405.893,110.956,33325.4,232239.0,307.15,1643.57,1253.1,53.458
2024-08-06 16:00:00,6.23695,36.9641,3346.404,110.78,24792.6,675701.0,254.74,1102.85,633.45,36.553
2024-08-06 20:00:00,5.01057,39.9362,3715.503,42.103,26867.4,67936.0,77.54,206.02,1803.12,30.998
2024-08-07 00:00:00,11.17605,29.5854,3767.349,96.903,99981.4,723148.0,295.67,2012.16,402.56,649.549
2024-08-07 04:00:00,4.04652,204.3054,4823.389,21.78,18524.4,279296.0,131.67,548.43,872.49,30.586
2024-08-07 08:00:00,3.85021,53.9025,897.59,39.086,8681.4,115992.0,49.31,201.81,101.0,28.072
2024-08-07 12:00:00,13.33126,97.1021,3002.864,83.928,11070.1,696108.0,534.92,5666.9,304.72,816.525
2024-08-07 16:00:00,21.05178,93.4457,5100.592,84.772,28332.7,562423.0,203.27,3833.31,439.08,259.693
2024-08-07 20:00:00,3.30466,71.3216,1759.647,72.359,102768.1,313777.0,238.53,3990.81,139.53,56.824
2024-08-08 00:00:00,11.65198,51.7204,3931.801,72.903,22211.1,360098.0,1138.26,5266.71,521.41,245.112
2024-08-08 04:00:00,2.42124,8.2624,1469.604,17.85,5854.8,65952.0,941.52,285.72,83.95,634.442
2024-08-08 08:00:00,1.16271,13.7592,987.983,52.244,5538.7,25232.0,210.89,141.24,77.04,14.731
2024-08-08 12:00:00,32.62439,117.8525,4537.942,21.712,69615.3,522895.0,793.27,2066.94,314.18,291.732
2024-08-08 16:00:00,10.40002,87.5559,3374.812,2639.178,92170.5,1033173.0,330.45,515.88,1470.77,145.578
2024-08-08 20:00:00,23.34005,118.2716,4136.657,105.157,68400.2,604608.0,551.0,3429.72,688.15,116.158
2024-08-09 00:00:00,16.57955,59.1523,1368.405,45.43,65001.9,310099.0,362.03,1064.78,310.08,81.059
2024-08-09 04:00:00,2.85014,29.7429,1601.154,7.547,14229.1,121172.0,252.32,164.15,47.45,23.688
2024-08-09 08:00:00,0.97053,26.6783,245.39,19.659,11873.9,108576.0,279.59,503.09,388.82,32.113
2024-08-09 12:00:00,17.5835,53.2939,1151.166,49.737,17125.1,184292.0,250.16,420.59,395.05,26.071
2024-08-09 16:00:00,8.05433,18.0485,719.42,33.895,47282.2,81174.0,327.77,388.26,411.35,390.713
2024-08-09 20:00:00,5.15762,38.6556,1590.243,27.691,16118.7,77614.0,277.23,163.99,374.5,134.04
2024-08-10 00:00:00,1.92853,19.6257,701.921,38.242,33265.7,66310.0,248.12,733.85,226.49,17.611
2024-08-10 04:00:00,1.28568,22.7545,254.113,20.233,2739.3,43647.0,1847.23,300.13,60.34,20.514
2024-08-10 08:00:00,0.7314,10.4964,148.007,155.661,3240.8,32440.0,6.99,132.53,144.33,12.15
2024-08-10 12:00:00,3.06295,12.3309,418.022,23.65,23484.0,36700.0,132.6,34.47,365.57,57.378
2024-08-10 16:00:00,1.89742,26.9399,174.604,115.675,22934.9,106160.0,121.61,42.24,104.05,28.833
2024-08-10 20:00:00,2.47871,22.7613,832.65,192.25,32482.0,62258.0,31.38,70.45,111.9,42.201
2024-08-11 00:00:00,3.30229,33.8988,562.05,103.352,36142.4,478223.0,172.23,930.93,161.56,75.863
2024-08-11 04:00:00,1.72307,18.4157,102.998,24.303,32218.6,87289.0,71.81,63.35,331.92,6.294
2024-08-11 08:00:00,3.43804,28.0007,683.515,24.412,24139.2,50915.0,189.57,160.44,257.38,292.922
2024-08-11 12:00:00,6.62214,65.0076,3201.588,16.981,40043.6,461155.0,499.11,276.8,246.56,352.921
2024-08-11 16:00:00,4.31997,58.8866,935.801,23.889,71002.6,558500.0,310.27,233.67,244.14,96.406
2024-08-11 20:00:00,14.97027,81.6284,1486.699,48.099,77711.6,281222.0,121.07,314.87,572.59,187.952
2024-08-12 00:00:00,5.50427,41.557,1392.696,60.842,43625.9,104030.0,410.62,238.22,307.78,58.78
2024-08-12 04:00:00,2.30821,7.732,764.119,8.475,30064.2,95743.0,368.33,286.13,556.57,54.537
2024-08-12 08:00:00,4.67297,30.4905,1451.458,38.2,79999.8,331160.0,276.79,677.56,632.21,46.608
2024-08-12 12:00:00,12.67924,101.0529,2879.776,150.527,74462.3,300203.0,668.59,422.76,514.94,160.687
2024-08-12 16:00:00,4.67261,23.4651,901.605,30.556,124403.8,557116.0,336.15,543.63,561.93,44.498
2024-08-12 20:00:00,1.99851,54.8672,1661.509,23.504,36525.8,835620.0,107.12,228.6,257.63,59.952
2024-08-13 00:00:00,9.73217,53.9249,662.014,28.424,16686.9,329378.0,224.45,1518.82,143.91,78.307
2024-08-13 04:00:00,1.8495,23.4525,208.033,23.765,16670.9,472493.0,123.31,1298.99,35.07,256.96
2024-08-13 08:00:00,2.2673,16.0494,775.334,70.707,16468.8,31251.0,161.08,654.18,173.42,43.063
2024-08-13 12:00:00,8.80876,102.4942,608.185,29.141,20353.9,256578.0,845.73,513.45,1268.46,663.233
2024-08-13 16:00:00,14.19226,171.5989,1238.896,167.523,65793.9,1159995.0,370.64,8191.7,851.74,271.535
2024-08-13 20:00:00,3.67612,44.2349,827.772,182.537,75508.8,548983.0,552.85,2532.03,182.95,35.055
2024-08-14 00:00:00,7.56662,25.131,687.844,66.193,11823.5,134806.0,394.25,681.92,28.67,152.345
2024-08-14 04:00:00,3.6799,44.2343,875.311,32.024,197262.3,26108.0,149.94,988.0,560.98,19.753
2024-08-14 08:00:00,1.54888,15.8569,328.486,13.855,16459.4,60569.0,298.25,71.89,74.58,25.544
2024-08-14 12:00:00,23.09882,150.4152,4817.502,73.594,119682.4,400648.0,1025.35,2640.58,292.72,96.694
2024-08-14 16:00:00,6.58755,80.7109,1412.986,46.967,15920.8,123094.0,147.58,501.0,39.45,726.889
2024-08-14 20:00:00,4.91828,25.1589,1642.428,71.573,12578.0,143666.0,79.72,839.49,66.94,82.66
2024-08-15 00:00:00,4.85714,32.3827,1018.637,92.33,14352.7,141423.0,628.68,301.4,57.46,507.811
2024-08-15 04:00:00,5.78546,54.0543,943.995,62.843,12875.1,634192.0,227.09,241.55,82.2,104.806
2024-08-15 08:00:00,1.28777,3.1709,498.84,14.696,6718.3,192487.0,134.27,764.62,63.22,91.333
2024-08-15 12:00:00,4.00118,30.8075,1266.889,32.23,19912.2,268929.0,280.95,208.04,196.91,67.647
2024-08-15 16:00:00,15.80139,70.551,3856.378,62.933,65000.4,810827.0,1150.85,482.87,336.65,239.369
2024-08-15 20:00:00,5.03106,30.376,1318.485,31.732,50639.1,627806.0,275.94,1235.1,1397.17,170.724
2024-08-16 00:00:00,1.83538,30.8567,586.554,25.355,33932.4,116285.0,216.95,5238.71,274.98,59.588
2024-08-16 04:00:00,6.49034,36.3505,607.718,25.064,27451.5,17494.0,125.04,370.27,103.59,40.991
2024-08-16 08:00:00,0.89665,1.9652,372.055,24.876,144655.0,25740.0,12.04,94.39,1456.92,28.357
2024-08-16 12:00:00,17.1759,67.0001,1953.895,30.069,51897.8,178734.0,910.49,3824.97,649.91,86.009
2024-08-16 16:00:00,6.59084,27.334,1278.266,35.517,126204.0,139621.0,286.2,1449.6,217.92,61.997
2024-08-16 20:00:00,5.70101,67.5151,379.815,15.977,831669.7,64639.0,283.08,103.5,56.86,44.111
2024-08-17 00:00:00,1.86679,29.9521,472.01,30.4,17733.7,275104.0,407.24,86.73,736.82,52.259
2024-08-17 04:00:00,0.44446,12.8212,274.138,31.614,13273.3,257554.0,7.45,24.89,148.74,42.21
2024-08-17 08:00:00,4.2943,11.0527,156.702,38.043,6349.0,17767.0,104.29,168.51,54.29,37.417
2024-08-17 12:00:00,9.86679,21.5657,613.287,154.76,30939.3,56817.0,229.96,3400.67,50.11,54.219
2024-08-17 16:00:00,1.98612,27.2323,330.001,109.177,78780.6,73291.0,25.99,1352.67,108.65,434.106
2024-08-17 20:00:00,4.85118,27.6846,630.588,35.302,23013.3,22658.0,59.49,222.63,57.61,190.866
2024-08-18 00:00:00,6.54039,9.6412,421.725,24.111,30858.7,22540.0,339.08,3273.46,192.66,219.263
2024-08-18 04:00:00,6.67788,22.3239,45.675,206.742,11537.4,128313.0,102.55,459.8,223.77,22.254
2024-08-18 08:00:00,0.78014,72.4365,1041.655,23.553,3754.0,104673.0,45.53,189.61,196.9,45.326
2024-08-18 12:00:00,2.64561,17.3489,763.878,28.119,18012.4,272308.0,110.26,362.02,255.58,47.601
2024-08-18 16:00:00,1.20751,27.3004,817.536,11.61,70577.7,668290.0,34.34,759.93,190.14,275.86
2024-08-18 20:00:00,11.30784,41.4308,1474.764,157.401,35130.6,512225.0,202.28,455.97,188.91,63.13
2024-08-19 00:00:00,6.8349,20.1993,800.826,84.197,101171.8,132276.0,132.86,389.2,454.03,335.333
2024-08-19 04:00:00,5.35319,21.5576,342.175,416.156,15204.5,406263.0,111.88,376.25,229.4,103.927
2024-08-19 08:00:00,3.5481,11.194,299.206,22.618,51119.2,394526.0,72.86,287.91,250.07,77.79
2024-08-19 12:00:00,4.27704,22.0581,811.982,45.3,27150.9,100036.0,197.94,773.18,140.48,151.446
2024-08-19 16:00:00,3.42677,20.4504,936.369,431.841,63464.6,147962.0,349.53,548.7,332.88,68.6
2024-08-19 20:00:00,2.1488,32.6288,623.386,88.112,42008.2,112641.0,954.11,46.61,172.43,149.248
2024-08-20 00:00:00,16.00912,75.2401,1095.209,431.419,68600.1,786660.0,699.83,437.68,155.65,84.817
2024-08-20 04:00:00,12.77516,39.478,908.059,373.717,21548.3,181131.0,67.38,279.76,448.96,52.535
2024-08-20 08:00:00,1.51768,12.5551,1161.272,16.082,27238.1,22313.0,915.79,66.92,73.03,23.329
2024-08-20 12:00:00,16.75812,42.8773,1050.177,88.074,79810.9,213343.0,217.45,318.25,190.27,279.203
2024-08-20 16:00:00,4.56803,42.7195,401.005,124.367,48362.5,82048.0,3131.87,115.43,112.97,109.299
2024-08-20 20:00:00,1.77937,30.9264,300.005,37.023,26765.1,338687.0,1373.22,447.21,263.23,31.737
2024-08-21 00:00:00,1.79785,55.3371,362.564,48.337,67719.9,242053.0,304.17,13914.3,353.13,41.467
2024-08-21 04:00:00,1.37079,6.1364,75.467,21.505,100467.8,23186.0,1116.19,233.23,25.22,228.53
2024-08-21 08:00:00,0.9478,13.1695,410.555,34.533,54949.7,66342.0,165.98,344.71,234.35,103.545
2024-08-21 12:00:00,8.14188,61.9848,858.617,125.927,69828.4,120050.0,522.29,1957.28,302.56,98.447
2024-08-21 16:00:00,7.87346,34.4973,584.247,125.744,155419.3,538929.0,339.53,1286.17,676.35,155.422
2024-08-21 20:00:00,9.89828,16.3491,508.687,104.361,48570.0,159083.0,347.06,335.41,599.1,22.555
2024-08-22 00:00:00,6.68225,20.9504,1065.178,33.443,53180.0,102225.0,187.57,618.18,258.45,88.931
2024-08-22 04:00:00,2.02914,11.6402,396.187,18.37,33822.3,8447.0,66.06,3.98,480.99,150.008
2024-08-22 08:00:00,0.66411,8.9345,596.773,55.736,17684.8,41764.0,69.27,174.74,63.15,25.6
2024-08-22 12:00:00,3.64251,26.2047,956.38,97.315,22533.6,637147.0,1481.06,253.86,365.92,30.848
2024-08-22 16:00:00,1.80164,20.7753,146.191,84.609,19786.6,38542.0,1581.46,306.09,266.7,50.935
2024-08-22 20:00:00,0.99781,14.154,607.512,40.115,28132.5,23298.0,908.18,323.04,275.44,303.732
2024-08-23 00:00:00,1.44273,14.7744,592.514,46.564,34578.6,46316.0,1196.17,290.36,64.24,54.369
2024-08-23 04:00:00,3.26054,19.1342,148.806,19.023,42185.9,63502.0,494.65,426.15,372.3,29.78
2024-08-23 08:00:00,0.78336,5.886,137.362,12.974,55168.1,53161.0,519.35,439.0,125.06,47.727
2024-08-23 12:00:00,10.37821,42.1878,797.977,91.736,85331.3,836975.0,690.13,1063.21,895.89,95.55
2024-08-23 16:00:00,16.31727,72.1256,3462.856,242.141,57747.1,224171.0,870.7,3991.18,630.32,369.793
2024-08-23 20:00:00,13.58532,86.6682,2865.862,87.758,36626.9,825908.0,765.11,455.76,273.17,220.226
2024-08-24 00:00:00,5.45449,24.4574,1492.606,71.265,30093.3,200555.0,122.02,615.26,98.68,208.688
2024-08-24 04:00:00,3.01342,4.1503,1062.147,40.17,8810.5,26206.0,81.4,90.35,65.96,18.354
2024-08-24 08:00:00,0.77226,6.7937,687.823,46.628,12290.8,56617.0,373.3,210.29,81.75,54.592
2024-08-24 12:00:00,2.78215,13.5162,2002.791,26.551,37159.0,244717.0,454.48,493.45,155.96,73.359
2024-08-24 16:00:00,5.29144,115.0742,3475.032,90.556,117960.5,1103368.0,292.32,1462.6,325.11,86.345
2024-08-24 20:00:00,2.46044,45.7204,3615.91,47.412,71592.9,300151.0,1558.03,777.7,287.65,119.712
2024-08-25 00:00:00,2.3065,12.2759,1038.29,35.272,33838.7,671918.0,126.67,352.21,392.9,101.609
2024-08-25 04:00:00,0.62212,7.5146,1020.883,29.762,81215.3,521327.0,204.49,249.51,166.43,558.423
2024-08-25 08:00:00,0.75288,4.0556,1334.449,20.751,9920.0,18686.0,60.21,99.21,1087.38,10.134
2024-08-25 12:00:00,0.96495,3.8636,1871.523,19.133,31084.5,64929.0,54.03,551.42,210.91,21.344
2024-08-25 16:00:00,1.63381,6.1913,184.589,24.529,13378.7,309016.0,186.54,308.95,251.68,118.423
2024-08-25 20:00:00,3.00054,46.3519,1687.525,52.881,60002.3,294258.0,594.04,1690.91,208.69,49.68
2024-08-26 00:00:00,3.01122,13.6242,417.215,27.585,61464.5,570790.0,323.45,808.01,163.49,62.929
2024-08-26 04:00:00,2.90563,9.2935,392.554,38.685,29253.9,265197.0,152.95,170.83,758.52,23.961
2024-08-26 08:00:00,3.42164,5.1681,282.181,24.174,53943.8,182074.0,124.87,191.36,763.76,59.613
2024-08-26 12:00:00,3.16327,9.4762,2161.719,108.872,31191.6,222280.0,122.75,417.85,245.9,141.458
2024-08-26 16:00:00,2.82634,23.2443,1291.49,40.677,47259.9,175388.0,94.82,1012.86,472.39,118.733
2024-08-26 20:00:00,2.89231,8.3469,595.326,40.545,29416.4,162178.0,174.98,792.75,130.89,28.018
2024-08-27 00:00:00,5.29589,13.4182,584.878,41.794,10135.9,216393.0,234.09,557.62,764.13,189.936
2024-08-27 04:00:00,1.69339,3.9189,306.563,23.895,30556.3,63305.0,80.37,451.58,544.81,149.869
2024-08-27 08:00:00,2.84659,44.1641,580.148,56.426,37259.2,132445.0,270.11,336.39,2269.47,33.093
2024-08-27 12:00:00,7.4474,45.7869,397.09,63.561,55477.1,128825.0,385.9,1667.01,442.78,149.661
2024-08-27 16:00:00,6.54437,25.8825,326.138,41.535,50643.9,583328.0,213.58,870.66,175.16,44.683
2024-08-27 20:00:00,16.84886,198.6058,3613.761,108.8,149706.2,562883.0,1444.86,2466.71,863.29,269.897
2024-08-28 00:00:00,6.28954,28.3385,1570.643,51.452,41565.4,317390.0,549.58,557.76,761.21,183.298
2024-08-28 04:00:00,2.02051,31.395,896.203,64.062,37430.6,140048.0,173.26,54.47,838.44,15.781
2024-08-28 08:00:00,3.42961,24.4088,1444.611,259.3,76561.0,165657.0,381.28,1651.53,241.84,77.023
2024-08-28 12:00:00,4.41158,63.3362,1785.55,83.862,33095.3,114161.0,319.7,493.59,445.69,171.919
2024-08-28 16:00:00,10.06189,44.7286,1271.691,141.463,136678.8,450753.0,448.76,1199.46,321.05,105.492
2024-08-28 20:00:00,2.33519,28.9562,1691.6,49.339,42954.3,119446.0,1541.72,569.18,296.95,97.769
2024-08-29 00:00:00,0.96488,17.0895,126.321,31.473,42650.6,618542.0,195.47,435.88,373.94,22.36
2024-08-29 04:00:00,0.77165,7.6089,382.453,19.311,11399.3,53111.0,38.24,104.0,14.96,44.666
2024-08-29 08:00:00,1.55703,4.2804,199.682,16.335,32815.1,26904.0,28.07,567.93,203.96,39.671
2024-08-29 12:00:00,6.59072,32.2716,1327.759,30.895,78580.8,359541.0,451.56,467.11,95.87,137.455
2024-08-29 16:00:00,7.36841,28.7961,1305.009,311.579,98058.4,267764.0,951.59,1021.66,254.9,368.074
2024-08-29 20:00:00,5.27042,23.5828,1559.278,68.909,33433.6,145097.0,180.51,3046.08,67.91,79.501
2024-08-30 00:00:00,3.83303,20.5413,662.835,29.611,10762.0,75430.0,361.13,154.39,125.99,37.692
2024-08-30 04:00:00,2.51519,4.3156,536.896,5.769,12154.9,190822.0,97.67,421.99,84.77,71.107
2024-08-30 08:00:00,1.88861,1.6674,90.374,13.188,16762.3,133273.0,45.9,153.63,55.84,29.253
2024-08-30 12:00:00,7.93344,66.7186,2571.017,64.908,135468.1,622647.0,414.63,1311.3,631.67,106.685
2024-08-30 16:00:00,9.45531,33.8318,1016.103,21.897,47866.5,81307.0,375.85,811.51,432.26,716.671
2024-08-30 20:00:00,1.65976,17.3932,531.688,63.274,14595.9,269447.0,25.75,1786.03,111.36,83.853
2024-08-31 00:00:00,1.74635,16.7242,504.791,26.36,11029.2,76219.0,27.14,477.12,122.92,102.54
2024-08-31 04:00:00,0.48426,3.7941,81.604,6.91,4476.8,42768.0,129.58,65.16,21.62,47.437
2024-08-31 08:00:00,0.81701,1.0142,205.519,11.883,8680.8,79836.0,37.84,58.54,80.81,39.921
2024-08-31 12:00:00,1.24965,17.4304,271.267,36.316,17254.2,54682.0,67.33,379.02,76.47,23.381
2024-08-31 16:00:00,1.63795,11.327,149.527,9.626,13073.0,232990.0,192.02,204.53,156.93,42.187
2024-08-31 20:00:00,1.84519,6.4947,199.02,10.0,24772.5,120032.0,58.73,46.32,16.44,27.275
2024-09-01 00:00:00,4.62362,16.3342,357.796,12.48,24660.1,80345.0,115.11,367.31,69.4,225.207
2024-09-01 04:00:00,2.09382,106.9751,1445.404,19.875,23269.4,27379.0,8382.86,263.46,46.47,24.347
2024-09-01 08:00:00,0.85556,12.8175,629.46,31.146,9250.0,33261.0,237.49,116.9,74.68,14.286
2024-09-01 12:00:00,6.38287,33.1647,770.613,97.657,117734.1,91574.0,312.44,579.6,317.29,101.162
2024-09-01 16:00:00,0.91108,18.1367,454.869,12.465,35915.0,85257.0,268.98,759.22,103.86,14.554
2024-09-01 20:00:00,2.77968,32.5255,1996.389,38.227,98376.8,390552.0,829.54,1255.82,921.65,89.437
2024-09-02 00:00:00,5.09582,14.7569,548.084,64.702,30348.2,89847.0,130.09,265.88,176.15,23.561
2024-09-02 04:00:00,0.88924,13.1702,665.558,46.777,26572.1,29928.0,803.86,377.46,138.92,6.815
2024-09-02 08:00:00,5.84277,31.9827,273.492,213.041,51477.1,184360.0,101.86,225.85,170.69,43.201
2024-09-02 12:00:00,1.21156,17.3077,443.151,24.17,16223.0,150704.0,251.04,390.89,233.64,34.69
2024-09-02 16:00:00,1.68886,24.1492,147.586,37.761,35488.1,33909.0,142.45,819.13,44.79,22.176
2024-09-02 20:00:00,4.84516,24.2327,388.292,58.203,28303.2,138847.0,221.58,476.79,255.25,151.599
2024-09-03 00:00:00,2.97671,34.845,641.663,30.437,19662.6,82147.0,346.52,742.91,338.24,46.082
2024-09-03 04:00:00,0.47182,9.2085,219.441,10.613,15684.5,9469.0,135.18,652.79,95.93,3.354
2024-09-03 08:00:00,4.27334,5.9005,130.349,35.519,40149.3,27252.0,244.83,319.54,72.36,27.7
2024-09-03 12:00:00,6.85303,33.6967,1615.672,320.211,79146.5,182928.0,540.52,571.49,140.48,215.187
2024-09-03 16:00:00,2.60286,21.648,464.941,67.514,58474.8,316596.0,42.71,552.69,437.16,252.51
2024-09-03 20:00:00,3.60293,30.4698,2093.792,26.016,44868.9,125567.0,391.74,295.18,245.33,100.844
2024-09-04 00:00:00,20.07638,129.6064,2906.605,108.62,249545.6,561090.0,728.16,1276.92,484.1,372.138
2024-09-04 04:00:00,1.69392,35.7133,902.229,7.525,24518.6,149426.0,59.38,411.1,95.07,32.322
2024-09-04 08:00:00,0.85276,21.6372,133.703,62.289,8198.8,53848.0,25.46,155.93,68.0,27.229
2024-09-04 12:00:00,5.33238,46.9212,1008.233,74.279,40868.3,209895.0,179.27,2678.32,489.95,127.707
2024-09-04 16:00:00,2.16727,19.5909,996.827,29.334,22150.9,168837.0,453.51,830.96,162.59,90.481
2024-09-04 20:00:00,3.91096,14.6644,488.225,18.287,14620.7,109609.0,145.7,139.57,97.94,71.671
2024-09-05 00:00:00,2.63922,32.9294,5650.219,50.566,25748.1,153467.0,148.62,508.21,110.65,126.317
2024-09-05 04:00:00,1.11965,16.0282,166.349,35.304,7202.1,31883.0,174.47,136.23,39.23,127.117
2024-09-05 08:00:00,3.86048,17.4653,73.076,75.128,33284.1,34186.0,101.45,257.77,221.98,138.062
2024-09-05 12:00:00,4.30508,46.0323,3237.078,72.62,83187.4,538337.0,154.48,136.57,603.57,48.936
2024-09-05 16:00:00,4.40767,29.9753,1271.056,172.959,29863.3,283124.0,93.94,176.06,319.78,236.418
2024-09-05 20:00:00,1.72093,17.5482,576.249,25.946,37989.8,81057.0,206.79,3327.2,556.55,102.262
2024-09-06 00:00:00,7.30247,20.5037,212.167,44.003,40394.0,211328.0,48.3,321.34,476.92,62.592
2024-09-06 04:00:00,2.90501,29.1317,274.48,24.037,55412.4,116131.0,266.92,916.81,220.69,119.604
2024-09-06 08:00:00,1.20422,13.6854,105.627,25.75,18968.2,27590.0,58.48,887.52,130.93,27.634
2024-09-06 12:00:00,18.36605,101.2554,1592.588,187.968,112808.3,493497.0,880.03,1460.9,984.62,165.019
2024-09-06 16:00:00,10.92865,111.6649,3348.565,111.006,86326.6,590388.0,802.31,1025.99,805.7,94.685
2024-09-06 20:00:00,22.07105,101.7621,4776.043,54.762,135540.4,737240.0,505.58,1412.8,1016.52,127.911
2024-09-07 00:00:00,1.75739,30.0518,163.229,112.15,37020.7,122822.0,42.27,266.43,304.08,211.417
2024-09-07 04:00:00,9.94733,21.6106,326.146,769.048,60083.9,56718.0,210.54,130.85,228.45,6.6
2024-09-07 08:00:00,5.33883,13.7577,151.697,254.561,7353.1,116650.0,60.75,81.36,60.69,25.254
2024-09-07 12:00:00,3.19219,23.416,338.153,50.601,23510.4,99308.0,142.53,328.43,94.17,49.29
2024-09-07 16:00:00,2.23562,28.172,745.876,20.649,60931.1,297995.0,207.0,221.49,251.59,180.268
2024-09-07 20:00:00,3.52694,8.2308,130.695,37.307,43809.9,267752.0,41.65,1804.79,40.41,107.622
2024-09-08 00:00:00,2.53299,17.9241,58.674,49.227,158371.4,675629.0,257.41,25.47,158.74,253.29
2024-09-08 04:00:00,0.77264,8.3118,114.281,105.745,86572.1,455826.0,983.06,26.08,137.7,17.099
2024-09-08 08:00:00,0.84388,7.1945,447.47,15.737,48686.9,63503.0,29.75,294.17,996.94,33.022
2024-09-08 12:00:00,1.9562,52.6289,501.167,28.851,29876.4,248040.0,174.11,221.63,215.84,76.367
2024-09-08 16:00:00,5.03512,31.5336,130.181,21.682,63151.0,159960.0,198.43,52.78,277.73,511.561
2024-09-08 20:00:00,8.67127,75.8883,2291.824,36.953,33549.2,277391.0,521.28,431.1,1434.56,740.462
2024-09-09 00:00:00,2.91345,39.3908,2538.942,71.564,64143.9,539604.0,342.84,247.29,458.22,152.78
2024-09-09 04:00:00,2.5134,8.4922,118.019,33.058,54767.1,81914.0,355.13,213.69,376.6,55.193
2024-09-09 08:00:00,1.07032,6.3127,496.006,19.022,12727.0,169611.0,392.25,235.76,247.42,65.052
2024-09-09 12:00:00,3.33768,76.7459,1056.27,44.375,274491.0,156207.0,292.15,523.63,624.54,457.452
2024-09-09 16:00:00,15.23156,114.8604,4066.286,113.124,82286.3,919715.0,621.23,744.64,740.79,392.754
2024-09-09 20:00:00,8.59291,109.1864,1069.978,171.989,56026.1,603468.0,558.44,1383.4,894.6,501.565
2024-09-10 00:00:00,2.36333,48.0018,467.075,51.604,61187.3,153111.0,426.85,1760.48,870.44,904.71
2024-09-10 04:00:00,1.58865,55.2733,354.934,17.083,1892.3,54031.0,49.72,173.9,47.49,110.436
2024-09-10 08:00:00,1.04647,27.9081,91.634,21.982,17541.4,127297.0,118.05,260.73,42.06,59.89
2024-09-10 12:00:00,5.06382,129.3084,1088.858,191.958,124516.5,935198.0,259.18,578.72,356.78,80.628
2024-09-10 16:00:00,2.2432,59.3681,1222.545,137.365,25243.4,235459.0,446.88,184.56,104.3,20.029
2024-09-10 20:00:00,1.1572,49.5151,146.992,31.815,30122.7,52234.0,249.58,305.34,365.95,51.9
2024-09-11 00:00:00,3.05088,75.3939,598.845,111.144,34645.1,128929.0,333.71,1770.72,240.28,30.033
2024-09-11 04:00:00,2.87231,35.8782,522.075,89.904,67498.6,95196.0,156.23,1818.65,94.72,34.118
2024-09-11 08:00:00,0.3772,15.1673,196.87,15.269,8979.6,110497.0,85.98,66.51,176.51,23.725
2024-09-11 12:00:00,7.18937,81.2124,961.023,38.854,53646.8,404120.0,198.92,823.25,503.91,121.146
2024-09-11 16:00:00,11.11994,40.4982,300.728,112.589,37764.0,176012.0,48.34,1272.65,203.55,341.122
2024-09-11 20:00:00,6.03897,5.5007,1505.641,42.771,69414.0,105072.0,261.88,108.72,142.46,25.83
2024-09-12 00:00:00,12.06002,37.7771,1349.255,92.501,25894.3,688917.0,194.38,159.09,279.43,23.151
2024-09-12 04:00:00,2.65543,50.2715,95.782,10.403,10938.1,75976.0,34.18,28.01,155.32,15.887
2024-09-12 08:00:00,0.41265,33.2885,41.57,17.431,29973.0,45729.0,5.99,33.58,201.22,155.648
2024-09-12 12:00:00,11.25639,37.7467,699.145,61.693,42358.5,83989.0,73.25,247.54,177.21,40.234
2024-09-12 16:00:00,4.82438,21.1985,167.614,51.517,20589.7,68865.0,193.01,341.35,78.63,72.679
2024-09-12 20:00:00,2.52001,18.2011,1120.093,23.345,81564.5,175415.0,178.26,695.09,97.49,18.32
2024-09-13 00:00:00,1.00173,19.0538,161.93,53.961,4174.4,113844.0,60.29,377.37,146.37,20.761
2024-09-13 04:00:00,0.21759,2.2707,80.524,1.268,8658.9,62357.0,130.89,158.57,61.59,42.132
2024-09-13 08:00:00,2.46468,14.9149,2291.701,22.803,4398.3,830889.0,79.87,66.36,239.63,32.541
2024-09-13 12:00:00,9.77328,95.3873,938.965,32.189,34668.8,1061832.0,481.74,1788.15,495.6,65.397
2024-09-13 16:00:00,5.13279,68.3401,2153.063,31.698,16519.9,246219.0,195.74,1549.9,356.36,32.86
2024-09-13 20:00:00,5.20414,25.3662,526.311,50.135,13873.6,316516.0,178.39,1264.17,455.44,180.534
2024-09-14 00:00:00,2.3116,24.5649,421.063,29.254,17659.3,129197.0,70.44,1134.31,28.74,82.796
2024-09-14 04:00:00,1.69432,31.852,212.394,4.741,9893.6,89126.0,213.85,377.23,42.05,67.129
2024-09-14 08:00:00,1.06756,11.3606,265.53,12.511,14541.3,77740.0,90.88,247.72,64.35,35.64
2024-09-14 12:00:00,1.48765,12.3265,94.907,15.422,15943.3,87203.0,759.81,5537.65,1221.52,90.778
2024-09-14 16:00:00,4.52161,28.3391,319.596,9.663,20198.7,133753.0,1335.24,258.97,140.27,136.725
2024-09-14 20:00:00,2.78899,15.7519,74.044,23.858,11638.6,21135.0,167.36,265.71,488.9,140.886
2024-09-15 00:00:00,3.50902,7.2702,74.765,14.812,36035.8,292770.0,178.58,3858.99,52.47,24.711
2024-09-15 04:00:00,2.75004,31.1654,36.209,3.386,12682.8,145184.0,128.1,616.07,345.94,57.556
2024-09-15 08:00:00,1.08494,12.6061,148.547,14.443,21210.8,50409.0,84.26,472.32,45.26,30.771
2024-09-15 12:00:00,7.47153,19.4664,229.779,9.01,18474.3,76598.0,161.99,535.9,282.9,40.072
2024-09-15 16:00:00,2.10038,150.425,655.126,8.37,103121.9,149829.0,366.48,1834.37,592.71,223.703
2024-09-15 20:00:00,8.67977,58.5694,3382.605,50.942,56011.8,263075.0,574.28,3423.34,450.5,396.836
2024-09-16 00:00:00,12.37597,136.2676,1409.328,22.24,62360.6,187537.0,91.64,446.69,321.29,90.699
2024-09-16 04:00:00,0.53499,8.2948,1045.163,8.818,2814.1,93635.0,188.59,106.7,33.81,16.403
2024-09-16 08:00:00,0.36545,26.0176,74.003,11.863,15457.0,31349.0,51.65,621.89,172.43,59.99
2024-09-16 12:00:00,3.46146,28.1297,126.478,32.218,29801.1,106760.0,86.28,533.47,430.55,41.592
2024-09-16 16:00:00,4.2562,24.2317,1323.409,24.401,35314.1,66224.0,173.92,532.88,112.27,31.88
2024-09-16 20:00:00,2.792,19.1202,550.434,29.07,19279.5,66756.0,143.39,798.04,66.04,52.812
2024-09-17 00:00:00,1.78016,14.3003,145.562,5.891,6297.4,81818.0,31.09,1323.03,115.47,36.495
2024-09-17 04:00:00,0.70536,4.2075,68.044,11.12,40163.1,39759.0,134.19,389.09,56.63,33.481
2024-09-17 08:00:00,0.89398,11.7309,101.319,22.881,2255.3,12128.0,10.11,284.4,105.43,72.829
2024-09-17 12:00:00,21.99744,152.6667,1404.895,38.284,58257.4,412548.0,681.06,1786.22,1149.78,132.183
2024-09-17 16:00:00,14.97856,74.907,2804.034,23.139,60814.9,177999.0,764.87,3893.7,235.65,367.847
2024-09-17 20:00:00,2.32844,4.4646,279.666,45.746,29274.5,73876.0,54.22,280.89,131.65,327.389
2024-09-18 00:00:00,3.80116,25.042,1137.256,18.569,13874.1,52012.0,45.24,677.68,158.58,215.163
2024-09-18 04:00:00,2.9313,195.3588,797.652,8.843,8990.5,169538.0,49.26,1843.51,189.21,12.854
2024-09-18 08:00:00,8.93285,38.8807,1023.122,21.526,13286.8,35096.0,252.15,1192.68,215.87,31.884
2024-09-18 12:00:00,4.56959,14.1885,1501.607,22.755,14280.0,68037.0,199.42,1662.0,92.19,117.716
2024-09-18 16:00:00,12.32884,76.7691,1573.719,41.871,33334.2,717794.0,386.19,1549.79,421.2,191.911
2024-09-18 20:00:00,6.97547,46.3158,352.474,75.695,31887.4,138023.0,421.2,2843.72,134.51,37.093
2024-09-19 00:00:00,18.92388,81.8808,4688.653,618.436,116537.5,249686.0,2883.69,3893.14,1125.66,79.025
2024-09-19 04:00:00,5.21837,60.6054,2199.337,15.006,16644.5,314085.0,16547.89,2329.18,117.22,4.64
2024-09-19 08:00:00,7.98063,26.1769,424.303,82.467,10929.5,90570.0,92.79,2176.99,194.12,40.519
2024-09-19 12:00:00,9.89298,133.4705,566.311,119.629,31820.0,683724.0,368.15,681.08,298.6,642.117
2024-09-19 16:00:00,4.56703,98.9618,1643.234,773.812,37968.6,1660828.0,148.7,19077.14,210.5,125.404
2024-09-19 20:00:00,6.53617,41.5508,609.92,65.367,19610.2,271996.0,1335.24,2523.61,842.3,120.523
2024-09-20 00:00:00,6.17176,32.3845,833.65,76.886,31466.4,179857.0,1241.11,5625.87,220.54,72.828
2024-09-20 04:00:00,13.19591,132.5803,3725.823,64.518,22292.3,480314.0,1246.42,3961.47,882.18,12.358
2024-09-20 08:00:00,2.19946,5.4218,579.714,41.132,7591.0,38892.0,238.31,654.97,136.07,63.704
2024-09-20 12:00:00,4.68898,219.6958,2278.797,53.043,31538.6,427117.0,3609.34,541.83,794.52,21.715
2024-09-20 16:00:00,3.96288,37.8995,653.045,78.899,21111.8,420903.0,884.43,96.75,143.23,81.485
2024-09-20 20:00:00,1.73868,29.8892,236.395,59.429,6761.7,184069.0,194.64,838.91,61.5,55.385
2024-09-21 00:00:00,2.66412,23.368,1617.964,143.833,98526.9,129925.0,291.22,166.16,186.55,30.884
2024-09-21 04:00:00,0.6292,56.5305,1116.982,97.093,5378.8,31986.0,121.78,88.24,90.44,17.771
2024-09-21 08:00:00,1.20303,4.9285,620.916,44.442,2945.5,39420.0,29.53,51.05,24.45,25.799
2024-09-21 12:00:00,1.48037,18.2111,612.077,24.67,22645.0,224181.0,223.14,250.87,990.4,22.883
2024-09-21 16:00:00,1.09657,23.7979,1272.226,258.23,19223.6,102265.0,85.93,1412.48,83.59,181.689
2024-09-21 20:00:00,2.66045,35.3874,721.272,78.131,15429.2,411027.0,75.43,231.11,308.67,142.317
2024-09-22 00:00:00,3.04248,53.2442,1966.74,32.622,68429.2,362172.0,132.24,558.44,184.63,52.716
2024-09-22 04:00:00,0.71565,21.4597,324.498,5.922,3926.4,244317.0,48.72,155.22,201.37,14.038
2024-09-22 08:00:00,1.97171,12.5677,443.493,23.21,6249.6,87549.0,49.23,473.99,135.93,108.715
2024-09-22 12:00:00,5.05609,15.8478,605.212,17.484,37526.9,54870.0,139.64,451.02,915.93,32.352
2024-09-22 16:00:00,4.62256,37.3333,704.836,39.137,25291.1,301641.0,101.14,2512.99,83.07,225.466
2024-09-22 20:00:00,3.36573,30.9731,1002.29,92.063,28698.8,207584.0,247.76,461.03,366.73,326.485
2024-09-23 00:00:00,12.7416,92.2269,1873.579,137.426,46637.8,334054.0,547.89,562.33,406.18,53.412
2024-09-23 04:00:00,5.62384,24.8732,1418.328,98.049,25908.7,32144.0,196.19,354.0,181.2,51.628
2024-09-23 08:00:00,0.78961,94.3743,151.45,16.707,8837.5,41780.0,90.76,102.21,385.61,13.577
2024-09-23 12:00:00,3.4931,29.6546,2314.64,160.775,22054.5,212783.0,274.96,1473.61,311.88,28.937
2024-09-23 16:00:00,2.53693,35.7568,1081.542,990.365,42618.4,101442.0,70.29,949.42,969.75,35.31
2024-09-23 20:00:00,1.56014,20.0054,556.159,30.215,28922.7,86262.0,107.63,227.75,232.59,118.794
2024-09-24 00:00:00,3.02498,61.8743,2181.045,46.777,34517.6,129628.0,138.41,495.79,159.25,320.075
2024-09-24 04:00:00,0.72753,20.3767,449.0,24.011,35502.9,34707.0,30.85,513.69,78.91,40.76
2024-09-24 08:00:00,3.04238,61.3226,568.49,6.381,99115.5,58527.0,61.71,314.63,131.27,10.632
2024-09-24 12:00:00,3.46781,86.6238,2607.903,129.634,105737.8,228244.0,345.15,1420.01,484.23,161.488
2024-09-24 16:00:00,10.8308,49.7555,5194.68,32.668,126157.1,191447.0,340.28,728.66,714.77,33.927
2024-09-24 20:00:00,6.47761,37.8067,1975.832,67.811,54264.3,127830.0,292.95,2733.01,1362.87,109.319
2024-09-25 00:00:00,2.41174,35.0532,904.938,114.731,46782.8,171454.0,405.0,314.07,199.31,78.673
2024-09-25 04:00:00,1.69422,29.7092,875.163,33.182,51595.7,193852.0,207.29,113.32,70.29,5.858
2024-09-25 08:00:00,1.65236,6.8745,113.591,11.488,8883.9,120357.0,112.79,186.79,503.82,26.946
2024-09-25 12:00:00,2.43414,13.5369,622.442,26.143,32688.1,116310.0,467.51,523.77,623.68,214.792
2024-09-25 16:00:00,4.06402,25.5248,192.746,46.119,46118.1,68415.0,384.97,1530.71,232.94,72.4
2024-09-25 20:00:00,2.81706,64.6111,1012.528,96.471,58685.0,405867.0,124.59,608.29,108.04,23.852
2024-09-26 00:00:00,2.66739,77.931,871.568,27.764,13125.2,729301.0,80.8,384.83,484.94,12.481
2024-09-26 04:00:00,0.57775,9.1779,288.933,21.148,38492.2,1121884.0,596.23,317.56,202.54,16.854
2024-09-26 08:00:00,4.70132,3.0555,230.608,12.038,52675.8,854491.0,121.54,93.19,120.96,78.996
2024-09-26 12:00:00,15.34315,53.1879,2624.548,52.539,125157.3,1024944.0,865.54,4170.86,2253.34,66.867
2024-09-26 16:00:00,7.05303,110.7296,3089.658,55.293,71438.7,1848803.0,1306.71,1084.77,1185.69,206.877
2024-09-26 20:00:00,3.46683,44.3885,1375.848,10.188,36892.2,898215.0,1023.41,189.82,190.16,151.184
2024-09-27 00:00:00,4.03504,17.0835,763.074,72.297,53588.3,422378.0,71.27,2925.18,101.58,156.863
2024-09-27 04:00:00,2.79961,12.0001,541.991,36.658,65603.4,1268994.0,221.43,555.09,7362.53,79.546
2024-09-27 08:00:00,1.3457,11.6618,454.523,67.981,19962.9,316854.0,275.11,114.13,330.21,63.325
2024-09-27 12:00:00,6.48638,33.0199,1867.215,91.034,18240.3,1474986.0,426.09,808.24,381.99,275.377
2024-09-27 16:00:00,2.37182,49.361,811.155,104.022,31328.4,523523.0,418.63,645.4,480.81,28.169
2024-09-27 20:00:00,1.51343,15.5989,549.472,43.53,22680.0,179971.0,90.66,769.24,161.29,38.174
2024-09-28 00:00:00,2.10224,12.859,297.618,81.886,23628.6,351994.0,253.55,520.06,116.65,111.858
2024-09-28 04:00:00,0.41477,12.5859,452.805,49.569,34556.3,332811.0,970.63,1303.98,83.16,240.089
2024-09-28 08:00:00,2.27013,8.5636,212.765,30.252,24732.6,214011.0,98.81,273.41,218.03,64.979
2024-09-28 12:00:00,0.71736,11.742,213.706,65.625,7805.9,1785422.0,313.78,366.31,311.87,79.854
2024-09-28 16:00:00,0.48117,24.676,531.786,83.267,58406.3,171876.0,98.59,633.72,197.02,67.077
2024-09-28 20:00:00,2.98308,11.6251,109.124,16.639,14513.9,296406.0,36.94,136.79,723.65,30.153
2024-09-29 00:00:00,0.71926,7.2017,698.777,41.853,22198.7,549814.0,48.72,37.77,253.58,37.011
2024-09-29 04:00:00,0.36347,29.6635,283.064,24.365,39924.2,232151.0,828.7,409.54,670.9,265.522
2024-09-29 08:00:00,0.55316,4.4098,402.429,61.8,4758.3,44930.0,241.39,180.77,123.9,39.986
2024-09-29 12:00:00,0.54859,23.1149,189.713,59.736,12267.8,235163.0,2189.39,49.35,326.4,26.438
2024-09-29 16:00:00,1.8625,11.349,1278.447,22.256,20342.4,126058.0,1863.65,1363.95,571.48,158.66
2024-09-29 20:00:00,1.95294,10.8373,2302.763,23.293,19905.2,589818.0,517.53,2198.05,159.25,65.664
2024-09-30 00:00:00,8.21245,54.6718,1062.687,83.349,50019.4,511264.0,2137.35,832.36,593.83,165.118
2024-09-30 04:00:00,0.39651,24.5568,907.627,16.016,9502.6,62418.0,79.27,180.55,2409.36,60.632
2024-09-30 08:00:00,12.79256,68.0586,398.933,117.976,62934.2,546822.0,374.94,769.09,221.45,50.225
2024-09-30 12:00:00,1.6269,13.8197,475.614,53.141,32288.0,827193.0,252.68,395.18,187.46,55.904
2024-09-30 16:00:00,3.02186,30.9087,1798.592,23.938,19864.7,263392.0,289.16,1383.61,122.32,88.451
2024-09-30 20:00:00,2.92311,25.6365,593.503,48.065,73259.1,446922.0,788.55,2002.27,224.61,71.254
2024-10-01 00:00:00,2.80867,35.7621,974.741,42.783,43389.2,250858.0,200.86,733.78,434.62,119.295
2024-10-01 04:00:00,0.6046,20.5634,77.802,46.882,10160.8,136247.0,747.29,203.67,443.41,262.714
2024-10-01 08:00:00,1.38759,10.0444,326.954,19.358,19339.7,148487.0,155.96,652.93,233.67,44.379
2024-10-01 12:00:00,11.2677,134.76,2386.996,115.679,120733.3,1404940.0,2847.34,3489.82,1080.25,538.743
2024-10-01 16:00:00,14.15339,169.394,1496.852,160.12,108660.9,1276804.0,1541.58,6618.69,2344.81,438.822
2024-10-01 20:00:00,18.32111,51.0285,1217.884,97.393,42481.7,1180076.0,614.27,842.45,370.22,134.836
2024-10-02 00:00:00,3.13591,57.4375,319.216,128.422,29199.5,546795.0,245.23,2469.54,320.77,321.509
2024-10-02 04:00:00,2.80814,4.1515,951.261,18.997,8905.5,318139.0,85.86,329.93,51.5,25.836
2024-10-02 08:00:00,1.49671,63.0918,141.162,24.607,22862.6,164748.0,124.83,345.45,216.23,50.861
2024-10-02 12:00:00,2.20092,15.4745,2990.652,41.991,53979.7,387698.0,280.31,1750.26,480.85,70.623
2024-10-02 16:00:00,9.47506,61.714,1641.551,63.534,162498.3,599248.0,402.52,1643.22,615.42,86.543
2024-10-02 20:00:00,5.9459,18.278,652.504,27.263,51663.3,205026.0,67.73,290.3,179.46,69.533
2024-10-03 00:00:00,1.74253,29.6099,536.932,32.202,16337.0,731711.0,40.88,239.53,89.61,67.261
2024-10-03 04:00:00,2.10505,10.699,130.778,16.593,115113.2,50987.0,68.0,143.14,157.79,14.237
2024-10-03 08:00:00,1.42944,17.2462,1107.724,24.704,78398.5,298451.0,442.92,793.18,1167.79,114.247
2024-10-03 12:00:00,4.80495,23.2774,1783.374,54.837,108178.5,1156542.0,346.11,748.29,366.22,166.965
2024-10-03 16:00:00,2.31128,21.4085,1158.164,33.591,25392.5,363312.0,240.33,511.24,1249.2,39.494
2024-10-03 20:00:00,1.46707,22.094,1140.597,111.195,71322.6,68037.0,46.8,238.71,135.94,24.018
2024-10-04 00:00:00,3.4438,15.4646,230.721,15.453,219890.5,235652.0,258.56,314.33,227.63,40.232
2024-10-04 04:00:00,0.63723,6.2077,445.579,6.099,8358.1,257034.0,227.93,55.87,85.62,7.614
2024-10-04 08:00:00,0.66005,5.3555,637.366,28.451,39642.6,430424.0,261.67,166.77,86.34,12.92
2024-10-04 12:00:00,8.02815,26.166,860.066,33.252,55498.0,832568.0,335.22,280.94,216.87,85.941
2024-10-04 16:00:00,5.08083,25.4493,650.531,170.593,14751.6,420936.0,505.95,597.96,179.75,14.573
2024-10-04 20:00:00,1.51926,9.5948,615.441,9.895,3092.9,309876.0,26.24,222.83,112.52,64.778
2024-10-05 00:00:00,0.76113,14.7271,295.455,16.705,20473.0,118513.0,102.37,182.59,40.63,56.689
2024-10-05 04:00:00,1.82689,36.9798,1136.686,34.981,9951.3,89714.0,227.89,371.49,136.68,19.916
2024-10-05 08:00:00,0.24451,0.3093,87.217,14.154,5568.5,32126.0,43.19,287.67,113.0,13.169
2024-10-05 12:00:00,1.41696,20.6563,389.801,17.851,4319.7,38354.0,75.38,616.77,14.69,53.277
2024-10-05 16:00:00,0.71174,6.1881,640.692,21.094,159455.9,69504.0,299.63,686.22,158.24,47.184
2024-10-05 20:00:00,0.96594,8.7505,245.415,15.124,33360.7,338024.0,149.74,1068.17,100.33,50.871
2024-10-06 00:00:00,0.67036,9.699,240.831,23.234,5344.2,211505.0,55.94,608.25,141.04,535.965
2024-10-06 04:00:00,0.81717,6.4102,94.283,8.85,4064.8,28963.0,110.08,75.74,144.59,17.247
2024-10-06 08:00:00,0.49733,4.1861,244.939,4.041,4477.5,28354.0,40.0,34.15,31.45,104.964
2024-10-06 12:00:00,4.61746,21.7407,1195.922,37.551,39890.3,881644.0,527.52,270.53,54.75,35.898
2024-10-06 16:00:00,3.06142,16.6378,220.549,17.506,62169.8,655981.0,175.66,269.1,168.45,244.289
2024-10-06 20:00:00,1.4225,12.7654,399.974,40.477,67198.5,157299.0,339.39,329.9,103.22,50.213
2024-10-07 00:00:00,4.84956,46.8723,1027.263,67.236,114580.9,458217.0,126.7,1318.96,354.74,151.703
2024-10-07 04:00:00,0.60862,27.4128,347.316,11.515,7145.7,145894.0,88.53,1386.68,40.05,35.577
2024-10-07 08:00:00,2.87987,53.1002,272.751,16.913,61918.2,460113.0,113.41,842.45,307.61,106.49
2024-10-07 12:00:00,6.29404,32.7422,2185.367,64.882,32653.7,415681.0,297.06,510.13,257.43,305.219
2024-10-07 16:00:00,9.48325,74.2242,683.611,30.896,36455.8,1144915.0,191.73,1079.61,234.27,266.779
2024-10-07 20:00:00,4.63938,29.8536,1742.178,29.952,22665.3,435037.0,80.15,506.54,264.75,30.437
2024-10-08 00:00:00,3.08868,67.5354,387.355,22.81,50754.8,78682.0,65.79,519.65,204.2,188.207
2024-10-08 04:00:00,2.23211,11.7115,223.125,8.694,25510.2,199236.0,165.54,359.35,130.5,41.388
2024-10-08 08:00:00,0.30269,3.1448,411.196,44.525,7223.4,268586.0,50.16,47.4,210.94,17.699
2024-10-08 12:00:00,10.85076,27.1636,505.472,42.78,78891.1,214113.0,236.89,1118.39,335.62,40.249
2024-10-08 16:00:00,4.06895,9.4141,144.272,95.299,48463.4,117393.0,79.87,689.54,191.17,121.182
2024-10-08 20:00:00,1.61884,9.3241,396.186,48.966,31976.7,122571.0,31.17,113.73,464.49,140.426
2024-10-09 00:00:00,2.27314,40.5157,140.956,55.444,48614.6,123569.0,94.27,70.06,209.85,70.212
2024-10-09 04:00:00,0.58459,9.5956,687.744,6.602,4596.9,75660.0,116.84,319.6,35.05,16.492
2024-10-09 08:00:00,0.45927,4.1042,53.528,16.972,11047.5,100600.0,5.66,369.54,169.33,23.939
2024-10-09 12:00:00,3.49745,19.9748,1274.75,21.091,83130.9,225610.0,587.57,556.57,342.59,36.623
2024-10-09 16:00:00,5.90576,16.8214,754.539,20.756,18030.5,425967.0,117.0,362.41,290.44,30.331
2024-10-09 20:00:00,5.2924,42.3448,1041.775,29.39,53375.1,493895.0,154.31,1491.91,263.33,49.01
2024-10-10 00:00:00,1.37194,5.0132,332.803,38.123,19405.6,27058.0,298.26,307.46,53.74,8.649
2024-10-10 04:00:00,1.1048,8.7815,108.018,3.073,6795.9,96601.0,27.32,42.68,99.36,6.16
2024-10-10 08:00:00,2.27562,24.2838,182.714,12.679,9729.6,102360.0,39.13,314.15,89.9,20.71
2024-10-10 12:00:00,1.84683,39.9651,1071.779,73.158,95246.7,907059.0,292.51,672.45,138.75,29.955
2024-10-10 16:00:00,10.06488,40.8045,414.761,82.99,57483.2,859391.0,1075.56,804.82,322.2,1019.249
2024-10-10 20:00:00,0.78469,10.1111,212.565,25.619,45378.3,411263.0,57.67,375.14,145.21,69.424
2024-10-11 00:00:00,1.1644,15.5824,311.872,26.094,15798.1,386244.0,137.77,278.19,122.1,31.86
2024-10-11 04:00:00,2.70385,3.2167,199.137,7.874,71075.3,401846.0,46.91,382.78,69.85,4.355
2024-10-11 08:00:00,1.94309,4.2705,113.204,8.533,42766.5,230970.0,206.21,65.19,70.81,40.81
2024-10-11 12:00:00,11.21666,22.3438,913.435,34.41,31444.0,661033.0,213.22,185.5,373.83,26.085
2024-10-11 16:00:00,12.14552,64.9824,465.17,59.592,78595.2,943248.0,846.87,885.68,790.93,47.835
2024-10-11 20:00:00,3.06889,41.3313,201.172,40.579,15576.7,186402.0,101.48,184.13,27.35,128.748
2024-10-12 00:00:00,2.57214,41.2515,623.227,62.325,16665.6,236241.0,617.41,684.0,56.75,68.049
2024-10-12 04:00:00,0.64312,3.5289,133.108,92.939,3782.1,518994.0,85.73,681.79,23.16,133.098
2024-10-12 08:00:00,0.55548,18.5628,133.919,6.599,22908.9,146055.0,42.98,290.14,99.22,11.47
2024-10-12 12:00:00,2.00331,14.0548,1056.545,17.422,11335.5,380657.0,224.43,394.33,156.56,17.491
2024-10-12 16:00:00,3.89656,5.9433,287.765,19.724,38527.2,148714.0,152.93,416.37,185.64,18.788
2024-10-12 20:00:00,2.53049,97.1378,587.885,10.287,14455.3,348140.0,1005.24,173.8,254.25,18.127
2024-10-13 00:00:00,0.91962,24.8472,142.143,70.07,36247.1,355614.0,125.83,430.99,432.52,41.236
2024-10-13 04:00:00,0.47448,3.0794,65.217,18.954,20913.3,117924.0,76.57,1.18,29.94,28.618
2024-10-13 08:00:00,0.49631,1.4614,1075.336,18.406,7163.7,27795.0,110.44,371.43,265.03,5.145
2024-10-13 12:00:00,2.33129,8.0029,162.902,94.193,301032.4,183318.0,675.99,402.01,219.18,46.998
2024-10-13 16:00:00,1.92122,10.8765,100.694,24.336,67605.3,224200.0,99.08,847.8,25.43,64.875
2024-10-13 20:00:00,1.20207,7.3527,389.923,9.574,13172.2,218235.0,597.91,69.32,573.4,25.778
2024-10-14 00:00:00,5.97318,18.6568,3500.954,27.18,82262.3,120762.0,1893.18,553.31,1009.64,84.791
2024-10-14 04:00:00,5.10366,68.7709,710.826,69.381,15309.3,362575.0,162.98,621.68,69.02,34.984
2024-10-14 08:00:00,1.41153,7.7881,272.946,28.708,38320.3,452600.0,57.18,102.71,30.43,31.598
2024-10-14 12:00:00,12.747,116.4502,1714.687,69.553,332358.2,1256721.0,452.81,4181.2,606.47,284.279
2024-10-14 16:00:00,10.68949,27.6727,591.079,186.549,34071.2,618311.0,276.0,180.59,275.1,122.908
2024-10-14 20:00:00,6.04859,62.6801,590.225,47.501,39948.3,542897.0,486.24,142.96,326.19,82.788
2024-10-15 00:00:00,2.30209,25.6416,400.636,13.169,66533.6,942042.0,211.71,1411.04,419.85,136.091
2024-10-15 04:00:00,0.84937,16.0508,217.89,6.009,15660.6,86446.0,589.77,20.18,97.1,74.013
2024-10-15 08:00:00,0.65276,4.8159,407.038,9.737,216930.6,409021.0,404.38,1962.82,300.54,559.235
2024-10-15 12:00:00,21.86128,152.7614,1792.273,213.131,104937.4,2195358.0,1322.68,1931.09,1229.41,255.156
2024-10-15 16:00:00,8.36807,46.8884,664.785,79.451,87226.6,2237104.0,740.86,3144.42,823.77,342.028
2024-10-15 20:00:00,4.53256,20.1645,355.44,25.424,51270.9,369007.0,426.13,1171.14,1038.5,156.135
2024-10-16 00:00:00,3.17398,11.2554,425.721,54.097,6225.6,488592.0,296.33,31.79,154.22,341.759
2024-10-16 04:00:00,1.4156,5.4388,215.653,3.665,16910.9,1278148.0,947.22,78.39,151.85,42.839
2024-10-16 08:00:00,4.89163,5.5244,411.869,40.775,10680.5,1954174.0,241.47,65.97,219.12,47.125
2024-10-16 12:00:00,6.90818,37.0896,547.64,32.304,24581.8,591838.0,1374.18,10416.2,274.9,174.257
2024-10-16 16:00:00,2.6533,7.2874,194.291,1355.154,132183.2,445027.0,487.03,196.64,233.14,22.686
2024-10-16 20:00:00,4.2335,5.2595,129.881,37.645,19852.1,896389.0,127.49,443.33,114.21,16.95
2024-10-17 00:00:00,2.46912,20.2486,186.233,125.18,121957.1,1072815.0,61.4,212.5,755.05,196.086
2024-10-17 04:00:00,3.5426,9.4378,487.939,18.651,86748.1,226802.0,518.6,260.82,930.08,315.472
2024-10-17 08:00:00,1.94802,16.2947,486.818,20.497,57063.4,89606.0,257.42,1507.49,135.89,77.158
2024-10-17 12:00:00,7.76364,37.9896,707.368,182.554,39748.5,413121.0,968.83,569.06,260.48,119.347
2024-10-17 16:00:00,3.22197,13.824,981.229,20.845,40034.7,466691.0,518.27,249.74,463.26,106.916
2024-10-17 20:00:00,0.81342,13.7045,369.021,7.479,17367.9,1526026.0,53.15,403.83,47.58,174.83
2024-10-18 00:00:00,2.67314,16.4741,730.897,13.601,25220.6,1798669.0,1157.32,184.28,125.5,747.899
2024-10-18 04:00:00,2.51481,19.2116,249.359,8.878,5953.9,643149.0,136.5,41.45,305.53,10.187
2024-10-18 08:00:00,0.59576,18.647,114.476,38.614,8056.2,348969.0,85.18,485.66,156.62,52.654
2024-10-18 12:00:00,11.98331,33.0528,791.781,27.838,21712.7,1167571.0,261.83,309.75,353.77,64.58
2024-10-18 16:00:00,4.97649,39.4492,1678.455,64.266,19048.7,918409.0,2056.02,150.39,281.98,125.664
2024-10-18 20:00:00,1.7398,10.7601,220.112,19.206,23285.0,485617.0,73.45,91.61,129.76,42.893
2024-10-19 00:00:00,0.72357,28.0169,248.663,29.358,56957.6,2645743.0,223.12,1510.22,1373.78,73.506
2024-10-19 04:00:00,0.40656,4.9445,137.653,7.718,24362.3,1577504.0,95.83,163.96,152.55,32.86
2024-10-19 08:00:00,0.58046,6.8839,142.412,4.556,13828.7,257579.0,697.33,102.66,133.2,331.502
2024-10-19 12:00:00,0.96689,6.3236,694.194,15.851,19803.4,326371.0,125.12,168.18,35.87,24.581
2024-10-19 16:00:00,1.42647,23.7537,256.259,34.583,15387.7,343834.0,157.87,371.83,145.75,235.0
2024-10-19 20:00:00,0.60897,9.0143,1799.688,19.12,181176.1,652752.0,13.59,430.82,196.24,19.98
2024-10-20 00:00:00,1.58124,15.2256,887.082,20.903,116581.8,197222.0,203.4,117.81,3829.05,49.677
2024-10-20 04:00:00,0.35875,11.9111,511.891,9.45,11326.1,121423.0,49.16,731.75,177.27,33.957
2024-10-20 08:00:00,0.11775,17.2298,347.426,4.85,6332.2,94428.0,64.78,27.6,546.95,35.876
2024-10-20 12:00:00,1.41077,36.9458,1248.818,24.11,80955.2,354042.0,326.64,866.12,448.29,34.742
2024-10-20 16:00:00,3.43282,58.973,386.391,34.54,188211.9,265267.0,369.13,424.66,375.36,38.619
2024-10-20 20:00:00,4.88086,62.6362,2978.459,238.037,51616.7,635310.0,1472.43,682.14,218.93,110.518
2024-10-21 00:00:00,5.03646,43.9748,2102.705,29.482,80050.0,1305004.0,575.36,695.01,4226.61,555.89
2024-10-21 04:00:00,1.34434,13.4166,1195.063,6.397,140330.5,1089521.0,371.96,204.57,217.41,50.237
2024-10-21 08:00:00,6.68005,11.0025,312.305,78.274,14110.9,315456.0,396.0,183.76,149.08,66.527
2024-10-21 12:00:00,5.98676,72.1422,781.964,43.255,59469.7,919850.0,991.17,2121.41,517.82,183.281
2024-10-21 16:00:00,3.41267,20.8368,1169.33,25.767,17404.0,678412.0,876.63,3654.7,1327.34,440.52
2024-10-21 20:00:00,10.74517,12.4505,407.389,64.183,23757.0,669644.0,33.64,427.51,202.1,78.706
2024-10-22 00:00:00,11.86823,101.497,1775.576,46.022,50230.6,1430542.0,560.32,670.79,230.9,335.706
2024-10-22 04:00:00,3.17246,27.9522,898.094,2.932,8398.6,213172.0,173.78,49.46,1560.16,211.514
2024-10-22 08:00:00,1.95543,62.386,391.417,28.699,17974.4,230224.0,856.31,426.06,1108.8,123.145
2024-10-22 12:00:00,6.93381,104.1946,1726.5,15.263,82545.6,929732.0,232.33,597.18,272.01,79.386
2024-10-22 16:00:00,0.96116,59.6652,206.424,11.506,61538.2,760794.0,170.39,304.5,192.92,32.296
2024-10-22 20:00:00,0.87864,50.3951,198.242,10.198,22806.7,441563.0,125.74,57.49,146.54,80.527
2024-10-23 00:00:00,0.66885,43.4519,521.335,9.658,207902.1,497946.0,173.33,561.66,640.53,111.172
2024-10-23 04:00:00,1.15661,36.5869,187.252,34.871,24558.5,140054.0,207.11,134.92,141.74,65.467
2024-10-23 08:00:00,2.47688,68.3375,226.42,20.832,41382.3,193769.0,609.22,842.32,578.63,36.273
2024-10-23 12:00:00,4.45297,98.2429,1547.813,26.502,61279.3,142113.0,316.03,649.43,157.85,25.156
2024-10-23 16:00:00,12.28878,207.3829,2138.243,32.135,47801.5,854257.0,521.3,436.98,519.93,247.705
2024-10-23 20:00:00,2.30729,78.9327,1346.655,59.907,8808.8,134320.0,368.12,111.32,502.87,21.208
2024-10-24 00:00:00,3.24284,68.6981,1208.521,18.31,26128.7,501143.0,473.4,402.52,329.38,567.554
2024-10-24 04:00:00,2.60952,39.7972,675.133,17.378,28207.4,308059.0,147.98,297.11,81.76,9.812
2024-10-24 08:00:00,2.09372,40.7857,469.096,20.688,52375.5,95647.0,249.85,155.85,153.72,46.078
2024-10-24 12:00:00,19.3253,77.1758,1408.783,56.681,55615.8,492454.0,426.14,902.23,47.66,71.654
2024-10-24 16:00:00,10.04686,49.7142,589.148,106.637,61332.4,456214.0,218.74,695.88,40.88,275.993
2024-10-24 20:00:00,2.03468,96.7003,1422.842,9.833,8313.5,206062.0,101.67,629.78,306.5,205.298
2024-10-25 00:00:00,1.17199,34.6448,465.579,12.351,28653.1,448287.0,169.26,200.1,1584.5,41.087
2024-10-25 04:00:00,3.57324,111.8508,375.609,5.884,82362.6,106498.0,267.35,120.8,205.68,32.713
2024-10-25 08:00:00,0.97132,64.7022,257.022,7.709,18850.9,455975.0,109.02,524.04,223.33,37.377
2024-10-25 12:00:00,8.41464,77.5089,793.714,43.531,81428.3,718115.0,199.21,849.1,192.27,63.551
2024-10-25 16:00:00,14.87241,126.8879,4290.913,43.805,139373.0,1110585.0,1211.43,934.39,611.26,189.028
2024-10-25 20:00:00,7.16337,181.243,2823.33,45.047,197575.8,507852.0,1394.44,92105.22,1303.66,314.229
2024-10-26 00:00:00,1.19688,113.3207,352.616,22.134,97825.1,291545.0,635.2,2408.43,352.73,102.715
2024-10-26 04:00:00,0.66208,35.9795,731.62,5.271,5243.5,47960.0,45.68,316.23,49.41,12.663
2024-10-26 08:00:00,0.61385,29.7178,183.908,9.808,11301.1,214913.0,30.92,626.22,47.79,11.741
2024-10-26 12:00:00,0.47319,35.0032,1186.19,435.652,7461.2,253290.0,352.28,792.41,210.08,58.054
2024-10-26 16:00:00,1.9851,53.8533,465.308,14.58,30188.3,406391.0,459.8,204.63,65.51,100.659
2024-10-26 20:00:00,0.89492,41.6965,540.095,29.971,10156.3,130932.0,93.47,501.26,246.27,13.813
2024-10-27 00:00:00,0.62313,25.3772,279.298,18.161,5458.4,112051.0,183.48,105.7,37.44,418.131
2024-10-27 04:00:00,1.14037,32.246,148.391,18.533,4278.8,23217.0,1.42,142.9,33.35,10.875
2024-10-27 08:00:00,0.21302,7.0265,508.07,9.58,1895.7,32070.0,15.43,55.47,181.63,16.981
2024-10-27 12:00:00,5.45641,26.2571,673.082,93.999,57337.7,399312.0,146.74,402.16,737.62,46.455
2024-10-27 16:00:00,2.16961,60.2191,603.749,16.868,51829.2,731469.0,228.68,182.29,907.29,30.965
2024-10-27 20:00:00,3.22409,17.4512,790.287,65.785,22418.4,512169.0,68.04,310.23,164.94,51.99
2024-10-28 00:00:00,2.65453,28.4035,782.627,15.897,12772.5,458768.0,416.54,317.4,203.44,1463.389
2024-10-28 04:00:00,3.27268,91.9806,777.869,13.905,25325.6,782551.0,422.72,344.15,116.72,52.613
2024-10-28 08:00:00,7.65045,27.9628,247.505,13.741,6064.8,296250.0,189.43,363.22,86.69,87.61
2024-10-28 12:00:00,11.86103,38.5101,1253.218,16.706,32713.1,1488372.0,513.82,539.5,188.53,107.699
2024-10-28 16:00:00,14.06432,52.15,1436.715,50.933,47245.6,3433367.0,427.39,5751.74,682.55,80.753
2024-10-28 20:00:00,8.68668,61.4126,1176.958,57.809,54429.1,722344.0,348.53,220.83,328.21,41.989
2024-10-29 00:00:00,20.64627,79.446,2551.843,215.393,81670.8,3310129.0,540.29,2529.87,2796.67,82.951
2024-10-29 04:00:00,7.95669,40.1282,669.725,12.205,31534.0,467578.0,80.86,260.71,253.3,32.181
2024-10-29 08:00:00,3.08864,34.3874,719.84,4.109,15757.4,269230.0,51.74,306.89,421.19,12.178
2024-10-29 12:00:00,17.22549,75.236,695.055,42.334,37699.9,817429.0,417.7,66.49,1001.1,53.028
2024-10-29 16:00:00,33.69398,130.8668,1938.598,81.301,101449.9,2225307.0,638.27,1889.33,1560.5,318.688
2024-10-29 20:00:00,9.7086,97.4531,592.896,26.005,27071.1,1286648.0,147.93,245.15,1154.02,177.428
2024-10-30 00:00:00,9.12102,88.6994,649.7,58.657,209364.7,717008.0,629.39,1154.58,360.1,195.372
2024-10-30 04:00:00,2.39909,41.976,488.806,33.656,34633.1,281131.0,73.96,190.07,256.76,82.233
2024-10-30 08:00:00,1.96757,12.5696,217.666,5.387,15598.9,240629.0,511.79,206.84,157.98,173.35
2024-10-30 12:00:00,11.92875,134.132,1770.343,50.882,183045.2,554464.0,296.73,917.88,1191.47,70.952
2024-10-30 16:00:00,3.3419,92.756,514.879,31.75,74576.8,376780.0,333.5,549.59,578.9,62.598
2024-10-30 20:00:00,3.77653,68.2156,320.709,23.038,159493.6,439964.0,183.28,212.4,298.15,71.157
2024-10-31 00:00:00,1.68464,15.7257,1230.908,319.774,12159.1,356351.0,180.74,653.43,590.81,54.963
2024-10-31 04:00:00,1.0994,20.0471,354.606,45.53,17398.2,62896.0,369.39,590.24,355.44,58.632
2024-10-31 08:00:00,0.77474,5.8834,176.584,12.055,34060.6,195386.0,124.11,727.45,101.55,102.869
2024-10-31 12:00:00,11.22999,78.5753,2605.212,87.357,78334.5,924029.0,1097.83,1899.65,1664.46,119.198
2024-10-31 16:00:00,5.43532,138.5382,845.859,103.824,37631.8,586629.0,896.9,1232.48,5313.39,162.823
2024-10-31 20:00:00,7.87163,29.8398,997.951,86.475,175990.8,1559236.0,158.33,731.96,1149.56,356.496
2024-11-01 00:00:00,13.63762,96.2023,611.651,53.748,57897.7,599464.0,371.4,1202.1,186.2,118.96
2024-11-01 04:00:00,0.91465,12.0302,411.348,10.469,149159.3,503274.0,464.69,270.85,126.81,32.042
2024-11-01 08:00:00,0.53309,10.7696,164.762,5.829,22465.0,117335.0,274.87,272.97,119.02,36.362
2024-11-01 12:00:00,9.87539,71.0063,1645.387,26.201,86727.1,1087852.0,1372.03,2145.32,1643.98,123.823
2024-11-01 16:00:00,6.83807,39.8661,649.32,32.394,81094.8,112461.0,426.61,131.05,301.31,180.363
2024-11-01 20:00:00,2.4711,16.7731,325.032,68.997,170999.7,432597.0,312.15,412.63,848.3,150.99
2024-11-02 00:00:00,1.09778,9.8921,135.351,25.788,134520.5,726022.0,66.37,1605.48,635.4,16.28
2024-11-02 04:00:00,1.2018,3.906,142.68,4.556,25018.8,139633.0,214.59,7.96,68.26,17.956
2024-11-02 08:00:00,0.56296,5.0123,258.405,9.778,34146.2,35671.0,34.52,337.64,50.82,14.174
2024-11-02 12:00:00,6.20927,28.1327,749.324,27.914,30251.7,203140.0,562.61,612.97,674.06,96.936
2024-11-02 16:00:00,0.96605,24.5227,164.291,6.477,11600.0,64813.0,186.8,63.03,96.14,57.619
2024-11-02 20:00:00,1.14069,16.7716,162.315,5.605,58493.5,52052.0,338.08,121.41,125.96,52.528
2024-11-03 00:00:00,9.63992,80.2132,1120.495,83.393,154872.7,1057082.0,1148.73,3856.39,438.12,88.137
2024-11-03 04:00:00,4.21283,15.0558,202.675,5.703,9353.9,61059.0,184.94,268.52,118.79,50.058
2024-11-03 08:00:00,0.30587,10.2933,111.649,13.696,12405.0,446895.0,207.22,209.8,74.64,21.382
2024-11-03 12:00:00,8.6948,26.7702,873.61,115.971,54005.5,839226.0,771.11,1251.38,900.8,121.301
2024-11-03 16:00:00,3.99909,68.2239,1205.554,68.609,65130.8,257795.0,263.73,443.11,532.5,329.467
2024-11-03 20:00:00,9.2038,8.333,1006.836,18.466,19842.9,293763.0,444.82,121.3,115.35,45.238
2024-11-04 00:00:00,1.93024,26.3247,532.781,41.974,12249.4,386550.0,277.37,188.7,277.13,46.779
2024-11-04 04:00:00,0.97799,5.432,179.423,22.75,15123.0,183614.0,35.85,2124.91,169.07,58.711
2024-11-04 08:00:00,0.32151,6.9265,581.631,12.609,5808.4,405050.0,113.26,183.83,44.49,50.129
2024-11-04 12:00:00,4.34442,31.6332,267.488,13.079,20640.2,392785.0,206.6,319.76,471.88,57.002
2024-11-04 16:00:00,9.2289,37.8457,1155.441,20.729,22703.1,784210.0,327.14,357.82,474.13,129.532
2024-11-04 20:00:00,4.78222,88.0434,2613.253,180.478,58518.8,534342.0,851.77,1119.9,1130.17,123.565
2024-11-05 00:00:00,4.58269,28.3901,607.198,16.455,16616.7,708483.0,247.93,306.15,916.13,220.09
2024-11-05 04:00:00,4.39457,48.5965,1049.92,43.849,1458.6,647448.0,52.63,275.49,66.75,79.789
2024-11-05 08:00:00,3.76069,2.4839,122.806,14.441,6058.4,241065.0,214.52,180.84,59.72,68.882
2024-11-05 12:00:00,6.16889,35.4828,1517.656,37.997,46845.6,1235413.0,688.64,431.06,578.52,164.046
2024-11-05 16:00:00,5.15085,80.3749,957.832,40.451,80136.9,1008647.0,731.97,2954.65,754.51,136.637
2024-11-05 20:00:00,2.52476,22.9309,305.934,31.773,19950.4,1909904.0,394.96,314.24,177.66,133.165
2024-11-06 00:00:00,48.78462,208.8783,6891.737,174.559,368725.5,9913080.0,1600.45,1790.59,3176.23,449.27
2024-11-06 04:00:00,29.05983,123.9538,4451.487,280.437,1054057.3,7927284.0,884.78,1314.09,1051.2,395.22
2024-11-06 08:00:00,8.84836,51.257,2494.174,35.123,68350.0,2617733.0,790.44,269.23,2136.97,101.143
2024-11-06 12:00:00,14.4618,94.4667,1299.104,23.063,57235.5,2017775.0,912.35,3321.27,1434.47,99.676
2024-11-06 16:00:00,17.74855,59.7925,1995.352,55.495,53151.0,1531213.0,283.67,2830.61,436.73,65.112
2024-11-06 20:00:00,20.83745,77.6535,1521.367,58.691,122912.7,722983.0,566.31,204.86,533.9,281.466
2024-11-07 00:00:00,9.3868,195.6483,1803.244,97.717,249027.7,1066168.0,803.3,3144.28,1388.59,190.045
2024-11-07 04:00:00,6.48067,63.7706,1268.517,50.022,56349.9,547079.0,399.46,528.38,624.65,283.41
2024-11-07 08:00:00,5.2889,49.6083,498.784,17.19,27885.1,195988.0,221.06,120.66,88.49,29.089
2024-11-07 12:00:00,1.5001,35.2257,1318.69,36.654,149040.8,866408.0,287.57,352.26,234.25,90.067
2024-11-07 16:00:00,7.45868,77.3078,2666.673,195.19,163020.2,936758.0,505.18,1311.66,361.92,155.531
2024-11-07 20:00:00,14.21658,111.8292,749.103,58.25,164536.8,777123.0,660.68,552.77,603.59,147.784
2024-11-08 00:00:00,4.46959,90.5926,2057.787,68.232,210252.2,1036415.0,1862.07,1083.25,730.85,619.582
2024-11-08 04:00:00,2.41899,14.8178,1215.63,28.507,141769.8,435386.0,223.73,1115.54,99.54,114.75
2024-11-08 08:00:00,3.66731,42.0455,2445.264,22.988,174118.2,317804.0,366.06,378.9,506.26,393.651
2024-11-08 12:00:00,2.30074,97.2901,3649.591,30.816,239114.8,894550.0,663.9,15910.54,7008.37,680.948
2024-11-08 16:00:00,6.48545,80.8363,1907.34,77.217,206525.6,708780.0,1099.27,3123.52,3291.78,198.521
2024-11-08 20:00:00,2.55792,48.0926,621.117,182.659,265960.7,2209221.0,319.25,395.04,936.42,113.62
2024-11-09 00:00:00,1.82027,108.9403,306.074,477.381,308629.0,766762.0,1543.38,980.01,561.33,187.7
2024-11-09 04:00:00,1.4785,99.0609,821.256,79.779,57940.8,959150.0,894.28,903.36,1563.23,66.9
2024-11-09 08:00:00,2.47746,22.8195,519.008,26.199,24546.5,1978258.0,180.62,2643.95,99.03,46.168
2024-11-09 12:00:00,2.20861,21.9467,679.031,27.304,69792.9,487254.0,797.28,3278.89,925.56,127.283
2024-11-09 16:00:00,8.26098,78.2468,731.938,40.998,201981.3,636022.0,444.51,2740.85,556.85,261.596
2024-11-09 20:00:00,3.16048,134.9818,1686.709,36.375,431477.4,2141942.0,1526.91,3300.4,1112.62,161.409
2024-11-10 00:00:00,8.40313,79.6868,1425.38,32.988,500108.4,3406851.0,1459.53,3138.27,967.5,720.465
2024-11-10 04:00:00,19.19957,141.4716,3244.174,158.639,476796.7,2202285.0,1749.39,3571.22,1668.21,822.673
2024-11-10 08:00:00,4.2236,37.9307,405.303,54.293,309031.8,1913046.0,1402.15,2544.31,2739.99,120.082
2024-11-10 12:00:00,9.62774,90.4778,2351.712,110.032,1444196.8,2167798.0,1988.6,4201.43,1739.07,368.717
2024-11-10 16:00:00,30.48834,256.668,3281.821,143.816,1006590.9,11383299.0,2224.87,8399.27,3057.53,1183.843
2024-11-10 20:00:00,16.385186,200.5663,4600.387,176.185,848799.0,5122256.0,11280.84,3364.57,1623.56,312.509
2024-11-11 00:00:00,8.93078,67.0855,1329.946,101.422,603909.3,4428751.0,486.75,13652.46,1186.01,706.268
2024-11-11 04:00:00,4.99762,58.6659,1434.291,89.803,222750.4,2120432.0,637.74,3691.59,640.04,331.378
2024-11-11 08:00:00,10.81551,39.4076,2107.536,40.199,141501.4,942768.0,328.14,250.65,517.56,140.972
2024-11-11 12:00:00,36.55666,114.4324,4381.742,169.547,430676.3,4542191.0,1221.68,2460.29,2052.11,331.601
2024-11-11 16:00:00,38.89481,270.5271,3759.026,256.408,473423.5,6045237.0,4396.12,1236.23,1816.94,690.732
2024-11-11 20:00:00,52.40826,219.1372,3162.04,875.067,573755.4,7254298.0,2956.45,10168.95,5722.7,1044.786
2024-11-12 00:00:00,26.60387,161.1309,4560.432,655.921,336970.5,7504143.0,3228.27,23441.62,3864.17,675.997
2024-11-12 04:00:00,37.75535,157.9134,3659.271,215.753,369493.0,11423625.0,3645.38,54057.0,2561.06,995.516
2024-11-12 08:00:00,19.17213,176.9654,4523.202,246.283,331585.0,6297772.0,2817.84,17882.19,4517.41,734.516
2024-11-12 12:00:00,36.77918,203.3897,3812.398,467.74,198636.6,7574913.0,1550.75,70942.44,1696.1,1111.581
2024-11-12 16:00:00,13.06483,138.3815,1988.927,191.061,199295.3,4500504.0,1583.3,13252.88,2589.97,830.046
2024-11-12 20:00:00,13.51814,150.1431,1001.083,195.314,119991.7,2756850.0,1096.37,667.08,1242.38,394.459
2024-11-13 00:00:00,7.53014,66.8108,1648.365,118.773,272830.7,5882342.0,1626.67,3759.86,1348.4,348.921
2024-11-13 04:00:00,7.9229,148.7145,890.791,80.724,197377.4,3634935.0,1213.25,1209.85,531.17,293.896
2024-11-13 08:00:00,5.68756,23.9112,360.426,31.68,81309.0,2045030.0,448.83,531.04,513.43,141.842
2024-11-13 12:00:00,40.07556,175.8252,2292.936,148.655,300346.4,6586770.0,2477.02,3689.11,2613.21,519.776
2024-11-13 16:00:00,24.65838,233.141,4573.483,266.703,197116.9,4078747.0,2661.39,3711.96,2727.23,457.995
2024-11-13 20:00:00,13.69768,94.9818,2671.975,126.516,131905.2,2419926.0,1179.32,644.45,854.41,329.034
2024-11-14 00:00:00,4.3518,47.7584,779.824,153.358,215526.8,1605116.0,762.81,921.01,403.53,1000.632
2024-11-14 04:00:00,5.88286,31.0252,993.542,249.568,103293.4,966000.0,1592.57,3580.27,1275.71,893.729
2024-11-14 08:00:00,3.00021,50.1394,1110.079,52.323,49285.4,1314212.0,436.9,529.16,557.19,236.231
2024-11-14 12:00:00,14.73958,140.74,1323.061,637.427,353790.5,3423288.0,4878.02,31743.08,4837.94,1443.253
2024-11-14 16:00:00,7.06648,356.6668,2984.921,1414.044,928223.0,1363741.0,2648.41,5375.11,2789.67,1048.056
2024-11-14 20:00:00,30.60416,127.0168,1601.706,236.975,247018.0,3740445.0,1169.03,6233.41,840.33,451.068
2024-11-15 00:00:00,6.6384,103.8074,723.824,186.823,230988.2,1510153.0,452.17,2068.81,677.36,416.228
2024-11-15 04:00:00,3.529,58.7204,890.517,60.557,286791.1,1540782.0,1849.59,323.49,356.05,323.841
2024-11-15 08:00:00,9.9942,20.05,676.494,24.589,113805.9,745287.0,525.38,624.48,244.78,233.151
2024-11-15 12:00:00,16.99255,226.2766,1758.396,62.83,1304078.3,3796366.0,945.84,1358.2,1180.61,550.841
2024-11-15 16:00:00,8.13166,195.5711,1727.32,168.87,475906.6,2316930.0,881.89,1003.17,1254.63,230.404
2024-11-15 20:00:00,11.69649,81.3474,2038.847,274.323,566704.6,2042195.0,1318.23,5651.66,1062.63,845.247
2024-11-16 00:00:00,8.49514,110.9993,1830.758,68.0,809800.4,1322910.0,1724.27,2233.89,756.54,427.255
2024-11-16 04:00:00,2.2639,65.8313,461.901,93.791,409406.1,1886070.0,1203.2,3584.38,2426.66,820.491
2024-11-16 08:00:00,2.37222,50.3189,574.528,53.934,409724.5,409119.0,429.13,1487.25,3339.25,538.847
2024-11-16 12:00:00,11.40648,96.94,2756.337,161.197,1095786.7,1188224.0,1838.24,2865.79,3215.16,1403.693
2024-11-16 16:00:00,2.51638,71.3731,1407.064,183.554,310977.6,927791.0,9953.23,1956.09,2738.43,1712.124
2024-11-16 20:00:00,1.6958,37.1957,605.837,46.438,312767.3,976532.0,672.51,5570.19,3190.36,724.754
2024-11-17 00:00:00,4.38371,131.8869,2131.146,243.479,506651.8,3903842.0,1096.87,5804.76,1692.58,437.344
2024-11-17 04:00:00,3.14547,49.9074,7381.553,142.298,101160.0,817149.0,2486.42,7878.23,787.84,385.175
2024-11-17 08:00:00,1.28097,23.2112,2922.186,277.508,92486.8,1378435.0,1360.3,1627.79,456.2,153.661
2024-11-17 12:00:00,3.38192,55.1834,1842.925,118.466,97465.5,807880.0,386.49,1026.31,620.12,217.946
2024-11-17 16:00:00,2.20951,45.9012,871.244,77.543,178399.6,873060.0,929.93,1315.13,733.82,239.87
2024-11-17 20:00:00,5.62883,67.6306,1246.41,143.339,270641.5,850280.0,494.46,2499.17,413.48,286.234
2024-11-18 00:00:00,3.0837,43.0997,2127.355,78.796,251211.2,1376540.0,352.51,4191.69,438.81,676.814
2024-11-18 04:00:00,7.21849,73.1181,1390.221,58.609,327155.7,1518678.0,727.78,5034.86,3126.2,667.796
2024-11-18 08:00:00,2.34774,45.3148,901.718,79.881,240904.9,835749.0,795.51,856.83,1348.6,250.574
2024-11-18 12:00:00,18.2296,94.0185,2705.749,755.342,182551.5,1109720.0,1012.24,3765.2,3263.53,654.051
2024-11-18 16:00:00,11.19971,145.1699,1402.345,219.858,214702.4,992763.0,1928.15,7158.03,7332.98,380.759
2024-11-18 20:00:00,8.49137,85.0031,914.64,83.687,185611.3,1052383.0,400.7,1434.6,787.36,284.033
2024-11-19 00:00:00,5.35993,56.6268,1047.001,33.353,76897.9,691089.0,240.22,988.61,2860.17,420.173
2024-11-19 04:00:00,2.38093,65.5412,814.416,91.85,88693.1,2680575.0,477.16,10277.86,862.5,161.864
2024-11-19 08:00:00,1.36788,92.9446,716.444,24.298,35886.7,559832.0,267.0,1641.68,380.97,130.998
2024-11-19 12:00:00,14.45924,66.969,867.321,105.96,144533.2,2284316.0,543.44,910.89,734.87,114.263
2024-11-19 16:00:00,16.86585,96.9684,785.554,43.356,202946.7,4849737.0,392.6,670.43,825.67,995.17
2024-11-19 20:00:00,13.31823,139.2174,1832.908,121.077,340651.6,1913474.0,1410.67,143855.93,718.69,275.53
2024-11-20 00:00:00,9.01352,97.4111,2381.421,52.113,322423.5,1073293.0,319.55,742.78,573.91,293.608
2024-11-20 04:00:00,2.61291,25.9272,301.239,84.778,638758.1,1180384.0,253.56,11444.42,115.91,981.125
2024-11-20 08:00:00,6.37737,15.5354,750.644,24.731,449446.8,1022415.0,1225.6,150020.54,996.75,80.031
2024-11-20 12:00:00,13.98033,88.6725,2669.361,88.279,252659.2,1587063.0,2530.02,23533.76,1453.55,148.009
2024-11-20 16:00:00,11.69331,114.1348,2484.565,142.328,368531.7,2768528.0,1533.13,36621.65,1224.93,1394.179
2024-11-20 20:00:00,2.80919,92.5872,1031.26,62.832,106954.4,1228767.0,311.54,9119.74,505.57,119.515
2024-11-21 00:00:00,22.68049,58.7889,2166.671,85.425,267477.0,2010420.0,909.4,3319.94,1031.63,664.003
2024-11-21 04:00:00,33.13038,94.9344,2770.718,188.223,151836.3,1532236.0,2392.83,2534.54,786.98,1595.536
2024-11-21 08:00:00,10.81325,121.004,688.472,55.848,79217.0,179704.0,514.55,641.13,247.81,159.056
2024-11-21 12:00:00,19.74529,431.8151,2420.207,369.258,254831.3,1655241.0,2208.91,1939.81,2888.23,497.706
2024-11-21 16:00:00,18.44508,234.7019,4537.731,216.331,268039.5,1228166.0,447.79,1256.12,1527.92,213.317
2024-11-21 20:00:00,6.0809,56.8619,3181.975,85.252,202137.2,1131263.0,506.75,1858.35,1817.05,89.286
2024-11-22 00:00:00,14.07904,90.4861,3361.597,252.71,704468.6,2671785.0,1815.68,51046.7,1571.76,473.493
2024-11-22 04:00:00,9.18946,78.5651,1078.741,75.024,433522.8,1625285.0,584.46,4186.69,1011.89,322.361
2024-11-22 08:00:00,2.46375,33.3796,526.826,67.496,321079.0,546947.0,1747.43,1387.33,2814.56,202.407
2024-11-22 12:00:00,11.40905,58.8969,2757.108,124.574,477899.3,3755523.0,3157.96,3162.26,2312.24,458.765
2024-11-22 16:00:00,9.24722,113.8142,1498.907,197.351,767430.2,2780943.0,1487.72,3446.59,3222.93,469.273
2024-11-22 20:00:00,5.14244,81.8996,863.133,152.415,1170134.1,2286813.0,8112.59,5837.9,3365.31,685.472
2024-11-23 00:00:00,5.73832,94.9093,1296.008,424.061,1703187.2,3191194.0,4469.72,9601.64,5423.55,4093.328
2024-11-23 04:00:00,7.15186,64.4088,3295.576,286.075,428488.1,5966705.0,3165.34,9137.46,798.59,1544.454
2024-11-23 08:00:00,1.25397,67.1878,468.252,134.024,159049.8,1377170.0,2226.33,7634.1,1521.22,304.73
2024-11-23 12:00:00,8.78467,146.9703,1078.052,702.547,387374.8,1487652.0,1418.05,17395.86,4471.11,839.636
2024-11-23 16:00:00,14.75196,258.3853,2235.112,265.347,640343.0,2489362.0,4204.51,14646.99,6776.0,1593.851
2024-11-23 20:00:00,2.15231,96.1607,754.253,587.369,219716.6,1543976.0,2245.78,4694.18,3753.62,583.623
2024-11-24 00:00:00,2.03993,64.3951,1695.242,228.416,276089.5,2248640.0,930.41,18099.75,6363.29,520.808
2024-11-24 04:00:00,6.07296,43.4396,1626.826,143.643,114443.0,810585.0,662.32,3260.3,1266.17,268.355
2024-11-24 08:00:00,2.18595,56.0456,860.386,192.611,242638.1,752427.0,1062.76,3728.23,1578.67,772.155
2024-11-24 12:00:00,6.38436,75.7831,2998.883,113.634,526412.1,2066080.0,1647.29,9101.88,2414.22,1254.365
2024-11-24 16:00:00,7.74008,80.6096,663.863,122.671,196040.3,794187.0,3032.46,1047.47,1456.72,204.642
2024-11-24 20:00:00,8.55116,204.9391,1004.161,95.321,201473.6,1195773.0,1809.32,3212.18,3400.1,262.241
2024-11-25 00:00:00,3.11643,63.9833,976.638,82.684,181456.9,1174025.0,5022.86,2906.78,3526.35,2318.984
2024-11-25 04:00:00,6.16515,41.7052,663.274,55.647,200415.3,513547.0,1859.14,3226.25,1797.54,164.732
2024-11-25 08:00:00,1.85806,111.026,531.833,80.799,100564.4,520974.0,3796.36,3879.14,1909.29,165.31
2024-11-25 12:00:00,26.70891,468.1064,2327.549,147.687,279968.0,2230341.0,1798.7,3443.14,2952.47,1091.65
2024-11-25 16:00:00,6.70212,173.6831,2553.08,69.764,168403.2,1679684.0,1409.63,3722.27,2011.01,304.017
2024-11-25 20:00:00,12.33038,144.7508,2082.818,183.321,318620.4,2335094.0,3080.98,4322.58,1787.87,426.454
2024-11-26 00:00:00,8.53586,121.7499,1059.128,77.958,235831.4,1170954.0,1179.61,387.02,786.48,285.147
2024-11-26 04:00:00,2.26639,34.6543,715.13,140.156,96210.3,631196.0,404.98,1338.47,7764.19,720.075
2024-11-26 08:00:00,7.97904,123.9246,1588.275,92.267,549453.0,1787923.0,1448.11,4519.87,2320.55,493.585
2024-11-26 12:00:00,8.28181,53.174,1460.664,69.74,258176.2,1128751.0,1196.45,2330.92,4344.28,421.196
2024-11-26 16:00:00,4.15541,100.3489,820.236,94.143,244313.9,876285.0,824.4,921.29,1488.12,248.339
2024-11-26 20:00:00,8.80469,33.5394,613.861,79.647,172942.1,498247.0,3419.73,3030.84,616.38,182.048
2024-11-27 00:00:00,4.04784,44.8838,362.765,142.147,147075.3,733800.0,579.32,2432.36,637.6,276.033
2024-11-27 04:00:00,5.94598,190.593,1391.883,54.455,174706.5,617123.0,5815.4,1688.32,6397.34,627.85
2024-11-27 08:00:00,3.36322,52.1117,488.285,52.095,187571.8,484013.0,609.52,1608.01,784.29,565.846
2024-11-27 12:00:00,8.18271,147.9686,1007.72,85.396,310185.0,804427.0,881.63,1942.18,3190.56,384.411
2024-11-27 16:00:00,12.19732,155.1409,736.533,88.67,730054.6,718073.0,485.23,4587.53,836.41,150.319
2024-11-27 20:00:00,5.24326,148.0921,1427.579,212.389,324590.8,717088.0,407.99,2009.46,3119.45,218.873
2024-11-28 00:00:00,2.79386,109.1173,791.319,269.752,128018.5,2511188.0,994.25,2648.41,1035.06,145.347
2024-11-28 04:00:00,1.19348,40.348,596.984,99.37,136664.6,581055.0,921.93,408.58,1735.04,75.976
2024-11-28 08:00:00,0.64666,28.9277,259.3,34.127,153317.6,516856.0,296.97,143.93,330.45,159.181
2024-11-28 12:00:00,1.58823,102.1022,600.52,62.387,316966.2,462126.0,925.36,6683.12,975.85,123.052
2024-11-28 16:00:00,1.15459,47.0201,861.098,153.773,31736.5,338349.0,678.36,5912.8,5896.24,156.174
2024-11-28 20:00:00,4.8296,26.6185,184.382,57.937,210553.5,192503.0,2955.13,1102.75,2393.83,147.921
2024-11-29 00:00:00,4.68312,38.0511,603.036,132.911,242373.1,365940.0,1255.67,1162.12,1674.51,153.439
2024-11-29 04:00:00,2.36166,34.5345,224.513,32.611,170393.4,241097.0,193.08,788.65,839.98,132.744
2024-11-29 08:00:00,1.46608,19.8354,220.812,28.248,233513.9,307885.0,147.98,786.34,325.84,69.428
2024-11-29 12:00:00,5.39022,65.6809,1276.817,42.009,264144.9,1036974.0,642.57,3490.82,2133.73,593.194
2024-11-29 16:00:00,17.48207,73.6499,980.199,181.028,261235.9,1689910.0,1221.55,4616.46,4069.33,340.153
2024-11-29 20:00:00,14.42846,67.9728,687.978,146.306,157323.3,1132280.0,1508.98,1579.89,1219.54,265.798
2024-11-30 00:00:00,5.53551,90.9576,1204.059,105.75,275391.1,694789.0,558.46,4392.64,1462.3,1564.358
2024-11-30 04:00:00,5.20141,122.3843,598.375,465.473,625438.3,666129.0,593.54,885.17,1073.48,553.413
2024-11-30 08:00:00,1.61553,59.3326,318.109,82.467,370583.7,365542.0,649.34,1606.39,541.92,420.048
2024-11-30 12:00:00,2.36446,31.8907,1515.191,119.536,95224.5,346002.0,2296.61,490.75,1893.36,284.35
2024-11-30 16:00:00,4.94902,60.3851,475.74,99.001,76332.9,651513.0,679.08,1042.43,1935.37,458.547
2024-11-30 20:00:00,3.40872,76.8191,1409.621,86.444,167081.9,383436.0,250.02,5106.63,2831.36,566.6
2024-12-01 00:00:00,3.30237,90.0548,2242.23,63.068,288086.1,1878709.0,1324.54,2107.49,9715.82,471.73
2024-12-01 04:00:00,0.87324,20.6685,319.592,27.168,179392.9,359563.0,4602.11,351.19,2129.84,41.649
2024-12-01 08:00:00,0.6036,15.4927,453.795,15.34,108603.1,216895.0,4889.52,1397.65,240.23,208.349
2024-12-01 12:00:00,1.3705,52.544,1290.636,68.673,115126.4,430810.0,885.48,2141.17,3453.61,1051.842
2024-12-01 16:00:00,3.08189,56.6036,1835.827,125.752,189784.6,3106207.0,736.47,3009.59,4596.21,435.76
2024-12-01 20:00:00,6.98696,38.3242,1426.173,118.826,990705.4,2044794.0,786.33,1641.38,1892.53,2525.23377
2024-12-02 00:00:00,11.55905,130.015,4881.23,235.572,916520.9,2911202.0,5018.45,5539.68,6130.67,4361.84464
2024-12-02 04:00:00,4.16633,107.0262,2816.585,104.541,358551.2,2407243.0,5106.52,5695.58,3152.95,966.899
2024-12-02 08:00:00,6.88482,79.8782,4465.051,279.394,473287.8,1319893.0,2280.2,3321.94,6979.31,909.697
2024-12-02 12:00:00,10.13296,126.2307,1457.656,448.059,743922.7,1279202.0,1527.71,3547.86,15018.31,918.477
2024-12-02 16:00:00,7.13439,146.8766,3364.3,110.527,850717.9,1003500.0,1427.82,2203.71,15390.87,1307.2463
2024-12-02 20:00:00,5.75315,136.1816,2166.714,107.892,493073.8,751874.0,7039.89,7595.65,17218.14,1114.84355
2024-12-03 00:00:00,5.86193,115.8171,1902.57,220.284,1448369.7,958937.0,2555.22,5899.38,5402.63,987.742
2024-12-03 04:00:00,3.76029,57.9414,3114.337,194.545,348025.9,807998.0,1746.97,14015.23,3585.23,265.094
2024-12-03 08:00:00,3.28925,30.076,1325.298,25.895,193212.7,374492.0,337.45,11291.24,5196.97,215.878
2024-12-03 12:00:00,7.10301,126.8098,1980.814,179.176,858376.1,1529209.0,4445.72,3439.05,5852.66,623.098
2024-12-03 16:00:00,4.37878,68.1382,1281.34,972.285,387357.3,827779.0,784.87,2376.2,1895.56,205.285
2024-12-03 20:00:00,6.50488,50.6839,3077.522,2080.367,283475.1,936253.0,1066.69,3495.73,3994.86,592.94
2024-12-04 00:00:00,5.45582,109.672,2766.574,1251.064,224591.3,997764.0,1422.05,1668.7,3995.36,671.366
2024-12-04 04:00:00,9.13882,111.0119,860.415,860.96,144879.6,394015.0,2205.85,1314.71,747.64,461.385
2024-12-04 08:00:00,2.0645,72.5835,383.908,314.557,145370.2,429278.0,813.78,8215.69,1936.43,260.71
2024-12-04 12:00:00,5.71103,148.7079,1145.408,227.103,401017.7,466608.0,2922.23,14356.8,8248.17,475.039
2024-12-04 16:00:00,13.25537,147.4833,2118.414,544.3,464134.2,1922901.0,2868.73,9110.94,5173.8,1117.577
2024-12-04 20:00:00,18.93362,245.9489,2594.0,140.419,317578.3,1915795.0,942.02,7968.94,3565.73,885.167
2024-12-05 00:00:00,54.22534,249.268,4840.435,331.679,665430.3,3885097.0,1512.37,14053.31,3806.12,1067.109
2024-12-05 04:00:00,9.17423,61.8097,1130.483,221.03,148079.3,3136410.0,924.84,3716.67,1027.01,825.718
2024-12-05 08:00:00,4.17432,69.1249,2092.606,160.987,76627.5,1264846.0,506.88,3011.6,633.81,851.566
2024-12-05 12:00:00,10.1215,91.3176,2366.121,278.034,89539.2,3535231.0,756.69,2513.41,1282.81,924.57937
2024-12-05 16:00:00,10.34375,79.8369,1944.204,189.556,259055.4,1441937.0,674.98,6028.74,1907.12,726.261
2024-12-05 20:00:00,32.32045,269.8518,2693.129,149.148,255255.7,1178629.0,1430.81,6099.76,3560.91,548.781
2024-12-06 00:00:00,7.79543,89.5031,2555.541,130.537,214403.2,571391.0,454.69,1735.39,1333.86,362.48
2024-12-06 04:00:00,1.44044,55.6157,298.333,55.203,59546.4,257435.0,762.08,1067.45,318.91,127.739
2024-12-06 08:00:00,1.05081,21.8945,321.641,37.921,87437.9,572826.0,647.71,774.13,577.96,124.221
2024-12-06 12:00:00,5.86873,390.038,957.752,175.112,711542.3,633296.0,1998.85,7005.42,1497.73,339.706
2024-12-06 16:00:00,16.40476,147.2018,508.21,241.542,270787.5,765621.0,2711.35,2213.73,2643.66,261.469
2024-12-06 20:00:00,6.51206,78.3159,599.416,102.721,213272.3,578149.0,791.36,6009.43,4818.74,99.258
2024-12-07 00:00:00,2.24223,65.4861,555.481,57.597,152217.6,484656.0,273.89,4103.76,4080.71,134.136
2024-12-07 04:00:00,3.57363,28.2394,429.557,182.519,72958.9,1345287.0,5044.73,4510.08,3457.05,231.237
2024-12-07 08:00:00,0.37651,13.91,174.836,106.478,59831.3,553465.0,242.88,24256.86,733.41,209.065
2024-12-07 12:00:00,2.64239,19.5141,380.284,124.332,199315.5,958029.0,567.4,1578.94,3193.39,242.664
2024-12-07 16:00:00,1.75302,39.7001,520.77,146.517,119655.4,2415224.0,1846.86,3243.81,1599.31,381.49
2024-12-07 20:00:00,2.3877,59.2353,614.063,104.078,69385.7,827414.0,466.42,1637.54,2114.57,80.523
2024-12-08 00:00:00,5.08321,85.254,776.278,82.737,142744.4,586649.0,256.62,1291.14,534.76,383.39
2024-12-08 04:00:00,1.43765,28.4023,652.015,37.921,297914.5,2121564.0,433.26,2284.94,2474.56,147.42
2024-12-08 08:00:00,1.64909,24.3944,368.616,86.594,185485.4,628421.0,302.55,2347.99,3900.79,589.131
2024-12-08 12:00:00,4.23981,63.2095,205.714,87.691,199414.3,651455.0,713.8,808.9,10079.66,186.891
2024-12-08 16:00:00,2.31162,48.05,1435.855,68.685,99418.6,697188.0,566.5,1073.14,1022.09,199.939
2024-12-08 20:00:00,3.23715,42.1202,482.561,83.354,179923.4,318281.0,1540.25,397.51,779.69,105.476
2024-12-09 00:00:00,7.49477,135.1564,1850.06,171.953,244717.5,924980.0,3001.77,1568.48,3821.92,675.33
2024-12-09 04:00:00,6.17855,61.6002,439.519,86.808,110588.6,1152721.0,1062.39,2219.95,4128.74,324.68
2024-12-09 08:00:00,2.3902,77.9883,2094.889,65.799,223150.3,597382.0,1270.65,1686.18,1714.64,290.567
2024-12-09 12:00:00,10.15134,156.0552,1239.058,62.879,351584.3,1585236.0,5292.28,2582.45,1640.34,289.588
2024-12-09 16:00:00,9.62381,80.6256,1233.326,75.718,78855.5,715706.0,571.84,1351.5,2619.1,105.033
2024-12-09 20:00:00,22.687,432.3546,5094.755,437.745,1071512.3,3137186.0,5080.45,16346.37,10055.69,2881.497
2024-12-10 00:00:00,6.78592,106.8463,1908.413,182.27,464480.9,1470813.0,1137.22,3463.99,7555.55,936.071
2024-12-10 04:00:00,6.75502,110.2566,431.357,71.097,172708.3,509849.0,335.44,4347.16,2265.06,424.844
2024-12-10 08:00:00,1.14727,21.1147,433.247,53.018,174408.6,216844.0,602.16,512.25,536.66,96.453
2024-12-10 12:00:00,8.48179,114.9938,2028.89,142.168,309777.5,1270725.0,2159.49,6486.9,3527.3,425.682
2024-12-10 16:00:00,12.51129,142.8646,2773.697,117.134,399210.9,1961344.0,2470.92,9592.93,2116.26,648.092
2024-12-10 20:00:00,3.7193,32.6322,1039.174,181.713,426691.5,1801116.0,417.01,22957.62,1028.43,316.361
2024-12-11 00:00:00,3.82353,27.0361,446.751,56.503,200384.0,1324477.0,438.32,6782.49,1510.86,287.466
2024-12-11 04:00:00,1.46184,21.4632,861.903,14.096,40431.1,78926.0,173.08,17330.82,149.04,104.928
2024-12-11 08:00:00,1.3318,61.0429,366.552,54.994,65280.3,238381.0,391.49,614.1,618.5,133.859
2024-12-11 12:00:00,12.04277,63.3591,2899.007,78.187,1101293.7,2386094.0,2134.86,20776.5,4394.53,724.118
2024-12-11 16:00:00,11.02395,33.3152,1938.545,94.878,273026.8,1796507.0,428.63,1152.24,1442.29,337.698
2024-12-11 20:00:00,8.57551,57.8266,909.373,80.829,65837.5,1139283.0,384.07,980.52,1674.12,292.407
2024-12-12 00:00:00,6.19942,101.9656,1264.039,138.829,458479.5,1587390.0,1595.14,29060.62,8378.54,623.095
2024-12-12 04:00:00,3.61495,52.9238,337.144,29.151,289082.3,1133459.0,497.06,4333.12,9052.81,475.183
2024-12-12 08:00:00,2.42551,27.784,434.366,89.267,45065.0,593222.0,648.44,2940.99,1906.7,209.959
2024-12-12 12:00:00,6.24658,112.2999,779.385,95.38,128983.9,987719.0,1627.02,1880.92,10287.13,254.548
2024-12-12 16:00:00,14.1205,121.3108,680.623,274.985,163040.8,1299856.0,9281.39,1552.52,2193.64,212.434
2024-12-12 20:00:00,7.0726,123.9447,421.051,161.511,87865.7,837878.0,719.18,1242.43,8267.55,407.858
2024-12-13 00:00:00,2.29229,40.4885,817.254,75.655,87265.8,680302.0,778.44,2482.64,10665.55,172.717
2024-12-13 04:00:00,2.3905,83.8982,497.741,33.869,266798.0,406720.0,575.62,4157.88,6182.87,160.013
2024-12-13 08:00:00,1.3014,79.9856,403.238,62.354,20357.9,114656.0,234.23,745.31,922.44,88.909
2024-12-13 12:00:00,3.79123,30.2617,1482.446,149.42,262535.3,543152.0,495.21,1026.23,4025.34,87.317
2024-12-13 16:00:00,5.11313,91.8538,1251.413,74.037,133624.4,185997.0,760.82,1717.2,1190.47,133.38
2024-12-13 20:00:00,2.73089,24.3796,517.008,46.754,30896.4,417105.0,428.27,5790.53,2446.42,355.073
2024-12-14 00:00:00,4.54277,38.543,701.767,63.164,98162.7,795577.0,568.57,15568.3,2993.52,194.994
2024-12-14 04:00:00,0.41879,17.4312,108.236,37.598,84814.2,130956.0,268.75,3916.06,927.27,17.816
2024-12-14 08:00:00,0.74123,8.2498,303.857,28.019,61764.8,53109.0,979.98,1115.51,1969.98,96.147
2024-12-14 12:00:00,2.60494,31.6659,651.35,58.373,182543.2,515950.0,1072.65,1998.8,3447.27,259.733
2024-12-14 16:00:00,1.78489,27.0362,700.94,48.222,162030.2,972016.0,1384.98,462.85,5905.14,220.725
2024-12-14 20:00:00,0.99779,30.9034,897.207,24.769,69397.3,799081.0,429.15,437.87,944.33,123.259
2024-12-15 00:00:00,2.21988,27.3159,179.51,42.68,56841.2,176041.0,1639.89,2097.33,1051.23,79.233
2024-12-15 04:00:00,4.67534,54.3013,612.167,24.242,114468.0,170365.0,977.35,987.54,990.21,147.0
2024-12-15 08:00:00,1.66139,13.6967,661.416,935.632,42779.9,246150.0,408.23,350.76,172.85,30.617
2024-12-15 12:00:00,7.85195,31.8143,118.595,29.58,76374.9,183849.0,641.01,2368.94,760.53,71.118
2024-12-15 16:00:00,4.76178,12.2288,990.555,68.142,172302.7,94325.0,531.31,1870.25,800.17,19.252
2024-12-15 20:00:00,13.66325,108.8003,2418.535,192.918,152827.3,478722.0,2355.25,7337.87,3015.41,142.233
2024-12-16 00:00:00,19.06078,204.1291,1532.835,73.008,139503.9,652742.0,1170.69,5548.02,3816.07,130.017
2024-12-16 04:00:00,1.8091,27.4516,250.624,54.774,25814.0,100254.0,74.53,631.29,1584.74,138.399
2024-12-16 08:00:00,2.2019,29.1814,626.507,67.54,97284.0,205859.0,370.49,2052.97,5934.61,74.042
2024-12-16 12:00:00,5.83768,86.0585,2017.874,42.58,46160.3,121092.0,246.98,10074.63,1723.72,88.83
2024-12-16 16:00:00,9.03718,149.366,828.239,170.33,168129.6,344002.0,345.83,19092.83,1547.58,157.667
2024-12-16 20:00:00,3.45363,24.2812,773.12,36.065,66755.4,360162.0,396.2,1983.1,753.89,239.712
2024-12-17 00:00:00,4.2308,43.9529,1211.232,62.638,153539.6,234005.0,755.85,10665.19,1511.02,266.068
2024-12-17 04:00:00,2.95711,35.8301,845.005,53.432,28475.1,328009.0,271.81,476.02,5486.72,134.388
2024-12-17 08:00:00,0.73853,13.2927,621.284,273.888,127033.1,1199990.0,521.15,1104.59,830.45,287.227
2024-12-17 12:00:00,6.94979,98.5693,2068.345,99.297,167319.4,2438910.0,702.81,1337.41,2046.35,298.184
2024-12-17 16:00:00,4.11297,52.4116,1828.991,77.745,131621.3,333652.0,302.66,7210.14,1108.71,1356.359
2024-12-17 20:00:00,3.39197,79.4066,2091.823,82.004,183749.4,246934.0,2492.52,33415.41,1606.7,336.44
2024-12-18 00:00:00,3.57638,91.6737,2032.613,96.295,264007.1,448167.0,694.9,2306.46,719.79,517.32
2024-12-18 04:00:00,6.13354,41.2233,1833.207,62.347,267784.4,568639.0,981.7,1738.66,1401.84,441.908
2024-12-18 08:00:00,4.41705,4.4996,686.863,28.596,31478.0,51691.0,209.73,645.49,147.58,64.465
2024-12-18 12:00:00,4.9268,92.4089,946.946,34.851,100373.6,211200.0,882.48,8573.26,1186.99,223.616
2024-12-18 16:00:00,3.70138,372.6492,2594.896,61.207,240707.3,187223.0,2041.8,9652.06,3093.47,375.368
2024-12-18 20:00:00,13.83204,766.6538,3093.112,150.461,784438.5,1590169.0,2054.18,6998.75,4117.19,544.862
2024-12-19 00:00:00,11.04907,176.5915,3819.928,423.305,384303.0,1501308.0,1837.56,10518.65,5390.95,724.6
2024-12-19 04:00:00,2.0715,29.7279,291.974,29.401,117929.7,294258.0,424.35,415.44,423.91,55.39
2024-12-19 08:00:00,0.7806,14.5034,43.499,21.965,57565.9,121376.0,203.92,459.06,895.1,58.061
2024-12-19 12:00:00,8.73102,132.3818,945.447,104.35,237220.0,593615.0,685.26,1306.25,1880.49,233.501
2024-12-19 16:00:00,14.61375,202.4788,2982.557,288.295,508808.5,2381585.0,3241.47,8984.58,4330.42,1506.746
2024-12-19 20:00:00,9.00169,118.9501,1214.211,96.959,157253.8,1319095.0,1432.36,1981.12,2518.37,219.842
2024-12-20 00:00:00,3.90618,46.2959,673.249,26.937,165307.5,600017.0,829.87,1144.31,627.07,82.654
2024-12-20 04:00:00,2.26045,52.4922,274.318,29.104,108869.4,355103.0,501.83,635.35,652.43,147.217
2024-12-20 08:00:00,11.04886,144.2613,4204.327,227.858,509667.3,2524166.0,3456.74,6658.18,5909.11,549.77
2024-12-20 12:00:00,9.25921,64.6509,1829.409,306.492,310356.2,1328809.0,1162.6,6623.15,4804.33,139.42
2024-12-20 16:00:00,3.96436,69.8844,2431.122,140.8,479776.3,628933.0,727.02,1841.01,1215.8,75.721
2024-12-20 20:00:00,1.93503,49.5475,1005.258,32.276,192161.4,329265.0,464.19,1022.77,2220.93,159.284
2024-12-21 00:00:00,1.8921,16.3612,768.902,44.021,37325.7,494623.0,37.11,920.92,2183.99,79.071
2024-12-21 04:00:00,2.01076,34.3457,604.825,62.694,202170.8,1509599.0,608.79,4616.7,762.5,678.997
2024-12-21 08:00:00,3.27635,8.9371,282.394,26.059,74428.0,821271.0,220.42,665.96,2650.81,40.342
2024-12-21 12:00:00,3.99332,21.4478,789.93,60.937,196963.1,1026200.0,2065.6,8665.59,5451.89,103.716
2024-12-21 16:00:00,1.57083,24.2577,897.683,24.295,199139.7,199305.0,521.44,365.96,971.64,200.57
2024-12-21 20:00:00,2.59101,62.6837,781.958,86.228,97446.5,238927.0,373.68,209.44,846.68,52.983
2024-12-22 00:00:00,3.15329,6.2888,230.567,41.547,45301.2,541543.0,518.39,1582.19,1551.76,100.079
2024-12-22 04:00:00,1.80413,7.386,164.524,18.613,113628.1,833775.0,331.12,365.35,1214.24,82.366
2024-12-22 08:00:00,0.31407,4.2935,615.877,13.899,52342.9,194252.0,297.05,566.25,385.08,22.693
2024-12-22 12:00:00,1.93305,46.8572,294.696,19.302,87223.6,1276699.0,239.39,308.77,1173.62,62.9
2024-12-22 16:00:00,2.5816,22.6262,431.689,50.737,58001.0,910216.0,671.91,1587.87,767.13,84.676
2024-12-22 20:00:00,5.38287,56.0423,244.902,352.805,266492.6,736965.0,657.19,5808.57,1621.47,98.033
2024-12-23 00:00:00,4.91897,21.8845,834.925,116.11,180954.3,1710699.0,1518.24,1083.19,627.14,146.794
2024-12-23 04:00:00,5.5811,33.7922,4765.185,56.631,82687.1,931733.0,917.9,844.01,979.78,189.043
2024-12-23 08:00:00,0.35652,6.2669,63.123,27.912,24337.4,682970.0,145.21,129.0,382.79,59.666
2024-12-23 12:00:00,2.38334,25.6513,606.493,33.564,121341.2,39948.0,316.37,221.21,1830.14,138.299
2024-12-23 16:00:00,3.98429,22.979,426.804,127.111,53617.6,408481.0,373.59,736.76,4788.27,77.053
2024-12-23 20:00:00,5.94655,191.9346,2944.387,362.526,336711.6,1940106.0,985.07,4417.62,2965.4,384.51
2024-12-24 00:00:00,2.29695,14.048,2710.898,74.025,46854.7,1523578.0,490.22,1068.69,433.39,367.157
2024-12-24 04:00:00,0.84434,6.9182,329.565,23.106,185815.6,242688.0,111.95,480.88,185.63,90.913
2024-12-24 08:00:00,0.90755,11.1235,724.522,12.172,22394.9,33278.0,263.09,128.5,918.53,230.671
2024-12-24 12:00:00,31.18323,43.5856,1352.355,64.471,194306.7,1659490.0,1273.44,3526.43,3259.83,89.061
2024-12-24 16:00:00,5.90467,49.7963,2546.429,226.421,91445.4,2309387.0,868.57,2025.15,3315.87,70.623
2024-12-24 20:00:00,1.06399,17.5411,373.976,52.385,91943.2,1025440.0,167.42,1986.3,4729.72,76.116
2024-12-25 00:00:00,1.18702,27.3912,959.084,66.021,76067.3,1156412.0,138.23,370.29,1566.42,51.731
2024-12-25 04:00:00,0.7915,6.8451,517.136,40.148,16153.9,11909.0,351.38,697.44,230.81,133.693
2024-12-25 08:00:00,1.3212,19.2625,436.642,113.291,42842.7,144863.0,452.18,1248.39,1347.5,167.42
2024-12-25 12:00:00,4.59843,49.413,57.607,50.554,40722.1,128113.0,121.8,771.53,1085.92,35.131
2024-12-25 16:00:00,4.70387,10.1822,149.586,35.858,14267.2,72098.0,211.35,461.21,995.59,28.715
2024-12-25 20:00:00,1.32971,30.191,552.812,38.749,63213.6,90423.0,180.39,600.27,90.95,36.651
2024-12-26 00:00:00,1.34141,21.4046,197.661,30.416,117863.9,192284.0,845.28,1031.36,3271.39,54.015
2024-12-26 04:00:00,0.80642,21.3164,454.69,64.217,39804.4,74846.0,286.76,3064.55,579.39,155.444
2024-12-26 08:00:00,4.65871,128.8659,994.258,261.586,28339.5,123732.0,780.22,831.48,237.74,111.452
2024-12-26 12:00:00,0.86308,4.2745,578.859,106.191,68043.8,232891.0,214.25,167.38,364.41,53.965
2024-12-26 16:00:00,1.78143,46.3287,392.883,167.983,113687.0,154563.0,194.58,463.04,1344.68,198.322
2024-12-26 20:00:00,0.68328,38.8433,1293.792,135.894,87911.1,91406.0,188.45,453.13,1327.67,163.514
2024-12-27 00:00:00,3.38757,44.0951,365.422,31.293,15761.6,71620.0,198.64,790.93,670.29,51.76
2024-12-27 04:00:00,27.92488,62.2835,455.114,38.253,69062.6,900681.0,368.02,354.35,436.56,128.736
2024-12-27 08:00:00,2.27258,7.7632,1950.917,638.238,66138.9,314299.0,645.39,1238.93,363.62,119.694
2024-12-27 12:00:00,1.40435,11.9746,1394.726,303.709,40707.8,129714.0,930.12,702.66,429.78,62.184
2024-12-27 16:00:00,1.64229,16.9015,501.32,516.502,85363.0,869522.0,460.55,1340.49,1130.94,35.157
2024-12-27 20:00:00,1.26258,26.7029,507.407,13.597,27235.5,826282.0,106.1,776.38,585.0,102.906
2024-12-28 00:00:00,1.33458,7.0706,170.985,14.852,67958.4,413951.0,117.89,509.11,368.91,75.449
2024-12-28 04:00:00,0.38251,12.9412,83.163,46.633,16578.3,131461.0,109.59,67.45,714.83,37.934
2024-12-28 08:00:00,1.53397,2.7876,82.969,47.51,6789.1,82536.0,45.89,89.79,169.98,109.796
2024-12-28 12:00:00,1.56465,9.6399,392.849,136.317,46903.0,104576.0,169.89,881.72,307.13,92.451
2024-12-28 16:00:00,6.99899,81.907,7890.656,164.937,26723.0,237793.0,331.36,410.51,1302.22,55.871
2024-12-28 20:00:00,4.93832,20.0998,2810.926,58.61,48920.0,663758.0,190.71,314.0,508.74,124.135
2024-12-29 00:00:00,2.2433,14.7263,69.145,39.378,15720.3,1180315.0,399.79,350.12,368.93,155.375
2024-12-29 04:00:00,0.23022,10.6353,319.093,57.587,24289.2,89826.0,59.6,109.01,198.22,93.473
2024-12-29 08:00:00,0.41462,8.768,108.197,35.582,16193.0,101519.0,138.45,13.18,51.13,31.953
2024-12-29 12:00:00,1.81346,25.1403,3986.929,21.091,21645.4,122688.0,381.26,188.81,189.7,109.842
2024-12-29 16:00:00,1.98858,15.4529,311.967,44.531,113300.7,738057.0,491.91,95.88,515.22,213.623
2024-12-29 20:00:00,3.03027,21.0851,3353.671,113.67,142049.5,301300.0,385.07,430.14,1349.6,298.309
2024-12-30 00:00:00,1.15005,27.7605,304.687,30.732,123030.4,470839.0,390.24,746.78,460.85,150.406
2024-12-30 04:00:00,1.64884,30.0489,862.434,28.434,133825.1,1038834.0,678.36,346.38,56.39,85.433
2024-12-30 08:00:00,0.51634,14.1424,54.693,18.385,8211.4,308364.0,1670.18,346.02,82.62,40.744
2024-12-30 12:00:00,10.9748,87.2017,1373.235,32.042,311494.6,512662.0,1093.8,3896.79,2131.5,328.319
2024-12-30 16:00:00,3.2526,87.7821,1376.945,131.376,42725.4,296784.0,843.55,7529.2,2108.53,287.634
2024-12-30 20:00:00,5.85441,28.6869,1446.245,63.08,153335.9,290209.0,1752.78,664.12,350.87,179.651
2024-12-31 00:00:00,1.30182,30.9108,1153.343,131.407,48313.9,73928.0,184.9,642.05,987.47,53.98
2024-12-31 04:00:00,1.52666,21.0884,226.276,65.926,74657.9,690634.0,153.21,243.98,186.03,102.459
