,BTCUSDT,ETHUSDT,SOLUSDT,BNBUSDT,ADAUSDT,DOGEUSDT,AVAXUSDT,DOTUSDT,LINKUSDT,LTCUSDT
2022-01-01 08:00:00,432195.55165954,425616.747468,73231.31874,219228.252982,340051.710504,80200.3093787,81901.5803,30719.2751,0.0,15913.4455283
2022-01-01 12:00:00,328005.70160507,525663.7792351,66804.817301,64132.80363,329774.447485,127434.9463788,53866.0938,184078.1647,0.0,235738.1699049
2022-01-01 16:00:00,1172004.07193833,664919.8351323,570982.974985,385374.487062,659517.64626,181082.8054871,152494.4502,127164.5203,0.0,62851.0469271
2022-01-01 20:00:00,808548.37522745,645681.7523395,302304.866155,181013.17143,1345520.915806,102355.1339849,101650.9415,130091.7008,0.0,78642.2314157
2022-01-02 00:00:00,702971.90282933,464357.3746323,186636.65844,264558.910644,459002.029171,205487.6546278,267242.3209,102485.6678,0.0,185093.5375046
2022-01-02 04:00:00,889642.32562465,375287.6317364,158561.137394,195958.801797,817020.53032,76158.5473881,212864.5854,283569.621,0.0,50259.0101917
2022-01-02 08:00:00,306688.74819727,186470.8733526,108945.540191,45976.560359,524312.483159,461520.8080089,33383.3956,211403.0475,0.0,31126.8651842
2022-01-02 12:00:00,444792.35831796,395029.1553025,149115.989038,127598.222539,368575.73129,126402.4592099,121771.3017,259326.0359,0.0,119313.8179077
2022-01-02 16:00:00,1288380.36338968,1400826.4610329,594322.356834,564244.817795,1340429.18485,193434.8218962,145340.0313,812535.1452,0.0,78367.4273114
2022-01-02 20:00:00,435824.11518509,362331.1801703,223272.076332,232937.627789,642850.428004,66105.4307899,90674.5296,486859.8476,0.0,53484.2969546
2022-01-03 00:00:00,805424.89660336,815419.7422469,296727.514725,367222.424756,668493.989429,55668.5604133,104770.5984,595587.7567,0.0,152491.6002052
2022-01-03 04:00:00,669600.08005378,1106686.3807156,195550.336109,268303.248974,402392.310726,345165.2295425,63582.9912,125486.7564,0.0,15743.5343431
2022-01-03 08:00:00,494644.51988663,466081.3453125,52655.648999,157098.725205,405550.101092,203544.9647755,46806.188,240339.4064,0.0,45931.4558693
2022-01-03 12:00:00,1449269.43071671,787176.9171417,193212.428911,262492.153245,465219.111848,179280.7264084,113943.597,517850.9738,0.0,179145.5057758
2022-01-03 16:00:00,1653809.87151262,1589429.7955513,288319.03863,542356.036665,719267.634437,132694.4011559,321921.8136,382884.3723,0.0,273085.7609997
2022-01-03 20:00:00,1203504.1854139,1490683.6521845,450512.876612,437605.428965,981506.357607,625969.6665124,273508.4303,383429.6169,0.0,212864.1148885
2022-01-04 00:00:00,498659.36125684,1214885.3296021,137426.903057,624402.250665,1347364.255066,114824.0324085,552966.1227,424770.835,0.0,62957.4509585
2022-01-04 04:00:00,297330.03377165,399025.8744418,303725.100801,359552.613759,506597.918877,662462.8677053,364484.8885,52239.0593,0.0,188132.6228013
2022-01-04 08:00:00,486036.4245552,1271448.0120217,379223.361255,408327.596602,600669.364728,37534.5326161,200511.785,333417.9422,0.0,198629.2960006
2022-01-04 12:00:00,1162195.2106064,1788628.0388202,467562.101262,556869.61762,730145.768431,141716.0383851,323243.097,174745.9421,0.0,68184.3179606
2022-01-04 16:00:00,1714141.83063022,2518944.574792,496010.556814,634688.701974,1428344.589511,140094.5249804,484674.617,220187.1217,0.0,146278.5112306
2022-01-04 20:00:00,417515.66290559,1322554.0925208,103900.815449,306362.029791,446658.144045,40877.079956,178843.0973,58044.2956,0.0,119712.4552725
2022-01-05 00:00:00,654467.79038112,490831.0282133,307227.176976,227520.722163,407379.711521,461014.2158914,264695.676,395724.7272,0.0,50094.8807152
2022-01-05 04:00:00,241524.78477126,278324.67233,287560.831609,107549.725527,329508.752444,95990.3637299,270974.7338,73222.6347,0.0,44508.0894619
2022-01-05 08:00:00,745954.43464298,708965.083301,77174.336599,130280.28742,325863.549852,76152.5639445,153684.7566,109877.7836,0.0,39116.2078007
2022-01-05 12:00:00,1500684.36615942,974986.1747556,279866.832787,133024.806064,662784.891203,124172.0681058,107408.5335,61484.1987,0.0,150336.5268199
2022-01-05 16:00:00,4492427.04656469,2380590.1495033,981636.650453,805398.448296,1500678.76915,956989.8400882,674306.0399,654418.7985,0.0,323265.7023954
2022-01-05 20:00:00,5108009.25313179,5058943.5559317,1038389.374737,1375450.128096,1787607.837229,479969.3470234,730441.9058,666335.3068,0.0,766624.623451
2022-01-06 00:00:00,1468444.57376537,1636603.4876193,369797.707258,1157212.969988,733163.125599,123590.1426391,398287.5464,251923.3372,0.0,178807.8112531
2022-01-06 04:00:00,1071687.1495523,1834432.1864174,438602.519674,641474.480462,1047874.58015,137748.2789843,366089.8098,113797.6807,0.0,554269.9367205
2022-01-06 08:00:00,1492579.07170673,4322605.7810068,519951.83683,809116.620751,751133.878404,117793.0605565,355656.8563,48441.1009,0.0,89677.7018082
2022-01-06 12:00:00,1213687.09054372,1459270.1395063,514279.05478,252610.60051,1815188.870768,113524.1341489,286095.7487,161837.5826,0.0,126826.2141813
2022-01-06 16:00:00,631435.68789209,1475718.3871015,231029.074576,394025.233824,389846.712865,75832.937336,181814.4139,102037.4405,0.0,49251.0285792
2022-01-06 20:00:00,501151.65117688,495287.0218387,342578.258592,237848.278836,995922.032706,51322.1771268,333773.3257,190867.5961,0.0,38754.6792604
2022-01-07 00:00:00,2127446.71796115,2476787.5660431,1770695.466678,486267.63645,1902847.79208,286808.8584296,654676.4641,429576.8277,0.0,546026.6632916
2022-01-07 04:00:00,2735699.84614768,3733093.7687768,1291039.48042,882836.840526,2053666.410376,432276.1127405,434295.233,275805.1832,0.0,200194.2038543
2022-01-07 08:00:00,1702846.10836481,1210855.0482569,611570.456634,375117.525567,860680.892189,224950.5217192,178655.8212,158993.4644,0.0,233546.3202894
2022-01-07 12:00:00,3331118.80091512,3939199.3193857,865864.062218,1058921.834818,1880660.378394,453958.6138567,462871.7395,520280.131,0.0,364200.4247301
2022-01-07 16:00:00,3181550.33293891,4340749.4849651,913258.751068,1152975.399257,1029898.150019,1218410.4529161,253042.6389,187852.1374,0.0,213253.2331249
2022-01-07 20:00:00,517431.32701411,1368916.0338837,678574.719395,136621.941503,262776.208848,131960.1644533,156168.7183,253018.576,0.0,34728.6131243
2022-01-08 00:00:00,584937.56937176,1240118.6813483,475304.207266,242944.536909,536557.557119,127813.1269652,258952.7228,86894.7557,0.0,98223.0313475
2022-01-08 04:00:00,155948.40752693,617008.4763639,510188.212028,228389.141274,534166.809901,89836.7558237,70252.3192,85390.9167,0.0,36540.1969558
2022-01-08 08:00:00,707245.73181667,657974.3678781,596197.239676,121467.16303,492407.134671,59861.881802,324412.9952,30055.9828,0.0,194377.1078364
2022-01-08 12:00:00,1436715.1182542,964927.8253348,573244.68382,367314.223211,603916.120688,154451.1555905,512790.274,178862.6506,0.0,207326.0059432
2022-01-08 16:00:00,3055027.92635575,5077750.472106,2032109.860214,2495261.61373,3259583.266926,413306.3907272,482017.1596,372580.4626,0.0,492418.6624001
2022-01-08 20:00:00,1553217.12744396,1363295.4445527,1311526.409657,637066.044315,1382588.204118,182346.5363437,299174.9223,269417.3494,0.0,80356.4015414
2022-01-09 00:00:00,872785.60771561,1265543.1990099,912996.737601,391823.238756,446058.775982,150625.2181959,310373.7142,89727.8521,0.0,92795.713038
2022-01-09 04:00:00,569040.56054093,1084528.4171567,291846.092619,228492.932035,361287.012549,24467.9437982,118101.0345,7186.3375,0.0,90362.2632411
2022-01-09 08:00:00,132418.24139037,509399.7919606,403629.296625,103873.281906,473907.727639,28533.1263492,123816.0465,20417.4482,0.0,46387.4512068
2022-01-09 12:00:00,647402.2180535,908336.6705664,248087.261448,556991.719127,450704.151634,85360.5543832,285737.6706,37522.3267,0.0,97598.1240213
2022-01-09 16:00:00,1952733.51339511,1813879.6309814,1042624.381251,999695.607097,923894.68193,83730.1951546,457745.2854,129868.7029,0.0,121169.3949847
2022-01-09 20:00:00,655089.29706685,817574.7587742,215693.662305,334458.765593,877785.454336,82235.7877893,603385.8561,67395.6556,0.0,21652.3966412
2022-01-10 00:00:00,911443.38264038,721688.0714565,253526.264338,273960.400002,496798.773804,122891.0281589,237440.0949,106238.2581,0.0,64621.0340144
2022-01-10 04:00:00,489511.5756483,852535.1939762,173481.88322,294680.691251,359333.480263,59469.1853894,371626.9184,93145.819,0.0,133247.6677686
2022-01-10 08:00:00,543453.36295646,950313.4417296,104336.600433,278594.301002,367731.332531,121334.510332,388845.5936,47282.9364,0.0,66362.9199136
2022-01-10 12:00:00,5471030.38378138,5223826.8137558,1076806.428555,2073663.795918,3099996.982084,954846.2622193,938290.5287,367878.9431,0.0,581242.7467974
2022-01-10 16:00:00,3808740.28624917,3901190.7074423,1068250.806576,1492979.2537,2103994.60175,589770.4941778,556478.8515,567467.894,0.0,574005.8073672
2022-01-10 20:00:00,786673.1449663,1359266.3157664,216608.982188,234082.790918,545721.232248,66106.8247993,144712.7503,69031.8773,0.0,68876.3528333
2022-01-11 00:00:00,963516.58081013,899245.9042007,168617.539917,283518.568595,1304495.154269,156078.4530097,135418.5751,109580.8693,0.0,365419.5144869
2022-01-11 04:00:00,665298.120493,703519.9088366,74511.859338,433642.488467,525060.268184,67643.23722,161197.0053,39485.1324,0.0,36063.7740002
2022-01-11 08:00:00,1360454.95353173,896698.6056887,130267.191911,1920010.346341,459707.463138,2790758.4003588,189161.5498,21521.9063,0.0,72283.4325554
2022-01-11 12:00:00,1699952.95126732,1440035.8209265,156076.887088,393937.863549,449727.261493,1555923.8468186,155262.1066,92230.5217,0.0,79497.7678378
2022-01-11 16:00:00,3456738.54387669,2679923.0211601,649221.443192,1886133.176225,732125.722551,212571.4516318,443068.7906,233504.5268,0.0,358490.5472345
2022-01-11 20:00:00,809902.37670628,671487.9935641,132733.77229,355366.606043,203864.111686,122537.3435333,128486.4292,54152.3015,0.0,154378.3167706
2022-01-12 00:00:00,878625.3989805,2067391.5802662,204434.646634,1465152.055279,1078158.752319,307594.560747,60419.5116,119370.5625,0.0,64681.4016047
2022-01-12 04:00:00,445968.35524232,962054.8913268,143612.012252,376085.239878,399555.676737,61515.0827469,330076.9042,39739.7461,0.0,29812.4521512
2022-01-12 08:00:00,956586.77306807,1244988.8101355,257119.40829,756835.398496,698582.203127,394964.4545193,289082.3035,88416.5258,0.0,93360.605904
2022-01-12 12:00:00,2537004.05853088,1877396.9283637,894661.532558,1259797.098018,1099283.485156,664715.4708933,446109.6669,327982.6201,0.0,136986.1562081
2022-01-12 16:00:00,932370.63111326,1194561.8806518,701545.36576,640883.802997,895688.694875,383022.4583371,495139.1423,76885.6662,0.0,367682.7876392
2022-01-12 20:00:00,1482948.5805803,944646.151554,248405.102437,587802.737228,1106973.590598,458420.6121443,284156.1769,63089.8252,0.0,54021.2494917
2022-01-13 00:00:00,1622662.26279611,1477629.9386881,193454.519303,511819.331573,3209447.462348,1836486.3697964,186409.1484,298679.4689,0.0,72048.9975302
2022-01-13 04:00:00,665358.59313654,669547.6344898,336101.74706,208294.892519,1051329.056132,1716378.4407634,253425.266,241322.1298,0.0,30178.6102031
2022-01-13 08:00:00,761422.91633848,920524.6303992,141050.198236,190655.920756,876899.885789,998010.2039671,140149.1287,37135.6282,0.0,174751.7939343
2022-01-13 12:00:00,2922355.366284,2361600.8259697,934887.288853,717510.523559,2241384.394236,793886.7442956,461011.5231,328139.4408,0.0,202517.2482479
2022-01-13 16:00:00,1753142.79359658,1636640.4618488,724645.440402,788603.890587,1372176.943992,545087.4513589,394681.0981,132861.5057,0.0,82784.6956126
2022-01-13 20:00:00,1784459.84058769,1651289.0607542,744259.542847,424698.8682,421156.795664,2316710.0306272,457320.8142,24807.6451,0.0,250805.3699881
2022-01-14 00:00:00,626886.30776314,494645.3283675,294959.416846,563307.585739,536014.209595,2608252.4463884,254489.5642,210695.6276,6845.4259,288492.5375782
2022-01-14 04:00:00,501924.7703208,990007.7369868,195091.498769,817195.259364,2025400.867495,9885913.1764037,94939.8665,134364.631,15020.8003,118167.7190733
2022-01-14 08:00:00,1482846.08182885,1322937.5783472,337181.449474,530391.928244,1275918.773117,3700296.1356496,88710.7639,175101.5577,11154.7697,235540.3947651
2022-01-14 12:00:00,2040748.67068205,1419886.7652585,628703.049832,1092230.305333,499072.495275,2446757.3222013,109473.4228,336342.3612,14982.6303,882116.2001615
2022-01-14 16:00:00,1176077.3337977,1286297.495154,226507.432468,753942.345305,252898.220392,1720738.9713598,117324.0827,172534.4636,12302.6245,120032.3177169
2022-01-14 20:00:00,714537.65683278,450979.908744,164871.565357,924067.480188,1420825.227477,2024130.2156677,152145.4792,418241.9901,21019.1991,36169.2239322
2022-01-15 00:00:00,1073888.62218747,441097.8804282,266939.820828,789838.658074,430845.058589,4309484.4937755,63086.6034,73151.9114,31844.472,985919.2626486
2022-01-15 04:00:00,1083466.57029531,491234.243252,122862.882634,655534.299294,240014.4265,4506814.8548589,30559.7455,126671.1577,12119.8046,665847.0870062
2022-01-15 08:00:00,1408890.86141657,291316.0176106,23875.266612,583304.310994,488643.054241,1468134.0759121,37524.0812,30633.1625,3842.6951,143177.6692357
2022-01-15 12:00:00,686404.6749642,1497824.9970012,179344.25057,866162.044817,1543895.829109,1341411.6298564,725432.3625,66513.7255,6285.1506,178643.9666751
2022-01-15 16:00:00,646871.7801107,586832.6508514,161459.631991,501274.586356,538982.413885,544873.5892557,360207.6948,90681.514,6384.166,51825.4220493
2022-01-15 20:00:00,775716.90706105,482583.2752501,164648.945008,416827.190594,516669.597405,573191.309238,298488.4491,130422.9581,13023.3721,35328.2791434
2022-01-16 00:00:00,862390.43396126,417621.0736669,91076.217206,444527.031087,1259078.333791,2066222.5188845,609428.6494,125365.7209,32083.0416,202929.183315
2022-01-16 04:00:00,1164792.75457941,324085.9081337,348722.559708,395421.33806,3238366.072835,893561.7608074,573273.3009,102132.6176,4773.4215,191495.9704331
2022-01-16 08:00:00,4016960.01304201,371411.3439504,85404.708503,224493.286668,1844719.910976,1420278.0027878,695065.5982,51706.1879,8838.8091,258585.6865435
2022-01-16 12:00:00,1082012.7293369,1175643.8789624,169508.114358,546196.928033,1414452.76211,1238908.0231756,410868.1284,201623.149,7251.2853,273998.2250179
2022-01-16 16:00:00,587707.62591262,999944.1949266,219290.346392,615181.731712,749039.508992,716007.2534889,483333.7559,180270.5949,14431.6505,55515.7253881
2022-01-16 20:00:00,429085.68042246,371962.7982577,188456.482646,664874.798394,827729.397539,1154611.4614553,228771.5927,102543.2744,12880.8466,14638.0148513
2022-01-17 00:00:00,570101.30358552,776726.9709159,186648.916425,660920.766219,2775083.337741,1359705.6268834,435911.1032,202881.9675,20637.9835,233621.5274249
2022-01-17 04:00:00,903234.78897048,927311.5336848,151677.04376,571916.493494,3044780.993037,591406.4357377,687139.0041,234673.025,2828.2088,152881.7565673
2022-01-17 08:00:00,188179.95296129,561112.7758592,70359.047263,335234.503806,1804581.456303,266552.6785406,295955.1449,41542.1842,4436.1624,315790.9771077
2022-01-17 12:00:00,414205.01898585,875797.3104321,104121.791628,787690.892442,2204633.042648,328367.7063659,367752.2038,68759.7459,12728.0644,619211.012761
2022-01-17 16:00:00,1401142.46468435,1030512.8823393,287334.92576,757768.629881,3783470.546965,378089.009516,403039.5081,210965.0177,52077.657,339901.3018113
2022-01-17 20:00:00,1160109.56611609,1458446.9648529,337623.991366,400886.487695,3685136.294052,1386359.6877628,957635.4375,343255.4452,76372.6035,429742.8032783
2022-01-18 00:00:00,628766.79147418,2243686.6900444,273320.539237,332577.43571,5100392.252881,1012686.3911842,357919.6705,380090.2407,23906.8917,417135.445708
2022-01-18 04:00:00,676624.78008534,578221.8816584,78683.343117,331393.761139,1312090.82092,497339.2665212,250837.7573,58275.0702,3424.0438,386405.0667075
2022-01-18 08:00:00,1221712.86444634,1719257.9461839,152127.686598,507265.061183,1983040.861196,719053.0989941,564975.7014,542992.7197,49663.6318,242986.8815231
2022-01-18 12:00:00,1274800.00686025,1972783.6327503,279520.114932,240899.421841,3347160.11774,605516.3215203,430783.0088,270962.9739,22718.4772,108502.3848968
2022-01-18 16:00:00,732528.94826846,1272517.7661954,153819.512515,923030.818887,1215254.559395,221783.5914853,1019009.7345,176045.9908,39863.6304,160979.2143861
2022-01-18 20:00:00,987078.3059263,1801927.0358569,333777.454519,389265.480193,1688010.386773,666738.2519821,682501.8512,60729.9023,7812.5797,49848.38001
2022-01-19 00:00:00,1459006.95015122,1809319.05978,223480.276074,653044.63638,2626638.54948,670431.0241598,622702.1904,88253.9336,20960.1985,410951.030851
2022-01-19 04:00:00,1327810.11040458,1519332.5121963,174444.303325,457108.149845,2196556.390157,883750.0514812,373534.4972,54905.372,30857.8685,251891.3794689
2022-01-19 08:00:00,1830098.88955365,2136351.5568865,165061.647954,439128.730223,2069828.854324,867170.5125314,399917.8048,31708.6794,6359.1214,163311.457499
2022-01-19 12:00:00,2064038.14834169,1888729.7197354,370995.536128,468427.590862,1576119.912132,660309.7217509,392382.1669,66441.7038,21718.1362,210300.7681014
2022-01-19 16:00:00,2085325.50337534,1733115.0998062,184641.440951,542688.212484,1378183.944368,304110.3642336,545892.0273,53338.2575,115253.4712,130266.3791024
2022-01-19 20:00:00,559037.26376518,823944.0396878,166292.715597,439205.067405,1451287.942644,274306.8031006,397830.1032,52957.3731,8081.4471,42785.5828009
2022-01-20 00:00:00,480910.76932389,839283.7870836,135560.704953,150878.581794,1869471.590217,283139.8612152,274569.113,50964.8624,12772.4726,135160.8738793
2022-01-20 04:00:00,330421.84706622,519407.847596,36452.351253,967153.124987,881433.626062,127577.4512453,380339.3409,99794.512,8916.3389,35404.3090107
2022-01-20 08:00:00,296843.31580775,481310.7308111,41612.540384,1024184.417513,638349.637203,118725.0574914,313601.5244,102442.3192,4256.3029,15563.6962952
2022-01-20 12:00:00,2684083.62591481,1917295.519432,566749.421914,844579.645539,1597585.345631,281354.1048994,705235.6784,270829.8789,15729.8811,49957.7332209
2022-01-20 16:00:00,2189979.11510851,2206809.67414,483684.074073,599263.423409,1265133.16257,424242.693267,835751.0123,169047.0491,14048.289,202035.2010076
2022-01-20 20:00:00,4233986.10494629,3152103.76519,738530.161953,854635.650244,2883277.423386,833619.2343484,1275981.2798,579831.5474,124328.4993,189759.6837219
2022-01-21 00:00:00,6013295.21121118,4857964.6400076,1400614.18814,1763054.150266,6001631.903431,724584.7255084,1595860.5412,344935.2807,153655.0593,468700.2116362
2022-01-21 04:00:00,2183261.28489678,1849363.0824601,357286.684956,601735.418165,1070575.387794,189122.6312004,396442.6707,76288.0174,12468.1674,185247.9417718
2022-01-21 08:00:00,992369.5968624,1333609.9486808,193134.258675,151244.366071,983279.825594,142283.6362905,375111.8085,18641.4314,7122.3291,81107.533841
2022-01-21 12:00:00,4656792.47310365,3968903.2883433,787199.488926,784432.601813,2929666.28147,605134.7682095,1052890.4365,548870.2876,117570.463,346807.6916292
2022-01-21 16:00:00,4414070.31237184,2674627.5503988,2070630.069929,385156.946725,2010270.109028,210986.799714,1064356.9234,133652.853,30182.4014,78591.1458463
2022-01-21 20:00:00,12944192.8474888,12450019.3311369,2243267.173516,3269541.391085,3092220.489694,1269652.0201518,7623090.8527,872040.805,153747.7757,1302292.7728682
2022-01-22 00:00:00,2991788.7339677,3552357.4790712,670410.057169,876234.545038,2187222.62041,311901.5840115,1244422.9483,350375.9352,19584.2089,317703.7050139
2022-01-22 04:00:00,2447847.94579777,3331399.3367968,1831330.83477,1685415.769359,5393417.379547,1412536.3093965,607237.5174,112013.9014,85798.9417,568543.8291823
2022-01-22 08:00:00,6872751.82275441,7283201.1609856,2975806.733246,2843080.430686,5382923.426662,1404964.2975511,2718757.1928,432425.1633,701867.7594,1744665.411807
2022-01-22 12:00:00,2787490.91195904,3017782.3652303,1626237.234474,689314.024988,5161388.220978,507494.9554526,915065.7614,222379.1426,132294.316,382855.1409033
2022-01-22 16:00:00,3509362.10754674,4643933.2502775,2827029.042891,1357543.579222,4395535.924532,787551.2596679,1094766.3547,179554.0328,168452.0606,432487.8019008
2022-01-22 20:00:00,4345899.90300882,4400052.6901232,1803985.699993,1125747.471427,3263600.644448,542795.9576799,1209526.9588,178290.6015,192820.5408,392409.3809317
2022-01-23 00:00:00,933372.40620468,1718776.8446395,859827.945902,345899.8711,1889729.151857,752840.8188652,520367.6915,34060.3832,11766.3048,142366.969484
2022-01-23 04:00:00,1509191.60298171,2278445.3536108,732336.951382,459267.863805,2846873.16402,293059.7343567,376295.5412,76149.6547,52272.1528,138717.6534384
2022-01-23 08:00:00,2659604.28238324,2585906.6512018,500976.664237,518603.854773,2461995.804074,348894.1395071,509671.6136,73149.1359,37826.6791,168323.7744258
2022-01-23 12:00:00,2528294.05010433,2412765.7430879,673329.022139,676757.852796,2635217.377914,914464.8964676,392346.0347,62573.4069,79502.7319,216370.6300968
2022-01-23 16:00:00,1498235.37967957,1986263.9858931,1270819.193461,588327.925785,3322914.366984,702695.2421864,812432.5725,50770.2073,28335.668,195373.9344581
2022-01-23 20:00:00,2342063.51125093,2768573.5705751,1437907.903189,825469.035813,2933474.255184,507298.7581857,849840.8412,150927.8437,18357.3471,252402.8676013
2022-01-24 00:00:00,1180774.80788795,1639532.9690607,1044458.462952,339630.188554,1330121.622116,141887.0485171,329646.3586,69779.1147,12520.7536,103302.5057014
2022-01-24 04:00:00,1355920.84995203,1219234.2423312,866157.63575,302664.675363,1675367.605836,249638.1835813,225473.8908,23708.9399,15635.3211,73064.8745523
2022-01-24 08:00:00,8881087.72715168,7962239.4823869,1748088.608325,2048212.558184,5765363.735584,1153678.4459716,1456521.9087,499089.0496,130547.4924,813798.0749207
2022-01-24 12:00:00,9570680.6350092,10505373.8217943,2626135.405625,2608499.479671,5173132.724434,1211076.2737357,2065038.7652,673193.4974,141778.8515,1033887.2938909
2022-01-24 16:00:00,5558244.21397507,7047341.1127902,2089588.634743,1396212.175713,4391613.05475,635726.7629704,611807.558,124099.1447,119939.767,725615.5176034
2022-01-24 20:00:00,2687362.32428056,2138227.3605768,1502882.029003,486591.937986,1809480.329086,593994.3150276,460926.6665,122195.2489,23523.8075,222137.4152618
2022-01-25 00:00:00,805237.99751469,654676.2871846,302109.666212,341254.872722,902591.176139,650057.6472137,166749.3614,17215.4207,10654.7583,116116.9337296
2022-01-25 04:00:00,616393.24886952,564539.6935036,354945.793492,187449.639203,826522.118277,139440.0310817,53740.0017,18101.3433,49025.0975,43200.7542824
2022-01-25 08:00:00,832445.61323772,740247.6376522,441385.832815,366622.981287,1145291.88871,113978.671631,211765.2604,24230.2533,586543.8128,39277.3763908
2022-01-25 12:00:00,1028196.82790028,1348936.9685423,488750.765495,237792.462045,2241011.378535,1829760.1429458,444028.7397,61817.8126,10459.5046,181375.5199781
2022-01-25 16:00:00,1952680.74423868,1519711.9959449,799723.429516,576430.531939,1290716.320777,792992.3055809,359528.3124,77616.2933,5931.8835,70434.7641986
2022-01-25 20:00:00,882243.39311189,1002221.9249998,416833.132372,198154.177937,684140.399533,238126.2973667,133585.4042,18148.8497,203741.5766,23289.3443427
2022-01-26 00:00:00,1023156.51027655,563167.5868957,509942.620131,206498.531298,1449015.654566,372443.850592,344857.8675,41292.3858,1817.2532,44100.4776893
2022-01-26 04:00:00,946591.16524292,634414.5113667,196717.813431,278474.560255,1468507.598407,245749.8499386,600349.7114,82851.3792,14443.3607,70313.4128838
2022-01-26 08:00:00,1639640.24156461,591115.2617698,198710.402279,162565.969295,1238726.813967,462240.8318704,525985.7224,25652.1809,9121.6116,46380.1936224
2022-01-26 12:00:00,1170792.67732932,1836566.4877327,1039446.66816,361948.616906,2807309.054622,243423.3853974,2352897.377,130459.7914,8685.6171,223837.8350424
2022-01-26 16:00:00,3460155.58186995,3806181.1288336,1716052.304673,1704167.817253,4772419.24572,795413.4646996,8142385.9016,647690.123,112542.9372,437943.0295727
2022-01-26 20:00:00,1588466.62643354,2067139.5164176,1255279.198971,620921.134119,3040729.216736,522544.2934044,1131848.2496,141382.4385,177357.7135,297809.1453824
2022-01-27 00:00:00,1506235.41809933,1447399.8188333,2229553.721498,245047.066254,1735224.641663,226767.8554133,849085.2711,96285.011,9995.1799,99768.2314406
2022-01-27 04:00:00,1043472.33287374,819499.9709236,407084.436368,138817.735032,1158661.187566,143471.5650152,266916.69,14589.2293,11347.1937,42621.9416401
2022-01-27 08:00:00,692925.2538862,1156293.7984554,261622.173791,160452.897135,1080392.370485,73930.3103265,380324.8818,40883.1043,9101.2583,56411.1812279
2022-01-27 12:00:00,965575.67587146,970879.5328157,605297.38706,329370.677959,1455090.201389,129942.9157197,243216.8229,39307.2277,30997.7908,36381.484954
2022-01-27 16:00:00,1458529.56454026,1322982.2437609,731800.694444,171337.920356,1347395.612344,103825.8191054,756989.6319,360772.3899,9211.5542,93624.1602109
2022-01-27 20:00:00,1405423.94286258,1259998.8222299,829662.76969,861748.67555,947339.631402,212160.5315294,663206.4892,322062.4311,71203.4826,93815.7170709
2022-01-28 00:00:00,986872.08466414,609279.0975056,670821.834561,236682.459413,1095401.712215,153495.6669275,345427.1997,131044.5609,8492.8358,87047.3942948
2022-01-28 04:00:00,556426.98658957,729397.649818,386763.185168,554712.513885,830768.010556,76697.7639014,272906.2278,103170.0196,519.2587,160723.8840735
2022-01-28 08:00:00,231053.40020771,556121.4657848,305186.175004,288852.388197,1611968.820752,60606.894632,224866.3886,177040.0952,8608.2823,37446.8098672
2022-01-28 12:00:00,921869.19229781,1031959.1156306,453458.031545,304249.153868,1785616.360169,136697.6874241,538729.8256,243197.4799,16248.3394,124516.9547556
2022-01-28 16:00:00,585770.53720735,1018039.6052465,643172.723672,370817.028043,774103.812126,103533.6148988,468178.2738,75459.5042,9073.0684,75075.9480533
2022-01-28 20:00:00,1090312.81603792,2133168.4992338,520863.665576,276726.511273,663182.753973,193103.6634249,434346.1884,385670.9104,12289.9398,65046.4396788
2022-01-29 00:00:00,606067.98589952,1761640.9327072,378737.348565,350001.752445,701374.638006,71196.8432951,501697.1254,32268.241,10591.4001,22555.1426564
2022-01-29 04:00:00,545444.60151726,1032633.1117166,442308.108234,190451.999746,843364.002481,81193.7559077,219469.7831,48813.0966,4540.655,26521.6670347
2022-01-29 08:00:00,249200.5746719,767688.405945,384587.34569,208429.315027,509191.896918,44418.119574,82832.8955,19785.5578,2835.6429,56361.1933306
2022-01-29 12:00:00,1735576.17163922,2017866.3169744,605572.838774,674899.142664,1326495.689695,138328.9250052,1012232.3443,168505.0877,101455.8889,226562.4585085
2022-01-29 16:00:00,1078976.15860444,1784288.0489716,469224.442292,598525.370465,1191289.660839,266874.9726666,879969.6135,87702.8255,21595.6414,123218.9718639
2022-01-29 20:00:00,2100138.52310917,1998398.2807912,539540.94962,630045.842006,602750.460521,353190.2848284,1145783.6443,329504.8531,17442.895,367783.2653566
2022-01-30 00:00:00,1272053.61635556,2114036.0695895,444072.633552,557021.34084,811502.829992,122097.808707,859742.6535,295525.2729,16513.4466,294341.7534821
2022-01-30 04:00:00,843482.15510238,1902909.0251353,285589.338706,658873.512734,865153.966431,219068.7050452,586709.4672,298096.916,70390.0389,67742.051687
2022-01-30 08:00:00,773548.48667883,1120436.8800399,187633.410559,289702.840191,440577.372122,88191.2053798,465010.3486,32697.2091,17489.6498,216209.2119416
2022-01-30 12:00:00,332498.35547162,734939.8711536,165773.030398,380998.241117,1130462.79151,123618.8543198,437765.5899,51626.1293,78644.8108,67958.2839091
2022-01-30 16:00:00,491046.0420444,1092014.0784795,253180.730412,649063.062915,1154359.379979,43154.6644358,740299.0376,179523.9362,27590.4002,127021.7512846
2022-01-30 20:00:00,958012.26950359,2105725.7344166,455431.763093,369939.887558,664410.940685,180767.0396399,473287.8939,449833.8693,52062.5158,344350.1989987
2022-01-31 00:00:00,2116166.92059562,2831827.5002032,618577.260821,712542.219238,1569582.528046,131008.7735596,592790.0277,178396.5878,62089.8345,238866.7843698
2022-01-31 04:00:00,288822.34922472,871719.3542404,170305.388037,480653.457789,431898.829147,88005.7463599,283829.6937,85709.668,7188.6106,130815.9853599
2022-01-31 08:00:00,406837.43310705,696015.4861869,60224.196353,202123.467618,361889.586782,36230.958218,65474.2174,68252.3815,4633.4271,102039.0879247
2022-01-31 12:00:00,1678290.902439,2436813.2265981,397156.247948,429194.993086,606867.936912,93673.5433259,410548.0342,133099.222,20235.3483,198692.9168978
2022-01-31 16:00:00,3500868.97778028,4490230.358512,584562.089138,709948.24649,1131846.040694,386034.2789494,446402.9098,280971.9727,30175.9959,495063.0831428
2022-01-31 20:00:00,802326.82715318,1361229.5907409,569653.444103,355706.603037,310845.68471,75629.6999499,157042.9728,308941.0786,8505.3904,62434.4747029
2022-02-01 00:00:00,558915.01650969,1312711.4035997,1604088.075105,633112.325238,671658.174192,165109.543721,263016.4703,105775.4573,12842.2672,146203.4748946
2022-02-01 04:00:00,880039.76079814,1026412.473723,513215.669269,284041.279322,729376.501647,114072.759188,386361.4738,80350.3946,12760.7726,187120.4571773
2022-02-01 08:00:00,3619508.28606713,2777736.5846761,1000269.546188,813562.837917,1327206.97736,173235.0727216,551463.4963,289004.6755,14576.7256,234293.3454375
2022-02-01 12:00:00,3125469.75148332,5235111.5850395,1481820.801526,626943.946253,1066177.629799,71073.9107666,469524.1362,301510.1542,23485.698,284229.8414256
2022-02-01 16:00:00,2294150.55117293,2249104.1563047,1722385.896983,465205.122417,593439.870783,170827.1148811,643411.4244,239845.7592,25022.9553,335469.0560955
2022-02-01 20:00:00,882525.0499506,1218294.3852732,815436.82112,379284.47491,569628.634328,84922.5143103,342779.5236,169379.3927,13084.7308,171356.1829089
2022-02-02 00:00:00,876956.3406888,1986146.5237075,995564.338887,535626.676135,1200770.678683,49807.1986811,493646.6696,214356.1683,7603.4674,164768.8865966
2022-02-02 04:00:00,871176.19159277,1438001.8533353,516488.512425,368698.11145,1015299.726737,45016.5117861,254546.4464,191350.8418,18259.5932,207572.2743832
2022-02-02 08:00:00,503456.22447035,488470.7245577,149647.428132,163279.640305,288687.319108,158040.7344455,134986.8769,75062.9293,6036.3193,52796.8103011
2022-02-02 12:00:00,2379636.23494212,3305063.5598951,781483.550748,404731.748784,584882.947662,108622.6026156,1191347.707,497541.5921,50978.5813,273170.128547
2022-02-02 16:00:00,1306829.13945876,2199376.3592095,1206097.201781,382629.737694,411953.836861,160526.8385664,682263.5901,405738.9421,5357.5832,436075.4638557
2022-02-02 20:00:00,1697853.67007701,2593286.1227995,2717599.311512,291923.830409,387460.462593,176417.6806061,995896.665,474396.7939,29199.4253,132578.4609207
2022-02-03 00:00:00,663324.40695486,2074238.8551054,1564661.180362,301722.869501,575408.678178,64018.4388238,499983.9449,214549.2386,11467.1145,160759.4201172
2022-02-03 04:00:00,590082.8998504,1297852.7438631,475858.596216,212710.454013,255069.225394,56175.2914625,470603.7886,78836.9244,2297.0645,114029.4904047
2022-02-03 08:00:00,1660370.21962905,1294196.8287441,1148047.501351,373235.708734,615063.24019,159992.3710995,503811.5696,90253.9708,15423.7926,155028.0887626
2022-02-03 12:00:00,1806428.18664641,2454636.9395994,1018982.653382,205411.714438,595474.462168,70748.7212483,471568.6179,207204.3444,4327.1783,278363.9709209
2022-02-03 16:00:00,1932879.98393192,1325052.1901506,379473.072479,221234.224302,602248.588752,97582.3405861,307447.609,135566.6174,10727.4627,60613.9026485
2022-02-03 20:00:00,1708899.26550174,1406381.6234027,1117778.329785,260019.652595,583436.132547,76890.3934664,305831.3241,78972.0913,10700.5933,172219.3215324
2022-02-04 00:00:00,618932.69917996,701897.9433655,466667.680499,242840.692042,429400.210535,45335.0994834,275068.2177,158291.9524,1426.1388,136522.2794268
2022-02-04 04:00:00,1970981.53900437,2289342.3846544,966934.47574,237875.677676,589987.441893,371430.3029695,524052.1726,60855.752,6525.2628,253753.839671
2022-02-04 08:00:00,1445728.70595809,3196251.5648083,421186.534194,243078.215406,331847.57667,60374.7619554,506619.7723,59077.52,2394.4352,160487.6774929
2022-02-04 12:00:00,5432510.55636023,5220367.9375419,1398064.439923,654392.55739,1023160.207617,235681.3920631,1140499.6147,209130.2481,36827.5275,391858.3491446
2022-02-04 16:00:00,6397237.51859147,3158581.8731223,1557077.395093,698101.773745,1100041.031884,204602.2265404,1095148.6358,163180.0123,11757.3208,223812.9431113
2022-02-04 20:00:00,2949754.74968225,2698326.0839299,794922.566825,1005440.32231,541418.059593,243835.3794461,777375.8418,91312.2979,8692.4172,222663.9364631
2022-02-05 00:00:00,2406044.17342556,1955482.6003035,860163.615916,245488.70321,824749.15279,103551.8404956,558146.8152,270357.6663,13413.3407,354558.3325138
2022-02-05 04:00:00,705585.11881125,1168895.2264737,890559.414204,1083598.197778,1403082.064018,88227.2088962,969406.4183,535832.8008,27138.3007,147726.3278049
2022-02-05 08:00:00,1207871.40051013,761802.5437733,345654.657248,218842.920845,471537.604329,131281.6321342,543094.7435,196403.0857,13116.188,146744.5111045
2022-02-05 12:00:00,1374893.83011137,1219353.6841489,612190.305503,146665.308017,781420.731749,157540.1434619,649908.4268,167064.9949,7611.654,179313.8116495
2022-02-05 16:00:00,981110.90492625,1413785.9041417,825084.169985,201931.705819,1013353.126919,130805.5889031,815736.7552,246172.73,11104.7512,310119.947834
2022-02-05 20:00:00,902197.26898349,670281.3544841,245766.588734,197746.887951,296625.424747,49597.8265026,293839.7615,66910.7519,15011.7454,68963.6860488
2022-02-06 00:00:00,319335.11814837,295921.4465393,161306.735284,223981.815615,345169.524483,52196.4996428,358876.5044,57036.672,2124.9903,59606.8781937
2022-02-06 04:00:00,502498.23732974,428798.6311611,292538.765494,136621.767695,284966.608685,24243.4729108,254395.4647,126069.0814,8831.1466,90241.5069922
2022-02-06 08:00:00,257328.8393623,262748.4325957,222200.856076,82953.867987,232513.029062,17108.7608383,178496.1518,146987.0147,371.1773,770089.7613344
2022-02-06 12:00:00,2383676.72654773,2007178.6385719,414826.997602,254509.888196,570409.33307,135334.6880255,989453.678,253009.7828,29239.3739,760016.9450113
2022-02-06 16:00:00,630464.08883267,619934.464109,255147.044667,97328.11604,292121.520845,295721.2197205,171686.0639,15352.8516,2836.6788,353395.6540635
2022-02-06 20:00:00,2472042.6048197,1084556.0253947,400967.132018,183650.28358,605426.888175,1102799.9917904,360462.6802,218212.1109,21028.0569,468834.990807
2022-02-07 00:00:00,3239604.27953882,1927210.1210085,815337.076662,590546.034393,1300522.315286,861450.7467633,874719.5996,472644.4572,43279.499,217863.7669355
2022-02-07 04:00:00,1363417.30157094,1215427.0116685,485866.598689,260604.096378,641185.287076,238554.1524839,541864.6421,126319.0634,20100.1053,170441.1658125
2022-02-07 08:00:00,938332.09079355,514802.9589555,265563.691683,149092.964175,1038929.444525,133799.9922376,263821.0889,80516.5318,3137.552,62806.741651
2022-02-07 12:00:00,2692342.42847018,4990455.5530906,621025.61116,354251.630474,1438834.302477,629285.1621088,638070.1329,199509.697,19281.2794,302868.3645709
2022-02-07 16:00:00,4884589.68850148,2487233.4857321,1214771.84451,345944.904673,1780146.409561,1555059.6408258,924018.6822,122981.0895,77459.3008,969763.7313023
2022-02-07 20:00:00,1747255.4130952,792552.1798788,865478.672244,201226.206554,573848.084066,688018.2368271,393707.3284,51329.0585,17856.5976,502667.7806216
2022-02-08 00:00:00,950489.65506518,1074923.6359609,547459.325769,299493.401818,1917122.393213,645504.0013569,429701.6475,260834.2489,81280.7496,644106.7300276
2022-02-08 04:00:00,3447920.04727372,2186208.7903001,363933.800861,414601.556903,1016406.739747,336754.6598134,4194994.806,99464.5554,235128.7374,1076351.8016662
2022-02-08 08:00:00,3656407.83150595,2351957.3305381,355124.086896,393556.653634,1334671.546803,520756.367486,1113919.4355,366209.398,619098.3016,771575.0393712
2022-02-08 12:00:00,5517784.81639397,3734769.9962686,461006.838024,233693.183004,1009976.707888,281704.4568909,897304.6464,363206.7303,20840.4219,802327.7041455
2022-02-08 16:00:00,2990241.70106054,1688440.8352131,788017.496043,232616.716639,736821.352108,174998.1622578,1090757.1994,140438.7273,24646.7293,373823.6435651
2022-02-08 20:00:00,3525375.18940729,1909756.0768193,405011.661245,310408.373133,475438.775561,104887.0008772,780302.3125,91656.902,23279.9904,380008.9609216
2022-02-09 00:00:00,1964268.32165922,1037810.0873224,473056.042728,209795.772901,681920.794923,201374.2951833,766191.5712,39250.7902,6090.281,379861.5937744
2022-02-09 04:00:00,812139.36374249,743523.9157491,433509.16283,248054.640065,789319.926741,127037.5967708,490260.4065,15992.0323,4161.9953,682585.3747319
2022-02-09 08:00:00,1551563.69209503,1225066.0559299,159571.73502,106251.390292,349299.641718,73037.7825469,373523.9019,56098.7712,3016.6236,636354.6918136
2022-02-09 12:00:00,2730859.7353399,2149534.9238757,310245.966256,222548.947138,939047.572972,366785.3143708,582295.0388,139247.0863,29813.1954,272760.4516232
2022-02-09 16:00:00,2342691.57671268,1891777.7621731,337303.524591,326669.010804,671397.006995,198800.1217878,674358.1364,187840.0324,31418.6382,274585.027909
2022-02-09 20:00:00,2307442.92276206,1094761.6260191,228321.78012,285841.94319,410093.961856,133353.5113627,169486.2879,34205.9469,14951.3024,259263.2463254
2022-02-10 00:00:00,2075710.63187292,1472069.8467563,413348.711469,138815.085799,548787.833387,264988.3681639,517080.6577,165730.0968,20093.5051,278672.7555033
2022-02-10 04:00:00,1167456.18634984,1127880.2815805,286266.49074,159670.632267,273339.345656,102530.1293645,392505.929,166206.1034,1635.3894,115688.9090633
2022-02-10 08:00:00,2492687.38381618,1657744.3606218,207351.357357,217585.971261,696599.040067,52063.8919272,207688.5774,113914.9759,3385.2796,230493.7416514
2022-02-10 12:00:00,14076860.02004047,9402799.6151909,1329841.606034,1195529.865486,2261529.965358,373467.6439023,1746663.1253,590586.8831,46128.4592,708824.6468016
2022-02-10 16:00:00,9288431.62255522,7083773.7298018,1078106.27328,1259093.362325,1567410.207141,469311.4481521,4263350.6549,949530.8455,207339.7213,1839842.8137749
2022-02-10 20:00:00,2122443.45016089,1557442.9487794,203997.474727,274429.512531,532641.420371,116413.8772276,994823.6826,53573.7123,10596.5947,165098.8054763
2022-02-11 00:00:00,4651253.7640343,3980455.6192634,535783.657243,323923.726751,732282.177219,315226.9347806,1029678.6963,196718.5686,14752.6045,704862.1113186
2022-02-11 04:00:00,1068846.7475359,2000535.5873779,106195.807607,204330.053954,239152.93454,58577.9358199,324945.8327,214936.66,3031.3571,266823.695341
2022-02-11 08:00:00,856275.31546382,1256697.8060368,104602.556646,87102.340623,407028.865212,49615.5313941,288328.7654,33836.1707,5915.4416,1184189.6350833
2022-02-11 12:00:00,1600833.58289791,1298931.9376944,229156.230379,55601.770433,379000.299096,178539.726036,437776.7905,94238.6116,26175.81,309447.4737344
2022-02-11 16:00:00,4248055.81546232,3143767.1223818,596772.442388,108060.381609,798507.03996,241362.0102617,1275553.281,370415.6288,411494.6147,793002.4468024
2022-02-11 20:00:00,2711360.94301243,2634877.2793371,658857.992749,204205.967827,718269.610949,211802.369981,1577896.6474,328661.924,36144.1024,944738.8787904
2022-02-12 00:00:00,532647.8786073,811061.0153523,269404.816493,77019.4848,397795.78061,225699.2645629,998346.184,147526.4336,3176.8174,309338.9421181
2022-02-12 04:00:00,1006170.97669145,743548.8741231,284512.08754,40980.25746,335963.778073,96387.6787802,743009.6663,111426.2993,32189.2613,66231.0299353
2022-02-12 08:00:00,1237105.26684396,872678.2718978,123023.288433,62186.41603,474789.895817,65618.4067466,384826.725,114274.1639,1723.442,327262.5066095
2022-02-12 12:00:00,656259.0858787,982885.9840141,110948.730599,208160.14654,1490816.88539,240979.2793438,511081.9701,381052.14,7265.1906,301990.3255841
2022-02-12 16:00:00,1191190.44492546,1488852.6716962,294808.307636,226069.55013,492205.561359,110020.5319478,1060527.6977,172474.9762,18855.0969,282412.1650443
2022-02-12 20:00:00,2911852.34939572,1841838.7699716,135491.669253,150641.82823,428722.717694,56570.1615142,446617.2609,115851.1571,2961.0594,326109.0851432
2022-02-13 00:00:00,468428.60136401,846909.4040688,221757.159481,126694.8567,236172.825369,34774.4911037,328610.5614,28714.0806,1139.2991,262494.3351167
2022-02-13 04:00:00,223897.91438443,258929.3988827,161581.616172,28334.30689,331085.650934,37157.2252192,99241.4976,95722.9753,2885.777,57160.2811126
2022-02-13 08:00:00,434076.84182579,414421.247043,51907.921007,57033.61706,188777.287412,777893.3017151,218737.6221,9025.342,5318.6512,56150.0579845
2022-02-13 12:00:00,929648.19468947,707699.7975914,155796.960721,82751.14863,758778.948872,792638.1526351,205137.4222,108262.6106,6018.9254,239707.9443547
2022-02-13 16:00:00,1837143.59501143,2022395.524523,451249.809644,401414.46116,1645151.323045,2771215.2602655,678719.7878,335068.2714,5095.6232,1437894.850705
2022-02-13 20:00:00,355627.14886354,826005.0474256,189754.926543,52447.8077,347397.790336,1077301.0975528,340369.1233,39895.0023,1817.9238,113030.5419544
2022-02-14 00:00:00,1517137.52689733,1239072.7293632,343149.686284,243590.883321,761845.395551,775874.1922217,795617.8475,186359.202,7394.1045,594770.6767743
2022-02-14 04:00:00,851900.14145575,502278.440542,1150875.621788,55178.31732,298915.603136,285995.9351616,298551.5182,24724.5706,18261.4803,62137.0300731
2022-02-14 08:00:00,991933.55611185,766492.0563013,134796.474131,83665.7928,477710.523884,100399.8352744,268815.8353,14161.7212,10959.2103,92164.2232768
2022-02-14 12:00:00,1548215.68434067,1754844.8810476,301476.967851,121840.21354,433628.198902,139814.1462279,511853.5186,151660.3922,14201.4774,251318.3167757
2022-02-14 16:00:00,2403157.22466383,1891730.4599936,296308.7371,156335.61992,265919.253694,161413.746496,859526.1494,233251.3241,3459.8618,233494.553558
2022-02-14 20:00:00,1416566.50865381,577704.1282183,212745.50134,97488.83825,368095.414258,96145.1996818,592466.3515,80372.6832,6174.6774,87902.0560982
2022-02-15 00:00:00,3610492.26266213,2392432.3301783,852253.594682,250342.97401,546144.605265,179569.8335872,1514664.3036,1348224.8642,53106.1905,1183643.5546808
2022-02-15 04:00:00,967981.61878218,747894.4451182,160771.282531,542759.520383,277068.636366,33496.1911188,84610.2485,21170.1534,1082.6726,202479.1966642
2022-02-15 08:00:00,2468147.64157791,1549723.7307928,338135.919026,1289631.3629,610740.464216,147511.8094724,776889.5932,20187.9883,8209.0572,221376.8046106
2022-02-15 12:00:00,1368108.78875014,1894872.1716044,246154.271687,666546.07101,671966.967843,106458.9326292,228215.1131,52302.3737,14046.5888,238379.9663098
2022-02-15 16:00:00,761183.41586728,729448.1137723,253118.916135,582553.42957,492375.826087,72689.0362837,221819.405,19222.2383,520666.9289,160366.7567414
2022-02-15 20:00:00,1138035.18467797,795905.3303619,337678.820195,396123.28041,252254.480758,187463.6989111,371122.0389,24143.0058,19118.6918,87343.857133
2022-02-16 00:00:00,934671.88554503,678216.2002763,193608.247063,283533.69883,196277.000459,128125.8674537,715713.5401,33853.2477,868852.1742,91400.3384924
2022-02-16 04:00:00,768827.674039,411537.4622591,232355.741837,128230.21124,381726.148983,119586.9402099,255846.1438,31542.7206,1810.5629,163111.5836875
2022-02-16 08:00:00,465280.1991358,737374.8983292,228545.470616,85711.46411,249341.575214,77850.1849013,183962.2313,9219.3024,838.1901,104826.6115923
2022-02-16 12:00:00,1462936.5869672,1292181.9824922,406334.591274,161799.15199,461127.451034,153459.2735611,1052549.3705,34231.556,383668.5134,150000.0751408
2022-02-16 16:00:00,1599214.58021592,1554041.953947,290451.953033,358846.36281,322426.92768,113483.810898,1016799.9213,172055.114,7817.6241,206701.7763793
2022-02-16 20:00:00,507209.69026489,422669.9270468,145814.235358,139459.41905,293455.620315,76551.1484528,701414.3046,243514.553,10267.0564,77598.427619
2022-02-17 00:00:00,608224.83056608,840538.0552932,206976.076503,221083.83088,234991.646712,66455.505165,1578868.7465,264286.76,18274.8424,1156698.1548764
2022-02-17 04:00:00,528825.89045378,1227525.506835,147369.602555,218094.97,240319.179191,106840.0973044,1064992.9383,45161.7959,5154.2103,339571.7897232
2022-02-17 08:00:00,1618189.91661205,2194267.0260743,204846.67218,172849.13016,347204.012675,102469.5769739,1191767.3083,772048.5186,11660.3136,430100.7453075
2022-02-17 12:00:00,4264264.23208839,2564314.2478228,293080.571647,160696.64404,270221.523336,204922.9061564,1198738.6845,358045.9988,15017.9844,1224302.9878004
2022-02-17 16:00:00,5536144.37889271,4399145.4994596,441211.252122,283017.93424,484043.021223,330474.7552571,2238150.5945,989061.0546,20730.5777,915903.2559292
2022-02-17 20:00:00,2494516.60523349,1527590.9491914,278436.436663,261000.97423,463834.875823,182918.0304675,1398344.5926,293353.8874,7893.951,241812.0224349
2022-02-18 00:00:00,840090.3304524,565223.4403631,412726.625467,349030.65577,277867.686923,75278.1405546,935562.8522,184000.3208,212781.4389,503497.8843696
2022-02-18 04:00:00,487277.15688968,737583.4641235,80521.249486,173626.26802,161079.899556,78439.0332564,284063.916,92023.9395,309.4482,1079737.6605209
2022-02-18 08:00:00,1092188.26121209,818861.2496661,110442.726491,50101.42417,192676.212743,84915.4467091,538910.2671,75585.1651,604.079,2215355.3815594
2022-02-18 12:00:00,4770815.29840635,3919590.5554526,491817.693545,264093.6521,917861.71178,242672.6587816,1630298.8042,202824.5792,27944.1905,902527.90145
2022-02-18 16:00:00,3719639.82113071,2913836.4851341,385250.498461,262118.70361,1066356.045438,167503.9536674,1040309.6005,261718.4562,77120.4011,552278.1963254
2022-02-18 20:00:00,424072.90397287,949816.3894535,186131.931121,181915.14489,510185.279738,57124.446793,550308.3447,172638.8777,8055.8189,124473.6547966
2022-02-19 00:00:00,316599.62278431,376846.5149362,99313.104518,69538.54881,512004.44824,303879.4695123,236145.7337,3295.9501,299381.6698,67192.2675663
2022-02-19 04:00:00,414433.65333472,305831.3067199,134207.586381,79794.08611,914270.920576,418645.7079234,387893.6763,75421.5354,2691.8023,203436.579397
2022-02-19 08:00:00,653909.60743524,1932172.122768,183197.132027,62629.72422,793823.40258,216253.0707102,814209.7322,340815.589,36566.2863,562680.9143453
2022-02-19 12:00:00,215741.7952189,871909.2686142,124193.769502,155906.06402,702093.53812,57181.1820304,679456.448,62577.8955,39260.4355,124401.170742
2022-02-19 16:00:00,454791.43574818,586305.9145432,209672.317175,114843.58665,591271.383877,126514.0609361,535793.7974,123615.6462,80706.4796,350627.2606378
2022-02-19 20:00:00,142064.83646546,344735.0343577,70499.717738,113891.47854,302421.269911,66047.4524003,223028.5696,19739.928,64189.0293,38846.9735964
2022-02-20 00:00:00,281640.32466817,1151977.5670778,159483.502341,318382.289306,442592.825742,112382.6624273,436758.927,81635.0443,53503.3619,173417.1079518
2022-02-20 04:00:00,3530350.42641534,3578602.544944,332122.024326,769928.537966,1097374.530652,214242.4678945,1398945.833,178953.1912,124154.192,676826.2331586
2022-02-20 08:00:00,1485621.51046252,1336447.9624675,323553.494041,49571.635811,528984.863182,71402.4878615,730197.4296,148457.3281,10541.5131,62390.0553446
2022-02-20 12:00:00,394387.34377856,1010813.061085,366957.88458,135028.91154,767392.221145,55125.49595,737258.7705,197098.2747,4493.4143,28182.1791346
2022-02-20 16:00:00,382862.60187626,689209.5550567,489414.959872,35475.11834,314454.87139,44207.6737299,394511.2505,88569.6883,95371.856,310280.3208033
2022-02-20 20:00:00,984307.65610072,1551647.3569142,366162.514878,191411.24781,785971.708307,96549.0906419,665876.7981,55509.2992,236030.4967,116589.1059078
2022-02-21 00:00:00,1799601.9735701,2257337.1186324,650286.840383,243542.87698,1215136.193033,275231.6702754,718029.82,83649.5583,29108.9557,319057.3280261
2022-02-21 04:00:00,1400200.2730611,1161667.9847792,270753.406303,150033.7958,1514049.303315,233724.6429803,463940.0154,23580.0612,5765.5284,287547.5071794
2022-02-21 08:00:00,2072609.99742123,1537586.0941798,388579.441107,232540.872423,1551831.215155,795088.5105819,1093529.3418,269594.8055,42433.6429,126864.872
2022-02-21 12:00:00,5172777.38801539,3642173.4610736,851264.320634,635901.640581,2594165.815686,1052835.8885771,1749635.027,495587.8072,143436.4861,504915.9663756
2022-02-21 16:00:00,4432487.19162134,4527909.2632781,769355.430934,397066.98832,1310835.628354,448762.4657198,2116315.4091,450574.9762,109738.9208,640587.5134678
2022-02-21 20:00:00,4201280.85312317,4235334.9079351,619808.168845,295822.237667,2326121.396271,787038.3900643,2186161.8928,643942.288,167754.891,525709.9333035
2022-02-22 00:00:00,2702058.90954184,2389662.7426756,590854.579198,480441.333146,2045762.62587,508344.00177,1245288.9538,211509.9559,67759.6223,556965.1847992
2022-02-22 04:00:00,1834444.42764325,1997606.2685419,417546.215407,307472.69194,1292074.650018,653527.132717,681730.2994,88263.7761,100264.783,88340.6932436
2022-02-22 08:00:00,1452152.10996289,1212436.5397931,338347.286697,264934.82404,1821399.070886,282813.6380676,486340.4855,155760.7871,24674.4881,183887.921439
2022-02-22 12:00:00,2563783.05612132,2365354.9620122,424090.842278,211205.02386,1849815.04786,460550.142208,1030352.2749,193113.7894,30098.7791,228485.5678674
2022-02-22 16:00:00,1989197.96163302,1527792.1819311,436451.627678,248411.11837,1469608.788367,313218.28901,1312377.8395,277437.9443,120512.106,101182.2994889
2022-02-22 20:00:00,1170197.7184963,942669.5993421,230769.419972,462676.55547,876238.048297,199741.6765694,582895.9897,385406.727,9101.6366,46088.0482141
2022-02-23 00:00:00,865657.64462384,976670.561073,342496.06448,216300.09312,755271.275528,109997.0492668,979801.1921,279323.1635,48928.1215,71804.7351669
2022-02-23 04:00:00,474301.32240784,601349.3169335,298060.189874,45529.2344,785105.627579,91388.3191331,550988.3309,152915.9122,6623.7979,60667.9484231
2022-02-23 08:00:00,2174858.44305531,1364155.0127167,423328.513162,79819.87436,817716.600745,171280.8831526,850365.032,272134.6678,36803.0368,298946.3989397
2022-02-23 12:00:00,1107965.34502313,699645.4007279,530104.818142,191649.61824,635819.861011,232351.6255069,998398.3612,158872.0904,57958.2147,42403.2459716
2022-02-23 16:00:00,1179672.06210058,984983.9130469,347996.406394,248253.23949,1918381.620926,187158.503102,2153865.7841,180755.6755,13903.3776,43555.4271628
2022-02-23 20:00:00,1262255.0407706,783010.1383675,436586.004804,253634.43573,975925.095008,180292.6423838,1382748.5733,185210.4013,18687.3905,43574.8583436
2022-02-24 00:00:00,4819595.23869379,3613140.4997075,753442.77274,618770.978371,1395690.580007,838983.5840727,2467904.1419,390944.5833,75476.5512,551486.7748396
2022-02-24 04:00:00,4561536.50548373,3914015.9326159,1833745.518756,568191.236075,2322686.259319,1763872.7909201,1435327.4157,251439.5584,135735.3268,368500.1824719
2022-02-24 08:00:00,3346873.27666347,2309641.8793377,655211.927783,321719.017344,1213882.659006,395823.0074385,1111129.2266,154519.6666,137505.6295,323248.7232675
2022-02-24 12:00:00,2849161.75161863,1707917.8360351,590008.260587,411500.95446,1225524.901223,385463.6286315,1362964.4847,228211.2958,95233.9317,492070.0563013
2022-02-24 16:00:00,4525900.84635332,1981600.2408123,1051393.997825,287969.79846,2289959.961108,695591.4451022,1454763.0613,65524.3236,36073.3815,300836.7402799
2022-02-24 20:00:00,8671849.97218208,4189357.3658099,912675.916393,614162.9561,1914049.574822,816647.2086924,1909289.561,120837.7676,112149.2182,419956.0023841
2022-02-25 00:00:00,1263522.46451028,583846.95491,365913.405309,136642.67533,785531.030402,135603.5340692,420184.3882,65639.8503,7119.0129,37491.2791236
2022-02-25 04:00:00,674239.60815791,534974.1743961,308923.456685,215544.52811,631128.776227,111341.9836611,297970.5867,15081.7985,108157.7436,15939.5484713
2022-02-25 08:00:00,1458203.94874718,508988.645202,309755.212878,121368.91533,758203.972044,177349.3644424,746673.0187,20338.5536,13292.9892,57070.7705673
2022-02-25 12:00:00,3514436.37497475,2447709.9936473,802343.510818,152372.17046,1708720.3471,308287.2146071,2152674.9264,195725.3362,25692.4672,119025.2646805
2022-02-25 16:00:00,1854111.97133631,593247.3748062,361210.536652,154286.03148,728398.710395,166267.9468143,709504.0892,25819.9277,5891.29,161150.3287598
2022-02-25 20:00:00,1204256.63930087,4903384.5246886,689231.29529,249819.65954,1000425.110025,172791.6423889,987170.9154,386938.9572,62010.5212,160941.5484963
2022-02-26 00:00:00,2117205.25602137,2706390.9842079,523643.010363,586230.29531,1336747.011256,227215.0177615,1738412.2013,575720.6099,76378.8872,206328.082713
2022-02-26 04:00:00,393848.96470299,264231.3173714,171782.610654,60812.04472,703011.183489,47244.0515946,407105.3776,60422.3533,18861.297,30698.7826106
2022-02-26 08:00:00,663126.97489114,531955.7336588,244675.892178,123487.48944,1239119.475885,46177.915361,391845.8842,437267.9698,13958.2943,52387.6163697
2022-02-26 12:00:00,743467.46351857,770304.0721261,122347.476007,169691.59848,773484.851341,54758.5743169,409994.1965,207137.0169,14878.129,182022.211271
2022-02-26 16:00:00,707618.80904313,465438.6213046,211747.647555,147058.82337,441621.279113,67914.9919453,962275.7565,447559.2385,81838.3197,332452.7437367
2022-02-26 20:00:00,1004722.72853561,708833.2060776,290878.522352,115440.52461,287330.309412,196084.4685837,1393923.4257,245710.9726,5096.2522,48815.8811196
2022-02-27 00:00:00,838967.47284772,1920290.528829,576491.321744,331434.17735,837554.135003,187122.0232609,1361675.1738,268331.7193,222370.9793,36935.0361743
2022-02-27 04:00:00,770552.73290131,1342454.912389,125518.417867,147836.43216,424333.769055,51524.5616226,721134.6464,125678.2329,14120.8399,12569.5656537
2022-02-27 08:00:00,527143.49281229,1234562.5987341,211367.846926,185330.27066,1024767.058116,63780.149,601914.8383,346268.4633,10009.4874,27593.9290793
2022-02-27 12:00:00,2090037.76681696,2758400.948035,393149.386039,204297.69989,1229310.958434,127653.9029061,1435912.7732,309474.0789,33153.9692,444042.1975082
2022-02-27 16:00:00,1858533.73526257,1946624.0969027,432354.544287,118306.5421,876358.817877,137149.8209031,1762727.8231,391026.1891,104775.5504,39208.548974
2022-02-27 20:00:00,4705356.9368504,2729892.4387255,306323.177227,239454.45768,1209479.797617,126464.6565356,1237265.5566,338817.4422,23702.6648,248496.9982192
2022-02-28 00:00:00,3164408.93013588,1269410.3895344,284514.251947,206556.22709,1372765.343641,93609.4168271,844873.2587,133052.2931,175250.4987,192403.1360438
2022-02-28 04:00:00,993761.04188505,1106546.2932599,251869.318311,143619.22739,761992.371983,54827.1874535,618739.8182,315687.6653,13214.9507,109431.3144352
2022-02-28 08:00:00,411737.49004362,235634.2246042,443381.617594,118170.09009,596181.167253,100279.033123,337126.5154,63258.579,3859.7681,21446.0298395
2022-02-28 12:00:00,5507531.76804531,3976190.8468308,1083822.891281,385072.33087,1819814.040948,259590.3502122,1980328.2142,222496.6565,22493.4462,423988.8793376
2022-02-28 16:00:00,5377018.49620688,1334431.014245,632143.257737,554807.15754,1743047.692954,271222.0733408,923640.3248,112865.9907,36230.9852,93725.176504
2022-02-28 20:00:00,8380514.27621584,2994640.0099148,1099509.073373,311421.21782,1149523.450399,235718.7825583,2181154.1227,524355.6029,269178.1547,145054.7588582
2022-03-01 00:00:00,1549116.97914973,2297635.1551467,628496.014783,345642.65574,816338.569156,206253.2089743,1515067.9176,249168.2043,52578.237,137657.7383589
2022-03-01 04:00:00,811397.19378485,928909.9731549,323458.905417,497604.99739,799389.328673,111236.8199632,335941.9384,83588.1552,2602.7378,24934.2219899
2022-03-01 08:00:00,1460558.8847645,971229.3196789,460681.822064,1398500.73399,900906.318717,241386.507344,618544.3234,337968.6287,18350.4818,79141.0363519
2022-03-01 12:00:00,3923018.74894918,2846287.7057147,1693647.393728,732104.80506,2415555.358264,941749.6107327,1750505.4361,842607.0391,239971.3066,352843.4189541
2022-03-01 16:00:00,1832148.11501644,760760.6885907,276849.968331,353645.75885,859275.164169,222830.023822,699868.5045,127463.4541,13457.4164,86048.3826466
2022-03-01 20:00:00,1042119.87561498,447762.9131667,266018.766371,144226.95936,578425.813311,183258.3848546,1248063.0934,38687.5166,3729.0206,73200.9465514
2022-03-02 00:00:00,2296194.85647545,1274444.3934912,896070.386109,462671.60349,1093216.056164,513355.3796213,2208895.9671,89663.9807,34025.0008,80735.899667
2022-03-02 04:00:00,1438388.32406548,1393241.6841533,430092.601349,122672.17482,780351.193669,102239.0241858,563531.968,40349.8252,18777.4832,21330.3820896
2022-03-02 08:00:00,554570.02186809,477833.6088584,645633.788843,88721.45759,622931.986752,156715.4849045,466353.3458,135202.6918,12305.2986,120299.1910742
2022-03-02 12:00:00,4911357.54822341,2975819.276455,1227468.452707,1005134.94303,1043843.28089,467734.8499072,2118343.2723,661510.9573,373101.5764,565037.378749
2022-03-02 16:00:00,2478992.63419728,1690381.3961252,421507.239789,879413.42495,600189.845076,102821.9293284,795673.0939,102282.471,9324.264,64918.2549775
2022-03-02 20:00:00,1125265.56392076,562761.2541774,238838.008516,349462.91059,352053.909197,132675.8054126,284493.9569,47484.421,5898.5798,39297.1988534
2022-03-03 00:00:00,1201772.11694035,1575000.9238777,348078.830882,609069.48327,693138.353915,83765.1535615,640028.8207,123808.7521,21638.3439,40031.5642975
2022-03-03 04:00:00,1062233.47024063,1179244.4104879,130459.883249,537103.0325,683184.169428,123151.0583523,405681.981,227985.5436,13472.0794,65050.524321
2022-03-03 08:00:00,453915.33844365,335498.1848078,129152.049556,49346.1749,498667.485948,48854.935084,432337.1586,166704.5726,3077.9969,23195.8101261
2022-03-03 12:00:00,1412295.73920765,925118.666661,363072.983404,200617.62817,796390.413509,139463.0166405,1832639.1903,237554.1022,49879.6083,432987.073511
2022-03-03 16:00:00,1234477.04506578,1846635.641323,219046.466192,277859.54825,753333.574906,155972.9074674,832215.9891,221212.8144,9645.6342,457664.4306654
2022-03-03 20:00:00,741319.60954905,378398.9297037,95795.80985,276486.52331,252333.905999,55938.4365081,662965.7265,236976.982,5752.4733,88476.6498142
2022-03-04 00:00:00,1135628.84008077,1058925.3128584,433216.407103,404786.82121,688445.929313,220190.2952518,1988679.1715,583232.7184,16165.2192,295206.5445275
2022-03-04 04:00:00,406021.86972642,261500.7542025,290070.667621,237003.24432,439941.132159,214322.3074332,343520.8509,58224.9583,1890.9168,26286.4431827
2022-03-04 08:00:00,1306443.79722642,350282.3012132,285171.58152,145766.87197,357235.154329,103500.8785767,815921.7421,117338.3401,9452.9886,27012.0212106
2022-03-04 12:00:00,1342303.21372636,866339.4522821,291992.865376,167438.98705,499233.186736,259023.9699097,1449467.5312,152673.8825,15960.8215,374333.0370068
2022-03-04 16:00:00,1040609.24774036,656647.9951818,306799.726767,188517.87253,411036.825774,142052.4502639,981733.9968,71555.5767,11236.8881,204700.9234854
2022-03-04 20:00:00,1243130.43603183,490042.6141952,323955.707535,157841.37914,676619.090905,156827.3176881,1435505.1159,147236.8946,75808.9842,544243.5609
2022-03-05 00:00:00,662142.36418705,247136.2457629,188259.942012,133957.46355,723602.599722,67295.4588898,927673.5296,387128.0022,5684.1948,115377.9756894
2022-03-05 04:00:00,984387.41925086,1266233.2418784,116410.867255,567837.44112,672500.519925,83296.3128675,199530.921,65781.6185,1934.6818,66062.8460957
2022-03-05 08:00:00,337962.73706243,148937.0683663,79525.637224,87649.76492,613699.763088,18170.7131183,178683.2116,130777.0484,3713.0548,11548.557148
2022-03-05 12:00:00,423425.81842638,199895.4362712,133673.665544,61782.5144,1124357.128516,36792.6943153,309815.355,171279.1113,4020.5225,69153.1191246
2022-03-05 16:00:00,251138.52747133,253138.6219672,225222.020317,121537.92178,310152.08905,102342.9972975,528908.8913,276161.8078,7872.2622,9234.8013555
2022-03-05 20:00:00,330711.84498341,262800.7156926,67034.509693,105764.66576,386152.142094,61328.5306696,356746.7569,5779.7675,532.7961,9471.0201422
2022-03-06 00:00:00,255488.39589186,261248.8342186,76850.502177,61120.10405,297503.147368,50756.6190249,363963.7153,46535.351,781.0319,119244.0526316
2022-03-06 04:00:00,522195.09225548,226316.5441793,171962.011465,81362.65596,310016.247588,43696.7153753,536716.8865,144296.8689,3975.7952,14387.8989447
2022-03-06 08:00:00,892446.05793843,279262.9322717,154223.091378,123737.64966,1278594.395671,61339.6635876,707861.359,124633.9261,48747.3938,102680.1286508
2022-03-06 12:00:00,583558.33055341,144554.6226263,75358.654697,102267.67241,635380.165986,24971.8254899,633707.6568,145983.3916,1144.403,21017.991772
2022-03-06 16:00:00,1298063.54828624,307106.6084095,440618.353131,282718.534,968868.699684,102729.6832729,674623.0511,268335.4743,14033.2512,92697.8012692
2022-03-06 20:00:00,1290371.32225591,730433.5086027,166676.856952,129644.25996,1166215.293945,120211.6134011,808749.0277,357680.9505,18255.9232,60328.9145345
2022-03-07 00:00:00,1731090.66787939,527165.3932728,345530.602448,247984.51596,564801.878175,204094.0519251,555389.6073,400837.487,125775.577,80004.651469
2022-03-07 04:00:00,386407.47442849,238418.431485,135706.619399,145391.24237,287078.920692,70975.0900184,385811.2199,104258.0573,9914.9356,18141.3837876
2022-03-07 08:00:00,1007066.29449178,1404467.0814615,135089.103471,698370.55341,204502.158138,46047.7475132,280676.6775,36913.304,15445.4054,38881.4642586
2022-03-07 12:00:00,924831.8898171,987123.2996458,221821.927017,293082.87998,784294.079579,149327.2762918,635946.7978,182254.6252,227391.1736,158982.0918504
2022-03-07 16:00:00,1412476.05667764,1053246.1609854,297731.131844,184468.80271,555893.955916,197469.440018,1267458.0194,205664.0793,214508.834,95894.6215529
2022-03-07 20:00:00,751143.76735519,889480.3676922,238031.446873,400992.1557,668325.718718,305226.046829,779131.0728,48439.1153,40973.0232,87185.0628172
2022-03-08 00:00:00,1028650.67396519,1137655.7393155,346058.911377,207811.46974,912756.654362,360734.6601275,997238.5092,135675.9815,12761.3896,21420.1265705
2022-03-08 04:00:00,716916.52746098,534553.4413963,114638.724642,71588.27083,188300.652944,74631.5363077,376338.7032,88557.2672,6492.6803,82366.1431958
2022-03-08 08:00:00,581321.33528268,634290.0026114,241447.734565,140262.0477,324435.220654,59724.1891114,425806.4965,123869.0872,100467.1039,15084.7882534
2022-03-08 12:00:00,1586419.86292022,778781.7082614,234952.533117,238418.49678,656490.262344,335360.0370813,1462310.283,189562.7458,42724.3326,92092.398395
2022-03-08 16:00:00,2143505.79749698,1070683.825871,460240.039813,357894.77681,604370.379014,139533.3511285,1455210.0882,76283.1931,84227.726,69907.0101363
2022-03-08 20:00:00,522494.29949101,271210.7806369,172316.378312,162503.44206,210546.349377,69999.0470577,566292.3385,98717.3554,108312.917,10393.3925796
2022-03-09 00:00:00,2727043.2185425,1146289.9690689,357873.19205,508778.34688,689115.253154,169282.5001095,1892016.4945,292295.7812,120774.8218,152574.497936
2022-03-09 04:00:00,2816307.008196,1093772.8113801,268355.192382,367097.2544,798310.167062,214011.9992788,1589493.3909,111782.3428,42282.5135,101176.882596
2022-03-09 08:00:00,1803099.45507473,369039.9154228,135938.937307,542168.70669,385873.16469,101075.2087038,519855.5251,221543.7794,116996.6266,41239.9349245
2022-03-09 12:00:00,1637711.18060504,715736.4270531,443979.031426,134315.12042,335909.993733,121051.3984957,1002310.8375,172438.3521,389314.1784,206973.2127333
2022-03-09 16:00:00,1189262.67895868,952043.0100527,312781.647714,206450.27915,529288.400982,73066.2167093,1369310.6627,33944.9509,105999.6057,71145.8040131
2022-03-09 20:00:00,1360083.14118691,371364.5822149,203438.936774,109974.42363,212456.933666,86287.9530824,525633.9596,106192.4669,10722.1252,115797.5761359
2022-03-10 00:00:00,1799632.05844015,582058.497067,270023.45035,220736.58106,419372.507896,102636.6459975,1714836.9974,49910.1967,36019.1025,107212.4076363
2022-03-10 04:00:00,3219571.67616058,1164110.2661405,263479.138024,632334.83074,396493.905625,162294.4548715,953539.1411,83666.5802,66136.1976,83304.7031376
2022-03-10 08:00:00,1575131.02302804,396540.8099861,136627.559024,87146.8604,199791.071539,53610.497481,298953.0558,151807.9688,70349.781,115628.5249725
2022-03-10 12:00:00,2984220.22730305,1094653.7049392,419771.822223,311389.82751,332383.336772,229769.6427868,1109116.2415,371040.0515,37549.6457,188486.4073418
2022-03-10 16:00:00,1591726.41157727,471710.5651433,134079.523055,103729.46821,124075.787196,137826.2262557,509195.2107,273248.7756,524.417,31594.4521237
2022-03-10 20:00:00,1039595.17152177,1196034.7348051,134150.123671,527994.48745,209742.058376,28886.8942593,568441.3168,85892.1098,2201.7446,14854.5999003
2022-03-11 00:00:00,1725793.13064248,501025.3767887,123519.948732,393619.5533,234635.623123,76905.0281441,2154060.3129,186255.1531,37529.9501,158686.6137614
2022-03-11 04:00:00,973695.04119296,567324.0938467,120339.711212,102919.76648,117961.348286,50055.0524598,1176604.1828,201672.6859,22219.4432,96821.0550157
2022-03-11 08:00:00,938496.78611984,398849.3575709,138648.244241,127055.69864,133752.176635,73404.5187828,1048859.4902,238874.1817,18896.3187,344741.2555383
2022-03-11 12:00:00,1556469.0417816,704373.6736509,282256.32566,136278.5986,182715.564464,102083.1555293,1262086.4207,224012.395,21284.6705,177717.7821172
2022-03-11 16:00:00,891880.76700469,318066.7165793,131900.018675,57164.30907,239358.822881,46768.157256,1268498.7633,410174.3738,20584.8493,17338.2971767
2022-03-11 20:00:00,1175375.71826618,459458.896585,93256.400005,294721.31527,140978.113561,272244.0694673,481180.3187,337035.3546,21704.3654,85919.8165595
2022-03-12 00:00:00,1169326.61378063,173632.6302958,104427.596091,67315.67342,84360.054398,41549.1996791,466635.6265,176518.1245,5704.7713,83418.3004795
2022-03-12 04:00:00,548245.79562276,141928.8770839,39073.406341,31530.69631,118616.387464,21335.7095408,340604.8676,462345.1221,15335.902,18828.9843129
2022-03-12 08:00:00,162324.6675742,78301.0716889,69617.840241,30615.04,35512.049552,16329.5780919,204687.095,181949.778,36733.5895,88380.8122128
2022-03-12 12:00:00,310351.53619252,303168.242447,35476.487608,50839.16735,82322.248671,57755.8861801,242098.1177,340298.0515,1838.7164,135703.1333725
2022-03-12 16:00:00,464278.63793471,465527.8835767,66770.818461,81066.35843,83406.615905,26473.1466703,236451.2803,414949.2876,10743.9724,176690.6809012
2022-03-12 20:00:00,188707.20410876,262349.833095,51454.180651,78591.99034,31297.507508,65287.4283627,229664.0596,100598.2035,18081.9514,16185.5918697
2022-03-13 00:00:00,305212.42575043,220091.1209229,109514.057368,51393.69637,131257.642681,74301.5517476,281985.7062,160258.9644,150935.5684,88448.4921024
2022-03-13 04:00:00,164217.1584864,67399.0015062,70844.242652,21937.77386,35523.335378,21425.6403841,449643.3099,230701.9507,5104.1195,7860.1290883
2022-03-13 08:00:00,303824.2966296,170549.9276479,60181.874475,108647.22569,55750.158546,41988.1671742,156141.2261,317794.8025,1931.032,5297.1281753
2022-03-13 12:00:00,862956.51892069,526224.9986257,124288.900154,36542.48819,632730.945905,225644.9711402,595241.1606,131618.0492,20518.4851,162698.1629266
2022-03-13 16:00:00,618136.95107445,239337.4229947,60540.390471,41616.07647,151461.892718,21812.8389456,265212.6793,232892.5002,42437.9998,19438.0118356
2022-03-13 20:00:00,1272062.62790818,697873.6965877,251043.551383,328918.85844,238027.873385,172799.3084615,810305.3161,158319.6135,23634.1296,98518.2842186
2022-03-14 00:00:00,406555.1674734,362705.2394665,181100.303515,121985.38101,160671.373634,55495.5682666,731060.4185,275643.6443,47156.6341,47700.5830248
2022-03-14 04:00:00,686284.07869971,472125.7904484,82468.022575,60253.50993,326597.817852,1503985.9602889,408715.0679,142953.9331,68998.7917,181500.4903423
2022-03-14 08:00:00,303707.1406896,285673.8228882,154004.485598,22396.03331,94416.863921,148988.7312019,759999.8549,46158.2809,63825.2466,201998.4065125
2022-03-14 12:00:00,722049.5603615,387052.6387883,112564.154319,49206.20359,84778.841935,205287.7991382,1646777.6311,257379.3325,2457.8544,39914.9054141
2022-03-14 16:00:00,326865.86458843,516133.9248237,146660.360713,57766.49472,91503.13756,177026.7686792,662312.7933,548352.7302,67152.4967,32783.7808584
2022-03-14 20:00:00,1652903.40695345,639482.2406385,94351.928813,66726.08624,205105.57836,96882.4439931,1039190.1623,134833.5115,98440.6147,88456.8104569
2022-03-15 00:00:00,819095.92396866,613359.4989514,114258.892292,100746.65999,120005.481161,84036.0680918,653506.6563,205636.3204,17619.934,404380.9995191
2022-03-15 04:00:00,426948.09788746,673977.6795306,46095.766178,50471.62571,97699.507975,57343.6451656,351246.2593,257018.3211,17713.5438,30192.1347907
2022-03-15 08:00:00,149655.28607885,229280.4746202,39266.850366,92597.47073,22899.600276,55653.3417754,480641.2304,92660.703,11502.3029,4174.5108607
2022-03-15 12:00:00,935526.07369949,453513.4394896,69269.621618,61922.01113,202891.086573,135904.1730471,738885.0571,137414.3477,39996.9457,5981.4856561
2022-03-15 16:00:00,495440.14608376,1146280.8930747,242365.702403,90470.8943,220764.118366,169867.1453591,1079876.6421,94358.8131,65738.9325,595610.0607797
2022-03-15 20:00:00,1734723.36808996,492207.0314798,150736.038168,51342.63405,385168.781002,97837.0072708,465402.1771,54933.8012,5379.3013,19807.8251713
2022-03-16 00:00:00,4806602.1298593,1167523.057861,398071.300721,229578.13386,417178.635452,219752.7152867,1232934.9151,636814.8202,166220.8568,1024300.9620314
2022-03-16 04:00:00,609011.78001992,1015776.1382797,104294.302389,76702.12277,116357.731537,33192.5086026,188773.5072,196358.6084,10013.4205,16572.3911477
2022-03-16 08:00:00,1161707.43889943,520734.7410312,75669.604084,29828.79763,114638.815673,38833.6541656,236071.4795,89972.371,65991.1809,30987.1153574
2022-03-16 12:00:00,1709988.03899297,415874.4102587,151139.704498,91832.06982,263239.71738,214010.3346912,348264.272,78431.14,11881.693,121540.8216911
2022-03-16 16:00:00,3679327.30892161,1084528.5580173,409464.459068,280518.08393,472022.809636,160411.8474957,1082227.7667,222130.9592,68857.6049,80820.3414026
2022-03-16 20:00:00,1240895.05159511,483057.2279512,566209.180328,352607.90018,188996.624497,124691.183373,645420.3899,201253.1593,148200.1395,215769.0492138
2022-03-17 00:00:00,341161.62055439,940616.0225818,267392.170632,140774.15982,497734.860161,179513.1606762,1335441.32,85630.0457,48379.8574,391529.8617235
2022-03-17 04:00:00,1292766.44652956,271366.361599,211953.191866,257299.22274,442404.465209,455065.4407753,512355.2462,25939.2366,104297.506,51152.0816974
2022-03-17 08:00:00,327753.25293235,252083.7262852,80835.290295,46379.85907,267920.528482,90914.0193446,1847799.5427,75909.6972,377150.9528,9706.25565
2022-03-17 12:00:00,1004864.3082369,975581.8746066,382855.814747,242931.74779,264324.622404,106957.7878877,2038508.5504,74062.1178,57840.1687,29580.1133891
2022-03-17 16:00:00,370213.57279506,625843.0350452,281094.707618,126573.10897,133186.597308,114876.3732702,1158442.1932,108318.7041,126091.4541,69560.9306234
2022-03-17 20:00:00,276741.40674263,175398.9282079,187025.742154,132287.28396,190522.98133,102643.0718545,1650947.963,132181.5412,15734.174,13782.8773448
2022-03-18 00:00:00,513678.05598206,841555.1026545,375958.88732,191515.63027,363630.114358,224384.8351753,1858437.8415,160520.5721,37438.2377,103663.5067551
2022-03-18 04:00:00,408746.98599148,281162.1532224,94874.918038,61206.94028,72770.060079,231915.6877554,531909.0765,8968.0186,59990.7388,42565.2747836
2022-03-18 08:00:00,403795.5317652,285323.2924018,102877.585117,50630.21594,92770.828964,128696.0531756,571177.8923,99437.8181,19775.3307,22448.3206611
2022-03-18 12:00:00,952615.22959685,1099993.1646927,210047.921138,246650.25976,220265.83274,113265.2844546,1559991.0557,284693.3683,20219.8899,106986.3069078
2022-03-18 16:00:00,1251043.09814297,1539700.1894672,512737.449004,474672.01007,313152.141409,334387.3725171,3246102.1547,279018.0879,169504.6177,32753.1358186
2022-03-18 20:00:00,758652.04705168,608095.7717476,282688.191032,108806.41516,147015.16483,263948.8928995,1035325.7248,32141.4393,5853.2646,243689.2363888
2022-03-19 00:00:00,604953.37225667,591634.3279461,158933.199397,110101.12111,689480.379154,213591.1088269,1807008.5674,65031.5899,3863.2554,29091.7546333
2022-03-19 04:00:00,333814.66024325,257292.056366,64698.620637,63874.31495,131865.92895,95185.4622811,1150276.8756,19885.7315,2507.6019,16515.9157413
2022-03-19 08:00:00,238637.91758921,84159.8923653,81947.172763,44698.08838,255026.891921,359904.7061401,762100.8572,87681.7676,5383.4059,15832.4558567
2022-03-19 12:00:00,506485.31073723,289315.0975975,673028.838323,199820.7151,489578.430597,735548.3730693,2621824.9665,553402.0825,70887.0441,193211.7438241
2022-03-19 16:00:00,308040.33779997,453596.2236905,294763.650459,231099.61096,613340.183345,340865.6356404,1655331.8809,508605.6084,33506.0022,167653.6339374
2022-03-19 20:00:00,912545.4157705,1075772.7647236,209950.534145,141113.75971,510189.369038,155348.1224061,1131829.6455,57137.7363,100158.458,260073.9112372
2022-03-20 00:00:00,632145.85122428,410528.2189038,146928.269072,91507.85749,260410.640153,436691.318882,1338903.4325,131714.2784,56331.225,119042.4055313
2022-03-20 04:00:00,179280.96365175,187902.0740038,42732.253615,81881.55229,206316.171747,59922.5678889,490228.9901,441236.1617,26193.4828,12056.7853129
2022-03-20 08:00:00,279480.17028977,179106.4096863,52636.86475,17549.05231,146324.380474,424223.0008109,939421.2032,671741.7462,4567.3023,118024.010167
2022-03-20 12:00:00,755832.23719748,716741.7690635,154366.705584,183519.79583,227497.84707,222733.1554563,926476.3959,293006.1405,12036.0365,478464.1504318
2022-03-20 16:00:00,1031279.88503169,568742.04171,175937.359744,130603.54687,252029.614808,128825.3320814,2101082.6743,344156.7111,21414.727,778864.9011992
2022-03-20 20:00:00,451709.80737694,316894.3007909,90859.959284,98066.32564,161158.266397,74356.4721292,1282537.4684,88909.1166,3169.5348,254908.0085727
2022-03-21 00:00:00,1340350.09907871,395510.1725604,205123.16095,101952.7713,365296.88574,156728.672771,1278251.0654,481689.567,11049.1484,284049.5149981
2022-03-21 04:00:00,382966.77103825,839668.7508663,108264.490512,77798.8527,164583.533016,193639.0295554,955693.5276,231094.2173,7238.2164,20080.9377127
2022-03-21 08:00:00,331504.92186307,324606.4098611,132760.428741,156640.02049,147112.51389,125031.8502452,2228650.6147,61633.3318,36832.0161,42064.7363931
2022-03-21 12:00:00,678281.38360407,515654.153875,281370.839475,105609.73805,555549.471966,240633.036323,2823733.5098,203009.0033,32514.9107,544072.916553
2022-03-21 16:00:00,552255.77992203,866727.8677533,173633.841972,151273.7499,1129622.442215,205211.7401291,1597700.8896,131265.3015,3960.7665,212747.0112622
2022-03-21 20:00:00,480458.08802033,306013.2608209,69673.434891,75355.10406,340874.913049,53984.1157526,972019.5697,11194.7979,1665.7367,22905.3712251
2022-03-22 00:00:00,1619779.5981374,1693680.9253757,346926.511227,286503.29709,439507.953155,366343.3098886,2219558.9692,546350.656,281479.4865,755284.8606089
2022-03-22 04:00:00,2134530.60897252,961693.5783252,237422.29757,325005.70167,563505.125859,216512.206498,1732588.3076,391124.8192,63287.2997,595176.1710337
2022-03-22 08:00:00,437178.56298663,368037.5360951,167370.11641,91956.69353,240958.884521,339179.2762504,647514.4208,288965.5887,25379.3164,223338.8604117
2022-03-22 12:00:00,831619.23202069,476722.2867277,342363.357178,357048.33844,1118686.213463,366319.5726181,1896625.6492,115322.8396,37901.5446,469012.1407558
2022-03-22 16:00:00,1111032.07773773,561317.8608951,220636.211987,73528.51841,319547.156208,82805.6345785,688841.4746,27731.1129,31869.5629,596280.4145899
2022-03-22 20:00:00,669180.78241321,434972.1780486,195578.450022,74167.26648,517775.352834,94381.6973152,659548.893,182808.7224,6780.5067,135925.5037185
2022-03-23 00:00:00,1355435.62178675,681715.5295731,150493.503413,139774.39239,1542995.265839,58489.4022065,1272384.7029,170629.8909,4658.5674,155742.0351372
2022-03-23 04:00:00,1103324.24256741,570659.9140872,102330.366162,55860.01872,315301.731588,25157.7965962,773715.2863,157533.6126,2696.7083,297796.490814
2022-03-23 08:00:00,476135.44768679,225986.2688692,109178.611681,37128.39391,368235.594281,46572.2589246,448332.0739,331796.8359,1774.0757,192490.3263558
2022-03-23 12:00:00,884078.16426489,585018.3425802,703419.61673,123632.09606,2938149.28424,172235.0469943,983344.4872,273597.8996,37959.3864,45684.8639081
2022-03-23 16:00:00,908520.32283622,659285.0819155,426690.585926,120037.40915,2027188.636575,810401.2087587,1404146.3965,652818.9496,122456.6907,47279.1453527
2022-03-23 20:00:00,478815.35468402,365274.974614,168452.576596,64639.25253,1034488.651931,532512.3464782,449794.1032,309546.3175,47523.7794,25595.4444331
2022-03-24 00:00:00,1037453.47777805,1077840.133342,327210.948364,268019.77344,1771048.457978,3082750.4080008,944002.8804,171662.3764,53429.453,76700.769855
2022-03-24 04:00:00,605767.77492085,740847.4924019,335082.672681,180275.12698,1045394.436723,755606.033657,508167.2965,151931.7804,19106.6318,105050.09994
2022-03-24 08:00:00,628926.31006394,558914.8295775,473323.658723,76796.56716,1100776.303637,1368704.0423702,781313.7834,224349.8104,31312.5337,350961.6638307
2022-03-24 12:00:00,1828780.52501831,1324761.1282511,696331.122165,236108.47471,1641230.047406,662114.2273,1843561.2544,689449.3629,126887.8029,435066.6214904
2022-03-24 16:00:00,670180.98036342,542741.105249,492254.4955,187800.96059,807696.251972,309468.2626497,734668.7705,204275.5539,116371.9442,343255.3540995
2022-03-24 20:00:00,501627.63156433,333139.4757961,290372.505984,118809.39625,1132428.630516,180389.8452972,369258.2209,194618.1285,12913.2509,263412.3902114
2022-03-25 00:00:00,807045.50534632,677247.0421032,401113.937685,126105.66917,1073956.777496,246684.9327121,679343.6896,95323.0689,15603.9469,121259.6891959
2022-03-25 04:00:00,314894.38575168,357166.245125,209128.10827,62263.72427,731570.361984,263781.6487549,465273.3324,166475.7221,18129.7867,37575.3867693
2022-03-25 08:00:00,695816.28400227,499508.5446649,198293.903173,514386.4807,432581.39836,232841.7548782,1384015.5502,81968.6125,150516.146,157201.4817607
2022-03-25 12:00:00,1260938.99693008,1144242.9163448,378114.027492,283680.93005,780719.902799,198030.6630886,1078166.4055,188772.6106,68023.3133,209519.2166166
2022-03-25 16:00:00,1024430.68643256,649647.7754906,584495.906948,155085.95959,779838.627276,230430.9439859,1082097.1382,99906.509,128119.5528,160436.5116732
2022-03-25 20:00:00,203130.87564796,174381.1587273,129736.279627,95489.78312,285955.226646,52267.8483752,461783.3168,34849.2458,16587.5079,142449.6070355
2022-03-26 00:00:00,498105.12583901,272614.5867127,116301.420469,100617.18691,342723.096562,140429.5188658,308044.5311,213136.5174,45211.563,27638.1839513
2022-03-26 04:00:00,187479.37315465,133170.2942769,186483.531527,69254.78872,457937.396039,90910.1296643,262830.2563,159298.7314,12407.278,11182.9791926
2022-03-26 08:00:00,48758.66685509,47862.0782736,97396.362831,57953.498,396816.281151,125428.6880967,273968.2915,333458.6175,13532.5934,7362.9714328
2022-03-26 12:00:00,435618.19196405,138644.1837972,135695.426849,48263.79516,403182.709565,108472.4540451,924744.8267,161608.3871,38381.2734,48880.1467999
2022-03-26 16:00:00,332424.85667552,127288.4631338,278607.37076,90072.36713,280950.422842,348275.6809571,456340.4407,69841.2404,26689.1845,164471.7300443
2022-03-26 20:00:00,415111.23840141,288855.1796738,183373.086924,85261.61443,588604.890494,75069.2601576,827569.1044,136453.8992,4343.1387,105157.1307048
2022-03-27 00:00:00,463086.39892255,463584.3008079,169709.462388,143853.09521,405234.362247,814915.2722495,599685.5131,297330.0485,58663.155,84891.2013676
2022-03-27 04:00:00,179179.63230694,136307.5011703,63793.800259,161457.31682,321032.402176,534781.2366415,203023.2216,69445.3089,63770.8889,14901.7426528
2022-03-27 08:00:00,249920.32553893,77102.7316807,83682.949933,67875.9974,364475.945,1169706.5269599,290808.1164,55673.1308,3625.0333,22196.3526912
2022-03-27 12:00:00,424743.84902235,575117.2916221,250296.852194,162085.84581,948368.323006,943860.0794851,374767.2777,136349.6485,43801.0468,42861.4077457
2022-03-27 16:00:00,722914.62630371,384966.6369011,290659.288927,131264.00275,386432.557093,1315861.5223812,381722.6522,165534.9649,79839.8037,83815.1653874
2022-03-27 20:00:00,2844456.79826522,1644697.4619748,1048287.039547,325287.00221,1199315.895555,940539.55205,1657022.2556,811843.4547,178532.8453,506921.4276957
2022-03-28 00:00:00,2657299.16508232,1325607.7861785,433520.538088,238452.1864,1356819.138797,2122542.8894386,1142787.4508,198910.6219,89534.9681,229601.9996839
2022-03-28 04:00:00,1107892.82350471,597145.1975205,799138.105125,450528.32451,1833499.49596,1008292.5718433,1054417.3719,136950.2396,133833.2278,208426.4461583
2022-03-28 08:00:00,725467.50580072,482039.7199329,237053.496539,78798.03337,314537.055115,282116.6909419,361822.2949,260487.0324,61314.8897,38107.9498551
2022-03-28 12:00:00,1407385.52747548,960623.0722433,866995.371056,271178.63878,1728813.966067,1310664.7948385,2112284.3633,116283.103,41639.5151,167446.8302057
2022-03-28 16:00:00,1451666.32938127,1272015.1539949,588385.807743,325984.28014,588870.250602,366531.6979903,2006347.6813,100228.7383,58707.3636,128539.6716248
2022-03-28 20:00:00,1102170.54958492,803764.7098814,644382.969849,282177.27451,1372399.48915,461436.9249581,2334771.1035,439194.5112,80069.9863,163478.392501
2022-03-29 00:00:00,1110645.5706886,641632.3308175,369943.921381,354628.15937,902660.311819,172821.1547453,880055.0765,227044.962,104033.1929,216212.5948591
2022-03-29 04:00:00,341717.07729415,428617.2212991,318544.789386,98374.38299,580021.025887,126228.8891001,691834.2215,286043.1884,4158.7359,35221.8900671
2022-03-29 08:00:00,429590.24588609,599213.812957,326845.796028,72385.744,154086.629695,61375.2883207,540860.5045,34489.0365,14471.6642,52805.0711994
2022-03-29 12:00:00,1102506.77985098,792292.9205076,677720.245567,265348.71722,528578.038481,343613.0645598,1856907.8766,185552.6011,43448.8521,122199.5474024
2022-03-29 16:00:00,920437.92054356,903136.4569904,673631.84172,192442.62052,412921.253495,179124.5388931,1208861.8376,136332.5642,60400.5425,52668.8707551
2022-03-29 20:00:00,550704.25714852,484860.8832306,336676.921272,196339.67802,333711.096187,106744.8443006,672311.127,128245.9953,129201.9759,190558.5097741
2022-03-30 00:00:00,1851998.94582366,370009.4328842,409281.927615,199404.65785,284230.648245,232017.6079211,534934.7231,149679.2881,54402.4181,82474.6255618
2022-03-30 04:00:00,261289.03885083,475596.9232496,295922.343775,174134.40892,268067.917674,99989.5059691,441829.1986,55682.1205,24603.1673,62589.0912733
2022-03-30 08:00:00,384730.49301053,255684.134904,107628.112728,65740.152,168581.910573,195380.2072894,1316584.4097,66986.7926,33652.8788,110632.5432251
2022-03-30 12:00:00,392327.14795703,346106.344372,1649451.230446,159958.20951,344831.837384,175855.9705803,1841995.2058,52942.9037,60591.5983,272921.4758876
2022-03-30 16:00:00,1549621.84599126,497194.0469605,1022922.065747,509517.090608,573796.692773,175190.1166662,3312720.5814,804409.8776,44073.133,203054.962477
2022-03-30 20:00:00,380956.10113582,243937.1525182,338796.139552,159486.73347,196982.460816,216305.6398434,1140674.3101,678496.3192,28177.5281,134750.7276102
2022-03-31 00:00:00,522021.58648098,438861.2995494,441734.537836,275038.67188,748922.642101,132784.2743454,2989514.4782,70203.7207,51088.5266,84681.3422015
2022-03-31 04:00:00,422789.1760233,173115.1091631,207710.848486,125150.80309,434740.976271,90493.8561385,952286.9041,61543.5627,5948.9051,555449.1786394
2022-03-31 08:00:00,355227.17049072,263867.2593303,608878.727049,196764.44808,677324.773337,293062.8511721,1291543.0783,149218.4957,50659.1289,182688.4765763
2022-03-31 12:00:00,1259771.8387028,1230961.0794613,1941954.297782,406678.27108,1171615.744931,299893.2331404,3575732.0133,885862.809,97685.9204,1329026.584306
2022-03-31 16:00:00,1054462.62790494,1169999.7348787,1080807.703577,343353.57947,1094527.21611,121409.5771196,2977525.7733,871758.4339,62637.7519,216641.9645397
2022-03-31 20:00:00,1038037.18091711,1149227.4464274,251231.031819,141313.99062,288976.370749,79156.9735655,1387618.1659,145810.4185,21845.9445,84049.1497227
2022-04-01 00:00:00,1660952.88714329,821021.4882651,1312768.877701,314343.0609,879552.160583,335954.3370034,1957975.9053,290912.1222,35506.7558,185208.0959607
2022-04-01 04:00:00,420945.89190972,298003.7212318,606245.617186,319758.61186,248937.017917,81306.5511562,574707.7715,18994.8185,7528.3887,26863.6405061
2022-04-01 08:00:00,315702.92035317,421838.8112108,331551.962242,66877.33125,311170.303203,59878.8537816,429752.8927,84124.9068,2127.3263,59159.9290449
2022-04-01 12:00:00,1406432.8896725,1903737.3443178,1549968.112865,374831.30978,856819.327148,124235.1428475,1622257.6553,445992.79,72288.925,218107.7593117
2022-04-01 16:00:00,591276.05346524,1798529.3944734,728370.914041,335291.93024,261717.120641,128137.553641,1330436.8954,27201.2821,62452.5343,135239.8357821
2022-04-01 20:00:00,265834.15254387,244084.1892699,602512.033841,196241.72472,180923.626315,173249.3597003,829050.7609,128447.1307,25011.7736,78119.7204818
2022-04-02 00:00:00,1255816.07152957,1013215.6712432,628841.667488,226265.737369,442911.217281,115756.5721637,829705.1904,158899.3778,68052.1297,202142.2558824
2022-04-02 04:00:00,540704.47858875,2220894.5227127,215333.661326,76217.90369,851393.566262,122604.1489346,1070163.3703,54736.1,7928.672,37063.162737
2022-04-02 08:00:00,132848.74506461,254018.1669304,277828.061762,28420.12718,255828.402846,79165.2484384,649557.1405,274406.1374,18082.9471,51635.2446793
2022-04-02 12:00:00,890090.14910881,1324118.8510274,1694924.297497,165732.17158,739185.134919,367698.2797716,2547791.919,415418.5387,118326.0456,241560.803377
2022-04-02 16:00:00,1000062.30566957,963012.5505602,967141.703324,130731.97102,505302.362662,297696.7026846,2289333.9615,121610.1272,22612.2539,183276.9407126
2022-04-02 20:00:00,374570.27180277,448077.1961805,700913.380973,97462.99945,385293.642799,326509.3785369,1032116.8661,108707.7364,23169.0862,130652.517678
2022-04-03 00:00:00,536904.03187474,423661.9657582,637326.206187,186725.25391,907834.565567,238207.2902177,955673.9276,384354.6165,40196.0938,110197.6282519
2022-04-03 04:00:00,443983.66756762,503444.9160788,553104.914651,170763.82554,158363.216998,136283.5063747,761766.556,46789.8518,76313.6103,52628.3046227
2022-04-03 08:00:00,109532.4368505,182283.0806931,612435.577438,65346.57381,75550.543194,37503.7703938,744343.8925,27770.7486,2537.6915,41923.0865599
2022-04-03 12:00:00,487520.73866272,317851.0261117,442178.848456,213761.31781,225872.223231,574249.8900105,1378487.044,98970.8871,26935.8306,88210.8225599
2022-04-03 16:00:00,665848.39739344,258251.6710462,591934.674963,107577.00846,168725.905703,281237.9939963,612706.1728,169926.0232,31536.6304,37139.6409773
2022-04-03 20:00:00,1993075.9570646,1161018.0348699,722586.25013,219762.533547,273440.534177,275787.8588348,1094380.0777,71674.7378,38464.1431,269806.9828332
2022-04-04 00:00:00,1019920.13129639,1610145.6637949,423963.133126,724240.46161,548160.143831,340993.952373,929698.5133,47436.9936,25112.7463,157354.6183883
2022-04-04 04:00:00,386474.06238187,545169.2984398,317826.973923,138922.90958,1126772.700003,119170.3009557,348458.9789,65220.7325,7737.694,26808.76734
2022-04-04 08:00:00,1107365.05165831,1018506.2771647,449823.869137,85584.51478,465582.26461,2037831.3293206,699533.2629,109704.7541,9265.5555,308794.9667152
2022-04-04 12:00:00,845316.68108589,681830.0021164,952429.809016,125395.19413,1243302.822504,1186082.7199745,2024533.1126,205185.7832,79838.0228,50724.8596038
2022-04-04 16:00:00,1078216.49923454,771504.7439957,1209966.843375,170543.48102,594941.128224,562874.9221313,853607.4096,268173.9577,8624.6634,191627.8211651
2022-04-04 20:00:00,934086.10859477,755930.2528074,514712.138218,291286.49141,380579.574786,498326.085085,466002.9918,89986.4951,3998.0258,65352.7956695
2022-04-05 00:00:00,442519.64645215,619860.3767016,405253.545592,219489.25117,162344.441419,602215.3962205,550591.5445,180770.1429,46022.3869,24779.5063039
2022-04-05 04:00:00,290850.17380855,276426.5025266,155975.070841,241335.708278,172269.306993,487162.4545851,663122.6939,80229.38,6124.3624,29467.7436395
2022-04-05 08:00:00,77928.22727626,124936.6251368,142334.274567,133377.90869,65568.227871,362586.6316865,252271.5191,288048.9822,42832.8373,40231.7291479
2022-04-05 12:00:00,1693734.32490339,902341.4285628,1082602.777048,215524.312387,303821.418719,2086012.771893,1731972.9466,1001574.6861,8511.5428,121399.0270237
2022-04-05 16:00:00,542571.79723523,1062830.8147681,452688.204167,126803.97838,254070.633106,2501041.0937338,619138.558,179343.4512,10360.3402,70047.3913957
2022-04-05 20:00:00,725442.43960237,650822.9836502,479338.33346,131913.67843,316112.325821,983817.0573024,375614.094,321691.1184,26102.3721,100964.4845113
2022-04-06 00:00:00,1561056.57496273,1948250.6746498,1489782.576705,418078.95729,691011.744362,1672129.9185746,2092755.0046,731906.5482,61915.4291,230198.7221957
2022-04-06 04:00:00,315485.16925523,802351.5981055,316300.526114,80985.39146,185433.980266,434720.3140421,703899.9058,330506.2326,7894.5616,33798.1359888
2022-04-06 08:00:00,471034.9171163,703377.9354042,538817.82145,58080.90663,403655.275988,660482.9540298,637525.8384,117177.1286,6535.4438,72714.0043523
2022-04-06 12:00:00,1703277.44089476,2703837.5705137,1133759.0246,337480.94847,717993.549427,949063.2917721,1457564.5408,518863.3541,63674.8888,201029.6944666
2022-04-06 16:00:00,1583450.86653567,1573285.0801681,1199594.11656,190541.81964,648305.214818,466496.8315573,936885.9698,253671.692,14743.6592,119572.4442352
2022-04-06 20:00:00,606037.06356592,408296.5029142,488067.052653,121893.0167,243988.584133,201366.7560701,907222.5657,187058.8762,37388.526,56546.1723735
2022-04-07 00:00:00,803826.06503325,491745.1149437,374795.682333,277850.22796,393360.521331,238654.7605785,1355626.3111,721474.2835,20040.5897,41484.8781918
2022-04-07 04:00:00,306973.9743429,393192.7584709,190758.034899,102968.60244,230284.23587,235229.9605136,608344.3918,35180.9151,3097.2426,19992.5273293
2022-04-07 08:00:00,281031.26344149,334514.2790806,371646.020967,85822.43896,168361.600036,283691.624149,498386.8149,259988.5004,2695.2295,31288.5725228
2022-04-07 12:00:00,373724.35567714,1012319.3973964,471569.027511,192620.89788,282160.833928,197373.4819646,711740.7031,112953.4838,32604.642,67842.7566153
2022-04-07 16:00:00,741762.97910013,840670.6909117,429385.788269,275759.50863,186112.757457,111806.0061399,2028027.1369,73211.9762,10093.2278,9234.6630322
2022-04-07 20:00:00,160924.60224973,225132.4806623,265783.869039,95419.73872,221869.590318,36206.4732666,561470.742,167123.2436,11566.092,15799.8862439
2022-04-08 00:00:00,374187.03196753,374340.8976975,756076.518961,183131.84689,204636.422256,599798.6685802,539156.1751,50026.5628,3938.5014,30873.3220388
2022-04-08 04:00:00,151679.88670535,867846.996327,391590.73058,168339.19918,84996.524083,491974.1247399,1295526.2734,199650.859,7517.6068,8437.858981
2022-04-08 08:00:00,467294.75041435,1342028.5446944,539955.734664,245638.59783,141563.955469,351153.9627548,589169.5098,453426.7893,9120.1848,81848.2100032
2022-04-08 12:00:00,871877.44362954,1046229.9222592,1296513.955887,205619.45688,254165.666599,418954.8913359,642278.5392,318152.83,6666.1509,51832.1865737
2022-04-08 16:00:00,1442530.23628843,727493.9286974,524381.279002,245397.31216,191787.468501,160076.8820713,627938.6311,634547.173,9031.845,113255.2016332
2022-04-08 20:00:00,377003.41066119,611373.3547006,563227.590822,192630.99681,255335.892691,155211.839549,275521.3764,127733.6673,2313.7593,158012.3718746
2022-04-09 00:00:00,429549.39140494,646331.187732,245282.682243,124441.43634,205209.741369,59324.933148,367344.6466,291274.4793,26503.1628,46692.7644666
2022-04-09 04:00:00,67045.9769518,177043.8861272,112397.257883,33924.31031,86388.095924,59127.1258022,183844.6345,274930.3373,10137.936,12749.2103887
2022-04-09 08:00:00,85081.66368553,149909.4978907,63208.663076,30580.9199,100985.442382,110084.7600834,128022.2827,60417.4642,1451.0053,4870.4320429
2022-04-09 12:00:00,443831.74969175,478167.7061891,290378.225942,115116.2222,158787.056075,108139.7731264,733610.9409,199859.2304,9726.65,46058.7044491
2022-04-09 16:00:00,294993.84184168,477705.0661961,150451.710429,122293.3626,120804.464342,54581.1872319,248794.5459,338413.1195,1519.1105,73817.5792036
2022-04-09 20:00:00,187255.22736908,283661.7518001,349707.60347,86183.43783,93927.264235,69965.3091577,103369.0615,123477.9467,1794.411,32080.9715944
2022-04-10 00:00:00,147856.34467479,275944.0464926,222572.44841,56662.78738,133203.78048,1120100.0585418,157903.9575,153055.1467,6183.621,16094.737923
2022-04-10 04:00:00,78819.94775049,155880.5372508,192551.044583,94229.91761,112071.892007,270530.8822986,163731.1727,89473.6916,10330.6261,2014.93138
2022-04-10 08:00:00,180628.96473047,126801.2304914,110742.472186,97543.73756,37045.114677,333609.6103695,145778.5402,460982.5415,599.3263,45727.4350142
2022-04-10 12:00:00,341075.83067951,367842.2565951,146067.25308,122570.344,102950.299757,971169.9463119,216587.3485,110570.5722,2590.0997,160205.9054746
2022-04-10 16:00:00,591359.00337594,553051.0461382,350368.303852,114115.24073,196979.097703,524757.8785455,251335.4634,606106.7027,48553.82,112323.9294079
2022-04-10 20:00:00,1339494.13325146,881647.6322559,512441.243146,194280.93429,228078.653637,722659.3272641,751063.7153,455797.2388,6321.4213,32056.1597924
2022-04-11 00:00:00,968728.56599689,953326.2860399,412596.704189,171107.03744,654113.693207,470807.093873,1373102.2364,356410.9235,36327.6492,108321.6962308
2022-04-11 04:00:00,355452.3530063,432938.8463425,221960.785717,76017.65937,258441.412416,120612.4165196,276534.652,56804.614,40508.8364,48620.4449553
2022-04-11 08:00:00,1248358.44720832,2380630.9408031,611089.175629,157262.10049,684923.058041,523045.3734282,957127.7341,353537.6965,38743.7282,149757.3497692
2022-04-11 12:00:00,1014126.31975361,1366970.3148511,762193.943147,94823.0151,515329.549803,259512.9220967,541264.5448,378120.0037,45249.6755,59058.4745979
2022-04-11 16:00:00,1473590.95916665,1865834.7265521,390885.008416,420647.59548,339304.06345,206600.0349471,731564.4454,572910.5842,11394.5037,153850.9027969
2022-04-11 20:00:00,1494047.50958798,1086124.7082062,725971.080719,218897.94908,420343.825643,426171.3601539,505852.9587,115793.2295,19069.5314,193635.4906587
2022-04-12 00:00:00,1093963.43494651,1135288.0858059,363698.232949,164639.32739,491936.780214,153916.4403365,391937.2409,266441.8909,7151.8097,32489.5032043
2022-04-12 04:00:00,794953.85817846,804026.8380924,329753.183584,87918.02974,336784.100752,157132.515263,174432.172,32695.5434,9864.8348,48568.5592049
2022-04-12 08:00:00,991467.49156282,409890.7474623,286669.523698,82844.50466,211676.418568,202156.8649455,231577.8695,275496.0944,198768.9011,14891.4318005
2022-04-12 12:00:00,2563277.98401361,2632206.8926496,1924385.629956,256779.31997,1046679.011207,730305.6711237,1319003.9438,394744.6379,24224.0993,102946.242079
2022-04-12 16:00:00,855301.29100747,419509.8251597,491361.818303,137978.61421,446157.186805,303159.1755338,515397.8801,64616.8321,6862.1093,89981.7551893
2022-04-12 20:00:00,748291.6822908,845015.9676933,410406.325396,149894.85809,280551.868541,243640.0116513,313493.6094,260558.2241,8865.8661,44490.2115838
2022-04-13 00:00:00,985663.37070621,900996.3085702,301230.148911,181537.75707,435664.226518,790147.7011361,235707.3997,76801.087,6305.1018,23948.0236945
2022-04-13 04:00:00,553813.27911291,531061.8262207,280814.943047,55316.20066,189224.421161,122121.3882836,102585.5908,37768.7889,2569.435,15347.3784958
2022-04-13 08:00:00,562117.8702017,757451.4534509,124416.573955,48025.80642,159720.653805,119784.0772008,180100.574,16865.8031,4236.6617,112679.7466508
2022-04-13 12:00:00,2278048.48779112,1711434.444462,808885.803871,140310.64468,245659.656034,228749.6314649,598500.6469,290515.1139,7566.302,234129.0793536
2022-04-13 16:00:00,2229336.28810445,1190100.3541301,304644.440903,98823.14617,310133.300408,133975.2399078,379124.7553,168416.4968,6484.0282,580228.8895719
2022-04-13 20:00:00,765365.1559134,489977.7376934,141417.527766,232125.36087,182985.590168,100065.8038569,597630.5337,22868.6704,14204.1269,142055.4298359
2022-04-14 00:00:00,426322.98594667,567224.2358512,267156.829052,214687.65173,188484.532411,183466.7232523,432098.5306,26767.5761,6771.149,129009.605208
2022-04-14 04:00:00,402616.93074549,520821.9698967,367441.548043,132704.96692,424269.003999,333016.7918571,446265.4745,169771.1887,12419.3553,197194.889464
2022-04-14 08:00:00,448718.31480795,999489.8679487,253071.083313,295680.03795,161450.942882,2062860.1610035,392871.2934,244740.1952,5245.9695,261756.651359
2022-04-14 12:00:00,1456080.65810906,1712460.4162426,893424.44244,164344.91461,283650.773471,979180.8567769,1251546.3614,247540.9658,17106.777,382016.7541378
2022-04-14 16:00:00,1064254.2212987,1186003.1701295,635395.337752,103966.71831,170096.74064,851713.7342007,320306.1341,59397.6989,128167.5638,51655.9108702
2022-04-14 20:00:00,440472.4874156,596594.601679,176307.684719,91390.36273,84016.498141,466898.9841596,237415.2472,75318.8681,3561.576,19090.8682019
2022-04-15 00:00:00,446591.69236125,555558.4168164,269624.817314,74908.64991,181954.13736,334151.8091409,414312.0794,118949.8222,8602.1893,171425.5469793
2022-04-15 04:00:00,449912.34851543,655962.6508728,239090.209465,71457.38818,162677.961813,373956.4205674,241334.4895,37497.9611,59116.5262,240456.5923004
2022-04-15 08:00:00,652455.47145628,591935.7795898,90283.426772,57442.02776,116833.896891,409742.2847418,132600.5444,95939.7158,13044.6237,212403.0710364
2022-04-15 12:00:00,689452.36108554,1031142.1361731,441505.888897,124830.16921,194013.340455,563130.3971385,1145335.654,243074.7727,10739.2539,145441.2401865
2022-04-15 16:00:00,503600.88015696,536598.9782806,569917.836635,106553.87299,220463.49785,261275.8653823,316606.1359,114732.788,10327.1293,169052.2570073
2022-04-15 20:00:00,230598.7220537,388095.2839998,116937.182782,137165.33242,210486.168647,162334.2633001,157564.7483,50935.1293,82321.4168,25051.0612364
2022-04-16 00:00:00,276919.28140333,360246.7748391,155588.560217,134528.2428,116989.740185,248737.396487,188516.6978,51449.9976,8663.1056,27455.0840301
2022-04-16 04:00:00,174597.23768321,253136.5950804,116538.585224,74377.41747,59468.954072,114227.0239151,149693.5305,22661.618,2945.4124,37422.2693767
2022-04-16 08:00:00,352247.25267255,232048.7344276,134165.849261,20149.41124,90899.446803,130289.5970755,186795.638,13136.2356,28312.5987,6347.9765314
2022-04-16 12:00:00,589954.47127244,958389.2837356,124036.635254,56858.96319,162493.909815,192597.1943865,294581.3468,404778.1879,13479.2178,215223.7317165
2022-04-16 16:00:00,230974.20636843,193063.2433814,136317.068247,125407.39557,117576.548035,114758.3848231,125125.6419,235304.2013,19408.7732,62565.4974054
2022-04-16 20:00:00,450155.51923195,415189.8392465,185728.713014,94801.72134,214155.876393,71215.919806,220135.0823,385453.7869,8228.3135,209840.2106461
2022-04-17 00:00:00,226720.42460407,387036.1486205,56915.26435,66044.84831,383346.884447,119049.5928335,537138.9268,160189.966,37835.6484,189001.8108711
2022-04-17 04:00:00,173657.36736333,192268.683646,78148.079371,42381.29157,28367.593773,55420.8590564,169988.6319,137934.7262,48210.9586,39050.998496
2022-04-17 08:00:00,114178.40890731,124381.8583803,24615.067574,99892.92545,51680.92141,21206.9747254,148375.7281,294370.5645,22818.8037,124698.28936
2022-04-17 12:00:00,238491.20217571,1110553.1762155,338786.191424,77570.70636,104881.214246,70268.0787401,251180.8408,12208.9323,43250.5598,98270.0504707
2022-04-17 16:00:00,714291.91050067,1456311.8456827,217100.727849,72983.18654,120369.976052,143337.8249416,278547.8244,184706.5854,11858.7518,192436.0028103
2022-04-17 20:00:00,1205811.77858963,885066.1548879,257405.586198,129302.59676,239460.364348,259292.7567746,428097.2892,502042.7138,34909.8362,179474.9708012
2022-04-18 00:00:00,801294.55346401,500390.9893983,283476.055327,226703.57152,168803.784797,141939.3551988,248592.0262,438088.8331,8377.3837,27145.6838702
2022-04-18 04:00:00,1923423.71418608,1801288.4597953,690684.121725,316077.47224,709854.286937,798698.7306467,1237846.0522,315835.8696,141626.2052,303944.8892569
2022-04-18 08:00:00,723367.47022583,1019715.3148972,156914.895678,49105.4393,241576.390485,91516.4319503,430622.2684,259235.1731,4298.1568,165824.2789957
2022-04-18 12:00:00,1135802.90551553,1741270.0348238,387098.399256,225747.17577,143384.070216,142679.2646384,447079.7586,180286.1362,120600.1147,104510.5381773
2022-04-18 16:00:00,2452490.97072967,1797669.1955375,478385.058991,229733.10077,476370.826095,240980.1950596,944762.0217,491761.6205,172624.2623,311761.9753202
2022-04-18 20:00:00,906810.8370272,882421.2985039,170450.537046,329455.20672,167675.741194,183428.5071149,458909.7348,215378.9045,15243.9589,56284.7017269
2022-04-19 00:00:00,1447817.71252605,1393037.1286131,296634.266161,276629.58989,337169.588805,174418.6199929,350593.0292,373924.9681,71860.7603,102633.4199276
2022-04-19 04:00:00,653072.00691076,455255.0009509,81127.385936,111380.58649,68422.619979,29274.3888991,200512.2498,77488.9883,5509.1139,30531.299068
2022-04-19 08:00:00,306872.64887065,489894.1096472,186846.122358,82422.07495,110800.135891,100855.35122,398891.9727,25084.5948,12170.7729,64860.2136954
2022-04-19 12:00:00,1204893.47239327,1540705.0968959,774898.638287,219637.37922,285974.432422,310770.7859479,660110.8241,250326.3661,20226.9641,121992.4431239
2022-04-19 16:00:00,255397.7742626,1182713.7853869,350618.900745,145230.36915,148758.104816,202079.1365487,457194.8425,83834.345,4171.5412,37415.5505021
2022-04-19 20:00:00,722373.84967011,391048.2973995,441245.946531,135413.27773,94536.923728,56473.5955399,372288.4281,53857.6666,8110.8134,106685.1142303
2022-04-20 00:00:00,270226.57663475,575549.2641052,575149.714833,264031.60971,166458.074619,247794.9717738,382007.6648,572315.4325,30030.0483,106670.4167602
2022-04-20 04:00:00,265786.96206947,567002.6112543,112517.302309,68270.21666,179808.200376,484429.293964,866464.8063,358472.7513,18108.8047,18478.8754109
2022-04-20 08:00:00,988197.87069321,1008207.6079411,341554.902372,297676.45486,218407.48842,109486.6709643,654331.8228,711058.6671,22290.1118,51559.4900821
2022-04-20 12:00:00,1333303.03769535,1577431.7681879,779282.991929,171748.26135,284662.956711,337094.9125426,656308.3343,298253.5155,28639.9813,234235.5056337
2022-04-20 16:00:00,547068.52175827,772182.5082985,503630.10637,241705.11216,243417.538741,252176.7728997,594888.8882,277752.3423,71690.0689,63124.5177609
2022-04-20 20:00:00,338930.98443272,727143.4021898,425237.757709,172859.77328,102783.435554,302555.6243041,303998.7675,242492.3727,14266.5142,23188.4171334
2022-04-21 00:00:00,619023.82324251,552876.3576681,457642.73153,73982.06989,104762.826079,116830.0866803,191550.1669,414050.8558,14091.3134,62557.531159
2022-04-21 04:00:00,269724.82163572,844523.9413599,161029.062209,95971.79663,239112.737036,141800.5101911,227636.784,512956.9705,3436.0545,63738.5392448
2022-04-21 08:00:00,1772159.75993032,1658816.8487117,280055.00257,110038.38932,186899.650777,59113.3498988,375948.8393,157501.5446,16075.3204,79931.6774084
2022-04-21 12:00:00,1683703.86545906,2710229.1081054,467050.260878,187207.78814,243221.48433,195983.7050256,305837.7781,235879.4785,9316.262,131442.5073248
2022-04-21 16:00:00,1203610.4894689,1580406.7208903,377604.072332,181007.55594,181983.688349,210363.6263997,559949.6113,331104.501,21913.1381,107235.0048286
2022-04-21 20:00:00,1286566.20751087,1732679.050936,533991.840168,225273.40914,403674.345522,271672.4986716,836138.9665,375631.656,52016.7521,121262.595077
2022-04-22 00:00:00,782041.71306969,1150144.9997299,191069.87617,172194.75984,271794.44796,111853.8658376,432966.9221,229567.1126,7155.6441,94385.9569878
2022-04-22 04:00:00,407987.75293478,1424675.3441212,164186.641357,55153.8689,180695.353686,87460.2545694,359842.2325,524092.5138,9364.7119,54864.976745
2022-04-22 08:00:00,664118.65658931,1308790.4924003,110492.060104,67230.44501,90712.524851,69608.3999402,440028.0358,242703.9857,10876.6708,33868.1980788
2022-04-22 12:00:00,1778636.99515298,1134700.4087676,262048.11352,186633.7544,105899.157282,102593.0303286,1039319.623,202402.6039,18862.6194,77221.1163481
2022-04-22 16:00:00,1218432.71543004,942583.8558899,553472.37176,234260.62691,93414.808143,74342.0561116,481816.2411,214549.8885,20114.046,190846.5833522
2022-04-22 20:00:00,500554.56923549,981070.2016699,544084.783209,241202.50282,19301.103001,76151.356154,196413.2484,110391.3403,5283.4289,185293.8058154
2022-04-23 00:00:00,443573.85500207,434806.8079683,168808.018165,144308.21934,213010.654721,58419.2117045,297409.0006,70059.3884,20223.5785,121598.4543677
2022-04-23 04:00:00,278483.49150609,497215.2214111,212504.202452,132967.21821,54606.377501,78685.0613062,352970.4955,152199.4256,10148.8999,28818.5641477
2022-04-23 08:00:00,208592.39512512,266792.9453801,114766.411417,53251.19841,37697.057396,39110.7823342,143552.1635,239079.9922,14120.9998,16030.0885672
2022-04-23 12:00:00,333433.145536,258475.3587942,450683.53976,114235.61301,141709.053372,22264.7651026,344676.2907,712861.4694,2551.374,26528.1272746
2022-04-23 16:00:00,488765.9495444,588033.477614,185950.13455,70315.39165,122379.887257,27249.4404677,264176.0165,187289.2482,17895.2072,34594.5897202
2022-04-23 20:00:00,368520.48397113,302801.6839645,104668.972069,56283.48719,80134.404335,49266.8942104,245812.2788,146915.6729,5704.239,19824.6831485
2022-04-24 00:00:00,569384.96717681,781201.3110814,214198.990323,120262.55385,82408.128616,60318.2137394,208579.1901,225055.1985,11681.2431,6157.9143116
2022-04-24 04:00:00,333660.28410805,209032.3903042,91960.680017,43195.15651,97192.029301,47056.3158669,147756.6603,286547.2862,24141.1526,6600.5957782
2022-04-24 08:00:00,154672.19464055,282668.2747703,62363.013144,36622.58365,126529.711511,82203.4537754,187395.7385,420718.2737,6267.1123,4545.114723
2022-04-24 12:00:00,550128.85171445,639281.242246,143256.196041,67426.68887,144167.342108,250433.6797214,246650.3828,283207.0844,65407.8135,106785.8675308
2022-04-24 16:00:00,2675952.6344613,945121.5696583,323085.811188,266766.96067,317753.966317,207385.5697005,617655.3798,319755.9841,130182.1209,188713.5520531
2022-04-24 20:00:00,576747.23047083,641458.4627483,221225.221895,150312.40821,62157.45721,27691.9842565,305576.7407,41264.0915,191612.6018,23907.8404839
2022-04-25 00:00:00,2257151.69852057,2402205.1329191,407950.241027,313068.82414,564964.954289,611724.8249491,1184173.0488,491761.1753,301219.7492,528398.8230424
2022-04-25 04:00:00,1605639.14138325,1127045.2957696,340126.694052,110908.95996,314307.45594,171618.4593451,564574.8815,88394.9484,27540.9904,257495.5493828
2022-04-25 08:00:00,663020.56900534,1521549.037666,189714.632775,87004.94384,243497.075031,1651654.6843262,417070.6527,240124.7475,2161.2268,187861.3348683
2022-04-25 12:00:00,2609768.2255603,1505736.6070074,609980.284722,161299.14493,139158.69844,1718833.8640837,890917.8503,141080.8867,177004.8898,198831.215756
2022-04-25 16:00:00,2518305.75384587,1958874.2264689,869990.190044,191076.77105,576667.422431,4903172.2262848,669157.9322,212892.7449,66679.5268,113597.0378926
2022-04-25 20:00:00,856724.95320286,1001601.2324036,413446.378512,158815.31528,320179.771943,3116973.8384771,491027.6715,222587.3598,99017.0551,36386.1862416
2022-04-26 00:00:00,614774.03262295,1272372.1355429,111787.577198,191614.25833,276369.006924,1612363.3862369,382142.4819,570627.931,22471.8356,72515.8317909
2022-04-26 04:00:00,495921.66420799,864236.4772396,144115.862889,69248.13582,86198.968197,2144399.0033153,263925.6845,201959.7348,28113.3259,82824.7144349
2022-04-26 08:00:00,531920.76841845,657352.0120962,132864.016321,68448.68459,85469.196683,1301429.622424,632772.054,409038.5686,3736.8894,77201.9165563
2022-04-26 12:00:00,2444396.80538364,2305252.1799285,739615.285084,292575.15229,283356.743789,1009640.5647966,894080.2712,607605.7448,31279.7928,152881.6390482
2022-04-26 16:00:00,1649397.18381414,1743328.8547332,302469.548254,380010.60678,438905.215336,1244426.1500413,637566.0821,349284.1905,56982.5329,146675.4706916
2022-04-26 20:00:00,1044441.8629927,1346892.2468621,209881.441928,179905.54523,329128.129009,619225.4985018,1210774.9329,221525.9475,51864.8786,191831.1052801
2022-04-27 00:00:00,1199692.1343989,1111199.2991288,137305.069902,185810.3097,225928.000804,685545.8069376,301982.6381,78644.8962,30239.5697,100779.7796789
2022-04-27 04:00:00,669784.10329605,616073.23796,366507.298503,141522.25129,330194.311822,480869.712702,242291.0532,114697.7494,21381.1357,42781.5676678
2022-04-27 08:00:00,1471493.72276648,1714181.4559579,229847.020527,180812.8144,384931.906918,626772.4101568,465484.3823,307833.8618,72813.4219,95265.1475932
2022-04-27 12:00:00,1585590.69269906,1061549.5547379,316381.767654,266831.44912,421714.572163,467005.6719464,615533.0539,330638.7857,15375.7728,163171.218631
2022-04-27 16:00:00,696278.88151923,646185.1995234,152304.778888,177382.91205,109989.860052,420733.1702731,449812.941,30535.8314,24281.3441,65589.157651
2022-04-27 20:00:00,791207.69961907,447968.2067695,120789.14307,215420.778,332506.67795,140883.3050392,273054.7282,60091.3176,10761.0289,50191.5771297
2022-04-28 00:00:00,768346.26936418,560844.0591956,157690.439989,231913.18819,347188.67079,673839.4181432,117518.8758,79544.0949,10668.8135,106819.5821766
2022-04-28 04:00:00,443098.19152381,575030.2942448,98266.431594,187989.44494,146906.352515,189466.523371,84067.0597,17560.583,19388.5922,95672.3936852
2022-04-28 08:00:00,780869.85781307,956165.2592472,253365.996824,379004.2933,142492.39875,111824.401766,176785.6812,62864.5764,233425.0218,326080.7463861
2022-04-28 12:00:00,1589207.76623364,1306443.6850362,719373.357823,222094.76129,248903.806939,516627.4820352,234702.7949,245414.0449,33727.3081,597564.6845952
2022-04-28 16:00:00,669835.77747868,1236647.9226671,432344.846599,255479.1306,340384.515665,360322.631099,179864.7958,32259.5386,18686.6456,392787.1066007
2022-04-28 20:00:00,769714.39985347,880767.4435763,237392.842715,175703.96395,302730.21093,205202.2863053,208365.3221,36737.4264,10833.0423,122722.8133077
2022-04-29 00:00:00,550278.75573039,1079602.6653699,120281.349218,182263.48974,156425.932817,241665.8101696,101890.8981,37067.0784,17115.5928,296024.6896522
2022-04-29 04:00:00,404861.31330554,792942.7189196,95407.113288,177273.40029,115426.71351,924572.5792318,121137.8872,12675.4135,4194.7405,23222.6208728
2022-04-29 08:00:00,1085828.90218383,1310226.4848433,195811.689729,88066.15482,333695.93642,343300.4283398,125527.29,80620.6045,18612.4053,201074.7426997
2022-04-29 12:00:00,1073375.78965871,1087861.1082372,175469.76739,151181.58994,123415.005417,432973.3377836,189485.8145,95716.315,84441.4495,84756.4336708
2022-04-29 16:00:00,857156.36180434,1313033.6536287,469399.505802,325217.50138,232668.626609,536663.3669033,246858.1214,40090.9966,18092.0242,285258.2201516
2022-04-29 20:00:00,401638.41001701,988454.3355051,201203.899728,369663.69512,144572.587006,178110.0086506,132721.0093,39758.4786,34762.6106,250809.3674595
2022-04-30 00:00:00,702237.38733802,671124.2647455,75690.061839,363475.6054,115138.16498,210805.0939311,131086.6963,35263.9659,12295.9735,27261.8850937
2022-04-30 04:00:00,230484.67260492,356017.3779138,101707.177598,259973.35234,157738.564198,99844.6680866,64324.1343,19830.9777,989.8955,60835.9686816
2022-04-30 08:00:00,234812.62450291,256622.0032016,41642.221979,170129.90354,101966.345845,43342.6502487,177787.7132,27585.9369,6195.0383,18131.2542004
2022-04-30 12:00:00,545191.09742604,781001.4092354,230895.306023,196070.54543,224099.67391,299811.6410102,274298.6995,43708.9077,10765.363,61796.0215574
2022-04-30 16:00:00,335591.91924437,553682.8461604,180058.885641,921133.61685,141616.949052,113664.553321,370044.6747,31486.7964,27072.3682,32752.7751797
2022-04-30 20:00:00,1605629.04751334,1472082.9538025,1170090.637879,548866.6654,777401.467065,779718.0654078,460818.6834,322971.3376,154516.0626,540247.9123761
2022-05-01 00:00:00,1127654.51630518,1082634.68652,2133430.928817,322966.28355,513284.698738,342061.1177857,415828.5855,82537.5119,21906.4933,79719.0289848
2022-05-01 04:00:00,369373.23810106,376418.7813076,273536.343102,265467.27188,252159.045718,435398.3065639,217100.6689,16678.7775,27733.0889,24017.4018695
2022-05-01 08:00:00,373312.90213162,214771.9210236,112317.777267,200099.27231,57660.750157,56244.103082,135435.142,4253.0315,1267.0919,10492.6786916
2022-05-01 12:00:00,716401.17375184,508388.8345534,278912.751264,215619.96281,174037.721708,120517.4048186,208258.2098,44360.0653,6010.0116,108955.5786244
2022-05-01 16:00:00,986137.63710301,855942.3172688,475689.320591,393442.26994,325821.761762,204169.8416299,243453.9934,36934.9035,5185.3522,48066.8923742
2022-05-01 20:00:00,556652.84563948,849164.9119937,438844.409625,234578.35789,197714.968161,95837.3929564,155720.2833,25734.1089,8577.6792,72550.0601191
2022-05-02 00:00:00,549799.4410292,523538.1532779,190825.215124,165981.27344,268154.642172,73464.0179242,190366.3083,58599.5527,6456.135,135995.3556435
2022-05-02 04:00:00,608530.71838844,416698.5190085,84948.518477,179194.81453,66617.515519,63054.729199,81630.4128,17484.3791,14885.3918,361447.9999011
2022-05-02 08:00:00,734682.37266561,886940.4457064,362781.681772,140969.05209,96545.875778,58315.143221,229630.0315,39241.333,6420.3373,22962.0662099
2022-05-02 12:00:00,1527912.67319613,1262534.4661493,549306.226634,545009.05992,330446.179606,512251.4402204,593664.6942,281388.7483,139616.8965,92213.2706285
2022-05-02 16:00:00,890044.63010808,1001890.3758665,480667.30277,469390.18805,131119.446979,144266.9144442,630277.1879,137892.8696,48024.1282,81132.534893
2022-05-02 20:00:00,628453.59071992,500685.9752078,119269.416378,153469.69695,58106.127044,104186.639254,259772.0631,49754.9384,9690.9577,49082.5297055
2022-05-03 00:00:00,649089.61956535,503810.0789795,120717.082545,216970.31741,102890.529388,116234.9092893,229209.3025,33371.4848,2212.3276,138633.3728882
2022-05-03 04:00:00,479080.08515695,371955.7352997,56759.402956,208219.11727,50928.9244,70979.72189,310310.9432,39669.0953,3329.1236,21906.7708341
2022-05-03 08:00:00,369173.23831882,223751.5082398,46527.234314,119647.10961,42540.418684,67953.1252562,157560.2804,26299.249,2820.1044,4701.3307833
2022-05-03 12:00:00,779330.52562282,600369.3975192,86156.506681,189989.7291,229644.517482,112925.4030846,254465.7979,10485.0247,13881.7981,76680.9723682
2022-05-03 16:00:00,1186662.99502237,756988.5696535,170572.609667,183652.64872,85563.244269,257358.4871607,279462.3966,77003.0398,12762.6863,187800.2018207
2022-05-03 20:00:00,607006.36816912,430969.7221959,250941.917998,500398.43508,90365.400359,184738.0551855,160017.287,41371.6596,20455.2086,38613.9910417
2022-05-04 00:00:00,456842.99889907,528616.1228196,140410.806855,206558.64623,132003.398898,122555.809849,183508.8755,13067.1109,11584.7849,13232.9069099
2022-05-04 04:00:00,766012.34188176,656809.9627705,141636.91319,114095.83681,115857.69001,84618.5012398,192704.2747,54065.1464,8519.0587,22943.3984547
2022-05-04 08:00:00,811554.20985249,1103651.5361693,96668.855781,86187.71654,598594.773505,203372.195022,168364.0494,45729.8933,19933.465,217672.2811054
2022-05-04 12:00:00,451688.25861962,553867.4264002,195540.626443,168077.7267,605502.005438,169230.5011673,237073.6818,22441.1748,8515.2113,428353.4501533
2022-05-04 16:00:00,1668528.89441816,1400916.803237,762904.278692,484125.98385,1275206.38301,293776.3329391,1043535.129,78436.6524,44957.5729,195849.6618267
2022-05-04 20:00:00,688286.3830806,1068865.2460994,354836.917403,476004.13698,565805.947013,144528.6168673,444021.9416,40375.5241,21105.8777,79993.1896086
2022-05-05 00:00:00,739225.91505859,674783.6597941,386258.791889,176636.8026,752439.207923,313003.7720324,342680.1162,69643.3771,5500.1577,113837.3077954
2022-05-05 04:00:00,310762.53942259,160053.193711,110493.218951,102534.66514,588231.342194,141433.428909,371978.7769,88462.0996,55026.5514,76410.8024694
2022-05-05 08:00:00,277045.57754181,897390.265685,54647.406196,703490.88595,264568.817908,129060.1500818,249489.1582,39107.0883,3933.6572,81424.8119423
2022-05-05 12:00:00,3867812.16313851,2044833.7585358,999607.228101,620377.28465,1099906.139714,725207.677552,1047665.5377,173382.3256,89697.4215,394611.9089613
2022-05-05 16:00:00,2974213.77701964,2200139.036577,832851.196762,368936.91849,723011.790923,298301.3358489,668864.7173,129522.5808,65380.9506,211408.9614816
2022-05-05 20:00:00,928976.1823132,607876.7929705,223027.702569,1211866.13241,309478.106692,74017.9493834,227133.4385,20115.1293,9508.247,31760.7476449
2022-05-06 00:00:00,548012.16540338,517592.6889453,116728.303903,132367.92906,446315.556786,78002.9767102,225659.3819,16251.128,10330.8702,69113.2502887
2022-05-06 04:00:00,521811.79985049,622379.8748055,231929.088303,172131.82242,443636.714959,98080.2783008,504955.9711,88401.3741,20251.978,122620.6182374
2022-05-06 08:00:00,768675.90768597,864635.1430595,196832.436376,100864.27554,632788.64241,160488.8776786,292080.1635,23991.6457,20454.0618,83002.7548554
2022-05-06 12:00:00,3162084.19072524,1951933.3007627,709907.767247,307416.78754,717287.127869,428301.4498845,761286.099,131583.8406,88704.806,166566.9967224
2022-05-06 16:00:00,768337.76183601,1264615.9695342,170599.149711,132437.43559,133852.506908,59738.9274915,539428.8863,20401.2263,22547.7283,34094.2876639
2022-05-06 20:00:00,370450.75259662,439051.6302143,343572.780855,853082.2662,219277.898059,194930.8163579,517928.3871,9443.2708,17216.4837,18812.3510861
2022-05-07 00:00:00,303653.91881194,328761.0088471,75658.980075,128068.27489,236513.086061,188666.9106939,255775.9616,5555.7309,4285.0675,47002.2205023
2022-05-07 04:00:00,210687.28777243,418131.7730086,216164.424845,74966.12961,240404.891038,91913.8509472,247847.3382,24622.4686,5496.9447,4971.8582604
2022-05-07 08:00:00,196993.31958058,349635.1030349,214460.731654,87051.69688,123752.896087,95813.0293262,189278.8574,12350.7546,1396.288,20430.4851416
2022-05-07 12:00:00,342738.46821906,607166.9495098,122773.15778,101268.8991,65883.49155,438899.3575414,265692.0785,3576.0881,1207.1108,114528.4623276
2022-05-07 16:00:00,429592.74596065,514346.0161136,82708.051421,109012.68292,80540.0371,346814.5047642,255095.3838,7433.3303,3208.6585,175374.5351042
2022-05-07 20:00:00,2065803.94475329,1248689.0206221,407814.50302,1041243.62741,466007.348915,267681.7054591,287131.2814,69014.3835,30791.3198,71070.3485231
2022-05-08 00:00:00,1928757.01688746,2427651.2044471,331793.082221,300485.55551,573171.424332,314698.6303786,340607.9738,59659.8712,46534.6988,199748.4022049
2022-05-08 04:00:00,495920.15495703,872028.7856833,157375.725211,147026.96954,227502.009662,91491.9920968,184756.1306,38131.198,5458.4274,65958.2061936
2022-05-08 08:00:00,145235.15062341,339482.9697599,76823.100056,241378.16458,63554.444273,52524.5546973,326115.3796,9560.4205,7146.7175,9091.7666298
2022-05-08 12:00:00,510440.23168675,921378.133305,182473.07635,89252.47505,132415.790682,98898.0793388,461761.0374,12958.4521,15640.319,199062.2944793
2022-05-08 16:00:00,1755702.52064927,1197940.1004025,443039.274736,261696.06292,352937.542949,372613.9744686,621626.6474,79614.8193,56442.1442,323017.1049904
2022-05-08 20:00:00,557166.6516022,442789.2308655,120761.027015,75179.09523,96202.498022,81863.0721052,202464.2436,34875.5098,2166.4702,75544.8535629
2022-05-09 00:00:00,1864690.12360205,1833807.5515844,421021.940439,195668.90069,1081135.258656,257746.9891311,431964.2959,28002.5753,11984.2202,100182.6449949
2022-05-09 04:00:00,440778.18632356,903649.5655379,162067.629823,96490.39116,650422.570552,95272.9054788,316388.654,13674.1265,5433.5235,37305.7069178
2022-05-09 08:00:00,1190004.50998188,1619464.2487745,288495.380022,221474.86871,903417.857916,516615.622354,429256.0638,217988.271,10926.586,243486.5525685
2022-05-09 12:00:00,2068953.98214859,2416804.625414,522161.66278,548787.286457,583568.093674,504449.1098604,547635.9688,92782.8839,62791.8769,367858.0745585
2022-05-09 16:00:00,3210842.74608,2927091.3464218,1332878.616153,786741.288341,1271255.02975,1198816.748389,892218.2759,420359.7026,181640.7074,300142.1002448
2022-05-09 20:00:00,2154686.0553533,1627668.8971416,641978.870698,311473.19402,336493.80258,386381.7244504,475474.3467,52115.4271,26035.7541,51228.5051738
2022-05-10 00:00:00,5198944.25669009,3935154.055869,1422666.46131,1095700.13496,2198960.87251,861093.7431049,743529.2731,147440.5409,94639.8327,317179.3111291
2022-05-10 04:00:00,3906619.90906159,3346683.2868318,1265647.036704,824299.9275,1896248.83421,931831.1802841,1284824.498,146936.1029,37696.1279,91050.3770038
2022-05-10 08:00:00,3654914.89582868,2264386.6671259,935890.108939,485158.0003,1034882.472515,629893.5028,1168541.6217,40875.5263,21123.5157,57977.4025249
2022-05-10 12:00:00,7382204.55146848,3824434.0779374,1976531.788504,935151.2134,1363421.080301,1675944.7021429,2140828.9903,205929.113,28534.2719,224893.8289943
2022-05-10 16:00:00,4453421.03182489,2551772.6804924,904156.712968,706931.56989,1190742.776832,1278762.0426231,1407858.9359,175065.702,20912.0979,43012.1593181
2022-05-10 20:00:00,3366554.87054398,2652755.1103844,883438.037511,729061.49084,743403.480153,778681.8138417,854110.6135,67690.7454,32845.828,66828.9280299
2022-05-11 00:00:00,1911562.86840126,2451285.7025562,597437.41437,603796.02587,487325.865965,1545024.3616221,1157351.3994,40601.8306,10710.9568,53650.1359655
2022-05-11 04:00:00,1957279.05170196,2657092.7310345,732466.253732,478416.07553,459275.091233,432002.698991,1381131.9463,17894.1037,6564.8552,90606.8096561
2022-05-11 08:00:00,4012958.17337756,3616706.3705402,1137716.179376,578770.38975,1062980.564119,484555.5367462,2381497.0018,171429.8592,44291.4122,150163.9819945
2022-05-11 12:00:00,12142123.82352523,9310484.7610816,3968944.596878,4177206.29265,3416939.457053,2752210.1845067,3731331.1722,1036317.2843,823412.8741,2021651.1581481
2022-05-11 16:00:00,5072686.94708972,4271943.3859076,1649870.896264,1081382.779656,1389583.965753,571491.7986044,1710440.5727,164810.7346,60777.1648,224600.414681
2022-05-11 20:00:00,5269593.26782061,2994896.9884152,2197864.669691,911902.370998,1600512.279305,635299.7605896,1338281.2855,268989.8593,116238.6466,244702.5874123
2022-05-12 00:00:00,3858643.53253438,2632053.8759375,1938550.974223,1002165.76388,1784280.921858,579426.0757924,1850229.6198,194578.2721,81551.9501,207792.212559
2022-05-12 04:00:00,8343065.97152096,5136415.8732067,1742209.70456,2449411.999515,2479955.04653,1483167.7447842,1388645.9909,281385.8727,111590.1348,495800.5909314
2022-05-12 08:00:00,2770388.18604708,1818807.0989432,926390.073613,926110.59205,1031004.843547,499479.3840011,418135.7819,67912.6904,18967.621,255813.5672044
2022-05-12 12:00:00,4436714.88022985,2158295.9391652,2391198.253175,760343.7163,1430462.149278,995887.4642468,872439.8605,131338.0521,23378.2869,253092.9485575
2022-05-12 16:00:00,2370021.94075506,1523110.5914977,959650.352316,381417.07282,1412102.631682,1077036.9672708,882559.7109,55069.9169,41104.5091,105552.368091
2022-05-12 20:00:00,768949.75039958,779615.4595445,298496.845036,156004.34313,351557.960867,603644.7493808,334365.3535,20138.2814,6197.0554,49538.0451625
2022-05-13 00:00:00,1614498.11443632,1073630.8729857,975148.737816,581018.18937,1215399.531203,1423905.9200661,677693.1151,208366.9987,16943.9831,124056.0490441
2022-05-13 04:00:00,525003.74852989,536563.030295,1084296.206314,368672.72903,977291.535998,479982.9936212,472008.082,200683.2166,24326.9102,32251.5351439
2022-05-13 08:00:00,401904.89505971,267140.8293166,326896.814985,119211.01071,395079.739014,440741.6516957,235398.9375,257884.6804,5174.0772,83262.3902536
2022-05-13 12:00:00,1145758.06572706,1510562.6642118,658028.650408,198410.71881,566522.569393,515341.9274002,572962.5149,284937.3454,17033.4784,88329.681681
2022-05-13 16:00:00,1058040.55055153,428741.3180816,298779.467897,189787.08134,399383.148651,287743.4667297,250171.7463,100077.6708,18167.8932,48165.1074663
2022-05-13 20:00:00,422084.08142841,322879.161695,139078.204206,97501.53634,267857.831172,156024.2173407,237374.5804,66232.245,39629.0424,20668.7798328
2022-05-14 00:00:00,353171.84422193,207152.6167839,705833.653931,195339.11229,466436.001959,84206.6473492,189637.7127,60647.5136,5477.0152,23636.1492171
2022-05-14 04:00:00,117673.08552392,73717.6168947,116660.512914,94322.674,104307.733922,70248.1982398,73266.5997,21282.0667,10040.204,14755.8778041
2022-05-14 08:00:00,374490.53181856,178539.8462153,166501.466029,143677.53678,327077.585407,94412.6053644,138834.4422,47280.0608,4882.685,46013.1228676
2022-05-14 12:00:00,500184.31017175,117853.6091128,161979.133036,200168.1713,187659.763507,65267.0085088,127764.4619,37372.6783,6698.076,28365.823027
2022-05-14 16:00:00,572638.0720902,385606.9330027,446485.324315,168894.85311,511326.930294,75034.7709632,197340.8068,164631.5543,16140.7086,19658.3650268
2022-05-14 20:00:00,486836.86622948,277801.8668568,347362.927589,90792.90152,165430.839598,52873.1249964,226833.3542,157599.0703,9779.1749,21416.5822289
2022-05-15 00:00:00,481639.06488637,300175.17511,374960.31889,225288.95884,251471.717301,87067.8390847,227746.5697,59465.9027,4259.1886,77095.6600556
2022-05-15 04:00:00,1188834.16830983,150915.487698,198428.540984,102932.08268,171230.911699,149338.8091708,264323.8681,34990.2905,2029.1171,51411.1604484
2022-05-15 08:00:00,267896.87111375,251565.5264172,162320.876036,80810.53894,144853.866504,84566.2434767,212662.1915,54978.4244,2702.2455,26170.3005293
2022-05-15 12:00:00,475130.37023557,232781.7265575,495696.097358,78810.94635,222853.242553,99723.1247413,327370.1057,11278.4082,3077.4059,32507.5565571
2022-05-15 16:00:00,440469.25808751,261723.0072573,340514.060505,113094.46712,337041.589436,105480.4102461,229436.8714,35507.7473,8853.9158,15983.1080095
2022-05-15 20:00:00,1123894.17768567,569831.6111992,480977.47446,106781.55517,578852.552099,111098.1462626,446059.7079,55635.9917,12617.619,50211.9505922
2022-05-16 00:00:00,1515085.14812272,1052006.8090181,432581.192043,119097.28215,714714.672312,127034.1540144,404562.9315,40343.2212,12960.3313,26550.956369
2022-05-16 04:00:00,1299845.15181426,926582.1034985,382166.638709,96592.49843,565001.766784,230067.3640976,255270.6088,36795.137,7177.5159,52778.0409355
2022-05-16 08:00:00,995284.4786538,441555.5246006,602809.469753,49302.55358,199434.507238,108999.9018462,733801.9193,49514.5126,7225.2612,19785.8366416
2022-05-16 12:00:00,1761982.71743434,1021020.5339936,605763.03028,582353.080114,343711.257922,107299.8340785,706027.0102,65035.4581,5259.5884,29192.991664
2022-05-16 16:00:00,1142626.94375387,505176.0037074,427307.155918,143941.96255,190135.869336,63281.8927363,443303.1403,18467.9946,1338.5125,28739.9385036
2022-05-16 20:00:00,1068996.07473139,291821.9034312,325731.720611,124409.84037,213241.33818,66137.3104311,226415.7999,17362.4859,5622.6538,4016.0638656
2022-05-17 00:00:00,418273.64368905,590685.6004127,326891.146725,146885.07852,307026.265831,121658.7161478,356612.854,21147.497,2054.1562,26010.0139765
2022-05-17 04:00:00,318330.12055589,384990.4170337,296699.98444,345790.29134,234493.231749,95462.2652836,253034.5315,35120.7405,1184.4317,12598.3210151
2022-05-17 08:00:00,473127.70183758,432604.0826861,139019.34361,94039.97661,346427.642045,105236.3134775,244475.9481,47764.4308,4203.4148,29417.7940252
2022-05-17 12:00:00,777894.23304623,957144.3490871,614680.871794,617570.53548,544631.409981,218482.4207078,554780.0214,37843.4209,11928.2011,31921.5917057
2022-05-17 16:00:00,758335.89655061,796211.411458,697163.965166,154903.50216,355072.097699,184805.748503,418262.2804,24490.7083,35024.9288,42670.6421181
2022-05-17 20:00:00,900030.12083883,475217.4998588,428710.148365,74017.88612,213989.223203,89957.9887395,101477.981,15340.1238,2752.9532,69064.8181349
2022-05-18 00:00:00,901656.19221642,804699.4795857,327144.250788,234001.68488,320176.249936,173103.8888954,264775.7855,22238.5503,4910.7783,38675.5331925
2022-05-18 04:00:00,517069.65481623,526688.6207721,263651.707837,115363.36843,229934.651588,139704.6244128,168711.9453,6116.7186,3190.3665,20594.7253142
2022-05-18 08:00:00,405906.72223562,342093.9100158,125405.551161,54220.77244,107644.792888,95842.8274442,215746.3514,9346.9707,229.4739,28847.7522783
2022-05-18 12:00:00,1435009.70540313,882598.9686941,1240447.152292,104272.65701,679350.469448,255828.4293765,566425.9455,43914.7345,13604.4628,111396.1699806
2022-05-18 16:00:00,1004871.75276566,786166.3270251,410374.930205,154669.84264,302930.448,152849.5529306,306320.9647,12549.4456,5624.9665,61568.7629188
2022-05-18 20:00:00,616732.11897426,518287.5701808,213868.524361,108831.49867,122139.845874,64053.5859249,174213.181,39652.5224,2109.9017,23209.0839901
2022-05-19 00:00:00,645465.54516554,1105132.0702875,312488.047293,89283.07474,450763.561869,209608.4452545,449314.5085,28562.3574,3087.4986,29781.9611294
2022-05-19 04:00:00,377152.40978951,658571.9780146,190532.559183,159200.43926,197211.187333,78049.2405985,304371.3544,13988.4265,888.5167,41590.8926828
2022-05-19 08:00:00,363994.05722944,850082.828978,298601.780263,64162.06332,163735.846995,92787.2771741,593817.9076,14213.168,13728.1987,7012.6755864
2022-05-19 12:00:00,1448119.88271479,1490064.1552514,753578.287335,120532.62224,315407.358828,252747.6484718,1157168.6468,53152.4972,9266.0725,58427.1246404
2022-05-19 16:00:00,685010.45463318,534882.8168841,287939.559733,397740.30539,241870.794231,48273.7024681,437528.8359,16665.4214,3704.0375,17705.9584465
2022-05-19 20:00:00,463392.72481954,552959.8778961,155236.093192,102901.58167,132694.062709,30781.9651669,218130.5728,11024.2106,8183.2983,9708.2270642
2022-05-20 00:00:00,723700.64829439,526135.3318217,279205.283453,125945.02606,316197.60758,28130.5822022,320660.3355,4283.5436,2242.2224,67300.8573578
2022-05-20 04:00:00,721022.18125491,463752.6608551,288031.726543,2829014.4436,2729157.914442,34477.3187328,146903.2644,15483.1776,3128.8988,68192.6253834
2022-05-20 08:00:00,487764.00573677,572851.9303309,324067.292268,452273.74266,450455.126677,17327.3408468,339240.5047,5701.787,9280.3035,8102.2115548
2022-05-20 12:00:00,1235237.67425634,772009.3949677,461231.015526,227742.46251,199616.371089,36616.2916563,349594.4877,6927.0849,6747.2725,48252.8684692
2022-05-20 16:00:00,752411.92736369,671080.1506198,289800.927612,259345.3117,242563.212592,29429.7728338,308521.058,21422.6504,4569.3309,24632.258104
2022-05-20 20:00:00,423078.63032289,303789.1022317,125239.171798,111520.45024,85893.43534,13374.8368968,93263.7948,8562.1887,8079.7224,9049.7284543
2022-05-21 00:00:00,452611.46065346,235596.2895497,222246.290046,122244.1221,144522.825258,38875.5846006,135159.3699,30616.1525,2887.4729,7476.9893934
2022-05-21 04:00:00,350627.63429725,290956.8513498,124370.704306,67254.27078,157754.801058,12533.5515495,192646.0995,246.1609,500.3463,23953.777774
2022-05-21 08:00:00,455745.22336668,376098.5857274,85377.907408,28007.87533,134635.48126,7638.4115131,93347.9849,2009.4397,251.8216,7374.070687
2022-05-21 12:00:00,632869.72695192,461946.0409527,123813.805417,76713.47681,98210.056053,18602.5750978,88805.3019,9194.5334,9831.8845,10310.1992207
2022-05-21 16:00:00,371335.94824081,230900.5440052,87093.866949,143160.81655,175838.473209,11345.3737245,124091.7055,6895.0469,2789.7659,10433.966398
2022-05-21 20:00:00,307700.55279984,162714.8038059,76777.874663,69854.49653,61452.175822,16609.6248333,102488.1979,2838.1085,498.8323,8105.3633943
2022-05-22 00:00:00,407765.76477522,277525.3144131,74934.711756,196422.75274,67115.847736,8806.0196985,92267.996,12596.6855,1391.5172,8846.4767561
2022-05-22 04:00:00,184410.74881719,158454.4780561,153304.183201,95976.03143,99028.348024,14460.8176658,177388.9213,24456.9654,5681.4308,9979.7296492
2022-05-22 08:00:00,1072911.06813097,526412.5355984,155764.42972,117421.10177,268093.784657,52211.6454844,190860.1174,13137.7607,4882.2799,20496.428237
2022-05-22 12:00:00,623183.37014303,419994.3934337,254646.016438,129932.11951,82342.318779,33911.5945297,525519.6531,15378.0654,6002.1203,11068.5621679
2022-05-22 16:00:00,422934.30422806,264298.7265084,132108.146912,151293.7385,64398.35983,23342.950819,174230.4006,8050.1786,12358.7482,23954.9229007
2022-05-22 20:00:00,292505.61700029,368460.7200462,132429.374389,77038.87468,120260.795545,14207.1194712,223980.0873,15278.4657,20210.5728,22917.9579445
2022-05-23 00:00:00,559990.29806161,515039.1852559,116375.130812,129367.29749,201974.343933,56923.2995567,206043.2921,17335.6513,2074.0147,16964.0673406
2022-05-23 04:00:00,447849.23764582,416989.6022143,217339.053886,152124.82592,145533.027722,37676.8026852,170062.6109,6394.385,5942.3323,7072.6374973
2022-05-23 08:00:00,844587.47184375,827839.1297677,187944.601997,64120.82124,140599.716024,34775.2964273,180426.2858,2782.1108,14599.6557,51993.5837428
2022-05-23 12:00:00,790837.89080784,614303.6380483,594546.631534,334116.75623,125638.767396,103620.4846734,409908.6373,19964.9867,19107.7485,43856.181952
2022-05-23 16:00:00,2742231.96928993,670151.0304663,962596.688306,411447.70496,189030.547527,66374.7620785,366379.7752,36292.9263,14231.1896,86039.7079383
2022-05-23 20:00:00,994675.78281599,814005.5390899,369485.583266,135825.11982,174359.021056,82789.9372447,245458.6434,71495.6592,8846.1197,58819.7262013
2022-05-24 00:00:00,425674.53927627,354871.90271,238359.927583,388465.72255,194788.698109,57196.1185846,180606.9422,9808.6449,4182.9732,3313.3806992
2022-05-24 04:00:00,332972.1702557,340434.9549507,255430.038469,126815.10531,232036.483209,25664.8539497,113372.0827,4019.6347,706.9162,26443.3961044
2022-05-24 08:00:00,268675.10161411,506231.2955711,170899.060944,228369.74358,147379.576946,29909.4991056,190609.7088,18412.8171,37921.3124,43774.5336914
2022-05-24 12:00:00,812256.73929773,918763.279133,365331.941732,233620.80601,393522.619761,70201.8494517,433958.2635,24371.5827,23276.1129,23459.4309187
2022-05-24 16:00:00,525326.21883056,600577.9821256,285563.009299,160749.13005,155659.130094,36466.045139,234946.9739,26200.7539,11973.5718,6543.5499082
2022-05-24 20:00:00,418621.62095674,304817.0051254,140902.468428,242925.84913,178624.030311,27393.7025118,144487.2316,13437.2376,8389.4489,31559.4726088
2022-05-25 00:00:00,755250.7471164,506588.2998735,133628.471608,245998.08383,159969.040245,120011.4781426,143272.6874,24714.4602,11532.9364,20502.7797808
2022-05-25 04:00:00,434969.02919876,266300.4240445,80684.263117,181358.31748,89214.724861,94012.6406818,63067.0422,8322.1006,3751.4392,6142.6365995
2022-05-25 08:00:00,478280.59030689,280145.7130497,63849.80611,133041.91689,76611.197754,21611.7330951,66996.5542,7667.4563,5199.572,109298.687475
2022-05-25 12:00:00,424963.98831028,570530.742251,197879.819976,154640.03244,202330.830255,39212.3090851,70443.5553,33053.4537,19065.8198,8884.7133096
2022-05-25 16:00:00,603624.9737546,608645.5599515,164198.756665,219186.62733,228007.304042,31877.435185,199941.9812,20743.705,30381.2382,88957.052184
2022-05-25 20:00:00,379874.33487099,339908.4972675,89193.350949,207873.30207,95793.968777,23488.7765305,59592.4092,20487.059,2317.5386,8221.528276
2022-05-26 00:00:00,526180.52766716,518170.2857313,89279.910906,231829.24643,134330.698179,33737.8824988,104450.2076,81806.2098,12643.6709,9059.3602173
2022-05-26 04:00:00,408519.84170829,444701.4681753,161556.561064,247322.75865,605399.258225,50062.007052,196732.9774,47522.4111,14437.7379,69345.8143939
2022-05-26 08:00:00,1138508.93574389,1304120.5290464,320306.244286,374825.13219,382962.057035,41834.6706725,388788.6111,96454.5481,20845.4887,150220.328311
2022-05-26 12:00:00,2886404.83188789,1995585.0472234,522987.132623,644505.07696,543485.908639,134393.3238503,319125.6485,144137.8708,31113.5533,137845.159238
2022-05-26 16:00:00,1023105.75765967,919186.0280139,297786.996322,283174.01897,187316.323271,59774.2894207,112072.3379,33739.905,9878.3724,34934.2333146
2022-05-26 20:00:00,634341.36409273,699638.1430514,170920.906573,263629.01834,175113.07445,88562.8456959,145371.1257,11681.1619,12596.8355,71214.8521777
2022-05-27 00:00:00,1216261.42579256,1757663.9852858,320347.227666,379705.32409,338283.58946,73456.1613026,420348.4339,125431.7982,5830.4758,39520.8960717
2022-05-27 04:00:00,1189283.91472054,1411231.8306546,248673.490555,343602.81093,209244.605341,69258.7267686,495091.5788,43033.0634,7340.9165,13734.6109452
2022-05-27 08:00:00,555794.26420588,733495.8496221,123211.230365,155698.76248,122737.259384,15672.8899044,156882.8703,298965.7507,6120.5703,9226.8937492
2022-05-27 12:00:00,980171.18243411,983205.5875982,188229.635785,220905.56091,187018.502085,566972.6664302,256677.2328,47648.8296,5815.1999,14132.6550729
2022-05-27 16:00:00,947515.55316569,823698.1862114,200619.647658,579372.82658,255556.3715,287465.5854144,110932.1108,60780.567,9924.5833,68751.5835011
2022-05-27 20:00:00,474283.38558462,463296.5371286,242908.136175,218196.13373,63558.636475,78736.5781467,145656.1359,46976.0522,8351.2698,50513.224396
2022-05-28 00:00:00,301826.14529323,455756.174824,254703.116454,197643.07414,73604.612014,59760.8991929,87876.5656,38037.3586,72247.0313,10817.1967509
2022-05-28 04:00:00,333346.79806016,448383.6719432,155131.42934,220115.69236,108042.630607,42399.6162463,94610.5578,112216.9738,1065.7176,14114.1979851
2022-05-28 08:00:00,169740.78391592,521405.4995193,141306.471522,172492.36909,71272.900582,49314.0315288,33182.4831,61016.5172,34257.0208,3009.2046552
2022-05-28 12:00:00,501312.910853,638724.526167,183758.260459,152656.3881,101187.634828,30378.9456183,291667.6536,39035.4559,1758.8144,9607.3292447
2022-05-28 16:00:00,341882.6646567,541327.5457661,174947.379587,264473.20062,53617.719389,43027.2233877,292689.545,67329.7176,6863.7553,26665.7474076
2022-05-28 20:00:00,217796.33653657,269292.2858847,107430.835021,171827.88285,56723.573097,34954.0545598,92127.1324,69011.2322,6939.3921,8631.915884
2022-05-29 00:00:00,326191.49478755,454056.8579696,187907.101585,157226.74038,129109.561259,63070.4601419,107480.9193,55716.4491,14499.8192,11334.891982
2022-05-29 04:00:00,197387.18442151,123226.1775603,100360.836013,93087.96384,55391.922609,4688.8327127,63473.1757,12833.4518,1356.8396,3352.1544502
2022-05-29 08:00:00,473473.04181443,432620.6199515,161333.3331,79905.46779,120603.343323,35778.4373677,117199.8391,21622.3447,4267.4646,4442.8730663
2022-05-29 12:00:00,562681.80421345,429914.6462837,254624.439451,113327.28557,101953.72791,39314.8121135,148403.5606,53929.4287,4026.3098,10231.9120261
2022-05-29 16:00:00,338826.93707859,386673.9055661,234443.23201,84889.25501,30738.241671,21974.0516319,47479.1579,35132.7475,2877.5145,4843.7960148
2022-05-29 20:00:00,472562.34164707,428803.6327861,129012.454543,167069.45933,73587.839218,44820.9467184,70316.1479,32544.9742,4617.993,14874.465872
2022-05-30 00:00:00,1322636.59903846,929736.5186971,498864.922446,295952.75771,435556.972637,59011.5529022,289621.2396,67068.5168,26347.4586,47533.9335443
2022-05-30 04:00:00,1108583.07479225,780828.2460748,368428.560913,338965.63049,381175.5951,51434.5799679,222480.4324,104606.2451,12040.7262,19882.3113337
2022-05-30 08:00:00,415501.65409531,431187.5603384,101987.26336,111592.57572,75086.534244,37646.7518182,105841.7154,124001.8556,7646.0506,13855.8491032
2022-05-30 12:00:00,841320.45020607,567056.7310946,173213.086836,180139.7167,215581.252722,23502.3962212,144221.0863,37311.095,11860.809,24134.6042712
2022-05-30 16:00:00,490703.1852064,463285.9072581,156220.755027,593172.19691,182824.43831,17233.4333664,54411.8381,10197.8479,8692.6608,15688.352173
2022-05-30 20:00:00,1891023.19221974,1296694.7031028,389919.466399,352590.59092,802966.394979,75651.6190704,264918.2001,75609.3978,68693.3965,83641.9928857
2022-05-31 00:00:00,2212983.8569422,1449987.7134071,228286.468872,220715.99859,1052733.708053,36875.1599929,226246.3838,50952.4961,14940.7853,25028.7126088
2022-05-31 04:00:00,628003.30837419,682498.6889127,172744.005784,156482.1665,2572244.985882,57879.0428267,205172.0114,52874.8268,12314.6006,21430.8191035
2022-05-31 08:00:00,1352710.99275716,1538216.3394346,65635.903806,92122.43477,965224.907374,26998.0109377,70813.364,33923.3287,3019.082,30603.6835326
2022-05-31 12:00:00,3810051.01797285,847264.4644234,222069.597418,150914.15636,1185989.824432,186633.2389668,161257.6879,58454.0617,13509.3214,23790.9332967
2022-05-31 16:00:00,3131491.93409672,799500.2280555,252634.716292,192060.08537,632350.147151,294189.8206089,60701.8536,18249.1839,5005.6131,23970.7384838
2022-05-31 20:00:00,639499.20725003,459539.8440825,201987.199087,160647.51009,826611.559426,17088.0760651,20800.4996,69198.9907,15629.2184,12880.2187484
2022-06-01 00:00:00,538394.77827316,797206.9054828,208261.145838,147059.25343,467190.655352,19144.3428885,92251.7208,42265.4806,23121.1157,110673.1602603
2022-06-01 04:00:00,443821.09644975,644867.7928416,85432.34502,164310.85116,427741.006459,25757.3307121,38917.7282,194834.9895,2399.4703,102029.6822807
2022-06-01 08:00:00,280285.31524916,409297.531022,107483.265664,80770.98235,327104.454078,74813.6987645,45946.3576,98213.9703,2750.8186,7582.707609
2022-06-01 12:00:00,1838461.04069851,1574757.3059678,224882.186999,187368.10812,369537.853793,100107.056729,260045.9389,67036.3098,9411.2776,131264.4481568
2022-06-01 16:00:00,1552641.07689413,1446418.7488859,255284.845397,157453.62661,423443.031588,104477.5164559,167280.111,27214.8497,30039.2888,37803.1679924
2022-06-01 20:00:00,953452.45988454,763205.1382327,217739.984464,887144.34817,374282.216085,45987.4415808,200555.1805,30471.693,5340.7328,60555.1879347
2022-06-02 00:00:00,754465.74643341,996429.6833305,417901.53691,192291.01162,1095508.220264,19661.1876417,389679.7006,70565.167,2283.3979,38570.713189
2022-06-02 04:00:00,541731.86354015,564529.277404,234784.924624,72219.49109,422741.125378,19581.4614121,235184.4521,24398.0491,972.6487,62740.512862
2022-06-02 08:00:00,432317.3624763,546262.5783671,132309.330851,74358.1447,356850.803064,17329.986144,135546.7042,30870.4337,2128.6569,2565.9573997
2022-06-02 12:00:00,1231429.36482071,1431196.3470991,336426.20873,123705.83393,542583.708952,35829.1209748,242776.3466,27935.0108,2971.1972,10512.5362308
2022-06-02 16:00:00,545488.48097917,562555.9841216,185208.970955,126931.14922,404700.430934,17765.2681131,267351.8648,92446.2526,11802.6371,11114.8403394
2022-06-02 20:00:00,456585.72152937,335588.6570566,151506.966294,116416.44116,218109.430633,10675.3180911,60129.7652,71128.645,15380.5064,11117.4350084
2022-06-03 00:00:00,627639.73712522,531928.7854983,176042.363697,91274.56713,855345.350341,12839.6244765,41896.4802,22092.0464,4335.4175,4100.3738867
2022-06-03 04:00:00,344199.38008228,382851.0477866,71118.945036,82557.41939,364428.550162,10708.4616241,49323.6844,9533.7624,2846.6195,8514.8318619
2022-06-03 08:00:00,534483.19185422,604140.7269439,256355.433596,144755.4873,563617.8277,23073.4484596,35011.4865,20438.2161,4623.2237,9041.3404195
2022-06-03 12:00:00,554185.13147748,738307.8355506,185884.032548,164563.2475,452399.854847,34072.4648261,51864.3066,21132.1485,3228.8902,15974.5799729
2022-06-03 16:00:00,341426.62277712,240004.1924417,87783.825686,81964.36806,206360.287152,20546.0471607,30116.3976,7638.3112,277.0487,4317.1676948
2022-06-03 20:00:00,398641.5567098,308315.3045365,111053.045385,112874.43757,249758.532769,15954.8468365,25502.5243,6416.1094,1537.7527,18258.7014823
2022-06-04 00:00:00,243227.54481498,286681.2589405,239174.000038,56716.02274,375547.254802,37812.6437787,36306.3103,12712.8506,1562.4992,5911.438418
2022-06-04 04:00:00,102912.57349887,133533.9884004,66034.284202,38743.85235,212655.313878,14085.5082417,20794.675,6289.3164,823.6163,7751.5240746
2022-06-04 08:00:00,145855.28155576,124949.0594832,53259.045421,34878.76205,235818.959869,11756.6343527,5637.0355,4222.2226,2674.9982,3669.4503669
2022-06-04 12:00:00,457625.73691744,248560.4273762,73461.024859,83841.118,245877.682002,17888.5988362,42070.0622,10123.7453,3939.5001,15854.4404672
2022-06-04 16:00:00,123328.41968626,114649.1231959,52662.71989,184373.82047,137912.71494,4940.2234714,32472.357,3158.0666,11939.3078,5792.211414
2022-06-04 20:00:00,181634.76803631,250586.333459,157387.317305,93336.96544,117106.092017,14000.8593446,135393.6031,27145.7746,17883.0348,16781.0079763
2022-06-05 00:00:00,125489.66341368,219060.299078,58853.020633,63050.27806,163345.907731,9513.3628179,54561.0193,5477.3736,26675.8135,3374.39949
2022-06-05 04:00:00,77613.59333649,120629.609488,44743.708094,29645.16988,112670.416709,12461.3732382,107809.4115,1856.3694,2008.0748,2423.9518914
2022-06-05 08:00:00,94228.41093327,141268.4147349,182969.410063,19427.44882,132964.391355,3121.0133862,67962.3854,1514.2037,6470.5995,994.7401159
2022-06-05 12:00:00,211753.03928943,177616.580978,121701.730555,51242.91293,168011.415008,11375.0261658,20446.9895,3082.3726,16136.4762,3024.9362197
2022-06-05 16:00:00,505341.08157667,329287.4876065,69894.621339,73225.26625,266349.734237,7653.321908,27913.625,10849.1691,23492.6875,40848.7611176
2022-06-05 20:00:00,404246.22976679,131598.8128416,144639.783084,62858.62303,338399.184987,8580.5769773,64527.054,17870.524,77188.699,25074.8731392
2022-06-06 00:00:00,1938775.18351055,665467.6677046,280852.761847,197499.60954,619127.839702,70844.1011294,151489.094,16106.3716,19108.9918,31523.2214964
2022-06-06 04:00:00,558784.54043437,441621.146945,196659.139954,74602.03347,726719.398682,20116.9774317,98408.9727,6465.3686,7156.2914,7318.1840932
2022-06-06 08:00:00,637774.54817868,662603.2686365,150282.994271,64759.14396,362511.189491,25992.505501,69984.2496,9142.1747,7119.6691,8646.6906782
2022-06-06 12:00:00,746265.71831603,450928.7782203,182099.526881,148558.42719,333771.555958,44675.6077227,81932.6695,30513.7707,8759.49,7912.4436056
2022-06-06 16:00:00,1999182.46920464,374785.5338392,106621.806184,117207.38448,238069.30508,32307.2594784,55705.1176,9539.677,3722.8489,90168.4453236
2022-06-06 20:00:00,706365.13637691,167755.8111303,154153.758592,415256.70757,347884.934375,13823.7773745,58457.0544,9311.5941,22242.862,156355.8148998
2022-06-07 00:00:00,4850435.51111452,1820824.7145158,306160.234151,300530.4781,446288.349988,37487.865073,200067.1979,35848.7101,1853642.6651,27343.0109789
2022-06-07 04:00:00,643942.17021404,1058797.2057762,341858.922715,163244.30506,199815.014807,10422.572091,26158.7638,47361.1695,722.4191,3433.0019539
2022-06-07 08:00:00,344847.95390854,399089.9414571,464027.289879,126451.41908,73069.775962,5733.7861882,19520.085,14277.3979,3375.5858,12435.3025534
2022-06-07 12:00:00,1056881.03939939,297704.9771691,92176.026444,424657.01477,388709.391778,8281.8189827,92717.7263,46399.524,5009.0213,3843.7868703
2022-06-07 16:00:00,1059070.7003384,434413.7022015,87402.716289,134328.37772,448995.108728,13624.786267,116513.4525,31868.9316,46032.4279,12755.0769604
2022-06-07 20:00:00,4430330.38839574,1022398.6131152,163402.743207,251245.64923,391599.761145,15788.9543545,186831.2416,54252.6746,95448.7205,24637.3174928
2022-06-08 00:00:00,3479052.72715361,606213.1620769,230157.267302,203848.9308,888474.375678,26866.6386177,75296.8749,58110.8047,94999.8611,12796.7813389
2022-06-08 04:00:00,1132822.31025157,351655.8522645,60773.779757,130115.69321,386144.850234,17061.7718276,35452.308,14873.7691,57009.0409,26833.7076262
2022-06-08 08:00:00,266677.3800823,119747.2171087,80903.029324,55019.37353,148429.883776,5692.5299899,15336.5909,8462.4543,18267.4026,20638.2096841
2022-06-08 12:00:00,1409675.9687033,306238.4832995,122429.132882,88009.22717,458348.047234,8609.0159017,70773.7459,32264.291,29833.4217,28783.6563449
2022-06-08 16:00:00,707116.15859398,200626.9705657,74467.597071,105037.41757,268703.822503,15138.3128917,21463.4399,26015.5741,36453.0399,17987.6264168
2022-06-08 20:00:00,239796.17298186,153552.8181816,35468.600504,132145.21245,337724.054231,15331.9943172,13500.4209,3144.8167,23897.5079,15835.6248738
2022-06-09 00:00:00,299350.04245125,192958.4541323,48422.57733,84609.70284,236381.203329,5170.1039792,19544.041,24363.5015,18369.3359,10296.1494064
2022-06-09 04:00:00,129834.59866213,65464.7134721,32719.07255,75432.58988,231899.724792,12306.611706,13469.1276,61914.7899,14823.7372,18813.0230658
2022-06-09 08:00:00,425896.44101214,179961.5121339,246613.448308,53231.69396,201630.398106,14287.1631876,41638.7172,7889.5554,52680.9663,5467.3835083
2022-06-09 12:00:00,1554016.15745474,220690.1282678,231822.786186,100244.48717,142962.856817,17938.5492756,55011.5794,43301.8137,43994.6375,47285.9899835
2022-06-09 16:00:00,561890.47747958,194518.5346568,53948.785174,132147.98427,144246.951232,12096.7693589,39397.3528,40716.2378,41747.9237,8441.4622136
2022-06-09 20:00:00,389552.43050845,82776.3024708,25840.02377,67082.51551,82442.315317,6536.8748334,23396.9133,36859.366,43437.6498,98521.9706706
2022-06-10 00:00:00,1853150.39221184,615346.2289897,93488.267181,233823.59639,263913.802059,59833.0983578,51830.532,15070.4614,62914.3503,29915.4835118
2022-06-10 04:00:00,574140.22865798,113430.2272449,29158.460084,159876.46344,90242.47834,14828.5261425,10511.9625,36488.9216,9785.6644,8414.0193685
2022-06-10 08:00:00,668488.03028879,178216.7994722,60690.608344,69047.43429,135694.916421,1175.3041761,19217.8626,20495.7994,12792.4021,49494.4231695
2022-06-10 12:00:00,4312965.15116186,1177699.1514569,205132.703266,416500.36228,480487.372836,39436.7980183,122478.3709,182474.1481,19831.1233,187411.4634732
2022-06-10 16:00:00,3250878.71077856,1137405.711467,122904.272666,284920.53116,227695.362936,53327.6171903,34054.5858,29756.7498,46486.6764,122970.1780773
2022-06-10 20:00:00,1621820.08476476,604888.4438787,84308.069322,61350.9125,90627.144523,6333.4099913,25020.1705,10663.5711,31347.3721,50918.6651239
2022-06-11 00:00:00,284760.79333983,110494.8087849,62574.953938,73180.10958,192051.786965,7076.1878036,10460.9382,4016.4286,22899.8601,171905.7663869
2022-06-11 04:00:00,304505.70429515,93099.7092722,40390.648688,150310.39155,308406.828109,11269.612259,15898.4917,32465.8957,23007.113,145596.0844944
2022-06-11 08:00:00,1978860.0297673,1770628.326973,133787.149704,64644.18375,342935.17086,16528.4620604,48582.2272,70146.8243,75969.5774,148188.0219081
2022-06-11 12:00:00,2263777.32476467,1395939.7502067,185366.479733,367656.51668,529261.920665,41965.7378159,58856.2705,33866.1091,106028.98,101861.028111
2022-06-11 16:00:00,1731775.17139018,748160.8507893,94041.828361,261398.61338,274931.850392,69341.2075692,39084.4855,13052.9872,79906.3232,51695.3884473
2022-06-11 20:00:00,1053305.28475762,402531.5000546,83309.306861,55118.82906,147463.506312,21329.055123,32253.5294,5672.9061,19374.2635,104405.1996017
2022-06-12 00:00:00,2892356.52566215,1547148.3019895,411818.773621,226382.47544,548786.978539,72532.0238212,93853.9761,35749.0262,29622.4009,159754.8371137
2022-06-12 04:00:00,1764759.23622826,1030065.0396458,187454.486828,110370.06123,475183.349742,37255.0261611,57670.8348,38070.3514,27330.6881,38353.011451
2022-06-12 08:00:00,1080824.03798031,391791.5832946,226204.399679,25966.68768,179852.171974,14170.2762561,21627.1377,16943.6924,12039.2084,9366.3530296
2022-06-12 12:00:00,3552628.55855814,1122669.9539053,211543.030844,152610.08944,760868.290668,36782.2289422,77959.7697,24340.0835,64346.4053,97562.3933596
2022-06-12 16:00:00,1743504.42895523,674029.9251319,65140.734677,73704.70878,393325.717589,68208.5633669,21089.4223,6137.6315,43805.2572,8780.3881185
2022-06-12 20:00:00,2488828.12494487,462137.6643256,91455.23438,102218.52347,259395.328755,29675.9952512,35239.1918,8256.405,68507.7978,38518.4513886
2022-06-13 00:00:00,9357421.48659478,2716733.8325341,452143.543772,411324.17436,950877.848195,453118.0278035,158529.0193,56722.6508,90759.0555,55141.3580177
2022-06-13 04:00:00,9573929.82983485,2900005.3639009,239595.407966,270883.33941,586148.357532,127164.1068604,128942.5663,32324.7089,40894.6967,79897.4454601
2022-06-13 08:00:00,9147006.39036219,4389932.0466738,328028.747453,490166.04493,637905.892532,177880.7509987,151754.7504,70081.3586,9844.207,59319.2826653
2022-06-13 12:00:00,11502367.15995356,3836774.5165773,341211.101017,692727.05302,896691.945202,127715.797898,219775.4044,80600.2386,46234.3707,67257.1829275
2022-06-13 16:00:00,8605567.51605417,2131642.3472621,334338.559581,337929.24235,993295.134748,61354.5124238,266963.6895,75503.814,73581.8429,71536.6824814
2022-06-13 20:00:00,4921588.6658633,1197523.3602518,262998.264201,170105.16454,658826.315394,67569.7580571,62570.0043,105553.3768,20741.1584,17474.8168784
2022-06-14 00:00:00,9981180.41067687,3189080.2747025,337445.356006,470642.91159,1245988.941294,138799.5079692,212355.7911,95482.0336,70834.1944,157365.5924199
2022-06-14 04:00:00,11155870.98370774,3576720.0010268,431055.062356,569754.98282,1689666.534972,80589.0062498,144155.1608,75289.715,168182.1302,33935.4587707
2022-06-14 08:00:00,5800942.10882537,5479038.2129227,189726.541944,106292.67556,562568.77878,46413.1595887,45900.6501,11242.7303,80713.5252,40892.6105207
2022-06-14 12:00:00,5577534.19093979,4001763.4436817,350292.697123,184570.18934,1045417.082304,15086.3149124,130931.773,24286.1185,166744.0333,110110.6030783
2022-06-14 16:00:00,2715479.70959865,1832857.9245233,228513.743691,236920.58253,364046.912793,10446.6901522,58172.0972,21636.6269,186871.0927,60345.8891519
2022-06-14 20:00:00,2970581.83501479,983463.2109269,163305.37098,92128.21794,345496.229429,49926.2944208,76559.8928,26182.2065,103251.4686,46393.6665561
2022-06-15 00:00:00,2199092.54003976,985038.2563855,130882.106701,80760.9473,425372.840688,68998.6335454,88636.3248,77664.332,55678.5782,32995.5437953
2022-06-15 04:00:00,5971171.96794331,2815802.3459362,209583.132412,156710.60005,399794.705962,26181.9389545,48318.4063,57610.3291,202382.6377,19177.8529257
2022-06-15 08:00:00,8113892.34231791,4932453.5753198,271349.826712,225546.227474,714327.534448,54961.9828865,60185.7357,79582.1257,35358.7241,51465.8848411
2022-06-15 12:00:00,4631438.05387665,2918037.8978827,244475.73342,181100.83089,369995.353381,33450.0432544,131354.8783,57983.74,134320.5027,48307.6899447
2022-06-15 16:00:00,15177283.78657891,8010040.629484,913113.358612,1360935.51739,1373327.997366,326152.8929571,421542.2254,273159.207,170380.8593,242398.6285001
2022-06-15 20:00:00,4119638.37455453,1438411.0399125,409279.588631,210366.05052,321966.304611,129046.5011604,79205.4533,314321.2376,163567.7275,32165.382574
2022-06-16 00:00:00,2544567.37187611,1154805.5425354,309483.078228,172698.61902,834915.672443,69735.0059427,51242.9329,173078.9577,175155.9164,24030.7447295
2022-06-16 04:00:00,1597919.04760846,1123793.6281504,189024.762288,38576.51658,187092.434352,11624.3431078,22181.8161,113381.1003,149834.5814,12352.1619656
2022-06-16 08:00:00,3105022.5682681,1628339.0695088,200603.650905,61432.05904,190189.482457,11658.8286013,17967.8208,90126.3242,10845.3396,26503.3422292
2022-06-16 12:00:00,3530184.01585711,1827060.4943756,376964.870906,101701.26062,503319.924886,54454.8758998,86927.3892,80847.878,23139.3972,30680.5530032
2022-06-16 16:00:00,2237227.71110708,1108205.5736688,298393.460402,69196.79784,245024.136636,85035.4308511,57719.0391,54898.5861,68691.5572,22137.5861821
2022-06-16 20:00:00,2229893.38269753,757381.853338,294813.643376,123282.08911,247884.045957,29466.5696295,27966.6995,11204.0303,218121.6938,16936.9842516
2022-06-17 00:00:00,2409220.50237743,925740.7183848,257901.850375,114449.64961,315212.938404,44895.2222987,52890.8036,41938.6419,36828.573,25765.5935244
2022-06-17 04:00:00,2022339.81429235,968136.4719998,135039.922615,38348.22719,272087.180847,20452.3870825,40056.8518,16485.7349,34512.6348,9269.969861
2022-06-17 08:00:00,1450590.50662577,539194.5359421,79005.122633,29745.48599,120497.229192,16244.4774468,11820.5654,14957.5365,66778.7058,14927.1990174
2022-06-17 12:00:00,1960440.04472772,643898.0338617,223087.352528,63933.6458,296664.639419,6574.3837913,27657.4329,26614.9411,127083.7354,17898.3649103
2022-06-17 16:00:00,421315.23040862,366121.7845079,108981.518515,52020.17465,113105.969463,7850.7241453,61046.9993,6182.5752,9630.5895,16232.8822735
2022-06-17 20:00:00,607821.62463574,350970.9160543,87259.150837,28441.12901,142208.418015,3961.0676804,60556.9245,14002.7371,100709.634,106981.7881784
2022-06-18 00:00:00,1181943.32186648,551304.6544704,130071.59433,56814.19944,296193.266194,47756.1878819,68706.726,9241.5211,185704.3132,86283.3886778
2022-06-18 04:00:00,3989876.71903661,1719180.507557,200120.840307,275088.05101,472741.418479,47884.6922875,129849.2965,58430.0434,11865.0957,99919.971407
2022-06-18 08:00:00,4835543.73705197,2126757.3538115,245201.652503,231301.23035,348143.261458,67006.6163685,68404.7258,22574.5912,106542.0587,90081.5036683
2022-06-18 12:00:00,1704016.87952233,515277.0922279,148930.463922,99349.28598,165065.943259,59192.4782523,81561.2511,21376.7085,10005.6346,118184.4171581
2022-06-18 16:00:00,5005486.69319429,2037161.0867364,151002.335457,126034.78062,334145.0499,50908.3832686,62062.282,19263.9588,9147.69,79545.812985
2022-06-18 20:00:00,6639161.02062631,3436206.1151595,450352.182021,480051.30064,391613.740614,65093.3635552,174946.4461,66719.1039,27753.0788,97475.4708907
2022-06-19 00:00:00,3406602.09747693,2236815.717292,355719.729896,111545.02144,276525.909658,14825.7027317,51992.4929,87459.1431,25759.9658,97451.5811727
2022-06-19 04:00:00,3478567.09053358,1605225.4961839,231589.656301,91533.39821,259791.681789,339666.6167001,52793.6353,84161.0575,5181.1558,270018.2642586
2022-06-19 08:00:00,6615272.92420114,4041985.0340123,267396.640907,262862.35013,509519.235015,185139.8633774,76083.4561,30550.193,46357.161,762041.7518826
2022-06-19 12:00:00,4966410.45789914,2905298.1646179,208167.457727,189948.39884,241315.832242,45179.6096137,63617.7897,27986.2999,3056.805,649194.1462787
2022-06-19 16:00:00,4215141.76563961,3024311.4208895,362235.711013,120793.42109,214457.43088,104307.5550421,137716.3244,27367.2442,18388.3555,689347.7741617
2022-06-19 20:00:00,4896443.61087054,3303809.4890481,542406.019262,137314.11733,365497.35851,66691.3765846,81533.3871,17598.8525,24544.3186,259014.535093
2022-06-20 00:00:00,3558163.143074,1206439.9775089,250389.437529,49150.59674,241860.888715,43235.3410592,162904.5555,32200.1268,54952.7021,218419.1639475
2022-06-20 04:00:00,1054497.75472552,1129522.8865475,101080.690885,21122.50098,106783.454368,15981.9344495,41513.9186,10846.4355,2764.2557,55150.6450851
2022-06-20 08:00:00,4508220.76561203,2416926.6118385,565785.429947,57756.1225,311848.170905,24311.9332811,396360.5054,46052.115,32040.5593,39447.4001897
2022-06-20 12:00:00,2605526.26938044,1996035.0959006,906934.973559,66785.10594,446563.595589,14266.2372643,44064.5851,104275.8721,21030.633,95947.8041754
2022-06-20 16:00:00,2156629.90799974,1383479.6418553,1297513.885405,62150.46824,250819.461839,31910.535359,21853.3061,62834.5833,193065.6798,116271.2130643
2022-06-20 20:00:00,1194263.31949281,897461.5178655,1139403.594769,28714.30252,133660.911938,21816.3398561,37186.305,9699.6151,15251.419,110969.4583406
2022-06-21 00:00:00,1263976.66481357,1036465.6182755,626340.38489,96689.79151,425142.021248,12296.6162677,239958.8033,52890.7908,36403.8554,104021.3699717
2022-06-21 04:00:00,2788065.20873082,1676589.9321037,627635.204196,76818.64031,376628.746081,69180.1521958,84179.585,66013.292,46483.7607,212303.4069145
2022-06-21 08:00:00,1916821.3680696,956278.2615367,569260.160986,69775.67369,206263.050254,166003.9197629,36674.0978,22165.6446,17891.7743,118093.2790242
2022-06-21 12:00:00,2426028.06521786,965421.2824474,636420.24171,102929.87173,476105.209226,226024.9059222,23875.9237,42881.2511,32970.9016,23384.6370855
2022-06-21 16:00:00,1380962.90110155,996659.035412,781932.28907,84200.68591,338666.037635,135557.2367937,145419.808,9837.5583,17324.9231,45216.0803217
2022-06-21 20:00:00,1719105.18374843,867782.9952141,432089.86472,71643.3803,172072.868485,98236.7714934,71123.4202,24046.3781,205786.7385,44072.5184628
2022-06-22 00:00:00,2832218.47261013,1978865.0463745,689016.343758,199851.04715,229834.15715,87309.6708132,55106.1093,19985.3464,23546.5618,111996.1814385
2022-06-22 04:00:00,2962765.2184335,1913200.8237318,751115.404254,110178.40496,299444.415618,30868.4084622,72037.9085,6861.3807,12136.948,25192.9917528
2022-06-22 08:00:00,1818513.56839591,1242003.5227609,671927.588395,140106.34896,185389.714244,20177.8046139,212040.5623,8860.3659,5901.7104,19744.9469804
2022-06-22 12:00:00,5189488.12605517,2193993.7198044,1701674.825269,171449.30723,112375.546535,31530.7591471,106801.1404,23457.7422,109171.9536,25564.2989536
2022-06-22 16:00:00,5016852.39089899,1621516.4959949,2201134.647558,138897.37437,174394.573964,38002.0511294,50946.5978,19022.8791,48919.9116,20829.1832821
2022-06-22 20:00:00,3040872.21102399,1634509.8874108,1322735.804172,68918.52721,84010.374602,64686.5864632,63089.452,8241.8965,19261.2486,31011.8033129
2022-06-23 00:00:00,3326482.92849662,1821441.4238546,917646.590519,114856.83689,166525.974312,45876.3852694,31876.0925,52757.995,18565.4956,303083.5392524
2022-06-23 04:00:00,2132370.0337377,1245424.6684683,695230.381629,37838.30518,105854.617787,25337.891722,59692.9551,33314.3146,6240.0018,86717.4733749
2022-06-23 08:00:00,3659834.31894512,2122662.8467796,1581807.947885,96280.88618,85650.962132,11018.3734158,244352.5019,12953.1092,25971.9766,127374.4619291
2022-06-23 12:00:00,3459934.29463946,2591601.8620806,2279880.461894,195594.55235,116678.706021,46711.5706813,170781.1701,18323.7868,11062.9043,98715.0865441
2022-06-23 16:00:00,3033978.4621349,1971502.2064465,4440142.374945,163860.97652,161955.267768,19314.5786232,105373.1895,15489.8209,26911.5122,40685.8231038
2022-06-23 20:00:00,8247653.00085375,4362409.0301828,2361222.15885,136523.34512,191017.502871,20689.8335046,189657.9776,20800.0245,12892.3102,35173.8783583
2022-06-24 00:00:00,4008316.88288237,1834758.018792,1560928.66441,130917.00967,520846.237516,50096.3999685,1120627.2638,19385.25,17857.244,125993.6862376
2022-06-24 04:00:00,2628286.93628072,1332624.3242387,715367.696507,58355.36477,159613.779169,15397.2976903,201337.9477,42997.7237,24905.2936,43377.7239685
2022-06-24 08:00:00,4282753.83724841,2513921.9791488,1362451.411958,94816.32468,306333.000719,40585.1771202,44033.7506,14639.3078,129314.9288,57355.2022557
2022-06-24 12:00:00,5358212.69267713,4006264.9972587,1123822.308173,225206.97603,327762.532723,52340.3836638,154437.3239,46617.8337,83882.9515,83970.764769
2022-06-24 16:00:00,3499547.53826377,2496794.9997448,537536.22368,69262.88648,202911.349251,31089.7349962,43787.6215,31811.9064,37097.6699,83556.2993741
2022-06-24 20:00:00,3102089.25090999,1824928.7834698,844953.873052,68459.01026,203574.052796,21450.6897783,233317.7972,59688.0499,17768.1362,11362.8685015
2022-06-25 00:00:00,1888731.53080617,994670.1634964,415633.778871,118915.15638,182065.235308,63513.6544408,149541.2836,5538.0279,35002.2009,78897.2384619
2022-06-25 04:00:00,1260183.61972505,808846.713929,258675.697514,60969.79979,73956.017992,31414.108505,168286.2969,14110.3805,2883.432,46085.4420599
2022-06-25 08:00:00,1037394.65633047,718665.1330609,188296.783238,44085.36997,155625.75982,28466.7274411,88356.4172,4904.5948,3154.655,3147.0529375
2022-06-25 12:00:00,2633127.01496433,1653883.8272422,569071.121898,111604.28682,246734.838065,39580.3543508,74760.6389,27921.8998,7492.4586,158017.9217376
2022-06-25 16:00:00,1145731.89800396,1202342.4927878,247134.143837,87939.49069,81100.773835,11355.5804024,33436.4642,8928.5056,17503.3524,418834.8997339
2022-06-25 20:00:00,2102730.80660847,1639219.730368,383460.55504,82880.00635,63077.351461,35810.2018746,127883.39,25654.2723,6212.1854,24640.4821206
2022-06-26 00:00:00,1632272.60848998,585281.259943,221543.994248,142237.37999,300950.682757,15938.8538339,175522.4552,21969.7398,9811.8442,88854.9281292
2022-06-26 04:00:00,814859.76779533,640198.7398588,141364.244247,45968.25678,167149.449102,71790.4376464,207002.7252,35152.1706,11859.4295,153505.0345653
2022-06-26 08:00:00,1207434.72550979,1117903.9996346,254505.915597,141307.09797,114642.982281,128006.3273698,75132.7033,36753.3413,4677.0342,27738.7671414
2022-06-26 12:00:00,4068300.52305772,2731042.5513206,298296.788761,102963.76495,300392.844932,141094.4619862,135654.4527,49034.8183,164560.1474,79696.9808274
2022-06-26 16:00:00,1642850.87966119,1044563.0007514,301160.818407,54724.10345,83887.728925,173808.4637213,67417.1737,15705.9721,11184.9211,13703.4177375
2022-06-26 20:00:00,3170732.78278995,2232898.8590235,468633.83029,106164.69185,139609.143119,214903.9258215,105501.5243,11521.1585,22751.8529,8673.0223213
2022-06-27 00:00:00,2562936.57040609,2169813.8933503,371274.767791,108441.0631,302291.305263,136823.214165,96874.5144,6932.8327,6990.6985,3466.3621431
2022-06-27 04:00:00,1189474.8083479,1218159.2972253,311728.085568,70147.24402,119188.609787,192733.8472085,97306.7077,4165.2696,2348.5977,2705.9175184
2022-06-27 08:00:00,1759171.35067082,865004.7255427,162425.938438,22888.54062,86285.945422,75894.6714423,37799.1806,8725.8399,3262.5547,15598.5533458
2022-06-27 12:00:00,3704149.49970595,2654528.0115696,596738.142167,173403.84964,184019.838877,159575.5573934,109683.5788,13116.384,7889.2721,70981.1136792
2022-06-27 16:00:00,2188429.88680257,1302575.3563297,646249.50734,87154.26107,162780.853878,97325.959287,74183.5796,43309.9794,12107.0122,63290.9922437
2022-06-27 20:00:00,3425731.50179091,1832165.8148112,459647.86345,129191.87637,57871.338777,143823.8183324,61900.675,46908.0982,4846.6763,21000.6484197
2022-06-28 00:00:00,5093144.32297595,2283889.3995678,416066.659898,101456.23026,119021.291405,126237.8168479,157806.2886,19613.5079,6121.1067,27915.935609
2022-06-28 04:00:00,1835992.51620109,1262703.1243021,223170.542818,42393.20576,59609.740644,49929.7684318,77317.8388,4435.1383,10402.3544,3555.3752805
2022-06-28 08:00:00,4113066.52486418,2608837.6912896,479664.718876,42553.87546,61230.847192,71410.4149296,112298.0515,16718.7942,3397.9044,54318.1904711
2022-06-28 12:00:00,3864041.64073203,1968782.5965559,496782.534708,116938.32577,120415.070522,104154.1943566,308294.1217,14126.5743,70126.2068,9233.6248255
2022-06-28 16:00:00,5845119.66896429,2064310.0397049,467265.460991,80473.55299,62213.565057,62782.8531074,111839.401,16662.4986,24700.8376,108212.6513478
2022-06-28 20:00:00,4986557.23041053,1578113.0394092,412540.505905,78513.35427,105721.842981,34496.3520092,52810.2577,13911.1356,7009.1421,12579.9657654
2022-06-29 00:00:00,5172759.8828876,1749691.0379421,330547.662856,129627.31289,216199.967655,25277.6383919,47101.1176,13388.2093,2988.3314,72033.9961882
2022-06-29 04:00:00,11024210.43795039,3166793.4327521,392778.761437,208641.21618,116249.536847,15081.9106736,167622.7522,41831.3592,6611.6066,12746.4374707
2022-06-29 08:00:00,13137781.70658918,2891317.5486528,417970.221572,61457.59493,72387.340914,17267.2763919,132644.2859,14791.181,11038.2793,6391.4064663
2022-06-29 12:00:00,11422091.34718019,3764323.5897641,635102.201417,65327.74667,88792.23889,71986.7055012,109902.4425,21603.7363,21321.0703,38862.2906039
2022-06-29 16:00:00,5511984.29361387,1827238.9889004,531970.742076,100501.29232,113997.276434,140250.6392354,96365.0005,19305.0075,11798.779,29967.9869372
2022-06-29 20:00:00,5852092.71947621,1396674.5064627,419216.46671,60339.94208,71900.647464,94200.2168114,173877.3338,24827.4631,6548.5937,7323.6103115
2022-06-30 00:00:00,6576759.76717382,1734965.6709152,469099.111479,77894.14748,197254.293034,39850.7192468,75342.1237,12865.1054,3379.6505,78543.7668529
2022-06-30 04:00:00,10187276.98389858,2195890.5336801,331300.688788,81935.68558,123722.343529,103661.0212505,55598.611,5306.3317,4075.5287,87274.352313
2022-06-30 08:00:00,18924765.21147179,3666934.7472028,236371.374301,79948.22324,129939.558234,93073.7007,159775.2281,10039.7911,17278.5062,27632.1150411
2022-06-30 12:00:00,14020053.25668837,3669072.4392126,820403.19066,94381.31673,168242.295129,85178.0667022,246297.5868,36308.1555,8694.016,147335.1896661
2022-06-30 16:00:00,6497942.27418189,1690051.5820681,312278.18596,56859.86339,79787.641477,34328.9156002,82459.7418,16396.9593,9859.7624,59537.7579049
2022-06-30 20:00:00,10305769.73033112,2720303.0197437,314884.459263,86453.40616,163327.199059,47846.4952512,61552.9739,43821.9162,4286.0466,97927.0148704
2022-07-01 00:00:00,26393184.91725066,6162150.5088662,577435.727232,306147.26835,263018.450076,94366.835862,208527.6859,65053.6954,44447.3736,334841.4832777
2022-07-01 04:00:00,14235910.35067791,2576042.0148248,336009.085917,58369.16255,88354.701817,14922.6371016,74523.3293,43288.0261,2316.4466,89696.5155008
2022-07-01 08:00:00,19316301.64290966,3926312.3797902,315377.4612,57889.93014,129656.507839,21207.2968318,109622.7529,10478.6099,8324.6736,135359.4400917
2022-07-01 12:00:00,13097784.45535092,3192278.2924484,237943.420067,62465.29089,104512.444031,21709.0078956,104010.689,8266.732,5019.0421,45593.089747
2022-07-01 16:00:00,6824710.16034117,2135244.8640475,304307.702113,41976.23159,106747.747154,24220.3791034,62606.6829,9047.0665,2527.7941,26833.0175087
2022-07-01 20:00:00,4288522.28945923,1751731.8581425,206824.298375,43874.69538,73633.623558,11273.3985417,35363.4785,9174.0978,2555.3185,4636.6128973
2022-07-02 00:00:00,7955137.95697785,2199638.6654678,229575.658984,61513.61251,106678.654297,55351.2588201,25435.4837,19799.5508,2849.179,151574.869883
2022-07-02 04:00:00,5055444.58277321,1150407.4824341,143006.006956,13983.69734,43346.419869,10630.0923557,34689.2987,9601.0366,1089.8397,10786.4424607
2022-07-02 08:00:00,5719443.90735941,1829452.8582287,121940.906366,18742.28145,70465.608562,29661.3155095,43246.1749,103842.5103,1380.8036,16713.2429252
2022-07-02 12:00:00,9012218.70455917,2676953.025318,245291.415523,978665.32773,58743.595952,21737.3654159,58355.2461,8574.3874,1580.7404,15356.7788393
2022-07-02 16:00:00,6497026.23300959,2894642.9087714,204918.700557,82443.94078,77131.344251,12992.2981364,36079.6145,40932.9135,3014.9387,5953.5756523
2022-07-02 20:00:00,3826698.26679665,1162297.8909161,164741.049459,148668.7593,50085.237722,35540.0299392,20993.9241,9296.8372,10080.8391,3827.2767356
2022-07-03 00:00:00,2181930.59401358,466668.0418184,75679.785369,28399.22787,29711.989138,9395.189017,19413.0758,6755.3492,1750.9545,5623.7637199
2022-07-03 04:00:00,5705979.74980075,1347379.5090724,196728.596192,83272.58247,55967.66072,23658.8700648,43450.5672,11366.5289,3644.9643,20271.5853467
2022-07-03 08:00:00,2799421.52775074,533264.7358222,97858.213987,20842.4087,26902.423006,5109.7763235,17458.8058,2252.3495,2502.1946,6625.3182102
2022-07-03 12:00:00,3090882.14818889,1094782.8975674,121695.418199,52815.19162,42244.752517,5747.4885186,23854.3612,5673.5268,3550.2168,47951.0762936
2022-07-03 16:00:00,3054638.36875099,563868.9093254,96747.37148,28583.62763,45626.179298,9777.5808666,22838.518,13379.7135,3136.1289,10982.9798973
2022-07-03 20:00:00,5849453.9512823,933798.4278192,173093.275248,59485.63242,152353.82111,24706.6005561,86052.2476,8792.1052,2675.4363,217824.34916
2022-07-04 00:00:00,2857362.46290201,982084.6424978,198909.774924,49577.14019,81261.029685,42882.509259,52100.8108,2768.0686,2584.2127,51780.5247291
2022-07-04 04:00:00,1332453.96341557,461566.5824489,118190.022777,45346.63861,61903.926524,22521.6051351,110769.0891,15948.4314,2634.3068,1622.5518506
2022-07-04 08:00:00,6715862.18123455,1922144.4235857,211388.652679,59154.80577,136120.493601,31564.0740596,74309.8286,6590.2457,1167.8205,55900.2899129
2022-07-04 12:00:00,9065586.94395105,3711929.1415024,309964.329901,77622.44765,193285.63102,38580.065711,146489.4385,5380.9653,11723.1738,6915.7641693
2022-07-04 16:00:00,7842862.12919855,2072619.9997356,275330.046277,68534.22681,133060.526226,29541.1896693,70846.2783,12373.2731,25847.1224,9954.7702488
2022-07-04 20:00:00,8953890.27958897,1816354.7730154,535441.423375,51813.07774,83334.879143,30680.6865169,71032.686,14712.1914,3093.0102,9219.8908273
2022-07-05 00:00:00,8400519.44048717,1475315.2379912,513407.038689,53488.12663,139231.646954,30517.2490351,101443.6949,61965.0665,24222.205,4924.260118
2022-07-05 04:00:00,5492291.07480424,1677760.5345121,395479.540043,63682.71806,41378.691142,13782.078306,88254.3339,28669.6025,4599.446,38820.3474629
2022-07-05 08:00:00,9368949.88027758,2396289.8301069,279202.213948,62548.12658,118804.231923,28371.6984851,52757.4655,23845.0989,45473.3154,78270.5222416
2022-07-05 12:00:00,9444701.33316574,1842541.2968325,456534.557409,81085.6083,105814.196932,15830.2230356,60704.1598,18989.7463,5233.0957,50164.7585859
2022-07-05 16:00:00,13573700.16910574,2231987.3373488,739535.161815,116293.96514,349693.975726,14615.0667031,190949.9016,14618.0582,15955.6408,64134.1224339
2022-07-05 20:00:00,10879403.365761,1820496.9999586,626460.776001,69964.8813,233572.93169,69082.225798,144753.476,8877.4617,8640.5051,5901.9513147
2022-07-06 00:00:00,9060149.45928831,2230262.733185,635244.238553,87439.66844,178438.014323,20719.9812335,281036.9761,13133.6222,2886.8098,12080.2328151
2022-07-06 04:00:00,9315975.81903813,2457540.5702532,533033.229126,28559.88765,322234.634117,10888.0929557,131828.0346,18931.1534,566.9108,160473.4339757
2022-07-06 08:00:00,7204959.09600381,1591916.5002973,320350.43413,107674.57848,106519.910228,11356.4036709,205734.8646,30869.5878,906.0028,21153.862335
2022-07-06 12:00:00,7197904.14526645,1601642.2030959,588776.059122,83650.50798,317756.961348,9836.9474659,67823.589,4298.2146,3089.7726,8150.3912085
2022-07-06 16:00:00,6727409.78064642,1224044.3701498,626576.556616,57522.30303,122479.54681,77450.9699139,200312.9959,10740.6715,1702.596,9318.0789977
2022-07-06 20:00:00,4881250.76528233,1631869.1255921,328311.738179,70265.04673,91552.656671,83161.6012675,130008.6875,3246.2806,65516.9761,17436.974283
2022-07-07 00:00:00,5075025.76700336,1467668.0301271,228081.133698,199778.49928,175572.041457,41663.0698366,337820.2687,7401.3273,4564.9998,29627.518622
2022-07-07 04:00:00,3263984.23595654,688548.5767076,210758.571051,46687.7409,35715.686304,19080.3678506,249120.7435,2516.7158,1839.0885,6599.956284
2022-07-07 08:00:00,5173864.77063976,805406.2567748,128845.983319,78894.71203,24066.769922,30703.806953,275326.558,19122.504,4853.5334,2178.9285603
2022-07-07 12:00:00,8054264.80964702,2409081.8774755,484553.534371,97139.74873,260430.652931,26144.667929,420587.8375,7414.5171,29459.5347,323697.3482331
2022-07-07 16:00:00,14261648.17567146,2351558.9734395,505195.287245,109349.68164,184377.087105,34018.8376638,374552.7738,9373.9002,2571.3459,219718.2370868
2022-07-07 20:00:00,7096109.50051465,1379605.3621183,190743.107518,43272.05662,132521.597753,35138.8129404,174959.3042,20015.5147,8262.4928,24205.3973894
2022-07-08 00:00:00,10188048.81873332,2092726.993389,439412.943058,95156.82146,251113.565825,37013.4183404,381329.4145,25647.8256,5721.3963,457296.1533967
2022-07-08 04:00:00,11876438.98228883,970855.0146268,241454.619282,46731.09057,122498.819551,22095.0185571,137299.1851,12116.8251,8112.1964,78032.9657192
2022-07-08 08:00:00,13527017.23036869,1858279.642322,394593.948079,36004.50041,87113.734624,21377.8842246,133976.104,5988.858,4193.9938,91379.4866812
2022-07-08 12:00:00,20064406.86620441,3071574.8585933,676139.863802,76406.39547,246412.910134,29171.5593791,237406.3789,22113.0734,8131.2298,19199.0341201
2022-07-08 16:00:00,9879418.06506677,1399143.0403016,698972.89376,47754.02974,103255.588991,5311.4156433,54909.5938,9128.2808,17287.0787,135397.2764263
2022-07-08 20:00:00,4055724.38860649,1295722.6170176,142662.722786,59557.02345,175234.933759,33449.6475571,129430.8086,11430.6511,4033.9311,5890.137015
2022-07-09 00:00:00,7030406.87627346,1009571.7546316,232784.386871,30658.38829,46445.659827,17214.4239336,77226.8083,109867.9445,1234.7532,66484.3967463
2022-07-09 04:00:00,4511273.94845302,901195.2900366,111351.498168,23366.40099,127602.289736,8967.3547075,35899.3686,14824.4239,3927.0235,62018.5386282
2022-07-09 08:00:00,3804751.66936795,507738.5267762,62320.331473,14177.66614,65102.947566,10042.0693796,43733.346,11706.9117,1006.0834,3165.2742346
2022-07-09 12:00:00,5431241.83128271,628413.151217,127678.427009,32756.24073,126710.863055,3169.4889765,33989.7573,5351.1027,2046.2101,55626.9014368
2022-07-09 16:00:00,6839184.59483967,1135286.6016712,310463.327626,46327.14133,44359.476625,12350.9930476,78139.6376,6043.3435,6905.6074,270328.0868596
2022-07-09 20:00:00,4726608.67667386,384316.5312151,69667.305822,18017.56586,47916.780187,8815.6903669,27881.0529,3618.8193,3565.6128,196081.10525
2022-07-10 00:00:00,7129146.18419685,1422254.9606279,298613.126617,86772.05077,200865.135602,18910.7446643,58268.6782,16873.4073,34159.557,80290.205412
2022-07-10 04:00:00,2240509.60371045,589741.6081326,32725.537994,24323.24749,45955.632614,11056.9215105,50604.4923,6877.3234,1085.0936,233082.3341633
2022-07-10 08:00:00,2477987.51027685,518255.596134,53252.463232,17937.25095,22452.007575,3858.2476862,62882.1297,9211.7339,2447.0235,111209.6378521
2022-07-10 12:00:00,3626526.65067666,987144.5869934,114845.397109,21620.96675,122182.670153,7863.6622577,37300.3725,15035.7616,6021.8001,263288.9440689
2022-07-10 16:00:00,4388432.25384147,434697.5100018,105917.705693,34127.82037,21840.744014,6036.505222,27920.7123,14500.3416,2844.4857,244790.9687758
2022-07-10 20:00:00,3414443.22561558,753628.0389986,102302.554865,41594.53151,45055.279461,22594.3435246,36512.9151,3913.9315,4921.453,98432.8683467
2022-07-11 00:00:00,5219506.61864159,1120401.5228292,381386.054481,48521.90344,78979.365249,28876.8773067,127111.2662,1872.9935,63379.2704,149900.257051
2022-07-11 04:00:00,3450027.77267667,913119.9103864,183308.557126,19124.80877,34266.714973,9700.6547116,67082.9885,4615.1564,5779.6214,57132.9241605
2022-07-11 08:00:00,4296807.12189387,493929.9091277,197785.42155,42041.59269,119607.594187,15804.622837,27803.8574,687.8154,8658.7013,3868.1423405
2022-07-11 12:00:00,6371808.18975851,1019082.8783632,378575.514753,45787.58997,221524.278071,34399.9282395,65376.6567,7755.7252,3421.8485,112248.6312176
2022-07-11 16:00:00,4728568.31288858,974622.0959288,259598.744752,32900.08275,166298.403685,8018.4145648,122472.617,4155.4064,19080.2854,60493.5651836
2022-07-11 20:00:00,3624498.07465826,1654388.0944591,342670.222069,39461.32469,169907.330623,41339.8316831,74692.7875,37397.4304,13899.1447,11630.7938129
2022-07-12 00:00:00,4161345.91504854,1246355.3672394,179126.979968,66037.95331,116037.036105,14207.8714592,62968.0126,7901.9316,6817.0665,227140.4607698
2022-07-12 04:00:00,5410436.142721,1121540.3502122,269424.445788,144017.32025,123057.565788,37361.4284361,53463.5622,11997.273,5946.9605,59211.3585382
2022-07-12 08:00:00,6787566.3061538,1872043.9128135,296119.173972,41264.67489,61806.472919,22866.5258111,89406.3293,50735.9581,6733.8164,69582.6600062
2022-07-12 12:00:00,8537414.41208956,1600387.923966,348371.901157,40575.7495,113514.093065,19629.8253016,45456.3653,5064.4055,1277.0872,5407.4803434
2022-07-12 16:00:00,6443852.56547091,1436101.8669766,568413.159454,58180.79088,114481.759598,5789.4933725,131244.1682,13516.0923,6567.384,4930.2535729
2022-07-12 20:00:00,4424516.11614987,1248415.6055667,353350.00394,66449.23479,83169.051474,11485.7763802,80769.4773,31133.526,4711.3369,64962.2382283
2022-07-13 00:00:00,5038595.14699046,716181.9375237,579654.155401,61760.24046,172540.666833,37658.110452,63800.6042,5880.919,2196.4697,204950.082347
2022-07-13 04:00:00,5503798.43121323,414151.4462627,514635.678894,23880.50216,99792.491216,18437.2935058,37531.6746,2524.6371,2126.926,22128.8274971
2022-07-13 08:00:00,9701157.54664464,965432.5045409,627243.907924,38706.32462,100771.416877,18684.1479355,27188.2159,1407.3069,1190.5354,34401.647308
2022-07-13 12:00:00,27510199.11430893,4761117.2400351,1802653.768783,341088.37034,660765.424861,75401.5868672,318027.0924,78231.1994,246074.5874,156848.2358633
2022-07-13 16:00:00,13610935.99361755,2222100.4827057,711996.499759,45256.16327,197714.775701,10906.0373665,170840.6161,7667.3437,7546.4679,24028.8204939
2022-07-13 20:00:00,6137190.3506398,1287550.9912851,330604.457119,56481.08458,155359.029784,19442.6949361,244784.1671,8658.4003,2819.6257,14540.3715758
2022-07-14 00:00:00,12715648.00241753,1918672.3960122,768335.693207,125533.63303,137399.487014,7940.5695754,72593.1792,11247.1568,4365.0389,11536.9126344
2022-07-14 04:00:00,9793016.96813584,1208294.6553339,292469.53092,41473.131,73041.638671,7099.2755101,131944.9931,9867.6991,9227.7847,8895.0945577
2022-07-14 08:00:00,9103173.36852287,1826642.9346099,422447.643632,30862.68385,76034.781102,13562.9529597,132544.2819,17041.0408,2140.3205,3288.8921866
2022-07-14 12:00:00,14338797.62327366,2947452.4069602,802071.811642,67505.58319,186999.860033,10438.7818479,80157.4525,7233.2952,3292.3466,8572.4215333
2022-07-14 16:00:00,10837804.53942637,3581145.706795,1211429.194537,60535.70331,269435.699935,17648.2462625,265119.2095,30338.9474,113181.0462,30602.9287516
2022-07-14 20:00:00,3498262.60505084,1339025.3931794,557595.937889,22333.75146,101992.181587,26650.4438347,60752.6767,15944.4866,4294.1009,86658.870611
2022-07-15 00:00:00,5591918.50837068,1548765.9313247,605242.796753,66570.17863,170441.186198,35399.4316035,171239.4949,10632.9496,4357.6912,21477.5530434
2022-07-15 04:00:00,6408087.2813206,2049334.4166117,614184.955477,61943.71385,128664.361028,33026.0853918,125053.8065,3294.0339,2182.4694,16855.234629
2022-07-15 08:00:00,7781463.37447476,3539402.9062427,689498.097432,57056.22318,115660.564271,37617.2070744,226496.3735,19283.7115,6000.0787,6670.1654083
2022-07-15 12:00:00,7615088.42584975,2175385.2726498,703198.672288,93872.51232,147781.506461,8056.4355531,115364.3104,5573.7007,5901.9851,30182.6391967
2022-07-15 16:00:00,4618426.93874166,2384635.7462008,949856.112847,102219.22356,136017.91575,13302.5738466,193724.695,6271.9532,12639.6953,40239.6556592
2022-07-15 20:00:00,2961211.35512986,1938056.4973135,471599.567915,53960.13261,227904.801987,30812.2812434,120323.4025,18768.6717,19070.6776,13224.5609175
2022-07-16 00:00:00,2991095.09009496,1382493.1132751,380237.55127,64110.83161,131048.125585,5820.243317,66786.8842,5534.1683,38907.6593,1115.2687943
2022-07-16 04:00:00,5401118.45890568,2912699.0029782,281441.261507,65188.44912,105215.080961,7933.6477203,110724.1338,10950.1822,5212.1843,5933.8474922
2022-07-16 08:00:00,3376348.39801278,1392702.4744117,122713.888478,21679.57776,17217.399517,2201.2345337,41247.1972,320.9277,687.3424,1335.56652
2022-07-16 12:00:00,4715026.42114839,3340688.1644075,310073.783139,34915.21609,108816.033655,5832.89124,79106.3639,11488.3028,1812.6155,3130.8914548
2022-07-16 16:00:00,8385143.93800163,5687855.4741692,1431550.861816,225274.85266,325376.498737,50614.1287658,422095.1544,19498.451,172689.6193,246442.6366933
2022-07-16 20:00:00,2436121.5900292,1499341.0691475,309852.665377,54010.5345,184069.717486,46807.122644,44805.4631,21886.4851,5612.7164,62559.2940236
2022-07-17 00:00:00,1587473.01560051,1642911.5196764,507930.797242,105173.67247,178855.730896,20592.5738977,100044.6572,15078.2787,6320.1716,80356.4522758
2022-07-17 04:00:00,1991163.70697728,734411.2914038,386656.964528,122535.22376,192947.483904,14800.2927818,149705.7113,12807.8577,12332.4429,22984.5388994
2022-07-17 08:00:00,2514740.17892697,948759.7767863,299933.369766,40917.04044,107341.493899,4090.4195677,69187.0178,13698.8846,60895.2281,28198.7210727
2022-07-17 12:00:00,2354025.71887646,1261953.0251482,356831.363092,67718.3026,108460.118619,8353.0250849,58932.2461,13001.2944,4211.5528,5178.6756709
2022-07-17 16:00:00,2610848.4464728,1848501.911134,458055.344634,46796.6461,69543.379615,21211.8385032,67325.2591,5471.472,41646.7782,19029.7942058
2022-07-17 20:00:00,1213775.60027732,1161519.7849863,271701.385795,35319.58778,100868.615452,26060.0155527,49108.5077,14853.1739,2940.2204,29898.5847242
2022-07-18 00:00:00,6554863.35301424,4641733.4830914,583129.902877,95486.49992,141381.097089,25474.893295,124940.8844,22394.5555,8192.9575,252516.3880468
2022-07-18 04:00:00,7608329.19933184,5659016.7658268,758445.121705,225931.61436,346710.911835,40282.4408532,317206.6694,14731.5257,16233.4668,126480.3605551
2022-07-18 08:00:00,6233419.15894511,6452042.4450061,522437.472133,65333.94145,971456.073824,40264.7853121,249335.1295,23649.3492,135375.8512,142589.1017574
2022-07-18 12:00:00,9182069.05800774,5309196.6950651,794688.606507,106896.30064,569953.546108,36420.0805187,216344.544,15575.2613,71510.8852,173203.4937967
2022-07-18 16:00:00,8809490.85246053,5192431.9647061,1142853.891046,95467.73766,515046.135731,49681.090669,296020.5347,13808.9026,34034.214,65394.8823143
2022-07-18 20:00:00,7102247.88122017,3878546.1115512,652985.681362,87498.7375,265062.158552,33391.6698331,120217.0796,14429.5236,10515.1365,25287.2379045
2022-07-19 00:00:00,19120857.27913394,10853782.2482702,2029805.511055,182172.42037,611384.343391,55840.27701,306483.6058,61237.9974,64211.9978,98480.0322305
2022-07-19 04:00:00,6685244.22484163,5316630.4091263,890602.977529,51281.08002,200771.829353,24251.5829569,98302.1842,27091.2244,11454.9113,15195.0610223
2022-07-19 08:00:00,6881034.61980634,3869135.5482502,1098982.922577,38779.68191,433769.876138,13392.1931391,174377.6354,6732.5691,6429.0889,8529.425203
2022-07-19 12:00:00,22650031.94175927,5088987.9626185,1815349.221315,88658.38822,700933.1793,49743.8371143,223783.8519,17832.9153,15360.0467,22989.8793102
2022-07-19 16:00:00,17178331.61946358,4333749.0814382,1008490.142639,139577.6233,617675.365613,63214.6225074,421514.7452,28445.8885,51771.3096,18032.6494336
2022-07-19 20:00:00,12313402.98933355,3247030.156472,420496.497707,58205.9899,442082.27893,67642.3250609,128325.2903,32587.5984,54370.2918,5276.7698239
2022-07-20 00:00:00,22116390.3046905,5204979.886652,746350.651605,115184.05321,423663.68198,55873.6952965,277122.977,37315.417,55424.5947,60960.7788361
2022-07-20 04:00:00,15026050.6202739,3802265.0327005,608008.560807,41917.29804,520074.091888,333883.3254999,320136.6635,21927.2094,20827.3347,68464.8996609
2022-07-20 08:00:00,26702286.94506509,8276086.2890298,990939.530266,48617.91498,392193.224388,127916.6867649,154249.962,13496.7691,9242.8132,54714.6120864
2022-07-20 12:00:00,31033802.55947259,8993685.9755862,993833.219381,113859.84632,285314.542968,61086.8457963,170687.6892,34611.2474,24264.886,122285.9417871
2022-07-20 16:00:00,21475691.38356525,8045186.7757479,1261974.340759,123761.14766,500191.574592,49401.3332383,172013.8914,21728.8413,93188.6877,50620.238531
2022-07-20 20:00:00,15895641.55875336,8420407.0796876,858974.915043,79898.08463,275550.386339,195804.5443012,125756.4645,42064.0161,23122.1322,66524.3602018
2022-07-21 00:00:00,15951563.06418895,7174006.9957843,976204.608944,207647.54407,192629.898442,42584.5531579,111251.0586,22866.5351,23440.361,53399.3837776
2022-07-21 04:00:00,10467366.53036851,8030779.7475904,1053297.204543,48186.80517,180914.691812,18693.3681956,126035.3275,11015.0555,2767.4628,6062.365285
2022-07-21 08:00:00,10635732.88627753,7387214.1290225,944401.630005,36191.55294,105963.677986,6031.5958931,117258.6583,2052.8576,420.2095,5939.5809368
2022-07-21 12:00:00,14754740.67820066,6803054.8441074,1030898.278781,52034.28039,400768.046762,21945.5002826,202436.7753,6298.1342,4497.2737,5700.8087322
2022-07-21 16:00:00,15675182.9631304,9326949.1456087,1151993.405501,46280.61353,307611.095666,28902.8635578,375116.7606,12118.601,11891.9616,23362.2364305
2022-07-21 20:00:00,9909575.91644428,6658710.4547363,679082.411739,58562.70966,342716.907464,19520.3691187,142784.5944,13404.745,8597.516,7399.0814305
2022-07-22 00:00:00,10464922.93989521,5367854.5582318,641053.478723,55989.92532,215544.350628,57144.8574765,122776.1687,10744.3233,4065.4738,56854.5699533
2022-07-22 04:00:00,10435729.55271613,6367516.6015337,670981.719757,184295.97789,158811.968875,12629.0170193,96851.4312,14790.6471,1712.3907,11147.5185337
2022-07-22 08:00:00,15449717.18466227,9619117.4035245,878444.93631,44762.89546,320989.356515,21264.6300731,242177.5494,22359.0777,6581.2912,27212.5716709
2022-07-22 12:00:00,16288829.2122111,7543075.5302742,1152049.134736,76042.81192,321038.036487,36930.2766462,170910.0582,6851.624,9547.2971,15433.2435918
2022-07-22 16:00:00,18331634.50910015,7042537.1976365,1154651.744749,92084.6448,165225.41553,20131.0112464,76248.841,6719.5335,3814.1819,19765.3653559
2022-07-22 20:00:00,6867308.52260382,4140488.8096482,431643.675268,32373.11224,95392.89896,13398.6863041,108245.5914,5783.2908,11603.5695,32613.4537526
2022-07-23 00:00:00,7707249.7664008,3102274.4776137,252411.312723,54014.99319,140390.258306,4490.3671933,106296.3609,2960.1489,1129.3053,11100.5786823
2022-07-23 04:00:00,11688265.49028069,3459143.8453086,282941.947252,38670.64525,325695.018111,12315.9483575,51128.5071,8923.7269,2377.4545,3080.2101656
2022-07-23 08:00:00,14270784.65232763,4493882.103317,385848.172376,75273.89035,248068.668685,7393.2353404,104195.0208,7319.2486,1992.3645,14266.4897958
2022-07-23 12:00:00,11970932.12172669,4958194.298403,345206.497932,57732.52529,122132.543394,19742.020912,32284.1554,6346.5383,2751.151,69004.2050785
2022-07-23 16:00:00,12653961.89590202,7328101.7263891,534978.97252,31845.52966,154812.928975,6177.3244267,18192.3375,12940.4542,2130.7008,71326.0669278
2022-07-23 20:00:00,6250949.81502359,3802034.3331682,366799.426643,53217.71862,572426.459176,7224.3685271,19509.3193,4578.5364,6543.9132,16192.0247332
2022-07-24 00:00:00,4880184.91488951,3826046.177615,242041.458559,37156.04725,335396.992534,10887.3289822,27620.6259,24402.2185,18786.8217,10759.5166516
2022-07-24 04:00:00,5955349.57513316,6311245.0189464,378998.352141,64427.5564,166245.320391,3026.5506192,52779.7691,17072.0004,5189.9703,21782.3116522
2022-07-24 08:00:00,6009476.36243104,4768110.9570434,300961.429986,25430.89626,425417.763623,3825.9528537,17207.2418,23399.6161,24714.7231,11660.3500679
2022-07-24 12:00:00,8600256.37182464,7714824.3377202,393730.71632,33317.99639,307966.596601,42957.0654984,29499.249,12120.9423,6287.4734,9225.9689095
2022-07-24 16:00:00,5244356.31993089,3278273.2145737,267411.68365,15205.21212,199243.376414,14596.4491016,28270.9806,3788.5875,3528.0336,146538.6320306
2022-07-24 20:00:00,6001601.14917665,5395536.3192112,445196.874382,36455.38338,249416.57062,19410.2569851,57009.15,32457.6971,10366.8394,12771.3722405
2022-07-25 00:00:00,11592040.2568967,7276442.5576082,689519.607319,38945.6504,383077.390528,97212.877124,131172.5456,84287.4239,13298.7085,64019.4229826
2022-07-25 04:00:00,6912373.24382587,3645584.837199,183989.082599,50807.14276,116085.491392,18728.942632,56909.5265,1601.434,1689.4044,4191.0819081
2022-07-25 08:00:00,9932031.18702396,4091684.5349107,451404.677326,29256.59359,99290.893801,6366.6320255,14739.3675,3299.6532,1765.2193,9003.8207786
2022-07-25 12:00:00,12972121.79553082,5278454.1145325,611589.440543,34400.13499,149768.760039,15305.544241,91312.1953,31330.5381,539210.7332,2190.1226756
2022-07-25 16:00:00,10368662.46263129,5850829.6298951,1320295.091492,50514.60273,154370.496944,16521.616579,41133.649,7829.9243,7402.9166,73156.7112715
2022-07-25 20:00:00,13717806.22404096,8815024.484298,881116.320657,176633.22267,259866.457381,43904.1110038,109047.0473,12944.148,18624.996,113968.3877408
2022-07-26 00:00:00,17612824.64771316,8716118.9174395,1111903.605518,69387.50164,312822.66591,26429.5412953,84661.7339,24290.2481,15783.7728,13271.9980191
2022-07-26 04:00:00,13262144.22971461,4746261.3676574,891005.409825,16941.16358,267907.992794,10023.2974197,39561.6834,7245.0655,2090.3273,1717.7636028
2022-07-26 08:00:00,9321075.3290717,3109731.7621147,457516.581445,16980.42941,98499.737075,7401.2303692,8799.1825,855.9007,1624.3458,62381.8171916
2022-07-26 12:00:00,6614095.65026279,5038508.5593632,1023638.76236,79141.88935,230353.074083,27860.3919706,164577.3898,16786.5377,7516.4705,42285.482328
2022-07-26 16:00:00,3526963.6416724,2920154.0030779,573253.19034,35151.31237,102997.923603,9221.9462783,73584.1684,4891.7641,1310.9887,4509.5876278
2022-07-26 20:00:00,3028621.80445701,4450046.1585892,710088.685898,50390.74356,122126.214746,12419.8246531,44137.0292,2777.9533,764.482,5255.8047777
2022-07-27 00:00:00,3728221.71634266,3510890.3372909,689966.025414,76720.15796,227467.185887,10408.0053331,20984.6892,15714.2432,1420.6849,2058.5769817
2022-07-27 04:00:00,4088651.33675591,3769117.4460783,967447.067299,54445.41118,211493.300611,18516.3625949,58492.5697,2798.6781,1226.8079,57175.3731428
2022-07-27 08:00:00,4677717.83894275,4389501.0398952,1110982.459676,21504.76206,160291.19023,21078.8608066,37770.401,5801.5601,44408.9941,90262.5958678
2022-07-27 12:00:00,5216221.37750695,5241410.7271149,735122.155339,111979.79289,200052.568629,5177.3710267,70399.8354,8676.7314,3899.7851,15554.3796162
2022-07-27 16:00:00,14296417.46670635,18434678.7232416,2482092.592541,184282.36297,759756.508582,58343.2224106,386918.025,30827.7562,12931.1581,78360.0201742
2022-07-27 20:00:00,5574091.72470419,7694006.6685526,1066295.829317,76933.50134,257848.675336,45555.1905151,136372.6555,44168.2437,5199.627,124226.3663871
2022-07-28 00:00:00,6212051.30377087,4711574.0564306,843088.14549,72027.13388,344641.291633,35126.4270793,187452.3942,92386.1199,60254.1251,26151.6177234
2022-07-28 04:00:00,4825357.91749181,4700395.9057262,811856.003888,173065.12443,316843.932956,12397.4411664,168359.3677,43300.7699,5164.3634,12938.1098427
2022-07-28 08:00:00,4537377.54841978,4484406.1241458,955433.331408,32770.20256,105919.642418,12913.0627253,41851.7652,17006.6708,2764.215,33694.6734915
2022-07-28 12:00:00,13876101.08143062,10553570.0329567,2520929.791458,128315.61147,398610.166488,80254.6826587,410914.4444,35574.8635,45906.6247,39745.5826336
2022-07-28 16:00:00,7278481.35218809,6626589.2816573,1871960.387915,101995.36868,368162.249781,238401.6432175,361993.3543,74145.6672,9075.2185,135103.4389966
2022-07-28 20:00:00,5391363.03083392,5115965.3987728,1397848.082659,47496.53214,341499.017228,32391.1015461,272910.8322,17363.0436,19991.6024,81388.9416659
2022-07-29 00:00:00,4691618.39355343,4396478.1704538,1105632.875299,53626.14546,553420.637502,78510.6595362,86050.373,56741.0101,19437.5255,42849.3359474
2022-07-29 04:00:00,4474270.86927297,3166818.1295035,747719.056185,69043.64193,454975.786464,65666.4542521,102125.6315,47856.075,12880.2273,36267.7353099
2022-07-29 08:00:00,6134434.59081929,3963269.3013241,1231520.018865,219566.72889,382362.52878,25110.9940582,83288.1719,6657.9123,44894.0262,18412.6955606
2022-07-29 12:00:00,10281287.55191316,6126276.7398866,1501446.269233,176594.89782,322353.307418,30534.2183388,279817.1942,16204.9806,36615.7645,41513.7149665
2022-07-29 16:00:00,5328348.81706954,4115411.5695711,1260301.658118,438342.90962,309409.647898,37456.6038415,187141.3221,26247.0448,325112.9844,15595.9044849
2022-07-29 20:00:00,3826797.46868091,4367728.1748714,671137.710623,151611.2547,370460.744789,24193.0739136,105775.0512,22794.4599,66820.6322,68656.741717
2022-07-30 00:00:00,4840473.72683378,7186610.6822286,867311.509908,277555.87007,311618.324982,39590.9974727,74562.9883,75088.0827,137187.5806,136510.7861611
2022-07-30 04:00:00,2349249.17196066,3230818.6851416,644902.919967,83296.01373,323705.958941,13391.1640244,46237.1202,19253.9528,3558.5567,39916.7392708
2022-07-30 08:00:00,2079792.90445931,4264716.1815323,782285.497741,91293.96548,403006.463583,244793.5768623,57200.9111,480271.7816,2818.0749,36071.0143615
2022-07-30 12:00:00,6403963.63976043,5826261.2846568,1672209.327958,158870.15509,616856.715052,23574.6815994,198102.3781,46596.997,77688.8303,90005.2125641
2022-07-30 16:00:00,2430617.90912055,2447458.9370261,1281532.995655,99718.00743,291530.866018,88192.9162137,156171.892,209156.356,23154.6502,35536.0915708
2022-07-30 20:00:00,3613043.15043003,2885607.2850332,794758.87928,65255.46503,245774.256258,29016.796313,60419.7213,45877.7285,66900.5255,44432.7619522
2022-07-31 00:00:00,2076728.06024332,1903773.9291382,736517.627276,87548.94074,229967.753051,25891.8068312,21721.0037,51902.7299,3629.2575,73288.7931459
2022-07-31 04:00:00,2417244.18596628,969669.8110456,751861.763022,83487.08397,84743.889681,25773.4520505,44638.0805,21833.3654,2182.2328,17453.63008
2022-07-31 08:00:00,1434376.88236092,1706052.4903036,554185.530509,98374.53658,86296.20275,11790.2485901,54124.9434,42639.4549,4558.4655,3564.2523874
2022-07-31 12:00:00,1210262.06722464,1600490.0350631,389374.270087,54118.11629,96747.70074,7720.4810623,16113.9156,17212.4461,10511.7629,13518.4626272
2022-07-31 16:00:00,5929683.87510357,4413377.2321509,1274327.133734,82617.00674,633954.215095,65288.4212587,54376.1764,729857.197,66036.5136,284297.4980429
2022-07-31 20:00:00,5893301.93978685,3060790.9849421,599087.538401,65150.51211,221745.995339,22403.997685,52618.912,370934.6623,21345.6628,16404.8593102
2022-08-01 00:00:00,3881859.41902853,1464606.0388921,451837.492026,29171.59255,171339.438229,62330.9045544,60813.4318,20714.9333,6961.8591,28171.5856642
2022-08-01 04:00:00,5354655.08273396,1473912.2424519,502080.497325,29770.32163,39860.172932,29115.5326703,88611.3974,37360.0659,1753.2882,49432.8479516
2022-08-01 08:00:00,5428528.39163114,1759185.5732986,587092.588204,150609.75305,148251.286063,15115.0432144,48232.8221,33672.5757,41934.719,46835.0353855
2022-08-01 12:00:00,6646635.62013075,1407289.3191793,599693.920511,41169.52982,217498.753793,17690.9334964,40998.2933,41719.7666,80950.242,11436.9178302
2022-08-01 16:00:00,5770947.46170843,1257861.0622218,737249.59212,82680.51207,108727.16401,95672.2965142,24418.909,194776.3879,3389.2129,29957.3321304
2022-08-01 20:00:00,3198949.39833029,1229904.1307945,281869.945388,37196.35881,56563.97588,21818.3367474,42327.1263,163260.4121,1814.5739,15934.2785957
2022-08-02 00:00:00,6387096.27919492,2943433.5630342,610110.161759,54141.38892,217426.04711,42492.6973259,63920.4734,22757.0819,15726.2885,47113.6337687
2022-08-02 04:00:00,4239802.3357677,1434057.9415708,300411.872752,195920.94478,74756.622524,25621.6828582,16290.9612,5478.5029,2079.9094,2049.6622817
2022-08-02 08:00:00,3984075.6462315,709338.8259452,212004.199868,60382.27176,73835.167841,6490.2735892,6032.3556,7832.7914,29746.9282,675.6923041
2022-08-02 12:00:00,8575046.78481439,1062916.1716533,669743.51221,37136.62169,136199.829493,43930.5343612,55487.9207,6104.6147,5754.7762,5508.9794541
2022-08-02 16:00:00,9105266.71270257,1277178.673638,594541.813321,49870.27628,28858.245138,29233.0142776,84654.9188,11091.6031,4982.088,4090.2460765
2022-08-02 20:00:00,3115909.76536194,993775.6910374,248823.667726,32586.98296,78114.205871,2201.5620885,19184.7845,4186.3904,2842.4462,4219.0963018
2022-08-03 00:00:00,6216952.24073103,1469728.3873679,1934353.444937,25775.6984,100472.375052,35828.6928363,26219.6878,11372.72,10325.5699,4130.3399823
2022-08-03 04:00:00,3641548.41422095,421074.1832024,1028079.196566,45018.44699,58898.727807,26907.0410823,23626.0413,2310.3903,2957.3308,22694.6394356
2022-08-03 08:00:00,11162486.55635256,403184.047051,867621.465722,35732.01385,48238.575386,18502.4839582,99202.3499,2910.6787,16706.1347,26600.0950479
2022-08-03 12:00:00,10448417.82845929,1168870.4207723,1172492.821385,126115.62485,168812.978821,30300.0758893,38323.8975,4888.9794,6634.7607,16974.8635819
2022-08-03 16:00:00,6403523.03313703,561805.6298766,535445.183281,78892.21584,91007.081,6474.7788905,53403.8051,16478.4289,2322.3422,3235.121924
2022-08-03 20:00:00,4273535.37971889,1044287.5395623,356517.029908,80556.30998,69782.052788,42712.1780687,34838.8297,16728.8322,4585.0418,17526.0625719
2022-08-04 00:00:00,10165494.20215018,880708.1881697,271249.849755,103468.2012,67454.429271,31762.2288739,16289.2228,5439.1325,8653.7721,11157.6374209
2022-08-04 04:00:00,10522548.81662414,740657.2046811,202602.906092,224668.33824,47848.577904,22436.7628171,12439.9836,11294.8965,2439.6157,11457.086694
2022-08-04 08:00:00,10446921.36954182,873824.9760518,121995.404538,132590.10196,44354.032943,4149.5821223,6611.8323,1853.9199,396.3979,1423.3543598
2022-08-04 12:00:00,13911703.71395569,1052734.5248085,182978.20491,346699.07985,129115.092291,8822.8811777,29537.8192,4604.1095,11021.499,65799.7039048
2022-08-04 16:00:00,8551654.62694353,790253.8879984,203054.860393,216470.96364,142085.671431,17691.9429072,19386.4836,8913.8781,2731.7164,21191.0299381
2022-08-04 20:00:00,3353670.03148741,526406.2723482,107288.983805,369649.91255,79307.812447,31992.570266,12218.9551,2350.5112,5059.0233,22630.6177637
2022-08-05 00:00:00,7110427.87165316,1446172.1402008,228172.60983,321554.29805,57251.774467,26896.8037356,34097.5888,10148.8951,11749.5762,60953.325713
2022-08-05 04:00:00,6958862.97771002,1240500.4334137,230024.628857,188678.89653,56438.64487,26786.4069559,14124.5005,10527.2437,8409.7805,28486.2061206
2022-08-05 08:00:00,8628628.45368193,1083628.9372364,201432.502117,199662.8481,43137.563336,14635.5621401,18804.0094,3900.8706,2551.1777,78580.5077794
2022-08-05 12:00:00,11417912.47589092,2292213.6104889,362036.199162,264384.05209,266337.686187,29736.9589722,54712.4903,11984.1135,7218.981,11735.4647075
2022-08-05 16:00:00,6350280.09059368,1664576.7950433,201394.447722,44686.00126,46740.0057,15437.0578358,13306.5917,13862.6109,6730.5534,8275.6344481
2022-08-05 20:00:00,3558590.0228014,1008467.0075738,385076.790428,90053.01807,184382.928993,12326.2427722,29008.8387,16473.0914,5779.4109,17811.2197178
2022-08-06 00:00:00,4549170.92130412,742438.6734598,73284.423947,87844.13064,114871.768507,59121.3060906,69558.7764,8067.7989,3551.6466,5285.1395268
2022-08-06 04:00:00,1994564.89428443,166919.3676451,39284.956193,71982.53388,133020.792898,7110.8405281,24170.3166,4574.245,10551.3922,4927.8971379
2022-08-06 08:00:00,1835082.48060002,1664841.2024038,57495.681493,19439.24712,81323.105749,10543.2523003,101997.1804,22710.6226,30618.2691,4852.9603018
2022-08-06 12:00:00,1088920.84775433,470672.0362364,34896.352246,37495.21259,44675.310283,24104.63472,65377.7444,2803.1789,5895.5743,10212.9351347
2022-08-06 16:00:00,2844932.39714374,759652.2734326,204389.408037,289949.47767,73966.247205,7761.9101608,171197.1692,5683.2855,6808.1336,6725.2096791
2022-08-06 20:00:00,3217176.30198325,1793771.9641358,88573.317788,304818.60071,32926.494862,35736.4964704,124944.2233,4642.5082,5023.5128,19024.2463637
2022-08-07 00:00:00,3572196.49390697,480109.9712874,120319.524523,159070.2122,156077.268064,19410.3048292,188514.3197,5219.1255,3087.3238,13986.2499697
2022-08-07 04:00:00,1972437.13315809,310187.3354717,46475.780418,111860.86328,27178.857559,1355.8019093,101606.1763,1780.8526,560.8287,443.9878782
2022-08-07 08:00:00,1792158.79241478,456215.8891803,80801.75644,34797.88483,11871.568082,4174.1270608,79640.269,541.6998,299.8453,1695.323684
2022-08-07 12:00:00,1794072.11990084,653930.8053101,62464.875399,62148.7473,92267.788171,2320.6114766,395801.297,14674.7828,17464.6901,22148.0985016
2022-08-07 16:00:00,2232476.28091147,369764.115872,65611.747072,187058.19086,47710.141245,14772.8577142,335662.3437,35772.3409,44237.3547,4287.1873162
2022-08-07 20:00:00,2933757.58340731,474348.2246554,104590.523907,280816.52032,319411.26872,6951.9141621,306882.9074,41173.4176,30910.8166,44432.1325512
2022-08-08 00:00:00,5296518.93976307,2035163.1759953,355320.099506,242421.16517,60850.82184,23836.7667507,163290.0495,11298.0941,20879.1238,14234.7467453
2022-08-08 04:00:00,6923620.24124933,1868519.7291984,185303.279416,203684.98515,135511.76534,17283.74851,224659.491,8805.183,13279.9042,21179.0491837
2022-08-08 08:00:00,8691126.92548221,1061902.5350758,122202.15089,175307.52617,158178.574861,7655.3779616,210533.0284,12818.231,28145.3939,176814.7932117
2022-08-08 12:00:00,7402721.97327301,1328521.1468438,158944.680472,152628.90981,150791.034205,83407.5060013,381677.3144,29422.9939,13139.6339,17019.9836045
2022-08-08 16:00:00,5793492.81893451,574998.1298458,110563.020125,96699.55275,45056.337068,25800.3097606,228420.3732,11246.1884,100386.5946,35955.0869402
2022-08-08 20:00:00,4189625.4225163,861107.0609655,164471.651486,50074.40712,120564.846449,12497.4548172,181094.4098,6734.3161,30795.6683,11248.3743644
2022-08-09 00:00:00,6278011.57936029,848134.5502293,88473.649801,61320.92068,39894.611604,21012.3158989,93604.0771,24714.4229,118685.1701,2919.9997395
2022-08-09 04:00:00,4675563.07284689,854921.0300805,146128.091899,81712.70806,23493.508973,87044.4148484,67570.4201,40507.6027,200368.5934,2275.99692
2022-08-09 08:00:00,11490450.03586498,3325687.6466418,209491.297576,39298.31235,239784.53456,39254.2856627,57920.6748,6488.3393,87391.3151,57363.8804662
2022-08-09 12:00:00,8986492.25686461,2184677.2782749,179159.198222,41316.53911,226125.487247,47149.1070999,35702.6288,20722.1239,30440.0672,22491.9447879
2022-08-09 16:00:00,5716492.04939333,993874.8621549,98737.714889,71951.57595,60496.021961,6549.981652,45895.7929,21075.7672,94292.3314,6797.3567681
2022-08-09 20:00:00,3632943.49001765,2202921.2373114,56330.97248,72331.22274,46139.659799,28165.9422737,48783.6424,3351.6051,11149.2651,35415.6933613
2022-08-10 00:00:00,6634339.16254158,3364814.8567691,324480.427536,141221.64682,122384.108145,48192.3659478,176851.0792,30270.1463,70509.0186,127381.7639073
2022-08-10 04:00:00,2708061.46150605,1284336.238591,168663.044902,29557.38594,296144.029565,7874.888353,49278.7209,756.0525,130958.7576,11326.4636275
2022-08-10 08:00:00,3813472.75351282,1455288.8863925,230814.063568,28587.32746,24641.739203,6892.4073944,170297.8462,41899.0799,102532.7875,3302.1312621
2022-08-10 12:00:00,10406866.62428856,6637095.0354536,594893.696649,243707.11081,433757.283753,96613.132405,626394.7731,52305.5629,266648.486,78169.6624078
2022-08-10 16:00:00,5513923.88228701,1468058.2100809,533645.63258,71038.1881,259012.439309,49485.558021,111090.277,6783.7793,146402.6801,7570.8067782
2022-08-10 20:00:00,7769686.65749558,2487113.3944573,450721.954511,34251.24755,59065.119279,35008.2522219,66235.3222,2323.6485,121821.1986,7010.3618312
2022-08-11 00:00:00,12051491.76546105,8111830.7100038,667093.582626,100518.76562,295952.932085,54582.884042,146961.5625,5982.0297,151279.8417,17281.6036734
2022-08-11 04:00:00,8930652.66015214,6437475.6245086,786816.064277,44364.02275,74170.083327,76313.4255821,76577.8357,7026.2599,7986.5674,8512.8255209
2022-08-11 08:00:00,6604818.58684283,3924297.7977072,434243.963273,50219.80998,92335.979426,26942.5482799,16937.3609,3768.8698,26519.1557,13098.0477853
2022-08-11 12:00:00,9989400.757446,3517780.5986677,579411.970983,121040.09323,179003.325355,134640.2213803,93180.7778,13271.418,16137.6266,97165.7772871
2022-08-11 16:00:00,6506416.36980468,6902055.4288695,491831.259833,87068.51343,107972.948298,29479.994771,60644.0332,4967.4863,14810.49,75484.1036457
2022-08-11 20:00:00,4252870.16175047,2307226.6080283,182361.02726,36152.16327,57352.928883,18775.6879406,44937.4882,6444.249,6577.7259,10926.0937558
2022-08-12 00:00:00,7084644.27099228,3633781.3435122,273094.481768,56813.58043,174856.903115,16883.512736,202161.5912,27464.2789,23387.1729,86070.1876153
2022-08-12 04:00:00,4903632.22547927,2457027.1965111,89379.119382,38994.60577,48893.445069,24454.2086328,30872.7793,4328.0483,8740.1088,64244.179452
2022-08-12 08:00:00,7593578.70315776,1624877.0310734,341884.55859,48939.64509,54924.607276,53037.2816356,46310.1466,20615.0784,121363.9808,20742.849736
2022-08-12 12:00:00,12993038.07415768,1412863.6026316,234886.938675,72424.42441,89542.349705,27166.6349877,50878.5167,24915.5153,132403.1937,21536.1518857
2022-08-12 16:00:00,11504225.91149937,2897145.3122376,401781.553372,43170.26937,169820.129945,25715.9796208,40575.6171,21030.526,98106.396,9584.960091
2022-08-12 20:00:00,7951298.25883517,1930844.224595,402389.371351,44015.99907,48343.355088,29408.1091914,61677.3004,15378.9992,94855.3306,403449.3008205
2022-08-13 00:00:00,8858703.31943473,2771905.9677459,812192.381271,48897.50819,231248.797048,55111.3822246,105453.88,10183.7941,17331.1745,118726.0558289
2022-08-13 04:00:00,5977303.10926111,2353361.4186598,493430.037119,42906.63499,410283.192383,91613.7351877,40215.8289,16088.8928,22187.7032,105342.038586
2022-08-13 08:00:00,7162137.888846,3504994.4420539,435345.896699,85716.59027,151261.765601,22769.4639893,60987.5206,20625.6841,7324.2525,188069.9644453
2022-08-13 12:00:00,5198587.67895986,2042391.5565737,321288.055791,60491.4861,141916.334325,22400.5338888,17819.6701,7848.0863,18316.5708,136715.8202136
2022-08-13 16:00:00,5786725.96452348,1305515.5899794,153617.386503,55552.83029,171581.508181,26294.1093107,84668.8265,1498.0424,10895.5113,65839.4384617
2022-08-13 20:00:00,4076947.35617226,1118040.5049638,154150.969132,34049.80392,63792.14436,14168.0437307,30547.8427,8933.781,2800.7976,49786.4183547
2022-08-14 00:00:00,3152099.30627337,882479.553865,223857.8225,42355.31227,810430.401685,16265.358813,64514.3521,10160.1964,16787.2413,8968.5691931
2022-08-14 04:00:00,5403377.41767592,2808657.2413841,386493.384834,60622.90312,302792.170411,235370.5578348,62954.7959,14773.0625,13647.4949,53049.6961879
2022-08-14 08:00:00,5085903.69770581,1168833.1148157,183836.453487,21408.07403,322610.149823,210417.1263947,18152.8151,5594.4603,17595.4024,14426.283676
2022-08-14 12:00:00,4004669.746361,1485807.2383115,190823.424589,59331.9631,280550.529477,304760.5700019,25687.9079,30929.4384,43882.3721,30526.4716971
2022-08-14 16:00:00,9580157.99781848,2217136.1078859,494515.523568,102726.251,217805.228682,462149.6677668,68731.1997,62181.0576,112827.7039,41285.7717965
2022-08-14 20:00:00,5802154.66529517,2115492.8048812,245421.595865,45140.61648,286030.122793,155320.4479703,11815.9696,35639.0665,26852.0762,26446.7882517
2022-08-15 00:00:00,10093332.60474657,3315672.3761042,525593.316467,111609.61226,254415.494946,130241.4867963,43245.5396,35847.2865,63951.0015,29012.7032156
2022-08-15 04:00:00,11965546.14583272,4698376.5550209,310164.042155,167268.5736,361138.931361,60167.0154069,59983.2466,41363.2411,12626.2961,44114.984697
2022-08-15 08:00:00,11284581.19054403,3423749.119683,253777.256213,67051.13024,232475.094879,52263.3997611,50823.6981,12715.3015,6027.5458,11505.44622
2022-08-15 12:00:00,12663836.66242985,2333336.1097084,370609.482989,45063.98587,64966.639355,29786.120102,33234.4885,20032.2474,10640.9401,11826.5531055
2022-08-15 16:00:00,7973469.88720917,1296202.7118225,226178.735248,76281.56633,162272.581271,36855.2722711,22605.5616,15858.2807,5905.1226,80766.4179341
2022-08-15 20:00:00,9569820.8036355,1529312.126411,257755.09546,43383.79476,238923.182738,38247.2997168,33739.426,10491.6045,2395.3712,8928.4704461
2022-08-16 00:00:00,7073857.78173864,2758137.4186191,379590.748924,65395.47817,109799.751201,203333.0495999,26929.8636,11299.5744,16992.0744,26444.3102868
2022-08-16 04:00:00,4121071.94856555,1962518.1702542,249497.027528,64626.28174,27485.269655,211684.9646304,10553.5133,9920.5089,6922.5134,12733.3718742
2022-08-16 08:00:00,6627027.86035591,1379762.4211386,283306.034073,12383.67632,139876.009668,656540.9817876,72788.6757,3270.6231,4728.7615,12735.285258
2022-08-16 12:00:00,13216208.48957245,1808105.3393003,375553.07604,46285.46355,77779.75572,613897.8615683,45170.9276,13121.5586,14780.5095,9128.7710054
2022-08-16 16:00:00,11561998.21379576,1062820.462237,272687.021927,41890.28968,72615.993341,148162.4373625,86562.151,9491.3376,9604.1222,77692.9242289
2022-08-16 20:00:00,9798413.41336085,1066467.6279804,225051.378472,48242.99811,246303.337379,195741.1945048,15242.2678,3805.3512,3795.9638,4447.7315748
2022-08-17 00:00:00,11125426.57694196,1775423.0103016,194648.625755,42410.78829,311753.812396,340514.3869158,40387.691,6582.4206,13608.0464,50840.195703
2022-08-17 04:00:00,11602870.18309047,3622160.0410776,245019.575627,81116.61876,656706.514881,321898.1299483,31771.9293,67811.9545,8645.9856,133325.8951221
2022-08-17 08:00:00,9594280.2219646,1986961.6008995,159745.152715,24903.56646,160267.216957,268135.3744692,9922.764,11523.3516,1633.0022,18024.2037233
2022-08-17 12:00:00,10826853.76268498,2798155.0447922,554055.69226,116998.38531,319655.297531,331066.3162472,102480.6264,21212.5867,21228.3985,36863.6531245
2022-08-17 16:00:00,7005595.33342867,1635372.2536079,222561.137933,47368.97961,95469.755213,155484.3539137,28851.2694,33858.2977,5143.0325,7809.7755606
2022-08-17 20:00:00,3968140.85052449,848089.5154722,182153.455593,46097.77571,28346.189703,161468.9382013,37123.9122,28694.0081,15336.8479,9000.6868031
2022-08-18 00:00:00,3493264.69516251,1339180.7446023,150650.803078,122746.3904,73028.060209,133311.9644982,78135.204,18002.6623,9737.0254,6521.477048
2022-08-18 04:00:00,2398392.21071345,824280.4656094,120713.032514,17638.16905,54370.298089,129567.2731439,11229.3528,10621.2701,6227.076,4917.0648401
2022-08-18 08:00:00,2941962.58886008,977269.4529383,146918.879781,90309.9127,45529.426626,73003.611939,3773.1826,13125.6519,1723.9842,5693.6560892
2022-08-18 12:00:00,5035517.32753878,1429322.9106688,248686.449515,160572.97837,116357.806033,51353.1877415,31871.8101,18652.2309,2304.6695,4151.2572082
2022-08-18 16:00:00,4652664.46105676,817274.2443479,187791.45936,82359.58066,150850.274239,82753.4800123,47576.0239,12998.9336,8677.2717,2592.3912639
2022-08-18 20:00:00,3747813.05995854,4813724.9049588,176242.802044,69178.91151,102200.622368,193130.9590358,62510.2303,25629.0327,14797.9074,109136.3760733
2022-08-19 00:00:00,8176106.45873305,6935641.7381551,452008.284787,73406.27106,499638.404851,217922.6604534,217575.5373,57190.7064,36506.8558,97352.829242
2022-08-19 04:00:00,12654546.52379721,4244545.7305214,760262.689723,173966.45576,326481.637487,504302.3132609,145870.6873,29578.8298,20098.0955,174367.8190228
2022-08-19 08:00:00,17579717.24150151,5731409.7426281,472861.975798,94196.38377,198716.860181,100914.4086435,114836.1902,48600.1013,13782.5278,59661.2142758
2022-08-19 12:00:00,15704907.02779852,4083343.2097723,278147.906966,56718.67947,129011.57618,66962.9164438,73046.0984,11647.128,14276.1504,31155.7419608
2022-08-19 16:00:00,12718610.63383979,3382253.7129025,445779.03744,80048.60262,98662.28569,49592.3856388,42090.096,11679.014,2430.0576,13503.3222035
2022-08-19 20:00:00,21258704.51116437,4358991.0302374,219679.508579,89132.4001,145645.378526,153694.2776281,107111.2722,21555.7897,24323.1123,46061.9270888
2022-08-20 00:00:00,9259462.22879775,2126644.4219022,146317.620477,106169.18735,178439.752043,273355.4433948,100509.4552,9041.9255,11232.0389,242837.9775082
2022-08-20 04:00:00,8289730.9136948,2444635.1660203,243522.340084,127273.2452,165473.255937,478695.2949144,103101.3131,17273.2217,14057.0933,32139.4583104
2022-08-20 08:00:00,5029663.16790217,1526069.9468199,210094.513721,37944.05355,74787.036381,192282.7208635,19097.7039,1752.0126,3474.4244,52123.6646621
2022-08-20 12:00:00,3691772.00678633,1643368.5916384,268980.07552,52816.64634,253442.194119,161456.8515,41558.5299,14342.0685,2743.4349,15126.2500448
2022-08-20 16:00:00,5592132.32383264,3850695.5975969,390996.948603,43655.59678,317382.422705,189373.0440886,54891.3186,30076.6478,41613.8045,27351.0531597
2022-08-20 20:00:00,6790182.90353257,3858289.597777,360449.590164,78624.06655,177066.316719,211890.5258397,45031.3862,20131.4717,26565.5774,30183.3939681
2022-08-21 00:00:00,2748095.90142967,1151189.1285158,116592.837529,72022.36781,70583.125068,185323.1601532,14528.43,5074.3378,3193.8538,11234.4896188
2022-08-21 04:00:00,2124021.49978946,1101113.6906322,239655.707327,47944.45067,100586.901711,265489.2168044,25231.7384,14788.2484,1594.7837,6033.4238
2022-08-21 08:00:00,3282144.56437512,2212114.2119448,151422.57848,94749.67408,120513.153071,163289.4127948,54814.2469,4019.609,3772.936,16470.947178
2022-08-21 12:00:00,1742358.57819033,1390409.4638399,34129.124909,103423.18468,142270.693657,103941.3100302,13417.0591,2694.9545,1761.474,5720.3671492
2022-08-21 16:00:00,1761383.53812488,1906610.6222501,144911.047669,78545.72828,130733.929345,57205.6375258,38001.9712,6778.6597,2125.5672,29300.0365569
2022-08-21 20:00:00,4857466.1488011,2497302.095525,116648.19643,222029.44459,204296.901023,132528.5279498,52506.5011,9782.4768,7272.3994,29666.4782562
2022-08-22 00:00:00,7104272.41414746,1900934.1964094,157726.976467,66033.12925,38319.409466,183530.9219375,22742.7276,5282.5987,6467.7841,6572.5914392
2022-08-22 04:00:00,5094363.94230054,2313325.1385839,107034.502527,46341.50972,99544.647947,166650.2742806,21648.3768,14823.9799,3152.9294,11265.2661913
2022-08-22 08:00:00,8328102.78604747,6875236.573444,126713.150633,79996.78677,102321.426707,177094.5074122,18157.56,6468.2972,2479.0094,135155.6030376
2022-08-22 12:00:00,7600916.10701941,2318378.2193322,123221.281129,54591.05839,112582.7735,111956.2423826,17653.2888,8722.243,7357.0102,28246.8762145
2022-08-22 16:00:00,4612119.55279421,1711638.7145699,151724.876093,109319.93296,66904.581891,32153.0334702,45760.1869,7899.4665,3149.1402,28613.010924
2022-08-22 20:00:00,4069731.02439084,1468533.889894,96391.406271,132067.51699,97689.394779,53865.8297069,63188.0596,5044.939,5386.9771,34878.7970833
2022-08-23 00:00:00,3367181.68566173,1383800.8855199,58522.978953,53319.90804,115640.971998,91695.0122301,22696.7396,23113.3813,8141.0628,15864.9311495
2022-08-23 04:00:00,4250277.52537231,3612182.1052481,111819.498763,88361.2406,80570.131129,58814.9986624,28994.0131,13972.8185,14278.9681,11425.9641632
2022-08-23 08:00:00,5797008.20456043,3660990.9631921,100728.4542,68925.47638,97643.458753,60183.0717639,52641.553,16946.445,3536.5541,70491.5010455
2022-08-23 12:00:00,5786838.99727108,2500396.5381612,163538.436246,48047.82084,122146.901916,35145.4909997,114415.8489,8679.9336,19724.2838,19430.3992808
2022-08-23 16:00:00,3151952.69388266,5131191.6528496,108985.120317,40047.7691,103719.4195,23459.4157203,70242.4733,4461.9897,12300.9976,26410.4008403
2022-08-23 20:00:00,3395799.92130859,4045453.756605,67934.573952,91415.57427,107987.69817,30467.6237323,31056.4254,16267.5539,2675.7642,23298.6404995
2022-08-24 00:00:00,7697794.55786446,3643823.8624046,256632.177635,134223.30762,166760.738308,153712.7993239,161836.6925,41922.0943,25082.5789,68629.0014778
2022-08-24 04:00:00,5956068.75886579,4336257.8837103,236467.715433,23895.20607,95011.993802,128156.6896651,56756.6805,5552.0314,4792.2611,106552.8959993
2022-08-24 08:00:00,7221826.80440014,3203828.3679661,147203.834917,52132.39764,50141.272489,69914.3400065,29216.7183,10018.3844,1753.018,51859.6227154
2022-08-24 12:00:00,14268451.1979972,7158480.4267074,196901.320755,34013.67587,136370.337146,62635.6361435,63585.624,4803.2174,1198.7339,9966.1267865
2022-08-24 16:00:00,18452273.22170339,1360431.8844242,165402.321209,30972.21267,85113.528518,98145.4907057,80360.6149,14429.4385,8685.0274,66682.4363014
2022-08-24 20:00:00,7294041.46519815,2979172.3455263,162299.191551,50229.84704,93962.898356,48970.8721669,19229.0888,17077.0527,4006.8745,29601.516327
2022-08-25 00:00:00,5919957.52625492,3007315.5588424,159131.744618,39987.32435,45405.286009,75568.5668307,12105.3803,15411.4927,14218.9425,10596.4544886
2022-08-25 04:00:00,3967026.60643001,2520297.9645308,167882.042329,70312.99507,61406.665887,62265.0195655,24123.7697,7525.6654,5515.9045,19091.8386832
2022-08-25 08:00:00,6464039.39649172,846633.0192385,87678.063112,75345.24624,78679.253802,370396.1000237,25969.2727,8511.5073,810.5304,46816.9076431
2022-08-25 12:00:00,4527485.69375132,1730448.3510709,155863.160957,71326.93302,112068.401055,157974.8049955,54086.6073,10169.3993,5695.2297,6759.2200736
2022-08-25 16:00:00,3395801.23453511,2850046.6311422,117135.431356,30058.74554,88135.853787,38264.9426947,11195.4544,7069.8929,3807.3036,13355.2117659
2022-08-25 20:00:00,2334750.22076277,887840.7733896,116026.070454,49293.69832,118814.122291,42491.1658916,20299.758,8644.8351,2965.8048,4450.872111
2022-08-26 00:00:00,3366134.31469123,4497107.1248821,91520.568089,41310.38748,138364.492032,93556.6357975,20659.086,11352.9926,9441.0321,8237.5475414
2022-08-26 04:00:00,3407537.13120454,1591052.2386605,302454.97798,83512.51193,282490.465493,107045.1395786,21908.6793,8321.9965,10855.5439,10043.6085561
2022-08-26 08:00:00,7619814.38529425,2135962.2127503,120613.007038,12020.63081,205655.736627,189440.5332662,36152.4433,4657.2511,3236.7275,5372.0913702
2022-08-26 12:00:00,44475448.66033107,14058822.8892305,507586.963283,149970.85209,616275.561997,507040.7751248,305205.3468,42585.0299,15394.998,207467.2798288
2022-08-26 16:00:00,13821671.67646147,6438718.6107925,324723.308769,55202.14038,199666.353168,162934.3892257,104059.145,11609.3222,38061.4063,30303.8144995
2022-08-26 20:00:00,14030392.34692417,3523125.1742574,243040.109932,96824.50646,241817.544679,157276.8453426,94929.2988,21770.8626,17950.0622,74783.9647018
2022-08-27 00:00:00,9108838.56829246,2466489.4937732,117950.078288,62767.412,250471.210741,209970.5240726,52698.4298,6524.709,16445.2393,78326.537804
2022-08-27 04:00:00,8000244.9224789,2896730.9895267,197139.506263,37324.1655,103256.741578,284791.4565679,51110.2115,14408.9992,2485.8072,64318.8174884
2022-08-27 08:00:00,7435346.74482614,2482670.7488148,275190.341339,101233.38037,98085.250189,234885.3081093,153215.5109,5941.5765,2788.3722,6315.6777264
2022-08-27 12:00:00,8678798.30013682,3259784.9559764,227192.682652,36818.99596,230979.465484,209167.4649931,90381.7176,6313.6307,7027.5502,13365.1268558
2022-08-27 16:00:00,6563167.23445105,3594118.0427983,208700.807668,187836.76294,148151.347968,168235.9910045,43198.0977,7998.1746,1685.3447,37364.9674914
2022-08-27 20:00:00,4778085.25527794,1343555.7025281,51114.857237,49276.57188,41909.618248,63094.635056,35378.4239,6456.4721,2202.1428,7323.2277418
2022-08-28 00:00:00,3370211.12031969,765701.3904129,79941.494946,42822.83244,113300.447153,133249.0640308,41527.9056,5701.4377,17790.5104,23717.6312432
2022-08-28 04:00:00,2006091.79838345,884907.1284799,42833.418433,63889.78544,50869.552727,66960.8901303,56791.7266,3157.9979,3158.9069,93430.7276264
2022-08-28 08:00:00,2592451.37037057,938856.8804279,118069.63838,25806.22273,45639.708298,158228.7817673,67852.7398,3599.0734,1637.4522,89749.5920216
2022-08-28 12:00:00,3668402.17066478,792805.2674795,83230.922404,37089.3533,175203.66229,148001.4118139,27676.9108,8502.8383,1690.1677,487010.3819429
2022-08-28 16:00:00,3000611.51503925,1387135.5414391,64828.117064,120291.39611,45779.87708,64903.5139779,44886.1523,23895.5117,2485.7975,55019.958225
2022-08-28 20:00:00,6716227.89382584,2448935.0238802,177534.62497,40823.13166,114073.112655,137556.2400911,296035.1854,11992.0603,7790.7831,98157.218355
2022-08-29 00:00:00,6489145.4817812,1795049.4836181,236127.147676,62733.57613,64734.461637,90587.0142692,191134.4994,6917.2028,13827.2697,327658.6821801
2022-08-29 04:00:00,3659229.42677417,426947.6290647,161568.176951,20404.26429,51482.737658,23591.8233504,93008.6784,1094.9526,1105.4051,91782.9539485
2022-08-29 08:00:00,4359189.69522522,663015.3156058,180167.818036,30976.10232,45603.905281,18964.4079643,92950.602,767.392,1556.6312,70259.9273441
2022-08-29 12:00:00,10933468.58959141,3608698.8879022,405117.701773,47544.87503,189227.046044,64359.1133442,226608.5009,39799.4956,10372.9796,157495.3721637
2022-08-29 16:00:00,5549100.24153332,2472641.8849578,385435.994174,50242.24038,67693.946411,35409.3707831,79585.0107,3912.106,1442.3949,106087.623393
2022-08-29 20:00:00,3586605.29200364,2554506.809634,164781.859686,40816.51635,111285.662912,36396.0153513,70359.7582,8054.6868,4436.0647,81244.3185569
2022-08-30 00:00:00,5675510.53536359,2592530.5259707,230338.414003,49412.91211,154409.534002,77375.4647499,76470.7226,4350.5235,3160.3374,18992.6358022
2022-08-30 04:00:00,6466309.33738199,2681923.1444194,154414.376859,47959.56371,87708.951284,92622.4755769,175896.348,5557.5223,4552.3759,7398.1389517
2022-08-30 08:00:00,2924013.26687013,1640093.7556223,89006.26162,15933.79202,150307.258247,32545.1989718,76581.1311,2253.2654,871.7711,22276.7073567
2022-08-30 12:00:00,8476940.04251674,3398359.4732954,230214.148053,44734.96474,294537.763675,69250.2403063,91382.6885,14525.665,6024.0564,30171.9551646
2022-08-30 16:00:00,6967076.5169679,2493275.2304508,267924.127087,48123.45632,159880.020074,67247.236561,122642.6874,11131.8377,15825.2558,46565.16597
2022-08-30 20:00:00,4357734.88071643,1967756.2570153,145224.311611,49262.43013,78812.521158,19065.0499715,45546.1302,6517.5148,3287.1688,29237.3852184
2022-08-31 00:00:00,6228910.96287407,2747135.1205854,193290.802153,55144.69322,126464.221496,95798.7823741,34218.7609,10543.733,17286.9923,46665.0305403
2022-08-31 04:00:00,4753161.23300048,1990559.9674627,118518.192442,31991.58823,53277.30771,46853.4895735,28598.0515,2238.7216,4346.8902,10758.7791858
2022-08-31 08:00:00,4238703.79457322,1743256.6256661,102150.475675,132538.44346,95247.213534,23071.9693818,31167.1384,2571.2573,1189.3073,5245.4345546
2022-08-31 12:00:00,7647880.2444527,1869492.8015157,145964.819382,34453.6619,71698.131089,21502.0637991,118168.3614,6556.2615,7853.5344,10778.629336
2022-08-31 16:00:00,4919977.28216132,1443977.5028317,153115.8275,29392.05221,37507.773956,19022.0336742,42091.0878,8068.9492,6086.454,157364.4756379
2022-08-31 20:00:00,2956607.7905706,846387.9932595,161878.79682,32805.45284,37293.761173,16395.871273,81094.1011,5291.1468,5035.6947,10015.71933
2022-09-01 00:00:00,4521873.3178512,1976575.8817147,181413.049521,54098.12724,85067.571601,67164.1954172,36751.5597,10121.2271,3102.8401,186949.306405
2022-09-01 04:00:00,4384447.24220581,1245854.7152723,105990.657748,18789.70197,32175.979949,37614.4376653,14752.6891,5532.1187,2585.3503,36200.1965883
2022-09-01 08:00:00,4222824.17104025,1027768.1427607,103107.710508,16793.63073,11740.706977,51502.8008048,26980.686,5506.0633,3059.3973,68021.4018313
2022-09-01 12:00:00,6588026.72648532,2217951.5609353,255241.366042,102375.24945,274018.994003,48834.2956523,54842.9385,25622.1913,6932.4411,132114.0072475
2022-09-01 16:00:00,7444848.90344001,2242019.6435532,106552.26483,54327.94788,155791.277036,49929.6927421,40750.0242,6530.6393,10061.9266,218427.2867741
2022-09-01 20:00:00,4724728.6083115,1323630.348,117162.900372,49103.64745,45996.275451,47766.8549971,52832.1331,7962.9335,21193.8019,83855.4257929
2022-09-02 00:00:00,3149087.11586034,1010547.274744,76865.175602,36163.69149,51972.595663,80119.217592,103592.9346,8206.1147,7120.1313,123588.7206612
2022-09-02 04:00:00,3006246.04102043,706115.9757506,105854.177657,37461.08447,47959.481758,45622.4042529,11256.5358,2505.5074,1288.3507,65156.0977802
2022-09-02 08:00:00,2162623.56250376,459366.4001615,49849.423927,18813.64514,41770.551965,61614.7583544,4226.3875,5405.8197,4088.1505,53497.3188049
2022-09-02 12:00:00,10322123.81932147,3630436.833186,260916.770652,46831.52585,210555.536516,98966.9276066,37602.7374,22088.9968,17631.8236,311155.2701814
2022-09-02 16:00:00,8693736.76224446,2124425.3413552,219926.000262,51643.75932,106730.455858,44564.5987466,97395.5732,5306.7185,14309.5263,435420.3856159
2022-09-02 20:00:00,3915298.71894108,971476.9973436,55201.119745,39235.32186,29894.94014,21439.4771688,14697.9204,20306.6318,1609.5102,127265.7712365
2022-09-03 00:00:00,3336671.32717703,973678.3343252,53547.76238,20183.45894,94461.863237,12645.7403383,11471.5238,22026.5771,4097.1982,206503.3546974
2022-09-03 04:00:00,2040881.23298683,987456.9731962,35697.466968,14142.20678,350569.795932,166817.1293062,24280.6244,6362.1636,6056.7063,393678.5159735
2022-09-03 08:00:00,2390346.14241391,1016793.4022866,47462.276573,10950.92274,73166.403856,20688.3542331,10495.3216,1234.9959,269.8093,107619.2450806
2022-09-03 12:00:00,1915786.44540992,702008.3942939,22220.38836,22065.60916,162058.724713,79106.8527175,6052.9951,204.6129,2863.9785,108892.7703147
2022-09-03 16:00:00,2700133.29911747,625263.0413996,20189.663643,25247.83397,155272.074525,59176.4257299,8384.1894,2084.1392,3932.0887,81509.9997209
2022-09-03 20:00:00,1297467.19661678,258287.8174465,26838.214938,25986.40644,44536.662486,25219.9477637,16622.6112,2975.0824,3640.3263,31783.368056
2022-09-04 00:00:00,1243054.09856702,108544.3470457,21637.770059,28986.06311,412537.684225,23563.7047963,16239.5522,5922.8667,3899.0777,144166.4741881
2022-09-04 04:00:00,1021598.14302599,375774.8935536,18648.189472,9985.99617,178007.411798,14849.2113571,13280.0583,8132.9344,1914.3172,16738.8761538
2022-09-04 08:00:00,2657377.96237358,470597.766086,19703.553686,5326.54635,201662.218524,102220.8032516,8789.501,6991.9785,2201.978,56929.0151795
2022-09-04 12:00:00,4214848.30862455,1181987.8745598,41960.706314,18965.59427,180904.4997,47824.6633684,14010.1712,20113.8432,69694.9691,69238.6428821
2022-09-04 16:00:00,4474887.02747122,877893.1784989,29760.488428,19327.55179,95234.346184,23247.2576007,4717.6121,2206.1096,68030.0024,36517.7063532
2022-09-04 20:00:00,2923082.91541255,507296.2284528,65742.698139,19548.80167,128669.996346,48864.0442762,17250.4123,44228.4871,2697.1595,13996.2215469
2022-09-05 00:00:00,4264447.80749496,1822874.1202045,204032.831359,34549.4768,136935.156848,28036.5379243,14924.7906,40739.0288,11747.9726,73409.5470948
2022-09-05 04:00:00,2346446.8331779,688147.0857364,129726.510142,19246.41515,143044.190809,31504.7362789,10759.7466,9950.64,16675.8712,66978.062106
2022-09-05 08:00:00,2399068.86601313,564767.4491733,126837.441021,14042.58236,129409.968381,76156.1398376,36726.9356,22909.9504,8877.8256,36004.0532814
2022-09-05 12:00:00,4252985.26326727,1849958.8470894,174801.054206,28113.51269,94259.706926,30547.5696772,13543.6013,1599.294,15467.8673,32259.6515903
2022-09-05 16:00:00,4298587.27619184,1922128.4484019,72067.474995,31166.23833,107842.865702,18062.34252,6226.3934,13608.3098,2893.8858,16708.4979189
2022-09-05 20:00:00,3268125.81024154,1213996.0690594,119776.157065,23278.91292,196551.286862,81569.1133984,21582.306,10346.1182,8997.6329,33002.5034267
2022-09-06 00:00:00,9815492.0341938,3802724.7229693,370629.678024,94402.2068,293294.632982,321537.7389471,125620.0844,41715.2491,24569.1674,279701.2994804
2022-09-06 04:00:00,5246011.23608787,2806649.388521,181081.653921,39021.9293,147968.846485,49571.8407961,21467.4267,27724.2369,6000.4648,9584.0669604
2022-09-06 08:00:00,5096412.71214042,1309994.2875129,77941.225412,54565.85476,60116.885231,33382.6337427,20940.7462,7567.1111,1512.2503,12250.9799906
2022-09-06 12:00:00,8746697.15092086,2475125.1648337,330696.635827,42467.15765,73129.006419,68076.8105667,50894.3624,12085.0866,19132.8249,172015.9271857
2022-09-06 16:00:00,13175335.2570978,5639673.7774078,480719.410482,140659.5885,324471.785111,111930.3344698,77476.3246,59318.9229,40383.04,124114.091962
2022-09-06 20:00:00,7008483.43211491,1794333.3905866,213333.417504,93405.11033,139123.017086,34413.0391575,18714.7888,8396.088,7857.6077,89695.3554783
2022-09-07 00:00:00,6867389.37167255,1936824.4682647,113530.431182,152144.59753,186875.10682,62165.2491207,20176.2065,9739.7543,9715.7903,40864.8465696
2022-09-07 04:00:00,4093038.11123771,813655.7166413,218402.725819,17441.04774,71807.050916,84919.776032,11652.9159,1918.4894,1972.8216,14987.6029506
2022-09-07 08:00:00,2990719.00993318,822608.4692179,91560.970396,22767.87356,47579.779542,45796.5199464,4425.1847,2126.0089,8125.6416,4205.4792145
2022-09-07 12:00:00,5382696.89689083,1124170.8593172,119428.949714,41336.569,59857.877811,94759.843813,41874.3602,21211.8769,4207.02,25094.412474
2022-09-07 16:00:00,6666667.54100381,1465358.1634268,165153.345156,25582.78658,45425.795638,27105.5311366,44555.5171,9587.6596,43432.8176,39957.0504636
2022-09-07 20:00:00,8863345.58393028,3902088.866449,185326.63734,57585.22197,380070.577239,88083.937442,59504.9783,26604.0939,59805.6771,40124.990277
2022-09-08 00:00:00,4232203.20421767,994258.9816293,105023.82496,55941.41027,124192.088943,48760.2114154,18765.7071,16596.1904,3693.6253,37852.094447
2022-09-08 04:00:00,4929321.59483481,2785025.6262633,99205.830352,27175.16962,53537.444714,34809.6606578,44164.2862,4065.466,6508.1367,154420.3300865
2022-09-08 08:00:00,4148210.85826733,2054510.3411941,107175.130737,21861.49069,23131.989504,57414.3655604,26786.9069,19046.1068,13403.9652,17061.7038511
2022-09-08 12:00:00,12517351.3790129,5933209.7294948,357843.480103,93507.3875,70684.004094,76937.1176955,27131.8076,14747.2546,26827.6906,37509.6694615
2022-09-08 16:00:00,4996019.79408461,2562380.6179869,176948.143025,26806.50452,148179.595388,56840.8719788,22568.6279,6960.4223,17844.2047,14522.8333886
2022-09-08 20:00:00,2745708.51122897,1470418.170326,133192.375682,40421.92478,51868.043893,21043.762833,10646.7917,11638.217,13085.9002,18552.1287228
2022-09-09 00:00:00,5915456.63758662,1599367.7229511,220887.475884,57390.93618,234281.692968,84206.2100421,35207.1622,27159.1691,64421.9074,60790.2618019
2022-09-09 04:00:00,17467712.46530412,4399637.71651,278613.129741,60036.69411,178015.061759,164400.8952583,92691.9036,16273.4118,105949.028,36679.1953743
2022-09-09 08:00:00,13937872.95373835,4031977.8273468,175529.694319,31105.63777,117119.276137,151458.5746533,23375.0502,18562.9521,48265.1894,26322.1713472
2022-09-09 12:00:00,11813962.17927222,3823018.3023582,188977.571076,38609.40799,148179.172208,136969.4635408,25102.7408,19337.0391,52276.3342,32385.6126272
2022-09-09 16:00:00,8476140.92211523,2297515.2023371,134891.018134,79760.96394,88558.876288,83461.6315753,22496.1852,32482.2076,16221.7533,62864.2138221
2022-09-09 20:00:00,6076955.81408391,1287304.3147965,75616.302471,31030.68783,91652.577462,125704.9105754,31551.0294,10595.58,31879.5029,16966.7165398
2022-09-10 00:00:00,5504819.22092876,1692446.75026,77028.234943,38434.59095,1058955.166979,46770.3020397,87726.6509,3347.6395,19214.0532,41276.4807172
2022-09-10 04:00:00,7218013.56066967,1437544.931708,46049.980183,55751.33357,307288.381117,237901.0511961,21132.016,12387.4968,17407.5353,25406.3419403
2022-09-10 08:00:00,2076559.09570636,270604.9461001,29491.597509,4649.67958,143220.205183,58622.4418656,13868.0783,3120.7681,4638.0725,19774.2631547
2022-09-10 12:00:00,4029316.70490467,456673.4638403,22386.363327,24225.55479,141910.586818,21561.8331836,16495.1615,5736.1321,2467.9582,77491.212808
2022-09-10 16:00:00,5176919.94644538,808646.3518611,30610.601613,33483.64624,66222.817052,53701.8992951,14980.2089,4180.2224,50025.5557,33590.595513
2022-09-10 20:00:00,6594521.36539092,2752124.0830377,37691.253939,43970.25967,40801.534184,68935.8270254,17865.0357,8357.2396,18104.741,26884.111055
2022-09-11 00:00:00,4083072.29284679,1683813.1083246,45214.307663,54051.45613,78994.540221,29294.1071978,10765.417,11458.7445,4088.0664,30546.6020535
2022-09-11 04:00:00,3462924.35725247,974355.1800013,65067.372318,23792.53228,118323.098467,42143.5807163,23104.0052,8818.2067,18451.17,41218.1767769
2022-09-11 08:00:00,3547786.60373084,911433.9917517,12306.236974,4731.37511,85788.345764,23096.1995678,1353.4406,2336.3819,28260.6602,1360.1008329
2022-09-11 12:00:00,3420288.86920192,1673948.7030274,34916.315394,384857.78936,156217.956758,95588.3445291,11157.0005,9666.4217,5799.3233,47645.2451942
2022-09-11 16:00:00,3185454.86301847,1644274.2547841,130757.955809,29801.58946,64643.492201,15928.9457179,42718.9787,2598.5629,19986.2061,70883.2522439
2022-09-11 20:00:00,7343879.59477096,1788574.9583113,87793.905726,33927.0862,96972.721615,30430.7245114,38787.2717,7566.3645,26958.3811,34641.5954333
2022-09-12 00:00:00,17998786.83858347,4272073.2917214,146779.321507,51771.67554,237269.729046,84320.5296573,155462.5569,15863.4339,151331.7421,77293.9454315
2022-09-12 04:00:00,8777633.81332676,1258454.8408404,57826.85168,38421.61877,82341.518832,37757.1547836,70977.0863,9115.9234,1603.1994,35448.6083954
2022-09-12 08:00:00,14511133.31731904,1019773.0890018,549709.286724,39036.87019,208134.956601,85932.464358,117008.8621,23852.2305,4210.2759,19174.3837201
2022-09-12 12:00:00,9602904.97469262,1580408.67748,232509.894981,32881.06705,151557.102918,113085.8803303,154903.8788,50078.4035,45520.7438,17234.1592965
2022-09-12 16:00:00,7133549.20953992,1357417.7177036,271437.02951,64473.89352,182406.912291,59669.6594743,117822.0536,8177.3541,20932.2514,41417.2455416
2022-09-12 20:00:00,5892067.76945758,1027318.8269714,81145.633852,40182.37556,42237.407271,17944.9435359,37147.8655,23347.1019,9532.0591,10316.3161582
2022-09-13 00:00:00,7557254.79198879,1547292.351586,327406.265456,64667.78727,97301.197836,63026.3430733,42938.097,36964.7915,8014.5045,55466.0467564
2022-09-13 04:00:00,9874968.78527683,1456487.5393813,249511.872776,20322.51015,146294.445507,44445.399727,103892.7058,4474.414,3058.2877,31918.0303845
2022-09-13 08:00:00,11839418.34509332,1456637.152393,146683.24271,45274.15105,41872.26079,40687.2996583,69258.1257,7323.02,4297.503,276679.7282903
2022-09-13 12:00:00,29964474.70549847,9166466.4719107,1096608.683405,251933.1075,770933.176009,156491.1426536,242875.911,76874.5105,87054.0606,396205.1172931
2022-09-13 16:00:00,9395115.89986486,1796920.9371437,187610.24036,42159.84923,373207.068848,56121.0188086,36245.6095,14870.571,15561.7883,87944.0446041
2022-09-13 20:00:00,7985500.67710758,1787962.5391393,164541.993532,42882.08838,73007.710552,132021.9577988,22795.0547,11296.9111,7967.6599,38919.7849302
2022-09-14 00:00:00,8573001.1985644,1463310.8485325,168616.019975,39346.81673,75977.77591,28214.0796315,17077.7944,5056.5687,10837.6073,19392.3098758
2022-09-14 04:00:00,3554200.77427818,702718.4882442,100344.054628,64799.14889,34299.035963,58054.7055331,13757.2052,3184.8653,18848.0838,27929.969738
2022-09-14 08:00:00,6944878.54123962,888062.5604742,95720.823941,24488.02326,84022.431299,85617.3258839,18680.811,5918.3581,11634.4283,10454.5127824
2022-09-14 12:00:00,10546161.32057043,1592228.9228101,192703.441443,55091.01922,209369.764224,41091.1054394,12875.3435,21024.6936,35453.1355,38111.100934
2022-09-14 16:00:00,11684312.34937953,1490872.8146166,122434.365632,54350.32551,237280.238777,56702.8670528,29459.9537,7371.1773,34695.9243,121381.2384243
2022-09-14 20:00:00,6242129.61935223,1561274.1766357,91610.111059,31577.3858,56920.932225,40058.7522466,33935.1604,1812.0785,26639.2222,36454.8707936
2022-09-15 00:00:00,5604831.38666136,3020401.3242614,54361.078992,23369.62434,234573.046538,73023.494795,24603.5871,8565.8211,29127.6922,43786.1152539
2022-09-15 04:00:00,8567137.86216413,7409451.0530429,111854.691925,89075.43044,130488.978347,73314.6480487,49333.1914,6185.376,31821.7936,32228.4915965
2022-09-15 08:00:00,5235623.5730763,2079775.015309,85666.239704,59558.16753,27671.25002,21499.523758,15086.3386,751.6016,21873.8943,32265.8065894
2022-09-15 12:00:00,9571784.51083744,3626670.3399178,134263.477777,72046.90081,178035.162704,48909.6954681,177176.4215,10001.1248,10890.3156,51813.0954913
2022-09-15 16:00:00,3780776.22079794,1807095.4764277,46442.7502,35502.67431,33863.267142,17320.9637705,27475.2887,13575.0059,18320.0167,19731.3237842
2022-09-15 20:00:00,2905650.81035628,1484019.5746896,70747.020592,38088.57233,20097.859572,18659.6335353,21514.9236,6576.0449,20670.7743,8543.9024808
2022-09-16 00:00:00,4041560.10979349,2392971.3929193,52159.383397,110774.52876,50875.430746,56135.2748768,43335.1177,8609.8482,57110.2191,52652.385498
2022-09-16 04:00:00,3441979.71149231,977592.0756895,28127.401134,21652.55531,35583.59497,32691.0943752,7197.2052,3926.551,13392.5991,11254.6854796
2022-09-16 08:00:00,4222932.25997364,923694.0456879,30902.87131,23539.36958,79231.901229,16981.4361598,19782.8606,16182.8093,47964.7946,8880.9514077
2022-09-16 12:00:00,8884609.51380197,2283554.1827825,136212.138979,34399.44967,54290.448601,51185.330211,20442.8633,21768.1137,26966.6721,17644.663344
2022-09-16 16:00:00,7149813.34109407,1626988.7653657,90315.481511,15281.05688,29897.956142,42595.297892,31374.2881,4155.7532,8264.6911,4590.36943
2022-09-16 20:00:00,5238082.20163404,739926.364789,51271.623535,20302.1401,71969.481623,31901.8675468,83614.4081,3717.659,9735.9278,5365.9657533
2022-09-17 00:00:00,3692659.52814172,824286.1220874,58203.341053,25700.52469,144398.66911,31507.1281643,22096.2302,28345.4015,17458.616,7626.6639122
2022-09-17 04:00:00,2068503.8792964,680783.7166243,8762.192618,22796.23366,60107.443837,19730.016802,12676.062,2226.1614,88919.0966,1991.2894025
2022-09-17 08:00:00,1053201.03312681,1010534.5679773,52179.844745,11011.4512,15697.124652,17036.587259,9623.1928,11611.7055,9504.4784,4881.9659573
2022-09-17 12:00:00,2410027.58739023,1419611.6126,32717.712459,15317.90318,116521.849382,57647.8037982,13198.5317,1861.4703,4734.2065,17955.5408905
2022-09-17 16:00:00,5779852.73598035,983616.8293474,83708.414843,28377.30696,35173.952139,64536.9737354,14917.7273,18580.2938,19801.3843,70698.2041971
2022-09-17 20:00:00,3039701.7753034,756361.7495997,34860.287805,13029.43871,61220.111895,42970.3021076,14066.2336,1915.5164,30086.1232,13508.5500726
2022-09-18 00:00:00,2505888.97116712,620263.5256313,25853.880189,23435.44163,114731.225972,32086.7564537,287715.4531,4425.3927,29757.816,8677.586648
2022-09-18 04:00:00,1044858.62108661,550135.0703465,12194.357192,9619.17872,24314.392553,8734.534228,15213.5556,8884.252,9157.3272,13018.2035147
2022-09-18 08:00:00,2469549.62160281,779068.7207581,17790.781713,27987.67364,37785.736901,26129.3636289,6407.6549,3366.3689,9927.4665,10040.7442632
2022-09-18 12:00:00,3314770.94840144,972621.1139654,24849.568786,50844.15051,32998.492018,29728.3264296,7796.2565,17519.4676,1008.2015,22963.7309114
2022-09-18 16:00:00,7970385.46422195,4394157.5006748,61844.303367,90609.84129,54208.460653,78628.5781028,16583.6104,4487.6887,9047.631,50445.4986308
2022-09-18 20:00:00,6247647.38524878,2223088.0355723,171813.960716,137891.52577,331232.117296,239328.5633642,193425.2377,36658.8592,18411.3254,349245.3569539
2022-09-19 00:00:00,10463781.21042358,1697707.661736,111949.744179,42698.56817,277334.231425,109820.2328213,46064.8776,17532.8526,32737.4229,147852.6375286
2022-09-19 04:00:00,8572889.57615688,1071056.9553615,47997.663564,43852.08089,70580.621276,37209.1340176,33661.8914,9300.2627,22666.1735,29328.6914591
2022-09-19 08:00:00,5119473.4530741,597242.6827529,44799.244777,27074.83622,41141.274279,12795.7174197,15216.7846,2376.0854,11509.6496,7517.6806928
2022-09-19 12:00:00,14113972.49931324,1566042.6843121,49052.553677,60118.24024,41539.363691,46585.3440057,39511.4331,7219.9794,7168.5798,8352.1688535
2022-09-19 16:00:00,9175198.9052987,763309.3758328,67192.729546,51894.64699,81348.679194,17229.364751,6709.7526,3219.1223,6744.8517,9724.8345844
2022-09-19 20:00:00,5015626.71391548,691591.8861621,76740.459696,69612.39656,54902.282643,51432.9579293,13550.9742,8535.0475,3941.1226,8766.8387411
2022-09-20 00:00:00,5375058.87826923,695232.1444194,79123.813013,39022.6822,89043.724877,26165.1338201,14310.4481,17863.4444,7646.6615,24133.7399173
2022-09-20 04:00:00,4115254.39076527,931039.2525763,26893.244564,21039.5844,68673.023241,31613.5081392,49547.4554,1771.145,1767.2575,15092.7415908
2022-09-20 08:00:00,3407531.56011935,963838.2451251,43941.18881,13934.91199,15546.658846,24868.4459471,8684.8606,3021.6505,4488.2208,931.9977745
2022-09-20 12:00:00,6210204.30840349,1723582.1776892,54359.931615,46555.74045,98312.458631,49423.0341772,18691.1244,7371.698,12840.9212,7199.08686
2022-09-20 16:00:00,9227499.98489554,2157092.2685954,77150.249468,41805.86197,29198.634528,13179.4763216,15285.9082,4603.9991,21861.1135,51100.0602908
2022-09-20 20:00:00,3512967.07671298,1172813.2093339,42917.717773,22885.72193,44235.685902,15292.3336488,10393.2593,17755.82,13435.9172,51432.7200225
2022-09-21 00:00:00,2702306.36335824,526643.2832169,10899.789706,22955.21814,1083410.64438,36527.4219889,17323.4768,1307.0509,5930.5075,17814.0325194
2022-09-21 04:00:00,3757002.38177463,878982.2389895,21460.098538,15371.41719,83459.537558,15633.0623578,26735.1517,3119.9383,6203.4223,19885.6361054
2022-09-21 08:00:00,2719244.03301076,481927.3188528,15245.335537,17277.21289,17950.902876,1342.6027291,16837.5699,1980.7362,3287.7029,3431.7000107
2022-09-21 12:00:00,7212220.26544166,984644.3185545,135721.486237,42069.69652,79315.777079,11048.8148494,19350.3254,10092.5416,5892.6714,21582.3641086
2022-09-21 16:00:00,55638161.74203181,15111871.2389518,516383.819396,273631.73217,884963.494441,148836.0253548,207191.6461,43686.6856,72847.7723,188229.5251337
2022-09-21 20:00:00,11042859.93977083,3169237.7543243,117396.48945,141650.65638,208998.771665,40895.85975,27519.0936,22336.9972,25208.8635,40901.3408541
2022-09-22 00:00:00,11036895.12532431,980173.3662903,159087.195796,33934.61501,38055.139355,5965.5317416,15263.8655,11806.4239,6075.3916,5645.113797
2022-09-22 04:00:00,11142765.07953027,898730.8953338,62906.981345,95508.28427,45531.614572,4648.0782328,15281.6586,12726.4994,7198.8851,4042.2252793
2022-09-22 08:00:00,13330083.20101491,1670596.8685766,114563.005924,29825.50056,100057.094262,9483.460616,30889.3586,11468.3198,7884.1065,16287.6407462
2022-09-22 12:00:00,13532840.43776315,1476639.0176571,84074.856498,31609.09163,186363.928709,11174.912193,30833.4881,12848.6538,30177.0103,12305.6486689
2022-09-22 16:00:00,12328161.51721568,1661050.6860168,102181.805153,38632.89499,155504.881778,8846.0664671,30961.9817,20280.1217,8426.1665,35430.1548154
2022-09-22 20:00:00,5536211.19805347,1392120.5628235,82209.856,41381.15092,131530.321029,17454.1121074,46328.948,2654.4977,3286.0429,10435.3749148
2022-09-23 00:00:00,4259227.14339382,1113766.0438484,63145.547728,55503.48257,245383.734292,52682.8029398,15236.1512,8479.0815,6992.9172,9880.1726491
2022-09-23 04:00:00,3073360.86141957,919496.9590297,46435.080894,54401.00727,236674.364903,78900.4132232,16578.425,6039.3663,3479.1735,17632.4219152
2022-09-23 08:00:00,6628485.92610535,1194551.2088034,63419.132975,53997.94827,91648.137529,29700.8688716,39446.2044,6497.512,23281.5176,5226.1660138
2022-09-23 12:00:00,17010960.27389182,2410489.5872336,67757.350498,57721.81869,146734.907091,77885.6018325,174665.095,4372.3012,18061.9493,7767.9051689
2022-09-23 16:00:00,11487731.31911691,2405057.01962,146821.708523,97880.51675,81357.157473,160833.8821341,24630.031,2609.6944,8120.6289,42655.785168
2022-09-23 20:00:00,9300428.80612432,1928005.8566395,198394.697782,51660.95974,102050.975346,358437.3958524,17521.3933,5108.4399,39704.5781,35482.7985425
2022-09-24 00:00:00,5979343.33715461,380971.0012059,127848.557009,37735.08169,79564.856533,293101.5297075,16783.6617,6245.2998,17822.1831,26696.3935632
2022-09-24 04:00:00,5013777.56178376,318440.2398811,54664.603018,62585.5257,70570.006609,95892.7613187,5729.899,1311.7314,9084.7256,37128.1494061
2022-09-24 08:00:00,3021721.98548239,233223.4238404,51656.742056,26509.08991,21268.108429,70426.973933,9109.7869,379.5929,42150.3812,21860.2119686
2022-09-24 12:00:00,3359721.90860519,399943.2515909,62948.089728,41626.77628,59509.035749,134739.5046096,9984.8795,1723.2425,2149.2705,9257.3541021
2022-09-24 16:00:00,1943364.94231853,504759.9483054,61583.715842,33286.90603,86592.682521,95864.761453,6332.2657,6437.3758,43900.398,4332.2348641
2022-09-24 20:00:00,4534917.35726446,734339.7797837,76800.09826,31452.38658,52216.28759,65340.4997055,11956.5427,8447.7266,17211.1263,18967.0881968
2022-09-25 00:00:00,3606829.52003156,406019.8199555,12859.705362,23427.92458,23083.968643,32041.3905698,2844.5224,1740.2027,5299.685,7690.6859765
2022-09-25 04:00:00,2636604.76859424,410605.1416807,69766.878136,21919.81495,49857.030869,15090.7646454,8683.2647,1141.1033,26782.4456,16805.7745226
2022-09-25 08:00:00,1520740.32148604,298365.3075161,20062.746429,23083.05726,23986.190302,11113.4136829,3862.7341,1683.9151,11448.0718,9192.7417909
2022-09-25 12:00:00,3864379.63298705,659840.1797441,33959.4994,21131.27662,44406.629324,50546.9719772,16973.8768,2073.6325,36228.3233,6446.7157609
2022-09-25 16:00:00,5841486.7508169,1067574.1580774,40879.995127,22605.82256,154859.561945,52523.7456018,8181.5683,2112.7141,16347.5014,16575.1577199
2022-09-25 20:00:00,4271610.13097002,900067.7403204,42468.239598,28342.92435,79409.186476,36118.634795,12497.9249,5127.8601,25311.7015,8629.2788492
2022-09-26 00:00:00,4976327.2523776,1417301.1875036,70070.855575,17754.68532,52971.459121,11466.033557,6042.2853,7071.3743,14900.2804,7690.626144
2022-09-26 04:00:00,4171380.83161261,936137.7114071,44104.355979,25421.00347,42917.477804,28897.6316745,11288.3596,3010.9206,23106.2518,11664.9811359
2022-09-26 08:00:00,10057860.41459391,1124075.5570865,69655.369195,22445.41224,55712.111161,40892.922956,9165.9227,10957.79,9751.8251,10570.4794303
2022-09-26 12:00:00,10949688.31902104,1882450.8116633,87659.860425,24737.25504,62422.268186,20717.0736282,39432.963,9551.2968,23989.1532,5547.2171848
2022-09-26 16:00:00,9288391.23432834,1594265.9270644,179168.622571,36511.92933,32361.161001,14603.9650244,28609.1132,7570.516,26532.8837,8470.9752544
2022-09-26 20:00:00,4892304.85035511,607375.1256351,130803.370205,25199.02204,42434.77326,52729.9385059,10877.2529,7860.7016,6492.6315,14090.0600503
2022-09-27 00:00:00,25496420.6017711,2534912.1456021,190505.209644,59874.28295,140784.530794,43579.8411504,116870.2198,15129.9483,45162.102,25389.247518
2022-09-27 04:00:00,14654965.32607738,982784.1820884,100098.757375,23778.58648,56968.782618,8452.6082688,39943.329,4853.8093,24229.4757,4400.276222
2022-09-27 08:00:00,11374363.90212502,532045.9361594,50413.915863,14433.29496,24478.177262,7044.8432814,63073.2679,14856.1039,14921.6526,4524.3214833
2022-09-27 12:00:00,24649580.44669183,1214110.3329314,99521.902896,51889.85559,110832.456106,18008.9160091,125330.0298,3902.8813,34249.186,35298.0821941
2022-09-27 16:00:00,17252241.79186791,1511700.7473172,262632.552654,47265.77388,256502.708689,52559.9601589,57264.8438,7837.0759,42662.4142,22089.0507827
2022-09-27 20:00:00,9400607.42571992,612548.4601984,41825.300824,22156.62185,23888.907557,24409.9730867,14275.7131,9173.9496,57725.643,7113.1931844
2022-09-28 00:00:00,15024314.81235115,1237099.0484928,102465.919152,32305.23681,199159.97272,15346.0042851,181538.6347,10365.9884,98102.5496,37479.5183704
2022-09-28 04:00:00,8435447.50273395,577937.6512288,77175.207319,16615.38704,38493.940054,3535.9929919,21866.4405,15742.9411,11767.9424,4259.1085023
2022-09-28 08:00:00,14621362.74077002,1401379.5655317,93870.405363,16506.04704,38944.977454,4009.4761393,11800.6129,3280.0421,28634.3413,8725.5239545
2022-09-28 12:00:00,18483242.01193087,1362637.5710022,189022.047773,36348.45062,25288.833157,11114.756313,10805.084,5300.458,144698.0426,6465.4195216
2022-09-28 16:00:00,13418314.55629208,1462557.6066428,114734.011826,25452.702,80024.898272,15876.7177131,45236.4695,5992.0276,44556.4949,11805.8118256
2022-09-28 20:00:00,6812750.30687024,1283500.1009842,73171.825078,79844.71405,76268.267923,16343.1895975,150454.6652,1484.3437,52213.9841,2629.2476079
2022-09-29 00:00:00,6734286.06605206,673968.6581339,78536.726905,28718.13378,31275.265692,7123.0560916,11007.635,1378.668,15405.5174,2200.9027576
2022-09-29 04:00:00,4892978.25876164,1051767.8680011,41506.790666,135265.75676,45514.272787,11591.2581387,11495.983,1552.3642,10236.2863,8388.455243
2022-09-29 08:00:00,2987461.51461626,717481.4438604,41309.115217,23815.82429,29613.320817,9560.4520441,4942.5926,1703.8855,9366.42,7097.6681124
2022-09-29 12:00:00,15057655.29288681,1760193.042576,207368.992801,32252.92499,46230.277013,8590.7283508,59190.808,19863.9455,33895.572,7826.8626766
2022-09-29 16:00:00,13260762.86977328,834589.2446757,140048.029563,35187.43287,51150.639684,3010.3662651,13700.7493,3093.272,12428.1301,13620.1478983
2022-09-29 20:00:00,3259952.11381478,292242.8028161,81661.203341,20643.15242,31965.169364,8775.7576347,32787.7665,4310.4724,19239.9387,4064.9573333
2022-09-30 00:00:00,7747662.15391812,987661.4252522,101377.211353,58736.77965,47961.721653,18695.9296341,17331.4224,4490.5967,5746.4141,11332.9016229
2022-09-30 04:00:00,4118421.33192184,521188.4904814,23086.679642,39396.11217,14676.827957,16650.1003908,6200.3964,3092.6563,1076.4823,3923.9524189
2022-09-30 08:00:00,4628315.50336434,682615.1461328,77106.272211,42998.0442,22966.034476,7257.0339097,9030.51,2800.1591,4002.6599,907.8383378
2022-09-30 12:00:00,31352224.47576339,3336475.2080045,284523.782876,95029.74303,129297.067163,46518.1384657,63853.1105,6964.6894,50902.9398,22111.4905976
2022-09-30 16:00:00,14097375.0152774,1110728.8551018,133648.708296,27263.97735,50910.779629,54432.627214,21010.8731,10519.3939,10391.2461,4175.9037195
2022-09-30 20:00:00,7358525.47090593,639701.6157871,78403.716104,29316.57581,56334.140235,202861.9964218,29702.9795,2297.4947,22898.8258,14390.5743446
2022-10-01 00:00:00,2393015.64484839,170863.6686337,23482.043149,22534.58731,16150.671653,159853.0515214,3677.3392,9158.3695,6422.2309,1206.5055425
2022-10-01 04:00:00,1353615.07226108,163704.5586293,14289.473119,7888.98354,22827.748015,25240.1572082,2791.7915,8700.2695,525.4958,5351.2749672
2022-10-01 08:00:00,1899023.30287478,120847.4412614,18733.195655,7550.53448,13539.333222,66899.9629415,5070.1087,725.9609,3446.0521,294.6502274
2022-10-01 12:00:00,2906993.14053723,264181.445028,33506.436175,22963.37586,14268.497574,37288.2222042,2591.0422,774.1202,8981.7268,5615.0945805
2022-10-01 16:00:00,2468264.51821834,533607.4377902,52315.706891,30530.86618,26300.38622,77823.7191189,17443.1328,2751.1345,23394.0208,8977.7175915
2022-10-01 20:00:00,1497178.28847031,244233.4072652,15322.786373,20793.39718,11625.025299,21537.060039,14107.531,1592.1229,10158.0682,2817.4572587
2022-10-02 00:00:00,938039.03560143,190466.6211727,18390.389647,24636.446,11904.856404,8159.2360929,5769.7375,9383.6393,8697.0139,2850.2750748
2022-10-02 04:00:00,1622754.26034776,484772.0908353,29036.15925,19974.00762,32497.85896,13229.264225,11572.7709,6256.1979,1762.2734,4725.5184492
2022-10-02 08:00:00,3416988.15285137,751999.0468559,28991.054851,20750.18304,60695.875459,30694.9141413,25150.4121,8423.9661,15279.9567,5527.7267604
2022-10-02 12:00:00,3919642.09185299,406390.2736431,25561.812076,16161.02864,44516.997349,13664.8219684,11889.3123,7373.5999,1722.0591,7658.5586593
2022-10-02 16:00:00,3918783.88841019,403672.2478762,31811.334577,35287.39212,31367.097991,59896.2884344,23804.6541,2516.1323,8882.5108,6015.3419207
2022-10-02 20:00:00,9140746.79678758,1174400.5059174,56510.833016,79577.10456,40567.085211,62366.0242835,10305.5531,5210.5611,17404.2418,8409.0777604
2022-10-03 00:00:00,6103969.99475488,802075.5578109,59096.625032,27567.90848,35124.162057,30240.279519,43771.768,14986.1793,6519.6445,5924.8564471
2022-10-03 04:00:00,8124083.23484093,474203.7676574,70182.126179,14381.18839,23773.286103,27195.2118548,13387.5039,6151.6321,8485.464,3260.3510342
2022-10-03 08:00:00,4519675.12607171,257053.447664,27807.727584,18326.28461,20257.04479,24324.1326049,4670.4704,2882.493,1180.011,2478.1089201
2022-10-03 12:00:00,10564961.69332956,1130060.0358959,102986.79513,42333.258,59872.968248,93983.8996792,7518.0075,14165.8773,6462.7743,20250.871022
2022-10-03 16:00:00,9637515.53935857,655725.690882,109600.574921,43161.68379,42599.220822,35835.1230384,28105.8493,4427.8643,21106.0091,20261.82556
2022-10-03 20:00:00,7168382.88737041,284994.3203944,70938.772397,37278.33319,12729.796607,8091.881662,40598.1599,10406.6948,7617.8563,6443.6739932
2022-10-04 00:00:00,8062109.12456632,264463.8674676,63653.945305,52724.28428,17309.96854,63510.739417,141675.0264,3303.7857,14593.5206,7673.8392148
2022-10-04 04:00:00,8806619.20473116,695273.9185139,160621.732155,34069.90176,39735.821266,45277.0965161,37863.0777,5016.1934,9387.2337,18573.9582015
2022-10-04 08:00:00,10186637.11741205,636268.4422534,78375.248719,32586.47271,31604.502263,11949.3014669,16904.371,4574.2826,7780.28,5323.9139059
2022-10-04 12:00:00,15128832.85313877,777573.7483632,267793.907217,79746.13716,73743.251962,15119.6918868,21240.3532,53789.7017,17933.0529,12492.80722
2022-10-04 16:00:00,11844390.11863451,396020.7900037,100481.843067,49728.5025,35933.105806,399403.4134581,16691.6723,12664.7497,29492.5364,32643.7825566
2022-10-04 20:00:00,10745330.50490655,478708.0812585,95722.901191,53149.04233,24420.745729,128718.724791,13478.5788,4580.134,8749.9822,7062.0463294
2022-10-05 00:00:00,7757844.70434452,225734.6523404,103141.413874,28976.56127,26829.890832,105667.4894055,11104.8665,5005.1839,7905.5931,3507.571606
2022-10-05 04:00:00,5291948.62192346,153149.4298862,47239.154823,20623.79916,16949.57101,35946.5409013,15552.7352,382.8175,7210.7826,3625.5518427
2022-10-05 08:00:00,7470288.52789705,401939.3815411,129217.761006,56682.97353,47656.389128,82686.1449788,25171.1436,17944.7248,6851.3288,5345.0908816
2022-10-05 12:00:00,11680249.63884369,508105.5167313,101068.800818,65269.5444,37506.234129,97275.1827455,71341.5902,3836.4993,33816.4494,7440.4855483
2022-10-05 16:00:00,8365672.7928192,640066.4779434,132470.397709,229925.41765,79322.14527,143375.9537996,29392.4416,26525.7509,13669.2553,5675.0908023
2022-10-05 20:00:00,4921444.62036083,246434.6815711,41769.63426,12046.19416,43739.656921,52863.6691112,5374.8585,3278.4131,8277.6254,3726.3056708
2022-10-06 00:00:00,12007099.90818207,838963.220195,133412.233354,55552.87571,77665.946227,75295.1761268,46506.7886,24472.8827,12524.389,17640.9182392
2022-10-06 04:00:00,8319817.19430893,523041.6499814,75674.744392,47070.18738,27641.692393,45047.8434571,15615.6334,2071.9193,6439.0695,8254.2706892
2022-10-06 08:00:00,5943001.39116686,267574.0941504,38153.427783,8954.46279,40888.78855,22634.3566859,9627.0278,802.7166,2148.5032,4433.5358921
2022-10-06 12:00:00,34074729.38668387,1028348.1189044,156233.486678,50651.90876,74989.087699,47835.5271128,18190.0192,8111.4785,9693.9987,22830.0067408
2022-10-06 16:00:00,46061330.34335999,513240.9068948,123855.257842,55992.37109,36034.897552,44535.597141,20949.7823,14077.6413,2792.0031,21579.3003269
2022-10-06 20:00:00,18706451.60668736,157387.7963889,66087.166101,216565.94852,82350.077881,50007.6014725,11023.6673,2926.4658,6176.6784,5781.9739224
2022-10-07 00:00:00,12285249.0848407,172783.222401,35899.98848,87139.02592,16007.449779,21741.6149421,4577.3568,6562.8154,26304.4532,5239.8547007
2022-10-07 04:00:00,8079855.13702161,119550.7399459,55090.183558,32961.66182,12221.516319,42732.9145695,982.3094,938.3465,11932.5022,5663.9104583
2022-10-07 08:00:00,6495254.04995382,162644.8919306,32480.213072,9564.14234,14127.205459,11673.6243963,6539.5019,238.4641,5454.1575,3264.9294083
2022-10-07 12:00:00,20843894.80045321,1580130.4097104,110756.188456,98571.86981,138382.49276,42511.3233369,64184.5837,37874.7036,24501.231,20032.7945996
2022-10-07 16:00:00,15151420.54724368,391067.352608,52055.926654,101988.53611,52297.956364,124785.4256028,19660.4711,30778.2693,8822.2154,4024.7557034
2022-10-07 20:00:00,5677589.41720702,100736.8097684,27754.251178,20570.63565,8878.449091,28688.108541,3553.9351,2248.6086,4093.1502,2921.7172047
2022-10-08 00:00:00,3229194.9908351,61634.1525996,25826.592688,37594.92926,19707.391048,18818.8243733,420.1012,3440.9945,3984.8558,13958.2119458
2022-10-08 04:00:00,3738318.45345014,129648.2984699,13455.980015,9083.96431,17020.482563,13971.9755402,1219.684,1788.4602,843.2794,2149.7917545
2022-10-08 08:00:00,2414445.53374829,114989.9971661,5045.759549,4048.45246,9533.790937,8145.6933189,1936.9986,2284.5183,1338.6931,314.3134505
2022-10-08 12:00:00,3645140.97148405,114450.2625258,23695.571877,15891.17087,14472.804506,29590.1590411,7838.876,7896.0058,4476.8605,1531.8544582
2022-10-08 16:00:00,2177345.81708851,172056.2978339,21611.99661,26878.55877,19315.1943,14657.5399025,6284.4298,822.2193,3265.5739,1096.5107846
2022-10-08 20:00:00,7193800.2750117,273718.105065,40563.288141,74425.74677,14167.244183,35479.4515124,8795.0995,5057.0626,12319.5589,4038.8724349
2022-10-09 00:00:00,3982455.44380685,131098.6612117,9744.910131,36548.11782,10251.539897,18703.1637921,4566.6634,5697.0374,2160.8309,3272.1888364
2022-10-09 04:00:00,2710555.96867073,80885.4264928,11615.179199,12838.89791,6499.470817,13152.1883904,1485.199,411.507,1115.7128,1814.2539723
2022-10-09 08:00:00,2338107.14584911,150945.9028675,13116.254908,17951.50378,2396.995005,16458.9124185,2996.893,1363.3006,1399.7907,717.5876981
2022-10-09 12:00:00,4223498.96020821,85969.3905472,24801.493922,11775.06687,4874.253027,6710.9647997,1553.0826,6138.4147,3740.8355,23240.7273774
2022-10-09 16:00:00,6026867.72008104,350006.9371256,10974.791994,33861.27846,15521.222487,13613.7891675,4948.121,10831.184,6850.9086,1916.1304059
2022-10-09 20:00:00,7652452.05057559,121317.8642207,35323.314788,10756.80337,34633.632246,14371.8373372,3203.4516,7016.2335,2038.1728,4863.0788904
2022-10-10 00:00:00,5672780.35968061,207443.7978971,40279.425258,14080.8905,13538.819588,5437.8492359,10619.1986,15948.7765,33693.4578,5869.9190795
2022-10-10 04:00:00,3482476.21069263,109886.0963215,17759.916564,5213.06574,11402.096171,18258.6348877,4259.5886,4721.2243,3796.0039,4468.5693342
2022-10-10 08:00:00,10909426.64642857,326910.6474251,58613.955773,45800.55687,112057.664419,76125.6214846,16360.0741,17410.3915,6438.6325,4743.4741445
2022-10-10 12:00:00,10720827.10067296,138338.8913344,83605.772816,19240.9322,34420.748372,19397.4092736,5399.6648,8710.2486,3231.6595,2440.3258559
2022-10-10 16:00:00,9545587.7362688,189821.1471192,152865.953897,56502.86617,28480.321777,9176.2719235,12699.9398,3832.3438,5454.5208,8309.538584
2022-10-10 20:00:00,9213413.06451249,545192.0909023,49821.731221,30739.51089,186260.18734,76674.1288645,41003.2779,4321.6976,32227.51,10464.4587484
2022-10-11 00:00:00,19925481.31105935,912795.0090242,98564.19714,30263.76959,338897.398196,59227.5741027,63516.957,14525.4092,30475.0162,16433.2443967
2022-10-11 04:00:00,9746182.6309267,237044.9371473,42040.201181,11926.37818,87028.900287,6119.2402596,6446.4514,2066.3287,1313.2674,4651.6079505
2022-10-11 08:00:00,8111567.34057194,133329.4168803,21351.663933,17853.86524,34769.573818,11739.3840507,3246.5686,5664.0733,1798.5854,689.2158375
2022-10-11 12:00:00,34398011.86596181,469661.8625099,104196.762823,27463.13399,69927.028365,58235.7310547,28980.3554,18512.5904,9448.947,10537.2575862
2022-10-11 16:00:00,23543681.18866919,340927.0649592,145809.953107,26571.82593,98236.490987,16276.3082555,8649.8428,4561.788,5478.3102,6353.9727462
2022-10-11 20:00:00,5697840.19668443,244273.451025,82730.834886,31987.34983,28889.77304,60670.3299282,5249.9362,2811.1728,6364.9347,5502.5112751
2022-10-12 00:00:00,7610481.78048268,114463.8218886,56661.250488,53422.65676,15970.066241,41200.872521,8866.1386,4318.5202,3834.7896,5634.8590994
2022-10-12 04:00:00,6435966.55575317,61999.7688944,38498.080918,15300.50803,40191.928718,22277.9067226,4652.0274,1148.618,1741.6057,6211.269335
2022-10-12 08:00:00,4604498.64920802,137844.3895401,19711.868414,11621.80189,7003.767796,9878.4075249,3801.0644,1753.9795,535.7553,5850.7067349
2022-10-12 12:00:00,15504385.79944962,535373.6898635,119392.391859,52814.07508,45550.406299,37036.3692864,9582.9764,2384.3817,3998.9675,6070.2407093
2022-10-12 16:00:00,4978233.91203548,226189.2758873,80776.94093,44610.79346,49666.713456,11280.4528524,4213.359,2626.6058,6845.7692,4442.9780829
2022-10-12 20:00:00,2758584.63769533,184732.2604083,32437.723342,23463.70532,109976.178747,33469.0529036,2791.683,3820.4924,1012.9768,783.6448461
2022-10-13 00:00:00,4055180.9935402,215284.1217324,40165.118673,48634.23172,107543.595015,32354.3521348,53627.8244,6984.2521,16317.1438,9261.7700286
2022-10-13 04:00:00,5715398.21405845,590746.1223062,264149.744097,53628.63905,165875.762346,60074.7128506,29487.3507,58740.3973,98426.0257,2820.242136
2022-10-13 08:00:00,13090096.69480489,1162039.9656963,287682.188102,94338.78718,188650.915674,91351.5058361,42620.3161,10017.7466,16248.0443,6350.0002643
2022-10-13 12:00:00,52762810.06640587,2020675.3685347,454718.441269,180007.82885,430016.640152,135894.5889916,135658.8612,25968.9367,44317.9459,39072.0183358
2022-10-13 16:00:00,35263557.93187934,537870.5205533,109542.560678,49634.65271,126415.204695,119439.3081497,31763.2082,9146.3174,22507.4821,4312.6956828
2022-10-13 20:00:00,11516696.35613401,177449.4929716,21830.746302,32746.91402,47261.501596,80816.5808501,2173.8317,5794.9809,8672.3714,3371.6997014
2022-10-14 00:00:00,17888842.38277082,2243931.3097483,153820.708981,46944.44186,59211.675204,42727.8383532,24567.8976,47492.6339,18663.7802,6245.4758412
2022-10-14 04:00:00,8601914.11467012,194264.8703909,56390.871147,33361.03013,46326.447373,66764.9570539,11912.0249,4985.8646,5867.047,2995.4069304
2022-10-14 08:00:00,10923896.31147238,216655.2807764,49654.676551,14406.73184,14539.221414,44235.8311625,2716.3549,3964.4324,4478.6749,2215.521704
2022-10-14 12:00:00,32320458.76995748,768809.4362694,130080.666015,56478.1046,85916.50731,40791.9461775,11856.5969,5838.0141,18601.1404,5187.9317668
2022-10-14 16:00:00,16218926.5211724,416159.3446889,83847.892197,38922.14374,60487.794482,36994.4174959,11987.5837,11752.5579,11749.6659,2788.4602398
2022-10-14 20:00:00,3275510.18396385,57414.1080418,25594.496625,22461.52685,160379.858309,23141.9480796,10554.5253,7752.2838,6175.8865,2019.548763
2022-10-15 00:00:00,2293562.40001093,59601.94243,29231.752097,52379.5506,43136.596057,31133.8624838,8109.7062,1532.9051,374.4539,1812.1540186
2022-10-15 04:00:00,1356494.35986992,77747.808039,11595.040206,11808.57211,17088.51393,7729.5603068,2971.7737,495.5057,2732.4901,817.5352761
2022-10-15 08:00:00,2257263.58159153,204909.831992,38097.246679,9026.32289,35298.080614,43876.0789077,2265.0442,771.6177,1358.0137,883.9757807
2022-10-15 12:00:00,1555691.71245855,79171.9654224,19544.162859,18493.31967,32060.605357,49761.5435963,4039.3743,876.2037,4109.1458,1195.2114667
2022-10-15 16:00:00,1617716.9437636,84841.8795652,13762.158675,15775.47017,19535.318467,13288.6693817,1675.8585,4621.2399,4867.6999,16891.8262338
2022-10-15 20:00:00,2437520.38304629,385084.4121207,24656.66417,32434.46113,39059.928664,17742.6346583,4883.1815,566.5489,1965.4692,6455.9691534
2022-10-16 00:00:00,1330267.99830035,101019.3068095,14336.890159,28029.98465,8091.09815,14548.1397914,2976.9045,3212.5232,5384.9757,28459.3288515
2022-10-16 04:00:00,732108.9354586,58933.0624911,6310.198972,7827.60149,9640.136848,3059.7494741,4269.6604,1864.1605,6623.669,1892.2551176
2022-10-16 08:00:00,547916.28747208,37249.2437316,9307.624825,12377.54506,49988.958212,1934.5869574,2971.3139,5862.0826,8874.8796,677.9946187
2022-10-16 12:00:00,344478.1624411,71010.6506083,6771.924917,13306.91382,19847.433198,2006.8298377,3664.6399,1218.378,974.6194,1176.69971
2022-10-16 16:00:00,1872687.87157883,218352.5396236,23372.195322,34798.93705,56019.539133,6942.3478161,7750.4879,2561.9157,6557.16,2963.6401036
2022-10-16 20:00:00,9567826.50847622,374481.3502143,63441.076932,29015.86668,28715.6842,4302.9932768,14053.8958,14762.4226,8720.676,12614.1875764
2022-10-17 00:00:00,5385176.9031179,173171.3609999,103101.937299,33542.87088,31516.944335,4507.1692155,8771.9042,3120.2506,3887.1145,2343.0274064
2022-10-17 04:00:00,5146133.99638267,107005.8779243,36968.109351,24423.58159,22592.264586,3582.4717955,2097.5291,3246.369,4378.0622,537.2104784
2022-10-17 08:00:00,9327726.31153748,413655.2767713,53057.496136,44485.15156,20364.022517,4091.7391482,8846.0617,237.9832,13603.0149,1305.9298807
2022-10-17 12:00:00,31066454.97396096,369812.9906833,107438.651989,22142.47113,50431.250914,4104.4348154,9452.8628,6225.0737,10150.6259,1192.632721
2022-10-17 16:00:00,17627592.02671957,215780.7184561,115091.263856,19319.76763,88232.371967,4631.3506419,8098.7306,1330.1835,6676.5067,3771.7704739
2022-10-17 20:00:00,9533411.10629606,158329.126695,129874.810526,45634.691,59291.664006,4415.3741109,10495.5527,8452.3131,9145.3009,1666.1486638
2022-10-18 00:00:00,11312505.77325166,241485.2987982,122548.09805,73072.61211,94466.678209,10269.9055424,6641.8054,3361.2071,5677.6863,2552.5980548
2022-10-18 04:00:00,8334361.41076925,185512.8726235,46007.001162,18163.2393,68227.068959,7692.1618878,6351.9837,5698.9204,3919.2025,1090.2502721
2022-10-18 08:00:00,9667747.102976,171378.9360043,72085.78148,11684.15211,57264.860529,3303.239194,13661.9937,3902.4276,5270.4089,507.3722071
2022-10-18 12:00:00,21438421.12170196,598973.8726117,146567.418488,34128.19806,77180.528044,60593.2877723,9068.6641,2363.1498,3056.5095,2749.2640212
2022-10-18 16:00:00,19042438.46801072,390271.7519593,120488.294978,48307.25604,85425.090913,68781.7133951,17421.8268,1505.7725,10717.5363,6888.4763367
2022-10-18 20:00:00,8141775.46348448,211123.8126668,55791.161865,20597.23328,43875.567569,16035.1457007,8280.4762,4829.7002,2578.5407,6060.1839527
2022-10-19 00:00:00,5941725.42833714,428864.0594711,43502.558139,26703.80655,93915.927534,15096.0586573,8214.8704,4095.2259,6438.4897,5068.273647
2022-10-19 04:00:00,6803207.59773839,169012.0901419,53651.603224,8286.30196,47107.860901,19733.8096961,18940.0821,1724.0276,864.9289,3156.7328617
2022-10-19 08:00:00,7640953.30441531,68224.4503089,67913.696734,20959.35636,95549.61193,7816.0354287,5055.0578,1929.5972,4714.2911,1202.2945949
2022-10-19 12:00:00,19052892.77818328,219186.4420607,148557.791339,40533.09273,93356.711414,14889.6240903,15829.9731,1129.4119,8244.0369,2513.2085312
2022-10-19 16:00:00,8931558.11279756,241530.6338953,56144.159639,42939.51776,78913.915437,63464.7779697,10498.0097,7437.1308,3737.4451,1794.4602578
2022-10-19 20:00:00,6037425.83294976,239927.3889397,106902.666338,29189.95599,57024.771989,49378.7683195,124781.0606,3829.7592,9912.485,4617.9502649
2022-10-20 00:00:00,11709911.60997062,370838.6892263,100918.771515,26320.68759,73198.177113,9213.0871204,51148.2695,9825.6347,7538.3405,3495.6878647
2022-10-20 04:00:00,9782941.00484815,130690.2778452,78208.900157,31122.44077,41991.758759,4228.9796645,61375.6036,411.0163,5279.737,3492.4806764
2022-10-20 08:00:00,6871907.8553739,178018.082913,38321.712345,14392.96243,46889.943879,7010.2562532,22761.0972,2995.7038,1142.9985,926.7602385
2022-10-20 12:00:00,19220479.06903114,302518.3653704,86160.205473,22413.98241,62965.227046,4866.8844468,15426.3638,3219.4129,4208.8545,16086.325462
2022-10-20 16:00:00,14462517.63103097,459454.1829852,125818.891756,21744.53404,259662.96762,31526.0136963,44021.7572,10482.6086,29410.1349,6989.7621658
2022-10-20 20:00:00,6868186.51225328,500271.0117356,70632.465927,20815.03174,174945.539664,40377.5320399,14462.8237,9122.2144,3036.8768,4569.6191943
2022-10-21 00:00:00,4783841.14782392,279731.2114312,83837.754075,41759.60372,118435.010371,14133.6231896,27250.4314,3408.0045,3899.4686,3331.6678749
2022-10-21 04:00:00,3076587.54856353,83102.7468463,30244.665661,34985.57971,51185.899224,7992.3969518,48745.0361,3841.6312,6004.69,2050.9400111
2022-10-21 08:00:00,7716621.64855618,198137.9106166,144872.0274,18067.44705,160904.218814,22073.388672,13785.8797,4735.9813,10657.1148,6769.6658079
2022-10-21 12:00:00,38375409.24946446,972277.2928909,279065.780896,43090.41067,186122.68692,25846.2462301,32022.6904,6096.3837,8228.0937,10206.7127899
2022-10-21 16:00:00,12923387.44038525,191535.4992765,98845.582835,33730.23081,114683.524276,6510.3156598,30661.2954,20402.7096,11459.4047,7099.4248319
2022-10-21 20:00:00,2842996.32433077,67231.9716172,36100.449624,10441.27588,52099.69878,26425.207591,37593.3609,2356.6707,2307.9025,8168.2389848
2022-10-22 00:00:00,1384327.28317136,101166.8904147,27020.310636,14752.62375,72064.146634,19952.8323209,20272.6545,5872.9513,5085.5112,3779.9981859
2022-10-22 04:00:00,587296.03555255,29425.1138076,29738.519497,12295.69285,70123.42384,8777.5874732,7689.8355,7009.8572,3067.7225,5827.2605057
2022-10-22 08:00:00,698671.79213323,46865.6500656,25357.018338,14804.47937,114604.977478,6363.3852538,7164.9672,521.03,719.9657,8346.5880947
2022-10-22 12:00:00,2076115.55072286,212708.9303695,33374.524644,15482.7181,79973.410608,31088.0435312,24692.3331,1002.9778,12312.7354,10345.601692
2022-10-22 16:00:00,1761895.54559528,94199.7756722,35420.973564,11317.97549,98937.202914,15657.1272634,9570.3043,285.4219,5895.5672,2491.1649691
2022-10-22 20:00:00,1228679.71817157,99079.9213999,27823.014412,28481.23005,105623.300762,22694.8920802,7164.5003,613.985,5050.5822,6335.0155257
2022-10-23 00:00:00,889904.66958662,185232.1599529,50176.77521,12167.64926,139166.283545,9515.9567505,16196.3458,999.6914,11901.2254,6715.244393
2022-10-23 04:00:00,1019222.24860751,61377.8012414,28774.967393,28211.98942,50957.308151,4225.6287346,32605.6134,530.978,3802.9152,2301.369472
2022-10-23 08:00:00,570314.08750761,74636.829881,36837.16583,5310.75638,50097.46999,5516.5951037,3073.0975,1268.0193,2618.6846,7392.6034847
2022-10-23 12:00:00,2073612.79712765,84664.6849221,33586.802409,14530.04296,61669.737524,7311.5776102,5479.4927,2030.7207,8496.9895,9045.4127322
2022-10-23 16:00:00,9376103.61875405,289854.3534394,142894.669723,53416.38207,82598.844845,10053.9293406,15459.6391,7173.2419,25031.2907,10046.8395002
2022-10-23 20:00:00,10601525.45400024,578544.2615772,108722.737215,28663.00097,122751.845869,55676.9849434,39013.7702,1710.544,16483.5231,7558.0468
2022-10-24 00:00:00,13664385.97474284,870347.6103562,130057.806029,17632.85769,65187.708874,23760.0188327,19026.267,6686.326,11383.6498,8887.7329073
2022-10-24 04:00:00,10484379.97398311,272614.4036709,67255.192827,3505.13505,118462.420728,12064.3533221,16312.2376,1050.959,1426.2791,5274.4119831
2022-10-24 08:00:00,9044314.1623318,234375.0714344,64068.620795,6853.18203,120978.288693,6699.768257,8601.6854,1779.2764,11035.131,526.7232315
2022-10-24 12:00:00,21666562.15626697,707766.4457505,229550.506159,47627.50199,91429.6639,23362.292514,16800.0764,6402.5827,9384.1647,5077.7921421
2022-10-24 16:00:00,5832171.19188583,171762.4882136,48261.677721,19686.71349,59265.302938,22423.2018241,7519.6671,4114.3402,6557.9143,1227.6803616
2022-10-24 20:00:00,3422430.4139989,273486.4595661,23570.118882,19191.98795,189068.834755,15387.475068,7557.5713,1156.9364,5993.1271,1793.387156
2022-10-25 00:00:00,3643311.87896434,143291.4618427,52316.843979,32132.06622,97251.065222,40318.8292557,11516.6307,6382.7409,7976.848,2018.9531153
2022-10-25 04:00:00,2242755.25383002,91451.2928949,58087.066459,11354.28681,84913.812409,25888.1085402,7158.5422,5614.5101,2419.9199,387.9219884
2022-10-25 08:00:00,3868919.29718449,110271.7325655,71294.023745,5599.37454,107539.421897,18779.7111735,4834.3974,629.2359,1133.527,88.9325919
2022-10-25 12:00:00,24343951.76479688,1631856.8067428,342448.759674,46343.00822,224232.58064,79570.0845569,40617.23,2835.4927,31625.0745,3262.1344048
2022-10-25 16:00:00,59126198.86847285,5318153.7022424,534144.620446,81068.14197,1002980.446679,274728.3830577,108126.0465,28559.6957,57495.0656,24397.2275113
2022-10-25 20:00:00,23167420.08564557,2503660.1707809,196267.075037,23859.03359,356154.220305,70239.1681371,39780.5578,9634.3799,9969.0132,12563.0381806
2022-10-26 00:00:00,16383261.29243169,1505512.057688,132160.678246,26636.11201,274404.953694,105279.2396492,44539.5379,2128.2041,9299.5557,1943.3248178
2022-10-26 04:00:00,14924545.92248195,1174792.975883,120891.083227,4945.31815,131569.214296,84247.5771624,25885.5729,2193.6216,10751.9689,5467.5607822
2022-10-26 08:00:00,30543488.8087537,1494221.4000726,89005.775239,22903.29143,176819.120872,108311.6087185,55664.6267,7182.7293,14785.9725,5625.3071575
2022-10-26 12:00:00,59466584.88746736,3630478.6558813,201272.363751,41532.14324,419664.904781,192990.8076798,56480.8628,23965.6436,21069.9878,4257.6442744
2022-10-26 16:00:00,27701813.88173008,1513476.3812619,141409.864462,35274.20579,134370.654059,387461.3642262,34105.9469,25594.0546,20007.7769,10854.968885
2022-10-26 20:00:00,18009737.04555268,1722280.6038571,162475.11312,81071.36518,94461.053659,206244.0260548,22691.0222,9233.8824,14121.9404,11529.676852
2022-10-27 00:00:00,15581521.19314582,1804663.8486933,99342.725942,47920.09933,99173.033448,500909.5880675,34243.4646,3076.695,7863.1148,6716.8744694
2022-10-27 04:00:00,10193552.56399818,423854.4453711,154955.155723,31658.29438,134895.373953,494975.0506187,55198.3853,5906.8916,9137.4274,2415.5361339
2022-10-27 08:00:00,15572290.42341194,1133955.5104399,100301.695006,48148.76209,57855.741664,138899.9756727,27621.0702,8350.3041,6616.0897,15533.9395763
2022-10-27 12:00:00,39614279.2981344,3334571.3625384,199666.565887,36835.43227,198676.034686,168703.9663125,83158.7565,4863.0544,9908.12,3971.1014613
2022-10-27 16:00:00,12035429.50092917,651060.3283155,90872.883768,34892.08926,117580.397403,373718.4527176,23725.3607,1668.1113,4082.6337,6370.1705413
2022-10-27 20:00:00,21955841.14297859,2907317.553079,171754.969178,55892.79323,202271.467644,370259.0073562,25674.0098,5248.6281,12964.8253,8384.6410637
2022-10-28 00:00:00,16731339.63276582,1627104.2992482,144251.09069,27397.25791,170320.515025,398309.9588585,22394.9973,8330.3078,5178.4428,7823.7136461
2022-10-28 04:00:00,9684657.95919266,957906.1809361,139035.739544,20099.13481,95921.560292,198924.6163418,13188.341,1475.8653,8552.7299,3771.7717041
2022-10-28 08:00:00,15908800.22307224,1027634.6455398,114215.193109,18848.03045,55249.599011,870037.1724422,53578.8491,1492.0525,962.242,2240.6963683
2022-10-28 12:00:00,42409982.3116591,3539937.7092653,301016.027335,93638.21493,212742.136425,767471.3027234,104828.5706,2041.5727,15730.2567,6411.514803
2022-10-28 16:00:00,22656607.72792324,2152653.5698057,223787.08448,84067.12649,123129.281453,1168487.197756,45504.6115,12085.2971,13072.7585,3439.688526
2022-10-28 20:00:00,5094028.07079014,899959.5850617,113668.058608,36863.08315,108954.557617,466861.298683,53618.9059,2685.0458,3554.6086,6545.6354661
2022-10-29 00:00:00,5684538.99823758,1055803.4057493,70508.951813,45053.25728,74256.256476,759550.5860175,48203.0864,5485.3737,13756.2203,1726.8013263
2022-10-29 04:00:00,5551474.81474967,1326566.4369813,146166.974627,37074.49173,68372.537434,713931.73822,28351.2217,6668.6262,9011.1867,4353.0900464
2022-10-29 08:00:00,15799350.7052682,2335173.7192491,174552.876386,47638.90769,121773.5839,3559148.0714424,66158.9967,1939.3033,21818.4266,21441.0491553
2022-10-29 12:00:00,13677892.64613857,2479807.4184087,76992.384594,34780.69915,62693.816798,7133912.6214005,39477.9066,4649.9504,13163.5248,7376.5698916
2022-10-29 16:00:00,14399815.84407378,3237398.5073771,135618.949604,91687.015,561395.257119,10055773.3296421,51734.3374,15354.9445,42204.3432,13002.8921844
2022-10-29 20:00:00,6415350.3145245,949253.8269643,50258.290061,56230.26776,104382.674768,3546433.9131045,24142.5681,14100.7156,30816.8201,9309.0026013
2022-10-30 00:00:00,3751322.59607705,454831.3041857,49816.614191,36558.71624,62636.005837,2999722.5829524,8305.8368,8003.074,89655.914,12416.4119049
2022-10-30 04:00:00,6533914.12359906,693070.2954928,91443.28046,93272.84812,110399.789332,4103344.1401753,132622.0763,5165.5529,9649.9092,6075.145271
2022-10-30 08:00:00,7824936.44970326,1066663.269843,72897.454807,125252.39195,138155.251115,3695763.4470795,85356.8943,26328.7082,15657.8655,3388.0662318
2022-10-30 12:00:00,8783223.12844667,1272183.4309999,35173.720263,42622.59952,94636.377399,3719440.2308078,187282.1835,6040.0928,25086.8004,2140.9892592
2022-10-30 16:00:00,6921574.5391327,796013.758387,51516.594852,134888.96243,61765.441175,2431005.5538406,20925.7769,2332.4226,26258.9657,12540.0322618
2022-10-30 20:00:00,4973418.46844413,363848.300559,141985.002677,55331.69694,47302.671308,1217778.0266103,21535.3093,11255.512,50698.4186,6242.6404666
2022-10-31 00:00:00,6925998.88189111,1071593.1218869,83467.530314,44584.77785,149684.842246,2571259.2815919,80275.9592,15712.6751,61978.4046,5225.8770238
2022-10-31 04:00:00,3814294.14562496,363149.4610411,73652.910978,14240.71612,33354.030045,2191108.7511964,61748.4646,5172.6458,37871.1718,1614.7686528
2022-10-31 08:00:00,8827433.61173434,1141935.9459602,171137.032212,533448.7526,227070.412177,3414564.7494989,141134.2324,12123.0406,33211.6667,4526.8222796
2022-10-31 12:00:00,23712848.23036639,2523364.4653122,199128.439404,295896.48824,221113.555492,3386135.1790009,132838.6432,18410.8851,80015.1526,11324.3147822
2022-10-31 16:00:00,12834559.03810175,1320596.9245813,90298.943703,71028.83988,53966.99364,3561347.8735776,38057.2069,12235.1914,24143.9378,3298.0378779
2022-10-31 20:00:00,7220357.59004273,948730.6690902,75681.590673,51779.71994,29888.243356,764174.0565077,46235.4528,7525.8733,61460.6416,3691.7185629
2022-11-01 00:00:00,7218636.79751793,860587.6113734,83711.180804,95914.55875,84135.185867,2393280.0581696,87907.8339,7214.9485,26576.0218,2074.1134994
2022-11-01 04:00:00,5321119.50785633,634577.7992421,65664.653909,108589.04969,84474.329732,6733049.2183382,60611.9799,5372.4862,15304.1183,10281.1531294
2022-11-01 08:00:00,11326121.6115135,1156398.898001,118798.197171,20885.82039,93690.372715,11186480.4918999,17868.0139,45922.8011,11975.098,7271.4683391
2022-11-01 12:00:00,21100666.3697988,964724.4113333,100808.229317,147342.08529,137807.525009,9623904.4993997,35630.581,66229.7755,15416.5079,9501.7524991
2022-11-01 16:00:00,10000125.78659978,370106.8870041,104945.781079,47359.25838,79376.797913,6428533.264874,41887.3873,9803.3028,5091.5446,4124.5070759
2022-11-01 20:00:00,4359933.6632992,273431.8985789,115221.894777,30958.63322,59898.401378,2580930.9663783,31973.1178,23994.8914,10222.5642,6110.515083
2022-11-02 00:00:00,17484323.32152133,963386.3296499,173369.104117,29736.28875,226782.093547,5705874.2535221,44861.5054,76357.8352,59722.5174,5757.8940782
2022-11-02 04:00:00,13194936.48753966,1428119.0925059,114170.356264,92392.24419,116293.121872,7458568.4193447,32909.8039,99684.9196,46620.2864,4320.091059
2022-11-02 08:00:00,8370667.79280369,859022.1071236,133212.298984,27157.23235,198590.582404,6273920.627271,72104.0863,29682.064,15472.6584,326032.3900039
2022-11-02 12:00:00,6776546.92474391,549354.4221454,80062.175223,57713.76191,81906.982725,3047377.425511,62793.0087,10983.5801,8516.8296,121340.5826396
2022-11-02 16:00:00,61951220.18378268,7302193.9450699,454066.00222,272211.28733,885848.7447,7989908.7248607,265053.8258,29698.1153,63115.8707,98505.8871069
2022-11-02 20:00:00,11259735.7775652,1156461.2301937,115329.719147,39020.90853,148982.588773,3353619.1158702,124922.3162,8160.1236,20468.298,76373.0694009
2022-11-03 00:00:00,17497919.97399184,1967133.5873261,188036.604363,57212.00596,118759.141781,4951213.151046,80383.665,119080.0327,70544.8945,228708.0221605
2022-11-03 04:00:00,15841364.50752652,936708.153925,173975.940859,248463.31001,86139.310999,2968107.2075469,32803.9667,71976.0313,118713.5291,41929.7478967
2022-11-03 08:00:00,9487050.84291091,745649.693826,145070.496691,114071.77242,74103.214463,4849769.7243087,78153.0503,120408.5052,115173.5683,31674.351673
2022-11-03 12:00:00,25206321.47764573,843072.6552641,174525.631063,41250.65868,163682.252618,2905289.8304731,41908.3118,231127.1814,164562.4201,24428.0729659
2022-11-03 16:00:00,17017638.40725871,361431.791507,59482.137639,47372.27232,58701.737624,1873559.5780644,21772.7332,22585.8193,78559.0676,21614.9941131
2022-11-03 20:00:00,11055914.74661776,763237.0047909,35427.972976,92958.25802,94898.87799,2583704.6503032,32571.557,82820.5101,10461.9222,11689.4344649
2022-11-04 00:00:00,13792155.05829295,669801.3121784,142716.08431,233882.36789,544568.059448,5933558.7026007,82332.0736,115920.9719,84965.3532,36137.0678909
2022-11-04 04:00:00,18540590.00173784,1138006.7687283,157893.914209,93595.43592,206657.706447,4913368.2479367,86833.1301,63492.5424,175509.3825,63322.3982829
2022-11-04 08:00:00,12203089.32557231,870711.2352531,156337.064441,154043.05081,153328.516592,3642517.7022217,49675.38,47298.8333,68101.1813,103749.0308655
2022-11-04 12:00:00,54906994.93789676,3704292.2683912,413240.447047,161313.42387,382312.524977,6878407.6091154,226356.4385,370889.1391,182495.265,210336.1559898
2022-11-04 16:00:00,30909395.0453954,1973787.0076593,157767.671214,91191.30092,244923.155127,2970832.8291817,65483.3242,235869.0033,113359.1378,32078.6067006
2022-11-04 20:00:00,10004504.31001607,858097.3568071,145622.755712,37182.94261,124950.995145,1295415.3774076,25718.234,167432.9266,89660.8179,22564.4526916
2022-11-05 00:00:00,12992061.90562055,889702.5854834,267534.195766,83050.3663,299991.978297,1740182.6411689,424874.2057,485645.5974,97144.8773,37407.2312056
2022-11-05 04:00:00,4249404.22830859,371538.1973279,197756.670857,120134.51292,128370.769063,2813104.6975408,87336.6752,94399.3425,48892.6182,56075.1006168
2022-11-05 08:00:00,7702841.9877827,414212.6632086,154229.737383,42840.70819,115075.688251,2234248.411085,47619.9421,204390.2444,67072.9588,129067.5809333
2022-11-05 12:00:00,5929913.75311369,630113.7966923,1054285.462995,119963.18107,232866.519882,2127981.6428358,191898.3493,101997.5832,74778.9747,59254.5892806
2022-11-05 16:00:00,3538740.32947911,492022.2058126,1076495.885326,98987.57785,213538.245749,1541997.4089272,296726.6158,103082.5859,112876.2376,30869.5616312
2022-11-05 20:00:00,2770063.35474454,389986.8135629,277200.325785,44131.1213,98441.491454,980963.2809778,95174.9208,62193.1159,55476.8233,15712.6857617
2022-11-06 00:00:00,5798841.73547967,679052.2848312,301092.770206,46178.72337,110548.395952,1730927.9897516,62718.755,184395.8778,86968.2658,64132.5054403
2022-11-06 04:00:00,2990230.26535579,131931.0108335,162937.75241,135636.79016,106196.087002,1003671.2113739,73965.4277,92878.2919,20330.2262,41846.095121
2022-11-06 08:00:00,3807775.99412812,421998.7231432,68648.853873,27215.92613,66563.997039,628771.917539,35235.5839,116316.9122,17862.9749,7530.9765482
2022-11-06 12:00:00,3532636.96837384,258563.5818576,147409.36805,41924.293,70326.283935,885925.7791332,18786.5634,87417.4683,73878.8236,4679.0004328
2022-11-06 16:00:00,5638468.22711554,905509.4254286,306677.562921,140005.53199,233520.765211,1542168.5518546,62302.2248,233449.4072,75614.4992,55687.0989627
2022-11-06 20:00:00,7984901.75847867,1129488.3968235,277044.56625,114454.71079,267095.028334,1887266.809284,74159.9415,138855.3414,78493.6459,32628.4677511
2022-11-07 00:00:00,15271133.68202564,1295622.7200579,296609.30056,174093.11255,221981.120764,1647847.8399405,42182.6917,201098.7026,104953.8484,145957.201103
2022-11-07 04:00:00,10402867.18594096,1220987.8254269,357573.079303,146942.7963,181353.860318,1112353.754985,125671.6132,98905.5658,59000.486,41919.1105103
2022-11-07 08:00:00,8481675.62712658,872024.0037168,158444.505489,82093.30338,168952.613224,768167.3884575,60192.5552,64034.0352,15106.7057,57601.0959938
2022-11-07 12:00:00,18143367.67369139,678476.7903336,380662.247479,52613.23094,90397.378667,852590.8474185,56543.2452,237302.6399,95796.7883,23136.5452545
2022-11-07 16:00:00,14545087.50714257,617971.8706539,469438.649073,269628.78599,118890.426435,780068.0167066,35717.6431,378999.5267,152463.2335,43370.6942267
2022-11-07 20:00:00,13135937.35116272,1169882.8654273,612645.636782,88115.50985,135339.387396,1549861.9603638,150710.3453,271807.8939,230799.0382,15766.5029389
2022-11-08 00:00:00,15760008.51145581,1511165.1328541,576895.735355,392216.64101,273836.804589,2102481.9860035,368786.9154,583702.0066,309120.4308,38495.3650028
2022-11-08 04:00:00,36197695.69586213,2800285.7807678,959075.081682,939961.57828,585015.925603,3077219.0202436,453546.3915,608371.5789,326387.8527,89228.8236829
2022-11-08 08:00:00,15724788.25126307,487585.5003823,219968.272586,319332.3539,155155.04831,1423882.4734093,117460.7154,344445.877,204528.8648,24087.738284
2022-11-08 12:00:00,32192409.09603205,1596169.1600707,271638.643186,159776.49128,278443.68069,2459245.729252,153235.9157,477024.4499,148661.9139,17278.2621628
2022-11-08 16:00:00,110334945.79345451,24516679.7346646,2143052.997912,10058821.95886,2044841.227215,5976922.0117046,1709746.7668,1277481.5783,726687.2282,611086.8353245
2022-11-08 20:00:00,16365292.26019457,5141199.6441424,909924.374975,1237072.91288,268703.912658,1234515.1011367,707550.1184,557499.7798,145592.4344,92011.2801503
2022-11-09 00:00:00,19848119.10581459,1025468.0149963,1458521.579301,496768.04784,650560.327357,2232294.0578032,186098.0889,455855.4845,133684.1052,50693.6666189
2022-11-09 04:00:00,13573046.08906291,2372486.3014178,2320750.264456,505342.75244,462208.08803,1897245.3932466,211814.0175,356085.867,66902.5728,14389.0854421
2022-11-09 08:00:00,25267469.86750604,3575958.1288789,1752875.883844,502220.79805,829136.951102,2727355.886599,542672.8214,1373594.9188,260324.8757,68205.9570335
2022-11-09 12:00:00,30551758.58857549,2219165.0770953,1585831.997737,367664.72355,980513.628284,5102879.6574433,663710.0589,663287.1799,156811.2215,77765.848673
2022-11-09 16:00:00,20505245.52452863,2171467.4257248,1380711.351303,310943.17974,431004.065945,1090334.3788001,237777.3166,232183.1008,105392.6289,48356.1305312
2022-11-09 20:00:00,8819692.18575399,3066520.6637999,840770.629864,549372.22424,473742.772997,1226380.3928863,374871.4593,588645.3179,215412.2662,119674.7311253
2022-11-10 00:00:00,9946086.68197475,833047.9366052,1053788.486465,437333.63293,448255.990227,304580.9857624,43718.5261,227994.82,81335.9402,34230.3835082
2022-11-10 04:00:00,6256361.23260515,441165.0955511,747672.818608,276145.72047,203192.55296,414435.6034286,142917.2863,181711.9138,96995.2292,8655.2322528
2022-11-10 08:00:00,1989854.33183951,611364.822053,622139.065533,394532.43805,178816.75294,713322.4260748,270407.2434,53868.1888,123955.5839,135106.8522834
2022-11-10 12:00:00,8916105.28817427,3219535.8870773,1411945.081104,700283.61341,483691.428372,1406992.4986404,674192.5657,165598.2681,284354.8835,432968.9168537
2022-11-10 16:00:00,11390974.56807353,1532512.2394249,789109.876189,117240.01888,199640.797323,771600.7284964,255086.3603,107151.3569,157007.8477,47272.4623926
2022-11-10 20:00:00,11840574.85003756,589354.3243999,453402.963894,69424.84087,96466.409331,439247.2610993,29749.2921,62149.1022,35921.6463,19651.6788803
2022-11-11 00:00:00,13607322.35801149,570598.7374296,520543.428783,162222.14982,111132.870526,571146.4470986,37719.4535,63815.7606,68100.3802,54712.3634618
2022-11-11 04:00:00,4605832.34496194,2328644.3348105,202882.991043,44112.9173,33584.771836,75088.4000052,11440.0007,26760.8644,11348.4949,29584.7280591
2022-11-11 08:00:00,3267945.26226748,274124.8765118,111400.519105,24135.45074,11087.963032,75749.7000178,10894.2936,6095.7087,21578.4151,28817.8605893
2022-11-11 12:00:00,12116722.33717676,1411183.2465151,853023.506828,169778.94865,129086.152613,430494.5791887,56604.6704,121182.804,91688.7587,79711.6609037
2022-11-11 16:00:00,4651640.68303722,458354.7551926,186878.901257,110863.8847,110737.935849,72667.9231401,38564.1586,43984.3137,39536.2764,52024.2842661
2022-11-11 20:00:00,4312998.20991413,2540882.5832232,213353.527413,159482.32627,78139.448119,153799.8386403,46606.7321,41270.1792,28799.378,31126.4950472
2022-11-12 00:00:00,1562921.39459974,471845.3006358,195832.2191,134669.9316,99228.104541,164468.4439995,13331.3332,52198.0796,31667.7485,17922.602159
2022-11-12 04:00:00,4038748.27065832,1101596.2308092,290353.981663,268499.38714,63117.307752,1418527.5274545,84608.7201,227418.1698,132073.4063,20312.1429778
2022-11-12 08:00:00,2930080.10695354,237175.3253748,60549.22127,21634.90633,13724.595092,1226465.8683423,48330.7625,71033.1313,35913.3957,10797.3793613
2022-11-12 12:00:00,3028699.75583357,168058.6190234,128079.277744,60166.42199,50224.411446,1024728.7222029,12127.1727,99853.1659,9243.6229,27256.6306244
2022-11-12 16:00:00,2260521.7604156,1049101.6112183,91662.917701,43794.81906,24104.413198,404552.3403893,30454.1602,53980.2425,9495.6942,50352.4526233
2022-11-12 20:00:00,3163909.60214689,1010422.2071431,84905.158228,94151.12866,36192.667553,704050.0992599,22757.1405,124417.0079,24931.0787,9077.7627745
2022-11-13 00:00:00,2272553.03873471,106126.0210306,118739.265534,36008.66377,38292.101707,1010670.4498912,41250.9581,116820.1584,14840.2824,10384.2955309
2022-11-13 04:00:00,2443754.44266236,1948817.1449592,93808.577825,89345.27174,64615.974403,793898.4167508,59296.9203,203539.6223,30718.4263,8904.3603211
2022-11-13 08:00:00,2912284.62067598,238547.477675,60273.14162,21019.79723,75270.221678,480700.8766836,23312.7247,71158.6705,17270.608,13053.781554
2022-11-13 12:00:00,1867066.9814009,121176.7540352,269654.986555,68773.09985,107092.72138,355550.8057326,53813.6854,76384.3516,7814.194,13630.3507299
2022-11-13 16:00:00,2428369.60823619,150930.2379815,142784.643998,89086.54188,74417.496207,366752.5495046,13228.3157,94383.0594,19617.673,3735.2173376
2022-11-13 20:00:00,3536188.94116222,366431.2780394,171191.877488,57655.05717,148367.45032,389272.987425,120626.272,152724.8328,32519.3925,23763.2954354
2022-11-14 00:00:00,10032964.87792555,1374687.5487479,405532.678942,151776.43044,176312.13855,765681.3041412,89635.2187,276450.5602,36899.8674,29258.363991
2022-11-14 04:00:00,15790892.14822957,2388765.2455128,384179.999611,149258.74675,225583.729734,860483.3432971,103228.9712,148412.0604,31750.1708,56460.1183274
2022-11-14 08:00:00,12518324.51526079,231071.5784606,182523.819495,45555.49602,42630.138723,673825.7021268,121076.0265,114368.0792,21657.9041,23354.0332027
2022-11-14 12:00:00,17240173.74620982,2806918.0635142,270381.757969,201226.19925,115486.429101,554596.9609959,57452.5029,313569.0362,42902.4184,26971.2067716
2022-11-14 16:00:00,14760971.01129246,393566.0248303,183989.463713,262799.21104,74180.45154,473521.0001104,48701.8308,221606.7268,18680.9299,8222.1710529
2022-11-14 20:00:00,11666530.49948479,2217254.4667828,115472.727393,95237.20956,81804.612588,508160.1675771,55112.4667,141983.6252,29429.8043,13086.5030865
2022-11-15 00:00:00,21137057.43539269,467465.9286108,73796.575616,73050.38952,56982.143892,663384.045144,23262.7822,119880.0361,19681.7475,29848.0799455
2022-11-15 04:00:00,18436020.03168715,120225.596666,95880.527405,126483.49064,54810.561153,177419.1946932,19856.6312,43487.1032,16857.2018,5764.7571526
2022-11-15 08:00:00,23453734.62848193,957994.7429428,93395.957004,75122.87658,52680.129057,227999.6625718,22465.1286,80947.9579,12230.3862,27329.3310047
2022-11-15 12:00:00,33730634.09663997,165603.1211396,399789.481974,283241.37456,105988.585216,359687.8207934,54272.5941,147873.59,45583.1325,14183.9781205
2022-11-15 16:00:00,25995388.40305289,195670.6222025,107165.911517,95967.58809,116391.421529,215616.8392092,133695.6765,217386.686,18912.6248,69969.5759233
2022-11-15 20:00:00,20768409.07764602,174342.6977893,116400.981488,44412.68942,24867.230554,167697.6285678,29794.2214,145233.2711,66917.6373,5670.4028152
2022-11-16 00:00:00,11143526.75867239,1017168.3872513,74684.744009,44087.41791,103249.662023,305812.5482084,47202.6907,93754.5805,20292.8382,7555.5362117
2022-11-16 04:00:00,4656211.64843677,350415.0506279,25976.985979,24181.46001,120058.871327,523382.4987302,40468.6189,47669.2964,824.6181,10930.7473716
2022-11-16 08:00:00,15327269.65979384,1118532.6097421,60815.715631,59562.71108,42544.240275,370425.521822,17193.0233,165000.8132,19216.4635,9701.13798
2022-11-16 12:00:00,22396437.0887887,1265466.8936554,156777.77249,62419.31424,186302.894152,464642.3652259,71207.5256,176071.723,68827.9689,25265.711102
2022-11-16 16:00:00,6352451.63650979,372209.840654,122300.694134,65558.27229,43005.297266,107364.784236,37291.2532,133806.4369,16879.2468,5732.5959961
2022-11-16 20:00:00,5020161.08214951,405456.3720281,136021.103196,86254.90517,89570.357969,181711.9032892,21826.9458,92331.5683,13387.9529,9672.9224744
2022-11-17 00:00:00,9103661.37755297,490876.4983489,143892.055975,137648.3326,64764.700076,368579.8230602,98006.4219,67844.6632,77831.7677,20663.6285208
2022-11-17 04:00:00,6082417.60965545,580504.1860096,92891.502136,115824.01474,101195.111642,337297.6823342,29425.4016,107101.665,7670.4731,38442.4275937
2022-11-17 08:00:00,2729024.09863816,1192439.0551119,82034.957492,128559.93604,66498.90187,244703.5399202,14224.5307,73356.033,7515.474,34079.7937042
2022-11-17 12:00:00,5617454.26968365,1240260.4630234,488536.736964,155086.83396,133971.240896,529999.2418643,76176.6574,186416.4851,8420.6681,18838.7463904
2022-11-17 16:00:00,7696170.39474807,281224.7713298,139226.434036,82601.56868,53061.105799,247963.3722844,32742.6791,60041.417,27708.8581,46324.4875595
2022-11-17 20:00:00,4591342.8698781,149373.9887677,209471.96127,47691.02669,40307.334864,176218.4748765,37208.989,44100.1147,13436.6134,162035.5739475
2022-11-18 00:00:00,8969619.61117145,199850.2884793,80381.239,29349.62481,32590.536221,390830.7365735,23634.5445,135317.2433,28683.6161,19856.5818042
2022-11-18 04:00:00,3104751.59923437,154559.6562467,32399.449414,21281.78325,11279.42059,97335.6700883,52395.8443,20487.2353,3093.6611,2454.1957118
2022-11-18 08:00:00,3132242.54868991,141780.0444923,24726.037772,18500.74214,142454.055398,78801.9541685,6254.6102,24492.7741,13797.6764,15666.1148862
2022-11-18 12:00:00,4842266.5157857,187097.5884524,63886.415431,17309.71322,45930.442505,123997.0763529,12680.5935,64644.253,12966.602,14579.798904
2022-11-18 16:00:00,6981809.0754078,1111850.6551582,69020.659766,34007.7498,65898.997787,119762.4865498,21073.0744,9212.4749,11972.6205,14624.8197968
2022-11-18 20:00:00,2431175.49040537,97955.2554466,25050.130891,27316.90221,17368.416459,101310.5036142,7876.7722,8544.9591,2385.379,8908.9643284
2022-11-19 00:00:00,909471.42804186,109606.7085541,44170.686599,37176.46549,22690.427805,100112.7659621,30917.0686,8559.625,3258.9021,8782.4367241
2022-11-19 04:00:00,1164861.53384231,178154.03182,15822.901111,28218.76291,10282.577934,141544.0255474,34921.2927,26916.2408,5461.9316,9122.6565693
2022-11-19 08:00:00,668518.22777816,30500.9896655,11526.582984,10510.84539,2976.478971,125408.9031206,26013.2421,363.753,84.2074,21589.8908446
2022-11-19 12:00:00,794472.28955512,26705.4953473,94098.044698,25830.64955,26928.463473,75411.6042487,25484.6862,24088.1364,3776.653,16794.984405
2022-11-19 16:00:00,1664733.31958937,68930.3061678,27029.827809,20484.37749,62966.543337,477184.082868,10841.5579,9210.2166,3154.8702,13042.7954617
2022-11-19 20:00:00,2632744.17672514,1367126.1525564,57662.040769,32164.4048,21141.160041,191857.0087151,37873.3108,6613.2416,18568.642,20886.5830278
2022-11-20 00:00:00,1786316.82540234,172948.8013182,26081.969461,30299.75205,12973.265596,148685.9762376,5449.9552,41450.6613,5906.9567,42697.4552187
2022-11-20 04:00:00,1034206.49494551,95668.7827397,173325.192884,21899.69614,26305.720418,225611.2545704,8108.2868,15816.9796,34776.9411,4972.2620421
2022-11-20 08:00:00,3186886.4109631,1671688.720105,45523.761967,42812.17944,73181.726693,390656.0110779,31856.6305,5591.697,16111.4733,21307.6645807
2022-11-20 12:00:00,1578321.51635566,304139.6370608,192158.905108,26055.01273,60902.06802,117593.7806106,21852.3963,28406.4293,25893.8014,8215.628151
2022-11-20 16:00:00,1925334.88889305,247483.9005299,17205.600459,178984.62197,74286.412879,456707.192452,21824.0261,26012.9769,9596.4251,10323.4230212
2022-11-20 20:00:00,8297420.51967269,627119.9012219,173598.756428,75675.99848,132129.164146,627402.3661553,45165.3804,25210.1069,13777.212,13292.0310435
2022-11-21 00:00:00,6067217.92859823,625827.0585882,528431.096476,116696.26024,143689.135037,346780.1269853,71833.2926,22325.1421,14050.404,100718.7713363
2022-11-21 04:00:00,3326556.03722818,235178.5498128,105832.239656,36257.27319,49100.91856,92090.2824192,28752.0348,23188.9883,3202.0976,23244.0086981
2022-11-21 08:00:00,2498850.90935355,229148.452612,71604.636759,24342.2116,25129.029334,62570.2154444,30443.5166,16082.009,41025.7411,1008.5207674
2022-11-21 12:00:00,2744152.32199165,168902.6964839,63522.339817,26759.15546,109669.322875,114579.0884364,32721.7587,33682.589,11675.0307,12151.6994841
2022-11-21 16:00:00,6453191.56471804,597391.1185404,136278.653151,119862.70169,120707.32566,197597.0577929,44174.409,116820.1801,22351.8525,20394.3113522
2022-11-21 20:00:00,7718831.24778743,532504.3500355,144370.738765,70174.88351,242117.442493,286252.4409515,67816.0484,146092.0153,21495.5755,28118.8102581
2022-11-22 00:00:00,6379567.0088996,200507.1848421,129836.346349,83346.99815,83119.895181,180255.9291343,20237.8639,91694.5431,12114.8231,20097.8959276
2022-11-22 04:00:00,4965906.21580914,1205742.7964159,86841.259087,27525.67959,78508.423247,242462.580932,57518.1218,56467.492,45021.5496,11716.2484569
2022-11-22 08:00:00,2745838.70387059,560858.2321003,140473.135388,16987.97892,84761.200683,189154.7424009,24916.1537,7682.5658,7609.8886,13613.5803171
2022-11-22 12:00:00,8333838.42308661,2018407.5488186,505011.635379,260570.9195,169295.661306,553166.9437799,130675.0998,71593.283,63377.1213,311812.5323135
2022-11-22 16:00:00,5429659.40180189,1060341.3884045,114502.351156,31700.77305,35623.910069,135161.010611,18855.0489,44282.8909,27953.7098,24919.4359168
2022-11-22 20:00:00,6090620.06003412,996478.658555,103759.483215,34382.86195,28396.034814,101933.2178504,21876.4545,77419.2491,13169.0494,41760.2377462
2022-11-23 00:00:00,9390473.51782146,459700.2868859,244541.030029,93401.78838,72610.471056,336926.5431744,73006.3185,98116.2442,18720.089,707426.962819
2022-11-23 04:00:00,4271112.22559652,306126.4965825,88996.857936,23590.97112,59534.261435,301611.7690709,63289.0541,57911.3374,40908.5808,400272.8825959
2022-11-23 08:00:00,4045365.82012907,296615.9411081,162879.438605,651833.9986,60003.259644,125988.2813448,25504.4483,73658.2685,9577.6279,134744.2640666
2022-11-23 12:00:00,6246053.60157886,1030670.4270347,119620.836986,217436.15668,69282.730957,201705.5454836,24238.529,114559.2786,17266.79,602789.420814
2022-11-23 16:00:00,11046357.58545645,2067522.4900754,287905.957578,466939.79103,83688.36406,197252.6233338,24857.3136,72289.8309,54015.0106,535856.2376818
2022-11-23 20:00:00,3182714.78588627,180873.7609846,335455.348012,108103.34317,25002.377022,105150.4121783,15859.6968,58638.3762,16286.5937,210438.3643966
2022-11-24 00:00:00,7617437.80121445,314273.2571091,433185.48755,157835.16206,59421.537876,343660.4776519,55371.7304,115181.9425,56654.9374,153680.480877
2022-11-24 04:00:00,3852018.87576325,211087.6641446,296620.220069,48658.39717,31145.4508,94795.2007251,11499.0805,40181.3734,23112.2971,189014.9896289
2022-11-24 08:00:00,3461197.41870678,169233.7197193,268405.792332,44067.80514,37873.108021,104637.2260284,16220.5404,22543.0006,6918.4438,148280.617567
2022-11-24 12:00:00,3426188.50995132,187054.7095609,527556.703921,30543.73195,40220.626969,58244.0402304,22068.1798,32310.4634,13339.0204,67302.2066731
2022-11-24 16:00:00,2848078.05723022,487016.9372481,462102.264901,185021.85537,49820.489955,150213.6750269,75192.5538,25717.4358,39013.4151,88743.3559615
2022-11-24 20:00:00,2351041.44145346,141928.2387712,285150.618304,38589.79,63980.249692,70294.5329786,15163.5494,19494.844,3619.8775,136784.193655
2022-11-25 00:00:00,3461619.30140539,1127293.7684061,435414.42701,45377.22964,130303.218196,262040.0138343,19115.1978,28134.4411,9295.5723,258129.484341
2022-11-25 04:00:00,4201066.1239455,203738.6516119,147386.955063,26617.0333,52603.305894,134592.2923968,8619.5599,10468.2636,17639.013,222150.6808634
2022-11-25 08:00:00,2854634.40455098,177976.1713645,159096.82684,30740.70764,36083.455742,778304.9823783,6580.6919,33124.5495,16428.6189,293182.5512495
2022-11-25 12:00:00,3510120.8552994,140774.0661609,194642.488478,89063.44366,24451.897798,458789.5149005,16162.5207,100851.2621,13253.0864,131210.9217379
2022-11-25 16:00:00,2183114.4819281,185804.1637226,91981.919748,23172.19778,36466.547998,446275.712444,34548.6377,72696.6006,37076.4459,229843.5079887
2022-11-25 20:00:00,1326799.88174855,946787.9219411,67747.901462,30183.96882,82208.167299,240647.3622596,17850.0166,24845.6403,20532.6444,138172.3107644
2022-11-26 00:00:00,2136732.63709062,387878.7151922,139395.643134,132842.80736,77610.504888,1102136.9990694,44911.1173,90939.3188,48339.1039,210067.6407209
2022-11-26 04:00:00,1117219.47462086,181551.7915377,46894.549665,58583.04107,27019.556267,431111.2067813,2840.7793,70514.9845,4939.3026,284101.6356864
2022-11-26 08:00:00,1000177.71900236,125810.2907059,139814.147684,60206.52099,19245.06922,255458.4970695,11427.7618,22199.2242,7746.2385,167769.3119411
2022-11-26 12:00:00,905869.15704403,226289.9875057,210430.400397,120378.17043,103614.380826,585553.6927949,5899.4901,31081.0063,109229.0416,273120.2313343
2022-11-26 16:00:00,915729.19516887,875497.2427526,145511.95224,69757.35533,99687.199277,431343.8243398,12549.04,10710.9623,69438.5814,209206.3775967
2022-11-26 20:00:00,1140824.72103946,71726.5168407,85331.338822,46423.0315,27133.241271,255946.8537634,18056.4842,40992.0272,42131.5594,132836.1391084
2022-11-27 00:00:00,812527.19515893,86688.4977264,69020.17234,65340.20942,17314.556566,176511.8674085,7628.0964,10002.4084,24329.5082,213877.5306468
2022-11-27 04:00:00,1045068.44422718,133080.9180033,162329.44646,33299.72231,15620.395408,1804062.277221,8556.8875,13056.046,5386.1527,242696.1879412
2022-11-27 08:00:00,887039.0755305,144047.9879202,37367.057742,38005.19106,26232.051472,2374871.7669419,8628.4584,47880.6829,4197.3479,268872.6629402
2022-11-27 12:00:00,767390.09932416,56321.9672142,70409.358991,40558.69382,21576.953038,1343592.6277293,24377.6079,27463.2044,16212.9573,156486.0952232
2022-11-27 16:00:00,609746.05969274,100042.7733613,33125.150248,90792.83886,21874.630276,1047914.1966466,6003.625,36517.108,4043.2116,135486.437687
2022-11-27 20:00:00,2191828.581244,272484.3806015,95513.449776,67625.35499,53945.302996,1410325.0237801,13494.4543,76829.1673,47490.0351,138342.2476396
2022-11-28 00:00:00,5138932.74803545,593291.4163524,681117.694534,270965.90734,226547.738087,1119985.4050851,105110.9257,169412.2208,91284.5784,372946.8007206
2022-11-28 04:00:00,938377.59161882,92112.0850786,607217.743447,54687.93048,27605.677691,510942.0557955,33560.6387,57876.9488,9345.1173,218813.2678394
2022-11-28 08:00:00,2149708.51410686,155153.5105102,104410.836164,189265.64384,26415.925247,485659.020126,2948.3676,25511.7902,5528.6058,104767.6998334
2022-11-28 12:00:00,4282720.80773797,211232.779239,320366.97502,270467.60038,86977.365395,490400.9811011,8130.0671,36305.4626,12054.7668,160045.057676
2022-11-28 16:00:00,9879592.70623909,299905.9721089,554751.420053,227250.19327,115990.939228,1511905.4803527,58537.8531,73117.5076,100794.5104,168469.3680542
2022-11-28 20:00:00,2927600.23874765,123094.920473,120891.463344,68039.99046,58747.299228,449951.6123627,5611.8145,5226.7348,117056.3494,58686.6679562
2022-11-29 00:00:00,4370909.80036684,199450.5675618,188181.834347,105398.93433,57591.872916,1010952.7798829,43909.9891,50793.0542,67592.7301,129057.7001243
2022-11-29 04:00:00,5879254.97682755,286410.6215359,145480.883407,94404.83947,56632.968797,684598.49568,32323.72,52259.3935,169523.0905,66537.3964987
2022-11-29 08:00:00,1692876.8878277,212197.945162,103171.742892,31474.79558,20653.393107,528334.9199326,29389.8248,20764.3421,2753.8379,18105.3654925
2022-11-29 12:00:00,4651978.06716603,132276.2269711,166695.284145,89560.57709,45568.8615,597959.5166016,6191.606,99747.1752,48027.0634,71169.7307298
2022-11-29 16:00:00,5111697.77329737,137355.6059935,114659.651492,135779.22002,35236.785942,476612.434207,7794.6298,112111.341,49286.6354,46759.5830482
2022-11-29 20:00:00,2651580.56935399,855254.6426931,123079.731052,94728.57609,33612.127712,340097.4138134,6373.07,34302.3889,6340.2557,30252.1574571
2022-11-30 00:00:00,8031233.68215509,1142756.0593038,225856.526781,85233.91015,108657.966678,1812858.8210254,42011.0606,97774.6405,57773.4558,127595.3408012
2022-11-30 04:00:00,4628663.79600945,399535.7750836,173838.433929,54923.0552,28169.933605,542332.5159217,11414.2281,70793.0197,5077.7266,30081.2782169
2022-11-30 08:00:00,2008117.64944199,212558.3060712,127289.800638,54046.16781,32470.633934,528769.6443394,11930.2749,82467.8423,11130.4703,17336.1741841
2022-11-30 12:00:00,4966863.4112399,206046.7107138,82493.874453,82319.29281,42166.19889,663755.9444621,23995.828,29386.2961,4625.5873,23460.5405607
2022-11-30 16:00:00,11872500.37652524,447806.5916329,111977.111625,105075.73199,124888.818975,987597.9029277,49980.3859,143784.7686,28196.8572,90488.889348
2022-11-30 20:00:00,6252060.5908643,369948.0762222,255458.127232,108114.27127,52909.466808,804610.143715,36748.1533,54601.9117,55284.3448,68743.4722506
2022-12-01 00:00:00,3621336.60381838,155324.3980035,261730.815713,85561.00374,38903.289926,644210.9473529,14094.9991,78017.1859,26762.3311,73515.3617175
2022-12-01 04:00:00,2243288.29168561,67728.0202143,72155.818667,91157.85375,25361.63999,319564.1217181,7338.0148,48027.2663,13074.5115,18913.5244652
2022-12-01 08:00:00,1140771.77013867,45806.7807663,53740.368218,66767.04659,6753.307233,225381.0312839,3915.8773,15128.955,820.351,9432.2232581
2022-12-01 12:00:00,7928564.02076169,318495.6984108,252845.383743,164842.11048,64448.978475,842885.6053369,78627.1526,63884.0305,40896.2597,68023.4779488
2022-12-01 16:00:00,2827574.11496693,99433.0386842,90597.222087,48877.98613,34304.494821,256013.0122861,14929.4214,19700.8731,19638.6488,18728.4441436
2022-12-01 20:00:00,1909365.50804744,112318.6998511,60538.42201,55696.26028,21343.354942,339304.9997408,12670.5616,2608.3727,18576.2214,20673.0253084
2022-12-02 00:00:00,2403172.40493071,59311.6371325,80522.38895,146251.57569,32421.231476,709409.2801617,9428.7255,49645.7727,13266.6339,47995.0392965
2022-12-02 04:00:00,1378784.16000334,33456.8771858,47030.505284,88876.60759,16543.326537,267505.3903438,4388.5412,1347.228,21561.4338,20725.8473748
2022-12-02 08:00:00,1418580.02319526,220155.8651166,99966.491866,27184.79529,21208.329011,200479.0461105,14141.4976,34409.3821,2481.2541,18687.587609
2022-12-02 12:00:00,6113290.95376195,342684.1682014,191489.04072,64101.61307,36847.978535,503073.7810829,89677.6043,296847.5346,4377.5278,15637.3442183
2022-12-02 16:00:00,3175973.675585,163328.3222636,140609.710005,42887.46637,44548.51706,192595.7603553,41906.2882,44937.1383,3373.3619,16817.6070481
2022-12-02 20:00:00,2165494.63094245,249768.2298279,97280.669752,68643.12618,34420.583208,847964.8446503,143642.6684,64034.5754,12242.1582,26283.0123926
2022-12-03 00:00:00,1079273.50436626,273233.2411421,47097.409263,79101.07829,76370.276582,531620.3307943,28621.6584,284403.0629,13020.5407,53846.3809005
2022-12-03 04:00:00,1864035.1050432,112141.8865807,68684.978149,43735.69233,44410.695221,432474.0846025,10599.1061,90518.0994,6452.0538,17541.5713751
2022-12-03 08:00:00,2230614.06430134,202388.3939131,62084.047226,22920.10104,100936.302139,328725.5132199,24785.6284,46581.6409,542.8127,17704.9378981
2022-12-03 12:00:00,1024754.66355837,39412.9626328,79004.298534,49369.4658,85776.854962,702698.2368895,86909.5324,23048.1588,6677.9172,13922.9997704
2022-12-03 16:00:00,1088419.86159938,53488.5646141,56630.999444,24408.425,37573.295675,289555.7236282,55372.59,9178.9946,4453.915,11421.8559249
2022-12-03 20:00:00,1700316.22641243,647665.4073998,57599.898918,39266.87814,56697.008126,461963.5387332,37720.9409,37011.3421,14653.7828,24724.4998429
2022-12-04 00:00:00,797607.30792936,207344.7176352,46786.385331,21097.18113,41739.016149,325823.1780934,21179.9951,30608.4801,20374.7434,14536.6283053
2022-12-04 04:00:00,1808790.9178517,114153.4491623,17930.054083,24562.23139,30685.447145,591706.5942601,34333.262,53807.5705,5277.7959,18575.759647
2022-12-04 08:00:00,1307489.9501277,49390.0208829,19435.175838,41475.84695,21414.440341,753260.5330505,15765.9311,25605.3896,1078.6948,14561.164977
2022-12-04 12:00:00,1606103.58786751,91032.1490654,31977.064727,40445.26257,37597.632169,215798.4516015,28565.3473,26913.0939,2970.2892,26070.2953799
2022-12-04 16:00:00,4284471.9814233,258579.0678361,53619.522694,52747.69504,71777.011003,306157.357298,12164.9,71768.1916,5707.5511,43255.5669487
2022-12-04 20:00:00,1648877.99093819,93532.8926165,49038.35928,35833.32792,13785.634548,179489.3189779,23042.0912,52608.4986,5257.1858,22275.7208507
2022-12-05 00:00:00,5314463.14662174,508601.2556112,145548.15021,55937.84958,29964.266543,180920.1840221,34362.5073,53366.4368,24703.5418,60535.6883617
2022-12-05 04:00:00,5033766.2204666,446442.143217,84090.777855,43165.23456,47626.104673,214731.0654943,20956.2558,22452.3416,9183.4652,221284.5772331
2022-12-05 08:00:00,4794325.89032766,270080.0270678,70298.123639,20238.60582,45401.975131,820052.5079635,30588.8275,4333.2538,4863.6149,41690.7330528
2022-12-05 12:00:00,6824387.18180656,309310.5968644,119896.001574,48033.0517,35851.932327,501362.1679373,23453.6582,29053.2034,25746.6356,82322.2728361
2022-12-05 16:00:00,7470110.06303329,261585.7355084,234611.500597,59453.98678,61852.064917,587633.6016162,38513.8719,73115.1853,42238.8077,60456.2961158
2022-12-05 20:00:00,2345619.97512138,994416.2367444,55918.071968,33493.93532,35130.91799,238816.194876,18968.299,29550.9364,3311.7059,30153.0410255
2022-12-06 00:00:00,3240362.14383782,174226.9557548,212822.33601,26950.50831,32216.86496,202510.431882,8598.0802,55329.4937,9301.2515,70707.8739522
2022-12-06 04:00:00,1988247.33604889,129876.4759808,142889.935993,16928.01565,28589.250715,468102.3222912,5162.3249,31410.4164,40006.6612,52133.3371052
2022-12-06 08:00:00,4214108.07886533,369830.165613,70410.501831,16863.60312,30792.657837,334036.3806095,25560.5891,41244.2484,20447.8553,94899.2576899
2022-12-06 12:00:00,5192644.97407859,241909.686884,115908.808063,28529.45062,39566.637671,449595.8522182,23127.349,55093.3973,9693.297,39676.000526
2022-12-06 16:00:00,5318238.27033413,256888.8190664,113142.357882,41672.54536,66888.407069,586437.7026779,14192.2116,29342.0105,21222.4573,41565.4611864
2022-12-06 20:00:00,3433866.1944196,234313.4643253,130319.824496,26585.96435,39871.239309,309030.7820804,7095.0548,33098.1064,24109.657,52312.8705008
2022-12-07 00:00:00,2567330.04693928,300949.323814,93285.970493,27715.06163,44993.115633,199856.3479756,5366.5639,49323.6499,10711.9378,25409.0248732
2022-12-07 04:00:00,4383827.65620339,527940.9834076,112348.630585,157153.89087,102738.134884,956439.714542,63506.1868,74234.5003,88023.999,128050.3101933
2022-12-07 08:00:00,2633924.6414714,229472.5516364,134255.884611,35193.22292,57220.034315,435347.9222153,39438.2547,85326.7953,28573.3766,29700.6559937
2022-12-07 12:00:00,2614377.55826265,690793.2147214,80302.466743,50605.94513,67521.202776,389363.7031903,16966.6385,79256.2972,10073.3359,24307.9284559
2022-12-07 16:00:00,1320161.2686777,912197.0647055,63037.374912,40495.33075,41858.437472,232955.9658218,21066.1371,15168.0957,27027.7611,43412.8211592
2022-12-07 20:00:00,1781838.45180836,1111201.1997784,242291.921413,41533.55362,38580.801908,193593.2646627,33728.0579,7686.5279,3905.4007,14839.9120556
2022-12-08 00:00:00,2079650.30962812,1856342.0217031,114111.279807,22637.87618,53705.792284,406562.5952558,10154.5882,50116.7981,4982.7356,19814.9487754
2022-12-08 04:00:00,769872.10694394,1237370.2308674,91980.418193,24532.06659,21035.695366,216804.8750469,25611.1183,26293.022,5098.1787,96746.8940527
2022-12-08 08:00:00,1583669.3493057,1524352.1828996,71633.228631,33306.23577,24230.424071,405761.1555915,8114.4065,9474.5445,6503.7099,29245.9895078
2022-12-08 12:00:00,3801460.93150138,3525412.2127444,79988.79534,33257.23205,52048.517183,342295.1089369,4037.463,815.4621,13266.2104,32429.9491574
2022-12-08 16:00:00,4993275.30164165,2644207.3236529,97773.605913,42186.90829,49036.439559,405008.7244088,19029.5811,15775.3195,8434.7492,70339.4801427
2022-12-08 20:00:00,3869737.54273789,1670474.8656468,72080.452253,51888.76979,27578.655643,406002.120999,17827.323,4822.4688,5941.2808,21176.9684587
2022-12-09 00:00:00,2475843.7444966,3460493.4476183,44098.243995,35030.0709,23588.038391,249519.1507921,9178.196,4294.3478,2580.0385,35731.4094352
2022-12-09 04:00:00,1068930.53581448,1513668.2637468,39287.413278,12644.3804,8823.268907,170772.8844707,5485.734,1817.7289,950.4853,11343.2474639
2022-12-09 08:00:00,973427.76158851,2431178.9871064,139427.164,14084.10472,19126.212241,83668.6154073,23906.9885,2457.9282,1187.2847,13503.6904844
2022-12-09 12:00:00,4022038.47070428,3772949.9765048,144239.131513,64181.4649,58597.772534,444904.1305951,10641.4132,10402.089,19304.7004,42483.1963082
2022-12-09 16:00:00,1101261.62890134,2691644.5469159,154507.439505,43236.84657,51226.641032,171281.0438929,5580.9126,4752.6349,5839.4507,8162.8129233
2022-12-09 20:00:00,1168596.67674799,2090010.554017,44913.323555,78251.8616,42293.740851,217077.2903741,8495.558,3230.5368,11647.1549,10600.8508343
2022-12-10 00:00:00,779473.54810334,2250941.5969957,5806.885911,98953.54391,13404.782849,129509.6265681,5361.1126,10422.753,1150.2776,5828.9210444
2022-12-10 04:00:00,923913.61808401,2160883.3811472,65970.1364,255702.4214,22544.591338,215826.747205,3320.3115,1083788.6262,1759.5115,3409.7289197
2022-12-10 08:00:00,583513.40472829,2204419.0506869,8379.534637,11670.1596,20547.993258,169896.3861883,68.5251,6521.3978,29649.9985,11501.3989047
2022-12-10 12:00:00,903708.12820341,4003013.532404,12796.74669,23218.70167,25348.11264,196670.3828811,5650.2284,2952.2822,19172.5316,16247.5617988
2022-12-10 16:00:00,734047.44261496,3037571.228215,26201.986591,44765.00156,15260.77444,69469.3203415,22136.5925,11409.1922,39831.6429,5273.1283017
2022-12-10 20:00:00,894257.36110601,2066832.620997,67369.335177,8443.21605,20800.138203,294793.3714248,1428.9238,5147.5431,5000.4476,5835.1878884
2022-12-11 00:00:00,929101.59217148,1920238.1017745,10811.948694,47465.6931,22759.944593,64670.2007873,1553.7891,3371.1602,3689.2374,19537.7386017
2022-12-11 04:00:00,834052.05997926,2242091.3889358,6550.571548,10076.72656,5601.53114,146706.5018263,4086.1482,773.648,4741.8622,8153.6599425
2022-12-11 08:00:00,577856.90628371,1351703.6350518,6515.617868,7191.56344,3728.699239,114338.4965769,363.1413,99.9504,1181.3962,3555.718344
2022-12-11 12:00:00,996682.11875114,1896586.9368749,46761.204954,11322.20803,5921.397756,144266.8759828,114.3526,1337.7656,12281.5395,6727.8352904
2022-12-11 16:00:00,1610405.42560284,3057331.7789269,17322.928178,24995.90847,12263.412081,131468.0801262,7948.5116,11574.4778,7663.7779,19893.4251319
2022-12-11 20:00:00,2740246.24762457,3181439.3105383,76308.177471,82233.34444,80177.147923,892362.569355,40762.4201,50476.926,57476.2053,50176.2170936
2022-12-12 00:00:00,4869300.17303454,3788276.2900541,153365.235865,50659.61228,42366.46053,1514882.9763731,41301.1609,27051.2423,14600.4385,36477.0899882
2022-12-12 04:00:00,1565669.24742962,1726845.3730117,39438.637195,47665.70712,30913.544547,1028964.3527693,15130.6995,4341.8798,1098.3839,62958.3200256
2022-12-12 08:00:00,1213169.14190084,2888224.3335304,56088.388711,12522.36882,23344.456047,832648.3306515,6780.0304,299.8171,3044.4733,14466.8756947
2022-12-12 12:00:00,3469090.11413366,3762139.714487,81490.064921,429920.37387,33469.919292,492789.8126789,12430.8211,33824.6804,6577.7944,44347.76592
2022-12-12 16:00:00,1036022.21331227,2168694.0351761,96490.005635,131812.30296,34180.82252,148062.4133529,15416.5518,4873.2306,3728.8508,13179.5859013
2022-12-12 20:00:00,1982245.35971882,1811700.2300025,38050.761126,75343.55626,15886.138184,344783.7000142,8093.9198,14320.0928,18111.2438,21741.3963714
2022-12-13 00:00:00,1438019.14336622,1402389.1346955,19901.296764,168653.5083,11885.133496,181016.084005,11918.2342,3970.1904,8263.1541,22675.0881845
2022-12-13 04:00:00,1636494.2390447,1934717.6604717,63001.937403,209388.8512,154024.06879,289713.6919103,4830.8539,2374.5315,12017.0565,90625.0060449
2022-12-13 08:00:00,4278019.34599261,3335973.4114155,11776.948724,162026.77243,78399.247762,241038.3528248,5807.5935,1610.5305,12380.8559,22183.9347442
2022-12-13 12:00:00,11333749.90849202,6373693.5426923,86640.521046,266063.96603,52564.737083,803730.0134352,202459.0859,12497.6421,117158.6475,64452.0254399
2022-12-13 16:00:00,3870426.79336221,2753890.8526069,48679.548479,101789.97067,156715.97547,470200.9859489,36980.9612,1326.9205,34810.711,43859.0667244
2022-12-13 20:00:00,1265838.41898359,847343.8786094,15248.006845,89035.89382,19537.252756,121111.6673036,11253.2858,1264.7069,4096.9219,15501.2774957
2022-12-14 00:00:00,2239787.21523787,976868.864813,37577.586764,121498.03884,28127.623738,97054.2493489,9369.2403,6635.0284,46744.9971,52147.4134858
2022-12-14 04:00:00,2547384.42036952,901802.8037354,9080.809654,76233.70753,58584.21676,122430.020683,7171.5259,1970.7354,10208.4281,13670.1882191
2022-12-14 08:00:00,3336438.57394902,912488.8192915,2713.710532,62790.6141,24002.037781,67910.3430419,15515.7012,858.1516,1976.804,11508.5702199
2022-12-14 12:00:00,11666952.65276384,2218663.075053,151872.664194,138395.82081,35449.787771,122181.9996401,12216.7639,5099.7985,15544.8184,30010.7779517
2022-12-14 16:00:00,31718530.79390896,2689009.8744072,553282.90953,174850.88587,100900.843881,452573.3126617,57376.7781,6759.9865,41376.3393,143656.5225051
2022-12-14 20:00:00,12754977.15071964,988002.0586617,198555.336507,120802.95122,28067.418152,115427.5653954,31868.1825,1217.4932,8239.1663,50880.4759193
2022-12-15 00:00:00,8500544.97221899,1660104.0050596,66052.50091,111551.3885,65646.866043,155757.1938563,49264.7968,1217.3588,12128.7013,55354.5746023
2022-12-15 04:00:00,2180088.85393648,859136.4722928,15941.790241,30039.48904,34884.228394,63509.7370488,6206.8882,1662.0917,1731.8509,34309.3349712
2022-12-15 08:00:00,3349441.68019137,512459.1715489,4799.995802,24341.42404,67354.529374,46985.4323936,12395.2772,612.1529,2499.0595,7509.1425274
2022-12-15 12:00:00,11013333.74983523,1888845.0717794,104560.970203,69865.95517,34604.743564,104135.2020522,11111.9439,10333.4138,6246.4313,80090.3829105
2022-12-15 16:00:00,4742908.9776202,1607087.7291869,53130.37469,308449.52177,65664.447044,260304.4380856,31323.1123,253.6098,18915.6001,42535.8772047
2022-12-15 20:00:00,2963920.07013775,323824.4477527,26118.171659,227317.86589,21084.279724,119780.0184352,30834.7856,529.5589,8782.204,29962.0222054
2022-12-16 00:00:00,3733324.27144112,413694.420677,19919.848122,213036.83918,11055.907324,77822.2227955,8605.9489,465.0931,1569.8723,28965.9425455
2022-12-16 04:00:00,2117829.85876811,307072.905486,8921.42365,43006.35361,38718.087663,34845.7167259,3874.1689,5078.7548,3401.6121,16850.76685
2022-12-16 08:00:00,16080547.66826265,2238803.0010349,46542.534098,379323.18501,157996.794367,308760.9688874,17141.1837,13217.9597,52081.2392,221166.0937406
2022-12-16 12:00:00,9084484.27403003,985810.7219831,88314.834033,162741.45185,43031.410017,117471.2476197,16415.6695,5446.8878,8481.8615,36330.5374593
2022-12-16 16:00:00,9760195.67229515,777235.6735378,120125.56192,189343.25851,48572.587174,200028.2148829,12932.758,2241.2612,28445.9814,36491.4340354
2022-12-16 20:00:00,9257105.62664892,1568418.6533134,150451.485878,447699.43731,251860.95376,514959.9392259,28061.4554,67061.0287,156417.1221,75314.0895405
2022-12-17 00:00:00,5303161.921318,714108.550372,74779.524441,304815.94918,78791.238702,96663.6428072,18707.9389,7474.8987,5279.624,70229.391896
2022-12-17 04:00:00,3827108.27708101,594728.6109989,19777.258351,145411.18649,59290.960218,132138.6516999,8813.7034,1545.5393,76361.685,207713.1041344
2022-12-17 08:00:00,2522109.3012567,502335.9654012,10954.986575,141468.77736,24119.242392,54320.9208079,3838.0969,1648.1867,4041.1497,61054.6919385
2022-12-17 12:00:00,2921649.35967765,461721.6253616,18075.822005,67726.15629,78356.525325,59481.2407418,2880.0817,1112.6035,34222.8672,41144.6446032
2022-12-17 16:00:00,1806113.31897124,497799.1934126,16706.712496,105766.14076,105155.014624,70014.5050229,5071.2045,1329.2928,5892.6092,34233.8328755
2022-12-17 20:00:00,1558588.31013768,131456.6195857,12468.733711,91809.59524,61210.008603,461796.4566555,4884.5013,1523.8756,4785.8945,22495.4871848
2022-12-18 00:00:00,1183832.26327008,170920.0987919,40361.042742,290781.13046,65393.554546,56047.8862068,3260.3473,1194.0742,1975.4789,15723.3014895
2022-12-18 04:00:00,2109643.22407619,171845.3424619,11368.830363,384740.93257,15403.929576,86588.7300905,12502.4868,936.9121,16965.6281,34611.3264785
2022-12-18 08:00:00,1164911.03458674,108985.2672436,14498.454958,48386.82556,55330.852746,28184.8962534,1298.2409,67.8832,3957.0712,26294.4372076
2022-12-18 12:00:00,1133264.56034084,79932.4977992,2867.060068,38987.32567,5904.189035,12565.8909483,3976.705,726.864,693.0532,10912.0025281
2022-12-18 16:00:00,2919582.60150724,187238.382841,7090.131475,128115.96426,11348.230317,67856.03727,2932.4835,539.9262,4575.5664,12790.0667479
2022-12-18 20:00:00,2817150.19101642,411245.7556969,9098.025037,91203.80701,15926.809517,125389.6712983,6635.7257,547.4662,688.2488,11632.7518721
2022-12-19 00:00:00,4188835.58734737,455424.6749839,44420.718186,60257.9845,14464.836373,88071.4400524,9450.474,3188.8978,22656.97,63714.6444595
2022-12-19 04:00:00,1962968.06895349,220971.8122365,6096.103053,44678.29775,8323.039269,60712.4587282,4013.8564,713.2001,12041.6737,24478.9580463
2022-12-19 08:00:00,1916265.92848547,212400.2376903,3582.342464,20531.83102,2663.646605,64689.5642282,8386.2632,1190.8726,10242.0427,16119.2900139
2022-12-19 12:00:00,4079564.43657971,517888.0165822,11840.827629,69966.80992,9968.697966,67045.886003,4714.5762,1036.5858,14390.9272,8099.244936
2022-12-19 16:00:00,5832565.33225081,713130.3492329,86785.635855,55038.04802,96105.310867,248588.4721631,15528.7125,8992.2679,19105.5584,30908.276651
2022-12-19 20:00:00,6599024.16272643,1426829.8865638,72579.257546,88934.95026,35243.479164,192014.2276417,20676.2445,2543.5169,25052.127,101399.5689679
2022-12-20 00:00:00,10505965.19584003,1151716.9246736,30262.683431,162194.60524,21916.619554,173454.5845857,27443.9367,3858.1059,12565.8361,122782.740254
2022-12-20 04:00:00,7031293.80960081,918240.9924488,8771.612786,34512.76202,23254.098063,191300.5945387,10830.6113,8526.9296,69205.6513,32929.3110951
2022-12-20 08:00:00,3477734.46435246,1327877.0183715,4579.921445,10761.35222,35161.683583,25481.8509798,3398.8024,473.5289,22415.35,36479.7497155
2022-12-20 12:00:00,7660823.15519979,878384.1814685,12404.717398,63438.53216,32584.510081,85430.8467081,12744.0737,5932.0265,16836.9236,51247.8416932
2022-12-20 16:00:00,5944022.80161817,671472.2103244,14362.787522,40794.98822,7583.787115,32006.1423787,17055.2519,11718.3512,6757.907,135168.8515782
2022-12-20 20:00:00,2825996.94044877,238380.5260397,11419.086384,31010.99959,20836.733212,88550.0795906,6291.2125,2592.3853,2658.938,15819.9332536
2022-12-21 00:00:00,3658300.94205262,477689.9166677,13229.038487,144359.51174,22112.883177,82306.9404095,5455.347,2153.1501,4978.1968,78492.5833581
2022-12-21 04:00:00,1640330.68375872,433897.6081265,8069.159791,33436.44461,50355.696498,121608.0690131,3207.396,884.3091,2070.3022,29219.5468433
2022-12-21 08:00:00,1240148.31059026,760295.5765834,7655.259346,88596.97728,12338.917631,55408.4948819,5137.6129,2216.5383,507.2904,30492.5860151
2022-12-21 12:00:00,4768527.47389129,615222.6131351,9606.70626,49566.36171,5785.987624,63876.6676464,2550.0914,2675.2816,3628.1129,26321.8216727
2022-12-21 16:00:00,1830193.900488,319705.7837313,7296.403788,26769.42934,17370.621669,43290.6660586,1858.5295,2876.1411,2932.9864,35398.0024602
2022-12-21 20:00:00,1484396.11629757,418972.2238438,23759.834804,21969.64353,9234.776439,68322.8821905,3001.855,479.0426,5322.3002,10386.3716751
2022-12-22 00:00:00,1195609.73067674,633251.1758123,6912.629175,48779.09236,13645.135418,62777.414254,3992.9901,1192.2323,1231.1547,4776.4452266
2022-12-22 04:00:00,1962126.58962772,511571.0736634,14811.891518,19568.61689,31279.728089,49409.8116745,363.6521,2279.3765,888.67,21821.3912013
2022-12-22 08:00:00,2418013.42825385,1631987.7091832,10052.683932,8398.52247,1350.841251,172485.3477752,2541.8538,2663.6835,10537.6733,18746.6052497
2022-12-22 12:00:00,7250127.53053705,1845986.0298005,98081.840583,31723.04115,41533.488402,314115.8927058,5882.8121,3533.4098,8186.1394,17648.0142302
2022-12-22 16:00:00,4118134.75864628,924708.9078562,46055.952513,60256.77662,30095.007859,166752.9141831,9764.3,5814.9316,8796.5149,13799.2136429
2022-12-22 20:00:00,4787241.51443669,1447141.551639,50318.349432,35445.13179,15307.400137,188752.5367044,2230.2878,5207.2178,4878.2484,46611.3777399
2022-12-23 00:00:00,2616138.86632464,640786.1781802,66289.353725,55609.68553,25312.712987,327310.103548,3382.0959,4247.4802,1342.1379,13213.5395044
2022-12-23 04:00:00,1140169.56789615,571096.8245428,65140.574665,30235.09724,13390.003924,225344.9579047,2281.4756,23955.0556,1582.8148,6713.0080714
2022-12-23 08:00:00,1557959.35056422,1332004.5270785,15763.045106,8223.95831,3959.558534,51856.8512207,3050.0185,886.1248,273.2399,8908.8505897
2022-12-23 12:00:00,8693545.63962093,2532791.6501254,30840.159108,52339.19986,15018.664067,250319.665744,14872.7545,1089.2934,3831.0533,25122.3259962
2022-12-23 16:00:00,1020992.20577731,320668.5251634,11302.714756,24386.7197,5708.489907,48778.0163286,6908.989,2210.5694,163.456,6378.5369643
2022-12-23 20:00:00,1474948.11454435,362392.7812493,19519.484256,18762.9829,8311.568356,95787.1521725,31587.4381,70.4424,1166.7365,9722.9023625
2022-12-24 00:00:00,614013.88333438,364380.5989662,5118.669224,20941.79091,3610.727146,55182.4758965,1332.5126,2232.1854,75.2996,4434.5229454
2022-12-24 04:00:00,1129371.63483295,333775.2867166,236526.314873,14008.32696,3473.898486,89135.5210731,7273.2259,6305.415,295.8376,25963.5616942
2022-12-24 08:00:00,625860.10641868,292416.5251194,37843.339708,20021.35476,27124.324339,38617.9464413,74.168,15201.4722,150.078,3812.6526005
2022-12-24 12:00:00,351341.94267424,268639.8441994,17920.416678,15061.79975,4339.767971,42366.1785906,1383.5135,1446.2203,1450.5019,2204.1432369
2022-12-24 16:00:00,758944.81302021,801244.0797918,35944.538148,16918.33305,2608.928715,105112.7243965,1933.5108,3498.5291,760.6569,6673.9236151
2022-12-24 20:00:00,893483.94117344,1044667.1468976,22017.542055,10996.99238,9189.231819,41336.7308831,1644.6559,16.1898,1706.6471,10988.5582213
2022-12-25 00:00:00,431051.72916745,285473.0542422,18559.429136,8949.08046,7230.56496,38135.0577112,6711.1911,537.0575,873.8012,9339.5878784
2022-12-25 04:00:00,912377.29169117,423376.8958044,20421.606361,17975.01402,2062.9908,44475.1926746,108.1822,2130.8646,488.4373,6941.4670045
2022-12-25 08:00:00,434566.42676642,218574.6858391,8648.280426,3303.75061,5951.515707,67116.786749,1016.574,85.4845,924.6036,1711.5306584
2022-12-25 12:00:00,2352878.46484882,1480385.4261191,49998.500888,24210.72275,17533.464419,276177.3091425,5148.0907,2309.8087,5338.6132,15177.6346207
2022-12-25 16:00:00,1612877.87595272,1037785.1260566,8897.478914,15576.29732,10752.289406,279049.1659438,4321.959,1277.7211,1593.645,40608.9168839
2022-12-25 20:00:00,1709327.12532536,1473994.5557814,17109.196443,15517.2511,4617.16846,89977.7100263,1061.8304,602.0257,4091.503,138884.0183777
2022-12-26 00:00:00,1608187.81179102,454737.8862848,41661.720357,30313.45951,51758.067456,78979.2099195,10037.5344,995.7929,1525.0457,37222.8541693
2022-12-26 04:00:00,973123.47483992,292875.245584,29421.336793,7310.41588,37383.266419,39452.7613411,4071.3035,3198.0813,1101.2761,14237.5355017
2022-12-26 08:00:00,1058269.66781936,963730.1021447,7009.62545,12227.27278,6410.510035,47797.4023746,1323.866,1190.112,140.5654,206208.6650825
2022-12-26 12:00:00,1020484.07859365,742426.4788368,156512.261789,17108.86999,12791.043079,58070.0978969,3446.3699,155.9225,705.576,36624.9565341
2022-12-26 16:00:00,961027.49005446,541317.332012,99293.670861,14076.94628,13108.228135,48439.5511771,3430.349,3336.9145,1177.4652,15820.21663
2022-12-26 20:00:00,2459049.87947785,1029653.3347024,46689.22694,15435.2588,40153.288885,170825.7288575,4482.2914,666.6494,943.0152,112000.5940455
2022-12-27 00:00:00,3735600.53784259,1371641.1546006,30030.360595,22232.62468,9468.110008,75860.8509202,2158.1672,5986.4271,2045.6567,17836.0205228
2022-12-27 04:00:00,1078113.1730807,425491.5469807,58375.714491,19906.20825,5718.411914,25809.9711422,2224.8071,1256.4678,2191.6012,27990.5973585
2022-12-27 08:00:00,1868631.14786921,925794.4282088,28611.988354,12471.43033,8815.805313,58566.9163064,3828.6599,1044.7337,408.7094,20425.0549611
2022-12-27 12:00:00,3731299.0800053,2255640.2466943,113096.062955,84559.91202,37002.98584,70709.0704865,4219.538,2402.3551,6712.7156,20892.4564353
2022-12-27 16:00:00,4290757.11453414,1069621.5463785,89274.471252,66627.30068,13916.148223,471118.2135632,4494.0283,2463.2801,6036.8492,80107.7859553
2022-12-27 20:00:00,1791516.96988682,443081.5049129,36528.167908,131687.99942,10171.160963,100413.9639078,9438.8141,1020.4951,480.9255,11554.4663285
2022-12-28 00:00:00,5370394.51255717,1736003.6798697,36279.588708,74125.18348,25041.53502,309992.2654819,30922.7491,3539.338,26427.0973,37841.2197956
2022-12-28 04:00:00,3694853.60226316,881714.3808117,364587.339961,45773.43697,34898.920847,270825.1769817,5525.2471,21256.0262,50154.7103,149459.6788252
2022-12-28 08:00:00,1969597.26988026,701449.366895,88138.374372,271696.21482,35054.602333,72910.9564937,3932.6208,100.825,16368.3613,20359.1981958
2022-12-28 12:00:00,6538633.75406163,2324985.4106926,188207.475993,32243.82843,9021.261221,201889.413017,7870.8902,343.3875,6002.615,14844.6825103
2022-12-28 16:00:00,2307821.658636,895435.0299066,65818.360331,15961.40027,4688.213285,87011.0010129,386.3721,2510.6177,1643.0093,26113.3451212
2022-12-28 20:00:00,4917417.73505577,1337016.4591918,120896.25243,86395.85642,45591.178188,97013.67381,4071.9945,9149.7959,16018.273,19546.1329471
2022-12-29 00:00:00,2310753.49864337,1267243.3375662,71457.094917,50678.32645,74252.003131,202213.2942754,23021.5158,3750.3629,7873.1638,45627.6990934
2022-12-29 04:00:00,1386840.4812074,669853.9980854,28877.899758,28050.54657,6296.447977,68086.4735994,182.0824,66.4322,2542.0419,134051.9306468
2022-12-29 08:00:00,2749841.92859938,783864.6274596,92764.043944,40511.03384,16657.87723,67525.766478,379.5522,1993.8503,1375.0139,23492.1529348
2022-12-29 12:00:00,2852224.10657412,1094769.5042912,53538.086493,98061.12887,12616.392583,100454.1311857,2939.1036,231.2914,692.6795,25017.569103
2022-12-29 16:00:00,1273113.97973977,506201.4288221,222435.393649,76785.29249,41896.389792,70086.8604113,34136.035,29185.0455,29310.5496,41274.9809097
2022-12-29 20:00:00,1849597.93763666,813201.2424224,896844.242807,124316.9865,21242.577579,161792.682561,34318.8646,3618.4613,6550.22,16234.6792027
2022-12-30 00:00:00,1657172.01501608,671257.8650174,512062.286751,71580.65472,3861.315544,171098.2134483,6452.1048,731.4831,1432.6927,12236.1970044
2022-12-30 04:00:00,3237700.58636149,690050.4548877,191616.717912,11276.6029,11499.640883,275736.5648898,2441.4294,12267.6705,25640.2211,32310.6909548
2022-12-30 08:00:00,1494945.18750971,426285.2759309,35105.113854,6313.47405,4196.799596,122619.5037147,2838.0835,0.0,95.8451,7254.7166696
2022-12-30 12:00:00,5505049.31553486,1425250.5942643,194683.77474,58774.59919,23259.13847,184285.4748729,7765.6191,2817.6502,12367.5574,9972.6095519
2022-12-30 16:00:00,2923476.52261474,712343.3011504,117834.066441,20004.81187,421110.728688,143542.0577426,3581.4079,1651.4054,18621.3759,15213.4252564
2022-12-30 20:00:00,3049243.21475152,553999.8876155,139610.70933,54217.0282,11757.30358,78659.3240239,5867.2342,1965.8474,2461.3893,11102.3410567
2022-12-31 00:00:00,997790.23543477,445899.8715885,93972.697258,21877.11262,4871.02475,50596.1828007,4657.7804,3733.7382,11591.822,3096.0207812
2022-12-31 04:00:00,1119088.03695963,514439.3677491,28731.303429,118558.5352,3164.443394,104198.0148958,5741.934,545.2288,19174.7813,5957.0825747
2022-12-31 08:00:00,905774.53120151,552356.2644069,39772.032987,37450.02035,7565.904089,146840.7253754,3058.2831,3521.9541,94310.4844,4839.4356851
2022-12-31 12:00:00,1571544.10545517,1580815.3317439,60329.087307,141359.02543,37335.113879,277368.2653405,3874.4139,62.6536,12811.8149,78552.0538262
2022-12-31 16:00:00,1930999.2781154,439987.5806011,51154.71146,73026.09653,17574.052524,106871.574323,1742.0885,6213.1337,1772.1652,12515.6743125
2022-12-31 20:00:00,2810201.25372156,640990.4717407,50188.843866,47959.47253,78331.315209,58012.7560944,5765.5455,2573.0568,1256.9698,8665.3619444
2023-01-01 00:00:00,833969.77056218,562284.1871766,54826.973129,74668.86225,22845.880858,86270.0090415,9111.3041,1118.8012,6572.584,17570.0614651
2023-01-01 04:00:00,796296.25390066,576681.9425773,32388.814386,24193.39082,4049.014319,66925.1343332,1916.6358,1840.4872,2007.8413,8299.1483114
2023-01-01 08:00:00,840716.67033086,282105.4450112,11366.517922,11986.88625,1051.457507,74875.0991609,1074.2329,169.7324,440.3797,15399.4707822
2023-01-01 12:00:00,615100.22868063,351614.4973753,11787.69551,6030.97611,3667.567039,29798.1535276,1292.1627,47.8199,52.7364,9844.269033
2023-01-01 16:00:00,1086910.96640528,559899.8615541,18169.069343,60159.55201,4068.194282,125193.8949344,4860.2732,2206.5141,273.9027,35322.1405666
2023-01-01 20:00:00,944550.64801191,325803.6409761,22584.285509,13439.82526,7297.747569,39695.5292557,6266.4642,470.4714,31877.6272,22168.6706025
2023-01-02 00:00:00,1675737.74723789,593973.689062,50201.691818,44124.13995,20008.255168,96209.8405058,8672.7404,3903.2851,5565.1615,24810.6045416
2023-01-02 04:00:00,3115890.30393829,697115.7485597,224007.495583,51244.1193,56507.767224,320433.6410629,65553.3006,3404.048,5538.1163,129319.5546552
2023-01-02 08:00:00,1849429.73306007,1051081.6488733,131214.79048,52615.89468,6434.516066,194112.0733484,6860.1817,3002.4314,5228.6756,88231.8676081
2023-01-02 12:00:00,1622956.08965371,850751.3613083,67806.282623,217752.84433,7656.366081,207698.1632251,3504.1039,154.6825,464.9825,48046.9601071
2023-01-02 16:00:00,929633.19667221,451563.5194571,37182.096954,32493.48454,5809.116174,74915.3103254,27557.4536,7657.7322,3015.3295,34449.6159154
2023-01-02 20:00:00,2715071.2341272,768895.4819501,131026.529629,24596.84334,21156.796854,111731.3058273,25353.2162,365.7219,3256.6337,28245.641179
2023-01-03 00:00:00,1506276.30076378,463427.8424173,83332.660089,9492.49241,12192.626958,105311.7686449,50407.5836,3782.6037,1863.6626,38952.6349206
2023-01-03 04:00:00,1413841.29296261,581978.6473029,324513.148258,19639.61807,5359.953406,125435.7572109,2398.6615,1459.5257,9479.8292,43883.1748074
2023-01-03 08:00:00,972196.56611919,412099.1385581,86696.286829,20709.08685,4228.976628,77354.1001532,3691.7077,943.1196,8368.3832,40105.2036815
2023-01-03 12:00:00,4479310.35844993,1031846.0624456,416218.844374,11790.49932,27398.468485,156801.5318478,35737.8449,1274.105,7985.541,34964.3886877
2023-01-03 16:00:00,2674232.66301923,866225.2382668,541230.957461,27115.15405,18496.322391,147933.6767335,11846.6512,770.4013,6293.5693,48050.9057101
2023-01-03 20:00:00,1366927.19265947,592672.6710317,142215.828725,15821.86585,8876.829903,72813.6964132,2667.7566,7164.3996,5684.9893,20066.8611555
2023-01-04 00:00:00,4529578.82664549,1668358.9983333,344512.429954,144705.17981,77100.082994,466065.7829273,34139.57,7941.9703,8639.0423,72150.0103119
2023-01-04 04:00:00,2717095.41741447,1557505.2156531,239243.543921,46216.85968,11275.921565,124344.7846817,55830.9733,332.0065,7444.2276,72690.1993153
2023-01-04 08:00:00,1871902.7119092,1056222.4657438,100887.434328,14695.24632,24229.683247,89406.1429793,7903.9229,3391.4422,918.3537,26308.4096753
2023-01-04 12:00:00,5328933.67476403,1889636.6507685,118391.867355,15650.93105,13506.243062,87128.0516183,28053.9852,16.6362,11879.6281,13801.5481857
2023-01-04 16:00:00,8351232.40031899,2685713.9951514,138124.308702,224759.09383,72649.312417,234127.5012094,33483.1615,8478.1136,1761.0442,53644.6195956
2023-01-04 20:00:00,2656806.76029553,900531.0242902,174165.884633,42890.94428,59604.709206,89454.5769471,10190.761,816.74,1190.7621,13593.7044766
2023-01-05 00:00:00,1766185.34848706,1082681.3718617,90479.221164,27468.36717,19604.033146,287231.2309327,5751.7886,3846.1962,2340.7653,29212.782833
2023-01-05 04:00:00,903370.7185896,857643.8698602,82160.79708,15899.11777,29709.666089,273340.9633334,6242.462,1683.9061,124.13,24586.5729048
2023-01-05 08:00:00,1182292.84799867,560594.2800122,115925.849619,19438.0501,16189.099727,205597.9120297,6100.05,2655.8097,5524.7214,15489.127407
2023-01-05 12:00:00,4768206.93026501,1842554.2748093,119364.375852,31612.21418,8758.12465,229791.0454051,5224.8277,138.5475,1551.443,44216.784533
2023-01-05 16:00:00,1970421.65472774,636434.6650803,56133.213944,25477.36942,11041.406712,68343.0375464,1717.2479,140.5737,6535.9394,31496.3668198
2023-01-05 20:00:00,1561425.70981849,722724.3783129,264314.04531,34513.00423,16474.753799,133607.9565651,8573.2327,9014.987,19275.1542,17679.5984448
2023-01-06 00:00:00,1875951.77319663,717912.3511334,250211.54973,68880.35121,206972.221369,97907.8535252,7979.6769,2436.6247,2090.3686,44588.1555678
2023-01-06 04:00:00,1593072.20690134,698054.4581329,138375.808998,25676.94103,74797.98813,115382.5450222,6932.4806,1616.9169,10387.6053,130998.8223449
2023-01-06 08:00:00,2474820.84929893,871545.6080534,157620.197889,26785.53796,37858.100654,133640.0398084,24703.5939,457.8525,61.9905,38050.6980841
2023-01-06 12:00:00,6508111.1647471,2773592.3283745,325147.723634,75767.00978,50261.077491,182595.5027703,18381.3303,1518.7315,16126.012,44099.8596357
2023-01-06 16:00:00,3887735.91458925,3071273.9827892,182716.581376,28775.07834,23253.14193,174699.9465973,4775.8592,13933.3017,13425.4725,47423.5534249
2023-01-06 20:00:00,4322815.40655285,2939526.7394775,143375.544321,16944.91884,95613.71242,93926.4339826,7320.1275,1486.7479,12790.6032,21340.58056
2023-01-07 00:00:00,986162.8008902,438748.9673749,123651.86692,87367.6542,19291.336125,89731.5962,6844.8117,1572.7642,11776.8653,22801.9160492
2023-01-07 04:00:00,837436.5414094,341490.691563,101658.494287,11082.18975,9015.286443,72862.5052139,3282.6827,925.0572,2259.7508,15375.1681016
2023-01-07 08:00:00,624322.21794897,421883.6467979,74274.45043,15024.86664,31102.60763,75601.0959217,2046.9026,1428.2126,21.7152,15072.238722
2023-01-07 12:00:00,784381.67606365,794311.0022633,60356.889442,37409.11047,13160.856557,58453.2754392,8181.0928,620.7722,1977.7346,12444.2334045
2023-01-07 16:00:00,485033.76638423,278796.1730004,37212.676881,16744.42126,29076.611202,65702.1962592,3111.5517,1666.2344,5941.339,25129.3306414
2023-01-07 20:00:00,828400.01193181,689032.1043982,56861.729432,16833.09271,8091.986438,45232.6521484,1470.3923,512.0195,25232.7848,19664.4750806
2023-01-08 00:00:00,984742.76013867,898531.683938,274427.109946,38273.44706,15445.81193,109524.5382899,11093.7622,6943.4789,2742.3129,21531.5275539
2023-01-08 04:00:00,394860.02519508,338671.0224274,111753.046663,18874.82388,8292.901198,53440.4166204,1105.2704,1011.6802,7884.0297,9279.9224705
2023-01-08 08:00:00,842852.42269159,403748.388584,220236.314831,10154.97762,198177.471251,34202.5577614,5559.6803,2193.6622,6905.4539,47095.2783904
2023-01-08 12:00:00,1261894.80261277,632584.7801243,224292.151056,77750.26065,75413.030248,89694.78519,4084.5757,1789.8818,552.9074,47993.2257707
2023-01-08 16:00:00,2018711.32930093,1093713.733725,258441.846017,105985.27229,83575.091478,126996.540007,5046.8412,2335.3287,1005.0121,34903.5558631
2023-01-08 20:00:00,4474434.17264139,2043897.3639752,418229.921546,205620.4712,95199.967556,251354.478325,7239.0793,3257.1983,18012.4525,65129.4482885
2023-01-09 00:00:00,9211508.13244992,7741083.5541582,2080951.933217,150742.24138,989457.975221,496932.2268575,34005.3398,3598.046,56618.6121,198203.3935905
2023-01-09 04:00:00,2365473.94674618,2117389.7283693,586054.240346,19616.25846,123573.566444,188898.8733321,5249.158,4914.8069,9742.5191,81998.621304
2023-01-09 08:00:00,2975011.19657624,2816120.1967778,712162.81347,22406.68881,62196.40353,432834.1482685,5994.2108,9257.9485,4742.267,54999.5496401
2023-01-09 12:00:00,4491639.12810063,3747374.9230702,1448988.805096,106465.30798,97575.52331,864851.8049301,3051.6709,14690.7518,31525.864,46422.3766964
2023-01-09 16:00:00,4868546.97765687,2762086.9278109,1036396.783637,74526.89807,163458.12069,620189.8070961,17089.7181,8398.0271,8615.1033,47466.0630969
2023-01-09 20:00:00,5749631.0072559,3984624.7439777,777504.91819,60737.48431,201196.779449,366504.7228613,16420.2944,13341.2235,39631.2463,53014.7644138
2023-01-10 00:00:00,3041030.20363135,2251320.267587,508211.418909,41073.0659,150753.421195,420992.3468775,11412.4472,4004.3553,3354.7848,23216.348248
2023-01-10 04:00:00,1429572.5649433,1422311.3027002,461623.57184,18757.72887,22971.146619,209867.6905511,6235.11,318.9486,787.7603,15577.8501962
2023-01-10 08:00:00,2039478.51127988,1724528.0427751,243924.490412,13938.14767,23243.528448,465148.3268882,13053.9028,961.2082,2482.6545,7937.6211905
2023-01-10 12:00:00,6154366.08066624,3340572.902572,288533.465572,28731.5453,41724.484173,250423.5627276,19201.1417,8964.4697,3046.3729,13178.7306514
2023-01-10 16:00:00,4938473.9311464,2537981.4331603,174449.725191,39242.88007,193822.53192,152449.2087544,27689.8608,1276.6444,28204.4112,9178.6670274
2023-01-10 20:00:00,3404602.57255615,2100887.6762204,288824.177341,37466.78483,14272.092406,118267.8734295,5660.2493,6066.0048,32200.0532,11302.6442313
2023-01-11 00:00:00,3978883.82992568,2108255.7964496,365587.429076,74291.82431,77244.486845,248664.0564081,29929.2955,3220.1286,6492.7505,5506.0896722
2023-01-11 04:00:00,2403004.0733326,1272503.3620059,249592.525347,10168.48294,104901.373964,80826.937709,6011.4177,8447.8739,2080.7634,56657.3352237
2023-01-11 08:00:00,1562655.39740565,952291.4588877,149667.62439,7025.41002,5859.761975,49577.9338872,1296.5996,40.0738,625.9678,18875.1424323
2023-01-11 12:00:00,3662705.92419084,2099441.8795732,554930.56279,17038.7852,25734.644833,197717.3859702,7014.1941,4240.8529,3149.3599,25094.1948956
2023-01-11 16:00:00,5856576.97401325,2725049.7628435,320649.163608,121349.41589,15325.309736,168893.8129993,594792.7953,5749.2552,31163.8211,31286.8401255
2023-01-11 20:00:00,11484515.12847381,3623677.2519849,322830.82232,109703.01115,121775.052855,277393.9847604,330052.176,15444.4167,74210.7372,75860.2898475
2023-01-12 00:00:00,21408327.74842923,5114018.6023246,521293.068507,118163.94369,353179.032462,620927.3561735,167876.6506,5496.2327,36440.7537,156344.7244804
2023-01-12 04:00:00,5614822.22990713,1868734.4577692,255202.363665,32649.91795,57386.146221,216636.5241958,105192.5917,1495.0718,11722.969,23916.647216
2023-01-12 08:00:00,5927158.29902272,2222353.3084914,200589.075748,19109.21784,67164.930246,169259.816198,29476.3146,1012.2353,2056.3304,9198.2878477
2023-01-12 12:00:00,36544590.17362057,9089977.4128817,804231.382368,173385.04076,491220.746305,743134.7904575,183382.5787,14879.7608,57250.7192,94455.131683
2023-01-12 16:00:00,42619185.79884762,7035417.937699,558255.836064,69439.96357,151862.701174,438885.2604487,102211.1689,11394.5972,11931.7604,37017.6812673
2023-01-12 20:00:00,15248783.88150872,3410191.8335391,400289.879319,39909.58115,94894.410221,327824.6092654,48961.1036,6015.893,3804.246,38533.1937608
2023-01-13 00:00:00,6334943.22108141,2948884.9594613,308143.142409,97900.16971,127868.037943,206657.2728308,27546.138,3688.8468,4548.4096,41977.9838977
2023-01-13 04:00:00,3373693.90269244,1225192.800981,512545.413448,29705.26643,41473.820919,166494.440081,32997.2716,1066.8288,1057.6982,13073.9577349
2023-01-13 08:00:00,10789238.19748044,2318655.8279293,251884.457347,5173.6619,89575.393831,253557.7514133,89588.1492,2386.5466,3354.1817,3926.2534087
2023-01-13 12:00:00,24123514.79820017,2811107.9891419,260508.643323,37122.29205,67294.808523,272506.3036479,48667.1724,1639.2378,3874.7544,20821.604534
2023-01-13 16:00:00,23257254.75463534,3054587.2843644,342349.280085,30360.63889,96714.743935,320307.3070075,103048.2721,4630.431,7111.6654,13826.3962286
2023-01-13 20:00:00,28578315.87717944,4082195.1962405,1013147.810285,79125.72056,340922.511856,784701.7351794,234270.1547,17196.9926,66207.441,63797.5916268
2023-01-14 00:00:00,59956160.2286712,13304400.6730259,2568458.779497,468130.71413,855721.380722,1983094.6385855,322731.2059,46955.854,80715.1466,198473.1632578
2023-01-14 04:00:00,14661001.86843371,4471579.2936492,1218310.259918,395066.74202,395699.335965,622890.3136632,272823.8038,191195.3878,36051.8683,37576.0404481
2023-01-14 08:00:00,39240703.20962375,7112095.1791245,1037799.451452,423667.96654,786346.787426,1437524.0435782,681102.4568,104323.2924,93788.0134,186047.1028014
2023-01-14 12:00:00,35879910.54341919,6671999.3170738,1095531.09188,131133.09938,358606.146575,717492.2586334,160652.4707,35203.7412,73449.5653,30161.4393128
2023-01-14 16:00:00,18277136.93770873,4079807.0824361,698080.077796,30155.29477,235875.074064,402188.5458423,81343.7171,17702.4595,4700.2231,31476.8624198
2023-01-14 20:00:00,10984362.25338739,3847912.736205,688222.960879,37389.35007,114220.303531,219655.2988643,50308.3302,26011.1355,9064.7141,8636.8925058
2023-01-15 00:00:00,18146284.46561059,5614150.6806279,1814631.986883,91907.18383,149321.875699,573158.6561046,142514.8661,26237.6062,16214.3829,41429.953315
2023-01-15 04:00:00,5932482.95249238,1500280.0923427,482432.985175,28643.36645,24662.839472,132852.9164417,48534.9543,1119.8625,3374.3812,7047.9977393
2023-01-15 08:00:00,7607646.00017827,2217563.8383025,626946.10983,34716.83911,50632.824347,214878.0473475,51563.5788,4531.0225,5552.5242,9869.6958367
2023-01-15 12:00:00,4687555.09706794,2804780.6643123,554134.638889,92914.30672,63414.425345,234948.8131724,62564.6206,12708.8676,10169.7026,28678.8104562
2023-01-15 16:00:00,7440289.01117775,5391298.5962046,471601.583626,163689.53338,91972.145535,479388.1323067,80080.9054,7959.9869,9185.5444,9442.0624185
2023-01-15 20:00:00,2807009.74869858,2051675.7134536,234183.212411,27363.87014,32115.668843,469823.6805343,25648.374,4179.2044,13379.8469,5274.2056829
2023-01-16 00:00:00,13947227.74740643,5660724.9210738,819428.660297,98644.21254,109003.151815,513822.2864309,65616.0297,14986.427,31919.4071,17512.2602464
2023-01-16 04:00:00,8666040.92400825,3527415.1014502,780115.920146,74343.19041,74337.649283,148685.9291936,53015.3405,6832.7655,15958.1538,19537.4656439
2023-01-16 08:00:00,10306113.41593775,3499033.6809546,377833.230205,114917.07884,109709.524672,427538.0390657,136338.2504,34212.6555,60773.5152,67722.6699354
2023-01-16 12:00:00,7895085.17430731,3996427.0949192,232036.252696,152495.04024,179473.049573,460827.0275596,65802.9545,15707.1665,19348.0011,23771.1073022
2023-01-16 16:00:00,11757921.94729678,5155173.3150309,759255.467651,57061.89455,163927.851729,290150.5047698,26166.9709,12316.7551,25532.0518,15878.4673619
2023-01-16 20:00:00,8513596.59599603,4029580.0720357,177774.399764,39960.57937,56532.565243,243862.7636173,19717.3231,4702.6882,27571.481,18471.6877391
2023-01-17 00:00:00,7914994.70753796,4420209.1714076,337743.949107,77564.00954,114168.170739,222025.5092045,156876.3673,8384.4017,6743.3149,53129.2979489
2023-01-17 04:00:00,3902486.41784033,2694280.9143116,303367.167554,30423.45229,33948.29954,88026.1180953,24205.7235,23737.4641,6417.7937,10400.1104589
2023-01-17 08:00:00,4739603.83061672,2204188.3220329,141891.546932,30543.50383,39463.369497,55114.5426923,13540.5514,1481.1017,2400.7283,56168.6622583
2023-01-17 12:00:00,13925342.92945698,5785858.8298182,264045.55135,112328.82196,69839.584824,276528.5093088,200700.032,23839.1824,16079.2846,29718.9059523
2023-01-17 16:00:00,8436649.28596563,4052774.0224089,124466.523591,29506.68608,21803.090168,105809.1820687,61828.3237,22049.2004,12780.8977,90826.5681338
2023-01-17 20:00:00,5305176.95939342,3293701.4181757,189870.13873,48092.4122,71614.512111,124695.9497492,59847.3758,6764.3131,71363.4735,15718.4777898
2023-01-18 00:00:00,4115162.5276747,3788565.5056137,331999.1145,147462.72787,103568.579652,795729.2177678,37021.4244,5375.2782,26942.5576,22412.1421117
2023-01-18 04:00:00,1723814.08928188,2203966.8452766,122701.782263,19030.68078,110787.053202,290758.8134405,9987.6671,4984.8646,7916.9604,5796.2899816
2023-01-18 08:00:00,2135594.67575373,2693289.8598645,160396.517231,40267.38721,96929.105256,169132.2021539,24353.902,21203.8039,13359.1719,16581.407527
2023-01-18 12:00:00,8556285.12829583,5803503.7881237,688096.601267,234658.88853,218410.321849,728713.8806085,76539.4209,57823.0191,59229.1662,33627.8322594
2023-01-18 16:00:00,14743410.2421783,6347433.8777687,1281114.810672,833437.74976,566451.257749,1218857.6683616,483238.3903,82051.584,87065.7051,95850.4686275
2023-01-18 20:00:00,5453360.80869256,3773940.6883631,868560.126185,124170.13981,369404.334424,264341.5013656,71353.1927,40233.1131,26459.4405,221306.5087141
2023-01-19 00:00:00,3002410.77738486,3366847.4271687,354486.272471,39174.11585,81195.732725,127088.6248713,18214.929,4352.1666,2400.8374,33956.9291562
2023-01-19 04:00:00,1356146.66470589,1811355.1579165,241555.161508,20133.56882,34491.927484,41132.0543989,21216.5748,2758.3923,1666.0422,4149.1385004
2023-01-19 08:00:00,1701368.83886764,2137810.0895875,240428.960076,30118.93683,39012.100907,57631.0307172,45942.7196,1456.8543,2379.0282,8314.2638882
2023-01-19 12:00:00,3664822.11346088,4843874.0231408,510544.001819,45828.08848,298541.158027,114805.3421204,42045.0665,10137.1851,19619.0176,39295.596222
2023-01-19 16:00:00,4029069.19784668,4361260.2966209,615244.505939,23958.61751,110447.552563,124579.9751264,24279.7106,737.5512,19570.313,17333.2737127
2023-01-19 20:00:00,2185781.65352357,2333883.4422791,311627.225457,24909.79456,92515.622956,97420.9825914,10137.0947,2671.5173,14761.359,5159.1640037
2023-01-20 00:00:00,3374412.10630255,2862939.5306293,281587.465066,38007.5504,77076.135859,97615.7308044,11761.5153,4607.4675,1918.6342,15316.0019623
2023-01-20 04:00:00,4073926.08185108,2343733.2092025,227642.200505,79143.26897,46994.742996,52971.8721862,7231.3491,1437.4577,5237.1407,12210.1994599
2023-01-20 08:00:00,2473930.56114175,2044525.5074676,158956.924744,22035.16579,21573.554322,34729.3155348,6814.5861,10834.7996,1664.3992,25069.5435031
2023-01-20 12:00:00,7610540.19344846,3344139.4842389,164984.672936,61199.2767,100906.93604,86749.5383498,55803.7298,3992.8965,15560.2194,22601.4283082
2023-01-20 16:00:00,12815519.32244191,5697973.6589457,753239.085044,70101.5738,582464.166986,201051.2834609,60081.9942,9545.7847,123724.9965,41623.8966556
2023-01-20 20:00:00,26269691.80869233,5249106.7029088,1713584.688932,366660.47779,542865.910409,746703.8333532,236163.9748,29967.8815,45389.5063,73584.5976634
2023-01-21 00:00:00,10998744.31032728,4346051.8018393,1093224.757816,663470.94056,351875.316459,228373.3922105,88964.0333,31915.512,32221.6044,26964.2681392
2023-01-21 04:00:00,4392585.24054765,2618522.8613166,251582.230229,39089.42494,55684.543814,214119.6610254,6259.9516,1796.5153,21756.7914,22669.0458017
2023-01-21 08:00:00,21882938.29601747,5553335.4829804,626317.850163,342705.367,273225.720554,830268.1450034,238416.983,53940.1481,74852.4503,70965.9035421
2023-01-21 12:00:00,26084692.25747968,4966421.4019201,490610.112815,100287.35656,385936.841694,508181.0210562,86615.5204,3808.7657,61826.1195,16733.1177645
2023-01-21 16:00:00,23509614.40833073,4715879.3759746,384273.27216,69331.29319,283625.44306,313745.1396881,80480.1463,31808.1394,16702.1533,41343.5752794
2023-01-21 20:00:00,15788065.2881277,3857521.9788129,344567.194028,112720.02601,255833.227413,371602.2549317,84931.5728,23703.9494,31544.4675,19073.4463683
2023-01-22 00:00:00,16639560.58858552,5197551.0620549,454808.368766,76842.53209,142639.515289,188863.3298666,20097.4467,10506.1827,20131.9524,18004.8815918
2023-01-22 04:00:00,7844932.09051754,2805738.3609028,352111.489005,50851.89928,131109.787268,108125.002206,14895.7771,3948.6365,3476.5477,10736.7654877
2023-01-22 08:00:00,9205568.05952124,3484258.8048406,214167.413447,15281.1938,404642.896777,84597.7771025,60853.9962,10538.9257,1160.2851,20356.2606422
2023-01-22 12:00:00,15083714.21893819,4775076.7849568,309004.247634,108344.96254,192510.218597,345460.0959633,198191.2488,19620.8811,80306.7862,82950.8167176
2023-01-22 16:00:00,12535868.26416732,5370981.6837067,354948.103899,246525.47373,294814.136747,1321970.3050541,127829.7156,17438.3698,27414.1793,16821.5939716
2023-01-22 20:00:00,18327688.50645124,4908737.8345317,617247.283967,169857.8008,308240.200087,655988.9073325,286118.0291,14109.069,69183.7263,58212.8817306
2023-01-23 00:00:00,7130564.45073041,3244924.4505681,355590.044623,109656.87474,421457.043173,390988.8506932,56087.5237,21467.6199,51795.8418,1710.7773082
2023-01-23 04:00:00,4748494.53959083,2408282.196973,208019.10789,39689.77167,133877.383001,266556.9622447,64038.6224,15062.9019,7527.29,5732.3676628
2023-01-23 08:00:00,7690540.05708191,2780946.5952624,294403.411444,48690.4888,190654.420927,222410.0385552,48881.1554,6159.4641,3550.6308,58498.7889927
2023-01-23 12:00:00,17926367.54677256,5980346.5214106,520553.672922,216648.85559,262547.110986,581313.565535,140629.022,84320.3881,67196.1898,108460.7050402
2023-01-23 16:00:00,16474162.45129965,5416218.2324996,532575.749776,87744.95168,147183.123885,336762.6091474,61542.8088,27128.2122,5678.1702,33068.359825
2023-01-23 20:00:00,6389690.18098071,2558389.734541,555591.025589,85850.98654,223832.182163,273330.6497017,32614.3172,44659.0005,5706.8415,7254.6127465
2023-01-24 00:00:00,8375716.40882795,3980070.9214964,544434.014428,489345.84053,208596.869883,323851.7488144,307664.2707,11486.2289,41063.9912,22416.2200367
2023-01-24 04:00:00,5396259.9620513,1605851.1813921,269269.983022,120082.65898,54147.900195,136800.3148313,13334.6663,37073.7261,5300.2078,25083.3882419
2023-01-24 08:00:00,9492927.15160763,3182623.5317067,232892.874008,83607.58955,56779.174786,214063.3005051,26522.7252,10586.3718,12495.6842,11596.583235
2023-01-24 12:00:00,11919783.08223678,4539126.1274547,372354.997169,142829.12849,71554.247037,211561.8889522,55797.7042,15861.5355,28065.6333,9992.7805765
2023-01-24 16:00:00,5721595.81450177,3491753.5252524,310033.462893,177784.85359,193242.553419,138480.109365,46639.9663,7731.848,8614.349,16915.3802879
2023-01-24 20:00:00,8249334.98687745,4885573.1770877,981368.004187,596044.88383,334614.595891,580458.1479484,102361.4678,36045.6451,80301.1987,23102.4287296
2023-01-25 00:00:00,7474653.11468237,4821847.8326036,481141.205012,235818.32522,310107.339292,482802.8300794,96657.9617,16261.2283,37687.152,24417.5181561
2023-01-25 04:00:00,3444108.0914486,2055544.5217513,167694.810083,63164.70648,111404.758903,95856.2527238,9721.8263,3368.6671,7281.1918,9872.0716673
2023-01-25 08:00:00,4472659.32739539,2216226.4927676,147196.03274,40043.54208,88600.588155,146979.7868501,15412.6248,3110.2427,33419.9235,3106.2447648
2023-01-25 12:00:00,9652485.92198565,5247258.9706201,1011434.588163,135871.02913,114545.966545,277977.3791658,75301.6668,14491.8344,23492.6258,43307.4363059
2023-01-25 16:00:00,6095179.96010971,4072883.5757009,245163.625454,33626.9311,64247.077171,247500.7077001,21048.3382,4648.5639,13836.0935,9586.6620796
2023-01-25 20:00:00,18991087.19095972,6300561.0454955,1792595.928303,350447.51353,560697.84828,737023.3313118,123734.0875,83783.1403,101598.7181,152416.0894661
2023-01-26 00:00:00,5899490.60103522,2511586.2393367,509744.1088,105796.09432,485291.516479,93970.501628,17639.9166,7641.59,7763.0432,10777.2130148
2023-01-26 04:00:00,3758982.48240903,2145734.4281308,285205.712864,54474.66928,106905.715623,200617.0421632,60882.4412,23288.6732,17681.4674,3105.2149696
2023-01-26 08:00:00,2758558.3848673,1228319.787897,110138.593933,34580.65125,26769.355567,59691.0582941,25197.3493,2362.8294,3681.111,8204.5883152
2023-01-26 12:00:00,7079588.06595482,2868954.6569905,373673.214015,177075.27427,174075.448425,306728.8460282,251012.9464,34753.0393,44592.9602,49637.651992
2023-01-26 16:00:00,4473039.4088832,1870651.3565296,210764.724549,105101.22924,160266.550056,68265.5749975,68290.9868,14418.2328,20627.6131,20939.8985513
2023-01-26 20:00:00,3559345.19830207,2024342.8497611,91952.525567,81222.92887,151160.517958,87846.9140199,38922.2445,5573.6089,33396.4429,18015.1065134
2023-01-27 00:00:00,7608652.16405084,4159800.4444739,303859.221692,142747.43194,182775.686245,182572.6583079,151268.182,15130.4054,50863.6136,48141.670186
2023-01-27 04:00:00,4060708.43436211,2722889.1970151,81327.332685,178429.28251,56574.556296,59811.9473853,19214.3554,2393.8813,31287.0637,11651.7708474
2023-01-27 08:00:00,3210692.31085473,1433221.2717728,92923.440566,17085.31915,55085.89493,43655.2971267,23678.4839,2529.3388,24691.7833,9419.1872578
2023-01-27 12:00:00,7419642.69297317,4030531.6872658,292180.898817,74079.68608,174785.447648,208103.5738314,31578.4591,17965.4887,26192.5326,102601.9178973
2023-01-27 16:00:00,7014847.28093336,3839104.8968806,154881.299769,22900.54617,210099.206227,142858.247669,171189.4045,24123.7307,43888.8838,10050.7731718
2023-01-27 20:00:00,8116938.5359519,3059770.8614975,478753.007502,75269.00929,157233.988915,238117.2943396,1055690.7022,168593.9948,41783.7816,23397.6648333
2023-01-28 00:00:00,2485808.84465584,1465806.1037876,374684.349328,64892.96402,514358.367591,73235.2658032,520535.0912,8813.0246,38762.749,29282.2243496
2023-01-28 04:00:00,1946762.40732044,1323068.0768552,168817.938466,105868.64648,135246.553601,553745.4541934,92279.8039,5656.3327,16212.0725,15014.1385357
2023-01-28 08:00:00,1717520.54870409,1239417.5419635,3675.34068,29977.07887,26014.896582,82995.9199289,58680.5116,2878.2267,3242.6083,5696.6690269
2023-01-28 12:00:00,1891889.41939546,2510008.7595151,52622.234841,37126.52102,82782.127053,209891.9359251,261376.2925,14198.4928,32066.3119,30580.5467983
2023-01-28 16:00:00,865684.15594687,1258544.3923041,15508.559679,33329.83506,22260.553707,42556.8198089,131394.0469,1500.5013,2266.773,38663.9673889
2023-01-28 20:00:00,1120445.77396234,1357729.729823,22074.634432,30288.88071,36177.050418,51920.8956598,135591.3776,3862.1708,6390.0655,20604.9274169
2023-01-29 00:00:00,9972754.9687448,5839936.1664165,174694.876049,141931.39054,287700.343012,264570.5805414,91095.0386,9381.9615,22612.9224,244531.3030678
2023-01-29 04:00:00,1860161.01124504,1931640.0603863,40852.188076,23605.81758,30572.935614,67801.797608,99783.2927,694.7021,5662.3075,24530.7337619
2023-01-29 08:00:00,4755731.98510537,2852277.4441424,73085.436804,331345.2181,208392.373265,196896.4807616,83875.9089,7111.4862,22424.98,46727.6942385
2023-01-29 12:00:00,3950321.09506166,3229835.1376622,149293.907203,106671.77497,78918.728546,126960.8248389,61334.6416,7156.8162,3847.4789,44615.9526113
2023-01-29 16:00:00,6210995.81039899,5027437.4173028,1146210.083273,135695.59067,74970.773386,291895.6109349,140629.9073,9563.0101,44582.9742,215628.791354
2023-01-29 20:00:00,4568878.23663432,2955453.173337,833370.660126,107364.34935,65545.967109,116418.6688314,106234.0813,10154.2081,12179.4265,50565.8283361
2023-01-30 00:00:00,4159560.72014776,2236512.8225051,381738.893036,108981.15123,152745.866549,172396.5289877,155623.0692,12709.3182,12647.6824,28128.3283821
2023-01-30 04:00:00,2426388.61324973,1563836.725835,59994.079817,47631.16216,113105.521546,117123.9910834,86439.9487,3433.6584,14776.9082,22187.3552961
2023-01-30 08:00:00,9166583.1168664,2943796.3711891,190586.781863,333245.24945,250036.948013,298044.03727,620978.9977,18072.513,30904.2661,181255.6355507
2023-01-30 12:00:00,4748000.59633033,3273770.4673827,183850.650878,90982.90224,89816.279701,69258.6169174,138715.3818,16551.3101,4301.2413,55915.1201896
2023-01-30 16:00:00,7272623.90672733,3588586.5417503,204113.418773,182904.01206,212762.245996,1381201.1588378,594003.7174,16428.8826,69282.1405,74417.2272268
2023-01-30 20:00:00,5952717.39750236,2491631.848388,240285.035584,90280.10416,117547.969064,370107.1365794,271315.4192,6163.7074,28200.756,44965.7863703
2023-01-31 00:00:00,3194780.66456316,2517001.1557287,69608.496568,54779.42986,78596.367052,1388158.755923,72133.2212,9226.0672,14988.4661,143285.3853023
2023-01-31 04:00:00,2560464.26810765,1574942.6194555,139842.849883,69966.82325,57951.267483,927367.0521241,39170.873,924.1152,16066.2816,41075.5999433
2023-01-31 08:00:00,2233153.26641584,1772494.8249065,27781.543405,27191.18294,39750.318323,440703.0641526,25254.4486,657.0629,8462.8279,16869.2763087
2023-01-31 12:00:00,5787019.77805755,3084975.3432795,78071.737938,58553.20615,767732.550261,553852.2941992,107103.5626,938.9277,3515.7203,18200.8032985
2023-01-31 16:00:00,2686732.09969044,2861382.6741142,72380.320927,37163.34921,330829.003191,881105.7896013,39642.7131,7008.8806,61037.1564,12444.3375119
2023-01-31 20:00:00,5792641.23246711,3720512.0882682,192180.723276,125226.18624,150479.663905,679995.8158401,61273.5208,10676.3359,19307.2498,21774.7700128
2023-02-01 00:00:00,3854805.36995023,4257965.498799,98750.721753,38951.18088,62892.888358,573815.33207,75371.0151,857.7325,1858.4219,68962.2581193
2023-02-01 04:00:00,1593046.64255335,2996758.5072468,94266.035371,57652.54448,108401.045262,310602.4373984,61807.2007,8006.2882,3352.9173,22586.3614077
2023-02-01 08:00:00,3263083.03499547,3418787.1498115,55462.23429,12465.96347,42112.373002,207521.5718722,50314.0038,2191.3472,5769.8765,15487.211758
2023-02-01 12:00:00,3982162.04138509,3507809.2087529,139126.267242,116414.47485,144412.926836,441620.3788339,115279.0411,4661.8462,4709.8898,14912.1337015
2023-02-01 16:00:00,14201793.70141742,5741847.9664398,234878.254615,159829.47048,511785.201393,957540.6915198,510471.6142,12032.3868,48060.818,64754.656657
2023-02-01 20:00:00,9910649.42489687,6220336.8515148,241637.037334,114434.95966,295051.767245,999236.2855484,369932.2093,46093.6436,60791.8496,77290.7475642
2023-02-02 00:00:00,15029398.70683687,13544149.1815873,358455.932412,168726.07763,412060.98032,614812.8908961,515459.8116,16798.4572,46299.418,36598.2666836
2023-02-02 04:00:00,4328413.21800165,5154471.7446015,112463.372357,233888.1105,179437.474644,244807.8432888,165401.8784,8695.9155,11791.3385,6261.3312924
2023-02-02 08:00:00,2882451.93211269,4692339.5388085,16121.530052,39399.26252,185689.790903,133765.5502197,235729.3054,6664.2229,3792.8372,3372.3733803
2023-02-02 12:00:00,10944108.5458347,8913314.9003054,257949.089573,81111.33346,142315.577264,479630.869381,763823.2651,31055.7322,32437.5371,23587.7876535
2023-02-02 16:00:00,12167714.44171408,9810768.2667012,614820.106799,70394.94232,228022.501318,242827.7646974,242181.2596,74236.9337,81664.8865,30335.9159464
2023-02-02 20:00:00,11099681.69882243,12324231.8482486,436377.89662,119645.04367,295086.195479,271923.3377544,447191.0215,47260.7461,92694.9877,25852.283788
2023-02-03 00:00:00,6229259.05438265,9895054.2779162,223395.465081,165641.11324,188539.701296,152943.765615,125787.1295,14328.4102,5802.3063,19334.4942964
2023-02-03 04:00:00,2198666.02474985,4291312.2170745,64893.106757,81729.04203,210101.099477,119831.087411,34525.7705,25291.7455,6226.7008,7641.2253374
2023-02-03 08:00:00,4696322.63201777,4861175.1852634,28215.44436,46250.99379,38001.654158,88100.3080312,12604.5912,11447.683,6418.7363,21404.6651354
2023-02-03 12:00:00,15678353.84332194,15544724.6527983,290859.528453,338040.12774,355098.686544,473913.4001259,294251.2829,97607.0687,37134.9804,42163.0730819
2023-02-03 16:00:00,7336159.94647246,7454357.0777876,194112.937787,215483.6559,254707.494946,162190.8726903,51946.7752,63626.079,7515.616,10544.3164821
2023-02-03 20:00:00,5193606.11326458,3657798.2637706,79627.538165,39555.50125,82345.957621,173310.8930494,38800.9545,47202.0993,5300.1928,83967.2750002
2023-02-04 00:00:00,1742087.05553455,4291223.4646924,102859.781119,47763.25167,243883.176008,392471.9424367,44220.7265,10869.9148,6979.2986,156899.8413059
2023-02-04 04:00:00,1564854.74802869,4097520.1330045,31742.953078,86457.57014,109948.748469,190654.6746659,43655.4148,5713.0382,3519.3539,12819.752485
2023-02-04 08:00:00,729812.57164381,3660550.0782805,7061.629536,22799.50203,40083.043765,109399.1718701,41708.783,1318.872,2187.1355,9416.1393933
2023-02-04 12:00:00,2555468.49031336,7216725.3544881,49861.326055,36540.97393,63336.906753,169623.9929302,102423.9725,13985.545,11767.7097,15502.4500353
2023-02-04 16:00:00,1703786.60003783,6015880.3878438,78308.868474,79760.12691,87896.786458,1354167.6252453,90170.7243,9917.0266,227097.2077,24911.0403131
2023-02-04 20:00:00,1742478.15082123,5530020.61662,79279.416388,35276.38156,215923.554494,384565.3414636,62170.181,7465.6752,10108.5969,85059.674639
2023-02-05 00:00:00,2903416.85945225,6086030.4577053,143637.185627,56350.57829,138832.213348,436530.4834467,102834.4125,9414.6199,5544.558,25786.6228621
2023-02-05 04:00:00,763539.90320191,2078563.6608842,115660.088938,37671.83369,45461.742024,83354.789561,7111.7189,1144.2552,13781.5523,12235.7930919
2023-02-05 08:00:00,613545.48183336,2605477.6910318,70978.678521,58886.9985,36123.589831,104856.8478029,89423.2238,59479.6972,1584.7163,20286.8856932
2023-02-05 12:00:00,5560921.22330754,6459404.3871735,281310.709669,145975.36435,196537.58777,481059.4166666,167852.2672,13289.6769,18389.1735,39735.9803269
2023-02-05 16:00:00,7053206.86230536,4590964.5572743,139463.017409,140975.2065,175777.568207,323653.9784361,190744.0089,11614.1335,6064.1117,29371.8351657
2023-02-05 20:00:00,4214480.0759208,3253281.8213008,117237.979212,57166.60181,71935.873426,213888.2369488,69232.4744,5387.735,8392.7525,16337.8851186
2023-02-06 00:00:00,4325488.29087017,4591449.280644,60223.089215,71941.76287,290221.037806,73531.2376448,15065.1313,4144.646,10662.6557,5850.0115361
2023-02-06 04:00:00,455729.72866324,398866.2558517,7848.413248,30025.23535,68708.213636,3349.2317091,2146.2768,0.0,1825.259,437.9738236
2023-02-06 08:00:00,0.0,0.0,0.0,0.0,0.0,0.0,0.0,0.0,0.0,0.0
2023-02-06 12:00:00,1459436.57865755,921900.956676,114100.870458,32356.75661,43013.761587,19802.1679598,15899.2499,8952.7047,5324.1906,2026.1615661
2023-02-06 16:00:00,5321782.28024715,4551661.9243895,54112.508724,72217.4105,180955.079638,60356.6148834,26200.3563,3026.9579,7122.1914,7549.5075619
2023-02-06 20:00:00,5311733.09629808,3707146.7720193,155107.13912,53661.55858,195180.573402,166162.0509195,80966.7707,13553.967,14130.0955,37321.1724926
2023-02-07 00:00:00,3208778.12525492,3302031.7729277,64547.021446,64347.38351,82481.576441,38139.8670775,98159.4607,2189.7089,10826.4587,93335.2933976
2023-02-07 04:00:00,2461998.93933485,1853650.6164282,33199.125789,33942.40469,55120.639132,23116.3511724,29810.2304,12214.9908,50326.1584,13021.5590064
2023-02-07 08:00:00,3557652.40578726,2664020.9871219,25435.107418,16389.41719,50328.007614,26202.5785586,15106.6505,3962.6225,57880.6149,13727.5889103
2023-02-07 12:00:00,5638177.53278106,3919996.9526483,36877.634463,31059.46518,45572.02684,44624.1755151,21006.5171,4129.5392,9326.0418,32668.7500441
2023-02-07 16:00:00,17348909.02862968,8314282.7494404,620925.587313,118688.47056,741653.124372,303850.2829542,166060.115,36487.0825,48535.9253,33293.9943567
2023-02-07 20:00:00,7265110.18309831,4176509.777536,177948.388242,62487.28674,96220.489221,117473.53214,130611.0138,12711.4721,23109.2086,19380.2313258
2023-02-08 00:00:00,5782576.54863122,7090771.7080942,452319.845637,71167.18525,114584.220906,128543.891084,32078.7504,21592.0772,22154.5241,34346.1424155
2023-02-08 04:00:00,1544881.66357483,2693610.820798,104067.83684,47932.39915,67817.836967,101128.3005509,13873.6233,11344.9052,7109.7692,14028.1614785
2023-02-08 08:00:00,2900416.47647432,3433839.8358786,14704.629812,19768.33743,47707.68252,33814.1517722,23537.6776,3751.9199,3369.0515,1416.0362955
2023-02-08 12:00:00,9474568.03000278,12427959.546159,86500.144633,85053.99721,140317.825289,171162.4729268,76902.8524,15359.9506,99547.6859,22450.9246738
2023-02-08 16:00:00,9124890.18202203,12245135.3448534,174654.515471,55018.59147,180324.601053,172552.3883909,93533.2284,22145.515,102441.176,65316.8381824
2023-02-08 20:00:00,3866855.11627879,4789674.8969007,49468.727507,32097.70792,31015.232075,79026.1236295,41584.3924,6410.1196,59967.634,16888.5303122
2023-02-09 00:00:00,9873970.55549371,8013387.1660913,234125.587379,277229.39812,353659.708928,474760.0365463,189852.3117,26973.5035,123046.7864,89977.9799756
2023-02-09 04:00:00,6995559.6124299,4462856.1694269,107429.645522,62082.80414,104872.278467,233024.1776625,109943.0956,2177.5696,129431.6261,10272.8087628
2023-02-09 08:00:00,2336602.7959275,2355449.813016,54809.432265,29648.36668,17917.390107,46415.4393575,16945.0358,17580.1992,298868.0881,6702.8522298
2023-02-09 12:00:00,7274171.93742353,8339188.9157978,40676.00425,64827.87233,106083.769937,166172.4294334,55173.8434,103808.2766,68321.5904,12030.265234
2023-02-09 16:00:00,14835744.89419995,13216206.2316709,286025.781996,587719.54041,397642.630958,811656.2684331,307679.1067,70057.8546,140046.1765,148983.7817645
2023-02-09 20:00:00,12065244.57208773,12840871.4346371,411342.100428,358947.63662,296594.364422,789297.0452013,281967.2131,30697.9951,63815.4644,100222.1659936
2023-02-10 00:00:00,2771990.31717486,5604359.0034746,223271.954599,101552.12688,35139.544916,106408.1202977,23739.6071,8015.249,23582.4734,17019.4590236
2023-02-10 04:00:00,4841677.68165841,4213933.7664211,78392.545317,57881.14685,83393.985547,128194.4299947,75654.7418,1939.1797,29139.9062,28583.4936901
2023-02-10 08:00:00,4217983.89730199,3158451.7189555,71212.733849,34494.8892,45882.955993,291671.032599,52187.6299,4181.4802,4409.5316,2715.7090554
2023-02-10 12:00:00,10438776.33620367,5669627.943672,114719.155539,99685.8269,131727.000129,303399.2934349,97123.2312,6169.881,11440.1831,33782.6369299
2023-02-10 16:00:00,6385175.39554283,3826534.4750357,90901.944834,62331.29145,132857.338995,236173.3488042,72806.2958,20439.1729,8349.6985,24039.2329671
2023-02-10 20:00:00,5288534.37251505,3609574.1005121,267753.637068,104745.63449,99831.197705,442467.1465583,59302.9015,13914.12,22667.9203,13279.9702503
2023-02-11 00:00:00,2489733.65644935,1479486.1039713,42136.406793,74824.31524,40027.91561,95230.1227475,32880.1763,2743.5039,1647.5811,12156.0444207
2023-02-11 04:00:00,713953.80552521,431157.0711284,8414.090888,17378.71248,13605.780181,36567.7583002,9796.3705,1296.5265,338.8311,6677.778191
2023-02-11 08:00:00,1037680.70713083,740689.6080619,6588.534808,10056.50925,10086.775964,25560.4217191,10760.4587,169.804,34.5,4489.1956116
2023-02-11 12:00:00,1212818.83448323,736416.0241656,23614.724562,32414.42105,76904.919523,44443.4150673,13389.4385,6664.2821,6518.3182,5738.8047233
2023-02-11 16:00:00,1782322.07270316,1348493.6827492,19673.339361,11343.26687,28317.947825,27112.2785868,17195.0494,5029.8827,3952.0852,10822.9778441
2023-02-11 20:00:00,1996863.65808695,1743005.2712587,16006.195079,16801.16105,49883.720419,40757.26366,22013.2327,2541.6593,5467.5141,6501.4009574
2023-02-12 00:00:00,1044828.81623729,1145744.1261806,12350.948983,22951.41564,17442.078111,19125.6897247,48197.9103,1165.3091,2372.1313,7193.7819234
2023-02-12 04:00:00,565970.8618769,741635.6210303,24942.209812,40206.76768,24268.37295,22327.814463,81503.6946,5923.0832,3185.1517,6042.2007825
2023-02-12 08:00:00,1613824.54155342,1201478.3099205,67103.312599,17605.59103,27207.487317,693704.1030722,59729.7669,9317.6202,420.4183,4560.3542231
2023-02-12 12:00:00,3799450.72150326,2503594.2999165,227257.757923,46127.99391,33178.983619,220823.733288,78983.2347,4638.7151,2792.3175,2040.0631292
2023-02-12 16:00:00,3379593.37772018,2239000.7620561,645322.09579,171079.40576,43304.305258,121527.4060678,154652.5032,1489.9316,9293.6958,2183.6622167
2023-02-12 20:00:00,3873967.21284724,5349516.6493836,131301.858704,99850.28661,52970.255241,272509.9879787,116526.5053,14621.6194,46473.9486,20642.9389016
2023-02-13 00:00:00,4741155.77971327,8295230.7615595,299576.959475,123568.22355,113522.658807,206697.6464803,151701.0082,6143.8485,8931.2881,21801.3029791
2023-02-13 04:00:00,2596222.60844676,3976395.5947121,109897.07513,275453.4711,39035.549124,946289.4317176,55129.8193,10943.2609,1983.9921,3238.0038036
2023-02-13 08:00:00,7547773.91057327,9258358.0578694,264731.280868,1424590.94503,191367.497924,635533.2756081,127608.9007,24260.7746,37486.5859,15857.0731961
2023-02-13 12:00:00,4891121.33017088,5604614.079838,52155.218979,252598.83753,31044.235607,128224.7161939,70539.1618,1232.902,5630.7737,7978.6595195
2023-02-13 16:00:00,6501124.52966991,7256128.8101583,170657.127322,292850.11756,113502.914534,211276.4759788,71073.1832,9611.8727,11690.7036,28871.3669976
2023-02-13 20:00:00,3233247.20562801,2743941.4579107,45267.836829,46787.31557,70296.308229,103020.4702452,13355.9595,5599.1091,7301.9473,14091.0760418
2023-02-14 00:00:00,2025691.63929502,1211636.7632188,73521.468903,73841.32938,44724.3992,18873.875395,30440.1286,3748.9491,1022.0182,13708.1210576
2023-02-14 04:00:00,1594678.6420265,272085.1255982,44111.222596,52524.88426,31069.146331,33032.6412525,29484.002,3049.4457,1469.6856,1972.2875448
2023-02-14 08:00:00,2337445.49602098,885918.2099765,82809.441543,17829.04549,115143.728608,48175.0201166,16008.7598,2498.9146,2493.4824,2404.7271938
2023-02-14 12:00:00,20434772.91143498,5425976.8919793,669138.040062,272418.73816,751798.093041,356018.1661836,195948.6791,41233.0144,50094.3733,25931.0834991
2023-02-14 16:00:00,10691064.07326912,2456196.5014451,220313.161371,80844.82565,360975.337286,120906.697074,31354.5505,9042.7459,12494.908,12952.8620734
2023-02-14 20:00:00,3944878.94804157,2201828.4745212,92398.059227,46349.20264,231313.949559,84690.3841093,18785.1172,1383.4799,11317.8365,6759.3182761
2023-02-15 00:00:00,2410697.42814609,1200503.9813617,33632.059668,77220.64605,278402.787816,645894.7221314,21431.7408,6731.653,1540.185,3187.1152086
2023-02-15 04:00:00,1352134.34996177,696191.5176392,15388.94078,56200.5474,43717.925404,368463.6763236,9728.2007,1746.1953,499.1531,19080.1840504
2023-02-15 08:00:00,4389768.54236708,1534098.8398361,55251.759912,50544.38308,58068.334645,110338.5685304,13687.6019,22816.724,22533.5451,4541.412015
2023-02-15 12:00:00,12697176.60184244,4359025.6316084,348028.704119,129132.04598,129555.026974,204255.0924255,42350.4488,26162.695,11233.9383,23259.4991761
2023-02-15 16:00:00,11173800.74516113,3922194.3588786,336447.742481,72445.10479,226331.150437,152463.2703413,31834.4579,29039.7785,30956.4095,17482.1681208
2023-02-15 20:00:00,27353033.48808819,8541911.6181014,715410.375594,157265.2245,659818.81851,274896.714371,133845.2638,44315.9525,97234.5708,55265.2778887
2023-02-16 00:00:00,13987357.93003652,7907462.4025725,379154.207331,356020.84332,482647.535409,363500.4613706,116499.9585,28981.7967,24697.3778,93454.607853
2023-02-16 04:00:00,6964106.83609232,5561993.1005741,217533.350344,208518.4902,99589.451212,233363.5132592,32252.791,55581.5221,20238.0469,21198.9977264
2023-02-16 08:00:00,3419978.03490038,3027255.6818089,94968.902242,96547.45981,101078.036198,38102.7432201,7079.5701,723.414,1191.857,1954.698997
2023-02-16 12:00:00,13213019.86941892,8870458.5359157,257419.663533,121812.22966,700835.280354,167694.8850027,68396.3861,6693.3726,24908.0796,9627.9768578
2023-02-16 16:00:00,15712646.67595544,8916085.601401,475810.030618,178800.17138,232808.501103,405704.5527257,144837.9334,92755.6291,33554.501,52331.7270473
2023-02-16 20:00:00,16289598.7584046,9947294.6897496,211165.210418,399401.30693,418115.605648,259191.0295362,90416.7618,79013.683,49285.1887,36936.6785363
2023-02-17 00:00:00,10884005.23246757,4597983.3854433,106047.508118,91745.97988,39100.211864,64746.4001614,19601.4806,9756.0442,11660.7037,9253.0555907
2023-02-17 04:00:00,4429312.32894101,2866525.6374274,106141.678914,64304.81348,44225.075486,36077.0116856,8098.8537,57848.9511,4274.7876,6827.2136812
2023-02-17 08:00:00,6678473.8361882,3358073.3238675,22342.851571,41171.314,219453.670849,45408.2730633,3597.1309,4487.393,5638.8942,1598.6756312
2023-02-17 12:00:00,13307812.19530914,5712809.4788853,190837.227666,102268.67232,214453.232765,97089.1194497,30403.2133,57185.2594,8195.9156,9809.2735048
2023-02-17 16:00:00,14778050.91311495,6321068.5772237,161680.084742,58541.93015,225797.015247,76284.5606572,46145.1206,181459.9112,28460.9584,37864.6800054
2023-02-17 20:00:00,21222105.4004588,5993463.9080459,168240.612253,108713.53525,297913.09282,217392.859475,66162.5095,53957.3177,47501.6707,13988.2257
2023-02-18 00:00:00,8137659.8794057,4435419.6710947,83583.310359,75797.19156,129568.137396,52029.2776911,277743.6279,14628.3283,25566.5362,11070.8340265
2023-02-18 04:00:00,3994679.40732277,2929768.8055989,9739.218221,87276.16009,55064.411446,45300.5223848,8719.0065,12117.2897,3379.7955,21970.73813
2023-02-18 08:00:00,3680808.71055413,2725774.4226064,12258.287184,39023.99438,43676.037241,84560.0866451,5919.979,11182.7219,11212.0082,9134.3389847
2023-02-18 12:00:00,4511205.65579078,2849658.248734,33122.388044,26593.71565,124387.454072,74593.365673,35156.074,25091.9514,176718.0666,13875.7683674
2023-02-18 16:00:00,5036771.20433099,4053154.2120215,117010.77089,66476.86124,483834.96261,295116.2485444,9586.5698,13947.342,32372.1422,5688.6203099
2023-02-18 20:00:00,2730311.09284206,1222782.4379749,80025.236336,36898.23926,30720.941686,58216.5398553,9373.6321,4219.0623,2660.2648,4653.4943028
2023-02-19 00:00:00,4691318.27279427,1285704.7915544,47494.541978,89444.43777,159392.69503,101987.1640122,11280.5726,9833.2278,118876.5915,3338.4407094
2023-02-19 04:00:00,7583363.60602858,2736565.9186871,79892.526197,37224.59995,67962.675127,90712.5725318,5628.0179,94002.3836,55750.9779,9081.0816495
2023-02-19 08:00:00,3129875.2299532,826691.490221,38670.644484,27746.40789,45779.935788,30128.8621377,6418.4194,40661.6631,6412.284,38440.885112
2023-02-19 12:00:00,7447073.66964724,2942406.8609573,546511.549311,68449.23361,372760.091347,163756.1025368,52352.0806,43468.1747,76670.7651,10616.9219619
2023-02-19 16:00:00,12981291.21414237,5408481.4332308,1117900.990245,63911.29248,216307.328251,290340.8919988,67302.6449,33984.003,91929.5177,75438.4502751
2023-02-19 20:00:00,7201611.37289259,3256206.7497369,235791.644962,44948.43281,225102.737753,123996.5921813,60770.4707,15291.8844,67769.6556,9417.2056723
2023-02-20 00:00:00,12370942.59436478,2686060.4199024,775466.451797,97634.18795,152910.001926,131135.5589677,67402.8202,17915.6364,20480.8656,14694.3458783
2023-02-20 04:00:00,5687431.24627473,1346144.2048934,479146.758395,58799.81185,111908.557198,38756.4649075,102244.676,8329.4693,34764.5516,21084.8442646
2023-02-20 08:00:00,14383862.32621885,3583807.6972851,155581.088483,176136.66949,110062.66302,126470.1729858,62947.3104,6611.4155,33784.1834,5667.4586818
2023-02-20 12:00:00,7818999.09685755,2537648.6961278,246800.919404,63562.40661,73730.941058,120536.6412702,187742.8229,6015.2435,15463.8335,8590.5369881
2023-02-20 16:00:00,6143651.09736562,3053458.6545298,499552.918586,89921.93343,233448.857312,131579.4438737,76561.2987,5014.2953,13246.4407,67394.887184
2023-02-20 20:00:00,2573393.53474085,1961741.6446927,59299.435781,46027.99187,176890.498435,56321.9033747,50373.8878,13597.5855,6536.6516,15820.7155604
2023-02-21 00:00:00,12061079.12813851,3409740.9451497,295855.486574,133566.79509,92254.22281,92743.7278525,30731.6979,4665.5577,11689.6846,9667.0791528
2023-02-21 04:00:00,4155024.03077262,2485806.8990032,344580.982432,46127.3649,52775.636848,29077.5107655,26030.0146,6331.0175,47317.3979,9004.6503763
2023-02-21 08:00:00,10579000.28646437,7493472.3888641,216902.503843,89593.92318,141502.482366,172024.1291592,42467.194,24043.2164,40103.1568,27367.1772124
2023-02-21 12:00:00,11910487.48915666,5288034.6527211,226679.561523,182368.22463,310194.697713,151206.8651925,87382.5388,8294.0237,19104.2554,4807.4673347
2023-02-21 16:00:00,13001106.04127681,3957458.9914916,217034.561967,121998.39225,68170.999549,100571.2944936,274953.251,13664.8273,10874.1108,7350.8689749
2023-02-21 20:00:00,9588957.57723861,4134265.998783,117351.400783,76502.67645,158916.474837,193731.0351807,83158.2591,11246.4274,135015.1662,4799.8370796
2023-02-22 00:00:00,7905774.74345647,5277963.637111,231532.274008,128632.89531,172208.735919,96923.9877898,145173.9312,18047.0106,35905.8957,34915.710931
2023-02-22 04:00:00,8075665.78837646,2772972.8154879,240111.021872,97557.1459,115623.869451,62544.9621124,69129.3748,11398.1644,12564.5553,8787.2459208
2023-02-22 08:00:00,7548250.03979745,3346803.5095913,147750.680859,56223.97728,109934.898138,415423.7547673,265459.5929,25970.2101,20157.0592,8275.1307928
2023-02-22 12:00:00,7395229.46456398,4667426.8789003,145028.667411,94140.48742,107194.438815,141852.9105223,120280.9782,9215.7637,18249.3673,8999.0158444
2023-02-22 16:00:00,14324722.56991152,6136545.0244241,206107.895997,51856.59953,161378.605094,119012.6436895,31458.1309,11534.9161,31415.9134,8400.0584023
2023-02-22 20:00:00,6403478.28246262,2569363.5994545,45865.30438,31974.81093,101074.8189,29618.402843,23057.1609,2528.4112,9541.9015,5470.9742155
2023-02-23 00:00:00,9881931.89522343,3979590.391388,158944.593519,47526.02212,185661.411566,80702.7966461,38446.8309,14331.7602,31317.4138,4373.912985
2023-02-23 04:00:00,4750989.869487,2089260.8011579,71922.982616,40664.19227,24482.811449,24182.1304689,26640.6454,4835.35,14184.8587,9514.2268908
2023-02-23 08:00:00,12380738.10937362,3621017.6878097,108713.730996,81064.83155,72622.098373,50171.2896058,55682.5573,2479.8039,71192.4403,2635.926433
2023-02-23 12:00:00,18772010.07319679,5603593.562148,142333.867315,47689.69323,303374.204334,69574.23848,45469.5694,10290.5641,77599.912,4980.5302196
2023-02-23 16:00:00,13317626.2139079,4801335.4035937,93794.39607,81806.1511,99547.454867,24950.0386338,47300.4582,6663.3061,26206.6136,8496.917804
2023-02-23 20:00:00,5430144.95232249,1881221.6877933,19690.646031,42744.24647,92874.812507,23905.0466949,10170.7394,4802.117,19192.7785,5025.8117789
2023-02-24 00:00:00,6890030.68871725,2543301.6920208,49940.837151,30029.27946,46290.698666,27437.2912878,12886.3983,8252.3844,7751.2696,12219.9115749
2023-02-24 04:00:00,3786839.08528525,1855109.4397555,62927.187374,39795.25018,55653.454844,45564.9762653,8813.8609,594.863,21184.1926,3799.0943489
2023-02-24 08:00:00,4934476.1441088,1981067.1461158,29496.382208,25486.47858,14423.992638,15086.1459378,27171.597,4947.7119,6849.6843,38379.5387427
2023-02-24 12:00:00,15690380.90442856,6036877.3536875,183888.738636,70457.47032,156936.050671,97698.3739904,47817.7506,31999.1515,81426.7686,10837.269027
2023-02-24 16:00:00,13219896.24647469,6108019.071552,286104.768809,135605.41994,184167.146009,139037.1978875,88100.3572,24435.7542,31876.9381,30164.8137861
2023-02-24 20:00:00,7196078.3661652,3452530.2147088,96679.633127,30155.35146,57617.681873,40323.1329471,15888.5046,5585.4475,75741.9167,5036.5999075
2023-02-25 00:00:00,3677814.93527217,1270563.5521232,29926.449504,29207.26168,24024.88049,27004.3358766,12918.9067,2931.6097,3649.5639,1373.2080365
2023-02-25 04:00:00,2599914.95642931,1100509.4941751,32763.324984,10984.91304,19911.518341,17845.988505,67065.4186,1272.5607,3913.1884,3384.6329097
2023-02-25 08:00:00,4145909.40367785,2046867.5223343,34329.882994,19284.00946,26025.492768,31832.0323312,14160.5941,819.7254,7201.6506,7361.3982238
2023-02-25 12:00:00,3022290.54296207,1851243.0454827,120622.385357,169336.31543,36491.148402,29872.6809668,26453.6851,1166.7531,7567.9749,5127.4770003
2023-02-25 16:00:00,3067851.29347243,2231010.2092312,124283.844528,51173.5217,74474.704758,71033.0471253,48795.1978,5972.939,15225.8974,7665.4872736
2023-02-25 20:00:00,4305540.39298718,1989303.2967276,91445.383002,515868.91865,133109.162321,87234.9216546,20891.1155,11896.8062,11748.397,5277.7802967
2023-02-26 00:00:00,3599582.50487738,1128766.290843,40306.777186,24099.71523,47148.453547,12503.4604506,15585.3036,6670.6425,2666.7269,25292.4861373
2023-02-26 04:00:00,2807204.37068924,838007.2305406,54251.485761,20870.62147,15268.389026,10709.4808948,3508.5926,2465.6405,648.2778,5654.5988551
2023-02-26 08:00:00,3011808.81760525,1098909.1314706,45598.496125,9191.34421,12024.859942,50687.3814435,3169.6751,19.998,681.1249,1053.2524683
2023-02-26 12:00:00,3916398.07855023,1621097.5606932,40598.009225,20843.80671,15623.762312,13857.284496,7528.4429,746.1631,3786.1723,879.8905435
2023-02-26 16:00:00,3670967.27292227,2808612.4882344,99230.379553,57011.76473,47620.407392,37086.3475757,22692.5196,5250.8945,11494.1069,5330.6857658
2023-02-26 20:00:00,5609074.81758624,3144216.0682743,63179.481634,22804.78669,65825.937663,42936.3858427,12787.7384,2811.4382,30523.5644,7758.1228497
2023-02-27 00:00:00,2824960.43238289,1933146.9089699,42392.742521,71466.85735,42019.809604,14000.1357117,10694.3939,11251.9041,8143.4895,17370.1335922
2023-02-27 04:00:00,3459930.42067933,1597356.2728052,118857.995234,28499.9475,38731.752496,21898.501203,12851.6255,5205.2689,4680.7998,11852.6687902
2023-02-27 08:00:00,1443428.75348659,1388551.47463,132060.539798,22542.95017,14927.112484,18405.0074533,6636.2344,713.5146,12535.8149,4272.0112887
2023-02-27 12:00:00,10009448.25727924,3642843.1136586,127920.87946,55428.59277,143041.157747,36949.0791128,39985.8011,3513.8357,23093.3433,5554.4130758
2023-02-27 16:00:00,8580790.62656882,4245614.8209524,162372.603455,121008.28451,52561.707964,55015.3471978,27792.7561,4287.7918,25735.2657,17524.0479084
2023-02-27 20:00:00,7116490.03088304,2538721.1932073,69947.548494,30140.47457,11816.577389,22040.4003987,22793.7095,11135.6305,4081.3547,7182.0309183
2023-02-28 00:00:00,7424515.92557309,1816607.2507255,104927.427361,71777.30279,43498.440629,56206.2435044,24830.6764,2565.3846,18595.1736,1236.8679882
2023-02-28 04:00:00,4372058.74905,1652543.8643383,57578.596179,33300.37641,13411.648891,47190.0857118,10688.7075,1677.9018,8052.5858,5503.4811934
2023-02-28 08:00:00,4151044.06774019,1478494.8034197,23380.452493,20890.38334,6188.606846,15378.9632856,3758.0807,14064.6455,1097.4388,1157.0755955
2023-02-28 12:00:00,9168451.31550061,2605644.1688838,218341.701967,26467.95967,17362.899986,17237.1369462,32163.5191,46861.9944,5315.5344,4004.2271032
2023-02-28 16:00:00,7491652.90637801,2208535.7404417,42184.478952,56096.12797,51708.448245,68207.0166596,25056.9727,2636.3801,11494.6684,12437.4833107
2023-02-28 20:00:00,8043448.43313258,3987684.0207974,81367.669228,55388.11898,117243.925186,59155.2141233,46402.9727,5440.8857,22537.4113,18734.5058755
2023-03-01 00:00:00,8239242.7504973,4129745.3727186,54476.305535,41828.64099,71455.246142,35081.1555076,11112.9321,11086.4071,38153.1949,46210.1494095
2023-03-01 04:00:00,9186138.38639561,2867138.4398857,70423.848784,32305.92983,45587.915959,7003.4469266,9008.164,8018.8943,7174.8078,12890.5450053
2023-03-01 08:00:00,7602402.23664219,1890518.719864,130692.095645,33475.14775,27502.145608,17421.5017495,9896.0774,198.5411,6331.1649,13147.3443452
2023-03-01 12:00:00,14029693.1135329,3385362.6553957,86959.565851,35755.14259,26300.739155,15170.2419851,17356.1717,1479.2839,2904.0185,4903.4477078
2023-03-01 16:00:00,7645649.39276165,2609569.0364672,63334.437859,57413.19495,49925.94492,16485.582255,17873.592,4698.0142,21341.2289,5626.4995762
2023-03-01 20:00:00,5740059.85246083,2358224.4986308,58252.565541,17975.98032,8262.874134,15661.4868416,6473.4953,4053.7865,5476.4058,3572.519687
2023-03-02 00:00:00,6555500.91735928,3262907.9624313,80796.488819,89661.5477,44013.828549,27742.8400381,11852.2166,8083.1443,22064.5531,13010.2976821
2023-03-02 04:00:00,3878482.00704967,1213983.5430874,29853.786802,41294.84241,10215.537982,14533.9534068,7675.7489,3902.2632,3910.6348,528.9097536
2023-03-02 08:00:00,5126496.93162624,1374665.4686729,20759.194839,34500.16692,52407.529393,3591.5945509,2757.7899,456.2786,849.8595,2419.1077499
2023-03-02 12:00:00,15700583.54463416,3692476.7583451,80363.948977,40429.02664,95058.901751,18127.9053698,8150.6962,7302.4018,5680.8993,4591.1773179
2023-03-02 16:00:00,10525359.08851573,2888771.8996975,52109.093085,57620.49988,85569.50282,22012.5997617,31472.3408,667.9617,2353.9359,4096.0984246
2023-03-02 20:00:00,6707767.18829102,1942146.1647404,33526.417862,84479.60125,8080.094181,17375.5710822,12995.0338,734.2771,863.3265,12340.4245645
2023-03-03 00:00:00,20030967.52375336,8761503.4110688,170688.248069,174003.2604327,463418.677343,232510.4541164,151129.7167,83761.57931,154999.90576,40371.4434814
2023-03-03 04:00:00,8018539.5128745,2324778.227921,58096.127,54456.493,60519.97019,45664.90393,30943.2753,12538.84924,8330.48986,3745.06296
2023-03-03 08:00:00,4219960.8254763,1287460.621735,24104.7191,18611.4074,30954.05226,9622.08966,8825.3793,1516.34271,3429.52326,795.0283
2023-03-03 12:00:00,9664002.6734299,5033276.37254,66058.4992,31435.0977,45596.0122,44924.17223,22726.3263,18444.21424,1597.11904,3660.12486
2023-03-03 16:00:00,6723257.3639192,4000137.362454,49440.3859,29876.6108,59136.4974,29524.74522,48889.8747,7167.36849,57383.33865,2110.20771
2023-03-03 20:00:00,9264176.3176395,4528568.689056,31680.0747,19022.226,228101.8375,34075.87663,12636.9123,3566.45938,636.63241,1639.02004
2023-03-04 00:00:00,2571926.6459915,2254404.824511,46753.2944,17618.6741,174046.01991,21042.74784,17146.7539,3723.90516,7180.00705,4560.14588
2023-03-04 04:00:00,2540932.4461071,1330050.99268,55991.0767,24502.204,9233.38787,13858.80674,18956.8331,1579.43631,2183.93858,3992.05538
2023-03-04 08:00:00,966985.7886822,728423.467459,11216.5284,40877.319,11739.01128,5090.11776,7993.0623,214.00257,478.62472,4309.17946
2023-03-04 12:00:00,1291263.8979334,1225505.349218,36645.1108,7579.5863,15672.61293,12490.45013,8956.136,5941.48852,710.36028,1097.90203
2023-03-04 16:00:00,1719893.7832992,1438334.218175,30406.0653,32921.7393,25003.54096,23470.13199,41691.8849,9404.88627,1632.91722,1846.32453
2023-03-04 20:00:00,5794171.5597199,3026977.768181,66899.40972,70658.2573,108811.94988,66025.4051185,97818.8345,15522.22185,23567.4097,15142.96762
2023-03-05 00:00:00,9361033.8049429,6147993.166273,115350.3021,53927.5894,69222.76675,74303.18404,42495.4755,20856.80601,10607.99907,12018.02306
2023-03-05 04:00:00,2444188.7352956,1167576.699865,25552.4195,8008.8307,5048.62505,4174.65297,5052.7365,8471.80211,605.14378,900.86637
2023-03-05 08:00:00,1780559.9810652,1232071.255576,10469.6521,9281.391,14330.39134,16129.87818,9299.6328,6605.94568,135.68894,459.83301
2023-03-05 12:00:00,2315861.6013156,1930671.484648,6798.3579,25050.6731,18483.6228,6730.28,7023.3384,3239.21996,1225.47906,6418.18136
2023-03-05 16:00:00,1478069.8800067,1205445.875746,38852.7052,28651.9064,22373.46912,9629.61655,8495.6579,2546.86028,429.01957,1806.70187
2023-03-05 20:00:00,4598747.4692979,3876117.976681,51466.0997,44374.0152,77257.58593,101929.18856,26232.9714,13158.28985,6861.79757,8224.14925
2023-03-06 00:00:00,5469015.1204996,5196180.214711,74512.5312,99300.7169,67773.55852,99510.02198,39461.5991,9426.05977,7489.95817,5972.59674
2023-03-06 04:00:00,1447599.7055768,1419608.343398,72862.3024,61323.4765,22999.96167,32743.61555,12010.7466,1624.38842,574.53686,3271.10432
2023-03-06 08:00:00,2419135.0515646,1387829.814841,41818.3007,41842.5651,16495.10995,96197.19081,12263.2801,5496.56912,104.79743,11332.06891
2023-03-06 12:00:00,5077391.5216108,3389813.355542,34868.8862,36948.4072,213818.79434,25990.64083,106856.6575,8823.10694,4356.86653,5835.472276
2023-03-06 16:00:00,5567352.3280568,2979541.117992,47118.4507,51463.1108,81809.85442,54217.96417,47098.653,3392.63343,13399.50251,15548.19743
2023-03-06 20:00:00,3148937.2232262,2183540.375478,55232.6643,87907.4698,63369.82034,33925.09026,99466.2187,5157.71961,1558.63143,8369.46016
2023-03-07 00:00:00,4586203.4506013,2744009.215067,82619.75,37349.7506,151991.39598,98539.45391,62732.264,17884.35579,3177.08402,4306.74074
2023-03-07 04:00:00,1650264.9880945,880187.447584,34219.9178,21672.1049,31096.63911,15355.76745,16639.4251,5340.58022,18002.69135,1689.53014
2023-03-07 08:00:00,3716090.7564214,1489747.666989,56191.4192,32302.8764,44007.36932,48311.58359,35106.1439,16090.20964,3148.94585,18377.3034543
2023-03-07 12:00:00,20517172.94703904,10351574.7038865,299154.57554,175421.087,297551.306583,108085.5253068,97771.9366,40770.98627,28815.9408,22099.6401541
2023-03-07 16:00:00,15906942.7586427,4906546.656385,116456.0785,85819.0162,292967.27333,28219.42731,43478.7218,4674.78353,1823.51944,2818.79138
2023-03-07 20:00:00,15692874.0294649,3658720.78255,64788.59117,43161.3799,55360.30023,52637.02126,48900.7139,4547.87137,84779.86797,2150.07437
2023-03-08 00:00:00,9146328.8831088,2578962.854229,64859.141,40083.4956,43383.77422,24625.97001,37234.8714,9026.03377,4322.47445,1303.47558
2023-03-08 04:00:00,9293331.2554858,2507539.346052,99828.403358,47535.5563,55898.99843,39288.36518,34806.3198,23506.67998,3331.35117,9705.28131
2023-03-08 08:00:00,5428004.3379699,1739013.186574,24020.3877,21167.1153,36488.42311,25220.89394,12308.9383,7436.47555,61806.79378,1386.97356
2023-03-08 12:00:00,22640233.332969,7253020.052659,174676.679878,108593.2924,222488.651575,67093.1206816,79538.8488,9444.87253,11003.18614,12819.3051566
2023-03-08 16:00:00,10771742.7014519,2866911.926193,112050.624931,75082.6754,113086.52426,37299.9065097,45849.7583,1987.55499,5455.17724,2256.84339
2023-03-08 20:00:00,16664960.21002325,4828210.9923974,88930.163097,172668.6334,173153.63957,115508.5186877,38852.1606,16107.47739,96634.4655,18807.9103784
2023-03-09 00:00:00,5891738.0007081,2305001.355837,42086.3421,62388.2821,109975.16543,44911.18846,20580.6569,3273.48749,2325.3527,13890.00152
2023-03-09 04:00:00,2355589.8842377,765114.999171,27814.4428,34712.6166,34231.12495,15798.06275,14936.3743,3921.25129,56271.41549,1386.86455
2023-03-09 08:00:00,8945514.29081356,2124395.848912,50695.8344,35966.829,66753.075022,33928.97892,10233.0726,11871.35959,4036.19481,1744.95922
2023-03-09 12:00:00,11871139.4202521,2399208.23828,130738.654,53063.4346,61060.83347,17176.02453,16439.271,9276.86712,2379.88689,8097.66114
2023-03-09 16:00:00,28689000.68297501,6528270.3324956,172670.616984,98684.47718,259689.508823,130907.5009296,76546.3543,36177.88571,16689.87883,30435.4490858
2023-03-09 20:00:00,23211199.20292132,10390976.6934998,243134.544875,238224.9939,518753.591401,359060.9739502,162206.8448,66951.61397,15480.24306,40028.8705629
2023-03-10 00:00:00,18352604.90125979,5955422.553079,109088.5782,163534.325,155594.11747,116289.8998,75546.9761,23562.78558,14942.02809,42288.0405602
2023-03-10 04:00:00,17665008.0353424,7072745.9583751,77197.112772,90746.28831,300253.12245,28595.4429,47581.8423,28571.09872,20116.59935,6438.0647369
2023-03-10 08:00:00,16863048.54327527,7102017.4173805,115047.368639,111779.62355,152216.879065,84176.3857938,67461.9462,25620.3472,18701.49524,23888.8657652
2023-03-10 12:00:00,32674607.1890816,11967603.035855,347041.9981,463432.8579,780898.53689,84360.63904,115905.3723,32779.95072,20827.31408,40458.76315
2023-03-10 16:00:00,22760269.5410323,6762654.085334,96504.4035,110439.4028,175868.62103,28585.9906,52072.4999,7925.35678,3208.40059,5727.329
2023-03-10 20:00:00,12049006.1256796,4315498.140455,94306.9471,75897.3653,61635.12147,38673.61588,65069.0158,7918.6128,9984.97822,4184.14222
2023-03-11 00:00:00,15567745.5075321,8155793.694255,229972.6862,169987.8001,341488.58918,62786.44305,78776.4764,23007.10104,70837.82964,51632.63004
2023-03-11 04:00:00,9891532.7328763,3709218.20826,405423.1255,108203.4771,341776.42416,103756.4148,64134.4772,5600.48386,11984.47703,35052.7865035
2023-03-11 08:00:00,8153461.2660071,4342392.573079,101707.0197,126299.1465,110517.96894,39128.58417,18574.7235,7651.9991,6439.79793,20285.2830104
2023-03-11 12:00:00,5824875.527135,3134810.531067,46006.0264,55999.0267,60955.17413,14241.74986,23431.9825,7901.78039,4035.01261,18215.88429
2023-03-11 16:00:00,9526192.9653867,6634657.858955,111115.8029,80498.7325,251390.83611,70070.18912,14598.2641,9472.53831,4262.94369,30868.56171
2023-03-11 20:00:00,5279629.1285216,3501797.954198,45950.648,41612.1441,48721.4323,39901.13061,8862.8524,7620.96467,6519.0684,9828.31134
2023-03-12 00:00:00,5350562.5931691,2466776.745232,34018.0089,46604.7884,32851.43916,15106.76188,2369.2504,993.38658,865.56534,4412.401
2023-03-12 04:00:00,3771186.2035548,1382075.049857,33396.5593,30015.7045,57202.19003,12177.18456,16613.2839,11458.46524,9608.23966,2047.51871
2023-03-12 08:00:00,2057070.8082774,1488222.043262,70064.7779,28781.6669,20833.44315,3856.88558,5621.5619,615.78338,518.68621,1318.40919
2023-03-12 12:00:00,3939500.1700908,2346055.529074,33814.3817,35703.5829,88160.38654,27889.89706,15665.2524,6645.96185,1380.0095,5276.27509
2023-03-12 16:00:00,26192570.5142967,9643279.248939,307946.8102,271921.0899,399793.10922,176297.94657,139090.6407,21716.39263,15508.46612,56424.42965
2023-03-12 20:00:00,32605832.8380775,8798148.774219,649695.9402,355795.6576,161798.60892,387814.36949,269091.1031,22159.63738,77034.8964,71580.9518
2023-03-13 00:00:00,29546033.3060526,9045473.838476,335802.7658,208385.8789,380859.3915,111970.02408,103158.5491,47598.25093,70582.71795,40857.97767
2023-03-13 04:00:00,13256054.5314063,4898509.798369,85438.795,882684.9358194,276063.7056,45930.2637,22515.5272,1487.85255,441.46095,6878.03496
2023-03-13 08:00:00,22089660.2638108,6901510.437837,126400.7593,308909.9547,106188.39133,27041.98331,65859.5626,12635.97209,12288.91434,14413.09268
2023-03-13 12:00:00,61206890.03082296,20367446.6100293,1039186.5168,666823.67633,899009.927954,419190.35286,149124.2587,100537.61831,109030.31055,83485.27159
2023-03-13 16:00:00,33408974.7982441,9281516.327477,189178.7165,124164.7994,159877.39491,48508.05304,21113.9238,6449.28307,13427.44863,33622.3764
2023-03-13 20:00:00,12604980.0243389,3374527.419136,121994.745,49525.0606,157029.66552,43215.17895,17545.4441,12196.85867,3915.48538,9546.77338
2023-03-14 00:00:00,17708161.56927674,4574518.981983,64335.4599,119362.6475,46583.95798,27145.5071,19057.2562,13606.40964,7652.37897,9079.99762
2023-03-14 04:00:00,20752072.72711797,5528396.5071962,80446.8694,83442.2616,74761.91877,49477.20314,34253.7938,7188.46274,3864.36026,7028.43975
2023-03-14 08:00:00,21705306.9366126,4652302.299603,99990.417,67772.5065,36980.87392,41677.35588,30115.0309,7527.15821,4039.62511,2664.31052
2023-03-14 12:00:00,40302734.6497938,21099740.2360168,1066335.281555,866929.9461002,919040.519072,404585.77157,376497.4839,195393.44787,89566.65351,75623.39771
2023-03-14 16:00:00,34394497.4965324,16801754.299061,590351.5825,321737.6961,468467.80177,160123.14682,165194.0031,78531.37735,77883.95359,50141.79577
2023-03-14 20:00:00,33326838.0597432,11649588.875017,234293.1642,172922.5335,279234.34939,205430.91936,108663.2699,44350.10945,22812.36136,21696.80698
2023-03-15 00:00:00,20199882.7657254,8806587.783778,150818.8915,58780.46,246907.96073,87287.65563,29345.6383,29903.84257,4511.64022,6858.39816
2023-03-15 04:00:00,7349352.370754,1896748.938286,83920.0503,40455.3426,48026.66139,40079.95476,41999.2008,4651.05461,1205.43312,3595.71142
2023-03-15 08:00:00,14246311.7190983,5651279.471367,145723.544,82557.5524,96589.73798,96139.46834,50900.3208,8488.60714,6788.30146,4927.58523
2023-03-15 12:00:00,32447604.7395045,12520026.621133,422188.0078,190553.114,329518.94632,220628.84475,221914.3366,50775.99381,98572.86765,34597.60507
2023-03-15 16:00:00,28250276.7466724,8281976.864052,270281.4616,107473.0209,245678.5802,136856.23484,132073.3404,21338.26065,14303.12808,21104.33855
2023-03-15 20:00:00,9330469.4003883,3992894.561343,57617.3369,27668.481,98737.94446,38816.02978,26482.2235,5287.89445,3039.43072,14572.7722
2023-03-16 00:00:00,8476175.8257004,3326257.970134,114030.2777,86157.3807,104578.9105,27524.79275,38535.592,8721.04978,1400.5765,6245.71563
2023-03-16 04:00:00,11733171.4877705,2885334.583648,117684.9198,218010.84236,95072.17663,25285.50334,25866.7871,2441.27974,6707.11606,7557.29014
2023-03-16 08:00:00,18270328.0144251,4289937.117987,123133.0811,164456.5064,66825.11065,33280.84066,28070.6069,6143.55842,1733.91109,1635.51102
2023-03-16 12:00:00,17755327.785169,4825553.080429,181809.5637,972021.6183064,163923.89597,64084.294,54998.2052,22970.9134,3039.60388,5446.17083
2023-03-16 16:00:00,10579246.1356332,4294483.655199,71661.4554,208098.98416,33996.16269,19289.84817,14575.9689,6286.72354,4380.22482,5356.36221
2023-03-16 20:00:00,6478952.8289602,2670063.967126,21790.2085,98829.1004,44849.5595,119020.44109,8529.4266,3016.59265,5561.1357,3971.42394
2023-03-17 00:00:00,12790004.1155015,4815829.611811,115263.4873,203876.8969,113584.29825,76008.37968,31380.4492,12706.79039,11960.37834,12044.67014
2023-03-17 04:00:00,10513757.4273331,2543974.748842,55006.015,125694.01576,54399.61265,106836.06913,22341.9875,2684.22634,8962.49553,20050.70664
2023-03-17 08:00:00,12833127.11466976,3536378.284382,42384.975,100431.32104,81449.7532,34605.21408,19977.0837,24220.87308,3730.6868,21961.05396
2023-03-17 12:00:00,12593654.134993,3841705.37993,126010.611,108453.2023,86926.85866,67271.1491,22623.4294,30373.89152,47899.01351,11700.88314
2023-03-17 16:00:00,10941126.234685,3901200.176562,99797.3578,69440.8607,28417.24431,55728.9644,18605.2582,13059.48949,2082.44466,28706.26552
2023-03-17 20:00:00,11775850.65145011,4316287.0224008,185504.6567,137925.22232,150680.62832,51965.07209,42539.8147,34826.86626,27150.0581,20715.35397
2023-03-18 00:00:00,7973706.8130121,6579397.9791126,484256.692672,241503.52344,344439.56268,283603.22228,123981.2253,11911.46284,78445.56916,29786.15814
2023-03-18 04:00:00,3553919.9689421,2112758.592716,118204.5839,106136.75591,41028.64597,33346.12596,7598.2032,7246.41024,1771.2416,4619.92904
2023-03-18 08:00:00,4813052.6975346,2875348.937547,97086.8141,68027.1277,58769.66969,80916.07217,4370.8872,8212.26622,1090.7073,5513.21681
2023-03-18 12:00:00,6340476.6432893,4992042.1165008,138484.3246,285826.0632,104566.93321,108057.27247,28742.2329,5191.31577,19504.3751,83587.61729
2023-03-18 16:00:00,10833096.6852396,6745610.173221,159407.8205,198694.3668,151684.28622,100768.9009,41662.6194,19463.4239,7314.45751,17515.61903
2023-03-18 20:00:00,5325058.1886616,4205958.407911,75144.8941,166469.7483,30660.7981,43668.25482,9148.4279,23296.28154,6074.92292,2597.90214
2023-03-19 00:00:00,5341470.57507,2167212.27151,74530.7713,74495.4066,10969.60907,48587.57098,8182.1995,13422.72289,35532.05387,3914.69317
2023-03-19 04:00:00,4236192.2013532,1710279.429508,21280.6645,39183.3238,8124.74638,20510.74712,3183.6086,2589.69078,3562.98289,2608.44028
2023-03-19 08:00:00,3734615.1682538,1586209.337318,25947.0297,43364.4023,12255.31236,30592.21504,14660.734,286.62964,1223.03826,1347.70312
2023-03-19 12:00:00,7754753.7702792,3571723.922148,50389.5585,123473.556,53650.44251,78547.11397,19831.9313,6027.74059,5388.98794,13434.00873
2023-03-19 16:00:00,10196153.17464465,6429602.9552206,134508.1127,187858.1305,46976.902,49650.86135,20106.8977,6806.83925,9330.38389,14112.70264
2023-03-19 20:00:00,9341072.62262622,4049046.580447,68947.5993,98974.0662,133049.06305,48771.79492,13206.8034,10080.90328,10903.76568,7008.03876
2023-03-20 00:00:00,11944908.5622955,4188058.297798,366992.49932,127945.2773,189011.15866,54963.35969,18964.882,9801.13254,7659.57325,12643.66868
2023-03-20 04:00:00,7541233.9302175,2910549.291704,265700.33645,54732.4771,31887.51804,54486.69353,16073.4459,5859.19482,6683.18868,4797.58291
2023-03-20 08:00:00,12176082.0983652,4202231.080825,256352.06268,85526.705,17464.40764,41266.4289,20726.2729,4199.3007,23364.50179,8823.9236
2023-03-20 12:00:00,11182545.2459074,5130766.912042,366189.134478,72098.4618,19746.62494,33257.36496,11181.9657,3796.82619,10690.45508,1701.34655
2023-03-20 16:00:00,8747572.5937881,5100161.118359,408313.6282,75069.2645,69097.3388,110670.45655,35126.1365,13364.83469,13514.10034,9017.33663
2023-03-20 20:00:00,5879045.7756003,2497262.36187,77739.5014,85664.5685,68236.86252,58097.18305,7637.5003,8400.73122,4364.83624,17850.27578
2023-03-21 00:00:00,2822203.0303848,1873326.310976,98864.5903,60540.1531,132332.80103,95779.36458,34016.2343,12223.31905,4955.52378,6284.07604
2023-03-21 04:00:00,4616566.3603537,1875703.491638,66264.6259,61205.7954,108301.78025,86219.27662,11484.1085,1235.16752,8256.9359,6829.9183
2023-03-21 08:00:00,5432977.7317336,1764045.427859,92821.2959,43200.892,72139.13949,65419.62117,4943.3118,2891.62517,7974.8173,4303.55472
2023-03-21 12:00:00,7404702.1559561,5825766.144879,185998.4564,82475.2903,451929.6261,276340.75711,17106.7257,8416.54511,34923.172,9425.79569
2023-03-21 16:00:00,9080719.3477532,5046723.87981,203060.0782,81305.9479,316553.45126,389828.22033,9111.312,20663.65195,19616.52601,4992.58993
2023-03-21 20:00:00,3932295.5472473,2040427.650645,32559.352,46270.7443,834191.782428,447827.26085,15722.1128,21392.33787,27521.56538,5351.74806
2023-03-22 00:00:00,4923196.2984077,2554008.153627,28198.806,89584.4554,165774.85188,182403.25056,7134.838,2600.48609,6208.25579,3505.11776
2023-03-22 04:00:00,3887988.6737295,1396502.836469,54092.3589,71262.7315,314328.50284,100985.76293,9608.3334,697.59795,22765.07,1897.53026
2023-03-22 08:00:00,3560670.2952821,1632238.662997,76551.5577,410140.2029,91719.12229,153934.7604,3655.6167,1146.66958,24381.77621,10142.15533
2023-03-22 12:00:00,14895451.8210779,5394411.586963,176437.4043,137035.8505,394137.88417,581104.53014,67891.8688,7317.43004,23947.81598,12630.25718
2023-03-22 16:00:00,38943824.07256662,14139397.344752,695072.0552,687881.9236,939561.6469,996935.89603,89657.5863,33774.99797,61954.08496,98148.60078
2023-03-22 20:00:00,12745179.5340173,5419516.869621,150894.5471,120496.3738,195349.87089,231645.29588,26289.3699,1978.5994,9101.28947,74674.71128
2023-03-23 00:00:00,5959512.5713824,2409958.255879,89018.0057,65367.7109,199424.55992,127304.77993,9856.7942,7763.25567,2754.26132,31359.13109
2023-03-23 04:00:00,6643013.3629252,3919465.290969,56522.0182,49207.2747,110679.29753,145340.40116,21214.1078,1793.4887,1541.15492,5651.39669
2023-03-23 08:00:00,4296290.4836611,2259706.959311,60168.8999,43252.5522,153525.72773,909399.8734,35708.7341,1050.69981,9880.32416,42143.94481
2023-03-23 12:00:00,21014357.2628084,8271406.1468161,405907.5036,472178.7322,243805.56301,722731.92328,115401.7965,26424.62781,20471.55506,107867.758
2023-03-23 16:00:00,20793995.4653008,8561645.802094,293930.6263,207129.615,210882.11121,531258.02846,88943.6072,6770.70024,30435.4082,46362.6167
2023-03-23 20:00:00,13806749.0163972,5790115.602015,95160.7553,61747.6427,67496.89706,99931.48633,20457.7801,2810.75184,8245.10904,6215.58203
2023-03-24 00:00:00,6609906.2754741,3350982.560351,47302.6042,50174.4121,52910.85147,44532.54906,15148.5063,2451.87977,5899.4707,12132.98041
2023-03-24 04:00:00,4402810.6388546,2571268.463733,47757.5669,81066.0667,181490.6269,67210.38023,12355.1625,1303.27743,4853.02493,26936.9188094
2023-03-24 08:00:00,9269173.435742,6931346.465916,95374.0532,81401.7651,81965.65999,214331.50881,42458.8873,22655.84548,43838.7902,40973.21142
2023-03-24 12:00:00,19726154.0283445,8476691.899441,360120.5851,157401.1132,97350.48326,138313.57065,66315.9439,11999.02571,4391.19875,13983.35466
2023-03-24 16:00:00,16252715.8327554,9251119.163467,303972.3485,97217.9186,119593.84825,149934.84679,15936.6499,14851.0806,10533.23454,69611.03935
2023-03-24 20:00:00,9132943.2029291,5817562.796863,132038.4725,80407.9968,64201.49667,109313.75025,17994.4178,2238.03458,7234.24096,21111.24003
2023-03-25 00:00:00,3546927.4804716,1876376.098967,38298.2972,35798.5286,31237.67581,86320.13393,8408.8786,1784.70835,1979.58897,8930.41593
2023-03-25 04:00:00,2601207.6634272,1828989.934307,15065.3435,17340.6164,41446.53299,46324.27878,17942.0011,3400.27602,3701.28036,5734.69708
2023-03-25 08:00:00,2179942.7398319,1970521.986131,10247.813,13138.4584,26526.54275,47110.3362,17804.6018,2842.1122,2950.79835,5591.62222
2023-03-25 12:00:00,4150439.8536013,3309208.442251,34518.1179,23568.9232,79089.63536,45640.38933,8440.1669,1228.2587,3691.61083,5128.36057
2023-03-25 16:00:00,5132923.6363892,5525398.34383,69428.7077,331166.6916,127036.97614,96092.79261,23135.3031,4052.81848,8152.30194,11494.70386
2023-03-25 20:00:00,2943526.8637618,2640119.003847,31827.7838,20087.2601,14040.09873,60302.95045,74537.6037,5185.50473,4504.97312,8494.96803
2023-03-26 00:00:00,2645663.015576,2312455.192049,18118.9293,12654.15,39021.31999,56729.37277,13431.4689,1297.26848,1703.29484,10780.5904
2023-03-26 04:00:00,1509710.0953742,1016646.78665,15932.2547,10931.1582,10284.62999,7735.09653,21641.422,840.93146,880.50142,3181.34987
2023-03-26 08:00:00,3290039.2420143,4554787.108193,24108.9842,42239.0479,23618.03401,24063.33704,12843.8961,3742.93151,1548.88139,3246.69097
2023-03-26 12:00:00,7416758.260508,7058733.211235,40794.467,28302.8251,69220.31784,102904.78425,59472.0779,3149.46965,2393.96141,7671.01252
2023-03-26 16:00:00,3157882.780047,3245153.88187,29062.7591,56108.7289,78210.72967,100877.14294,13279.7179,1017.77201,4454.11411,4025.39411
2023-03-26 20:00:00,6219337.4852451,3111002.177068,16752.6719,121542.4084,74106.72143,48544.29197,16913.4343,4914.38109,3673.50224,8887.72417
2023-03-27 00:00:00,5030865.856588,2488304.481463,36939.245,29550.2493,25511.99051,46926.19766,9006.3409,1720.67935,4512.53664,9186.96271
2023-03-27 04:00:00,5419148.5233736,2560749.722351,34717.6909,32756.864,59250.92624,69934.94134,9559.0317,1021.58728,1534.39007,4753.80511
2023-03-27 08:00:00,4455998.4567357,2142165.363689,13879.6606,9750.3293,25391.26442,46311.06869,28491.8116,2514.10097,602.28416,3003.31642
2023-03-27 12:00:00,28760211.2134488,12554112.165694,163302.8538,681653.9788,185639.42768,561384.83973,56031.4545,42751.18993,21950.81155,72387.22701
2023-03-27 16:00:00,16313698.5906751,7649063.855026,37001.1379,593952.212,30344.40651,21915.69219,29040.2431,3253.82327,7799.94197,37189.74591
2023-03-27 20:00:00,6016818.4599214,5717938.573416,18832.7593,216450.9011,137812.91276,24998.77205,11688.7493,949.78871,5523.84947,18521.35552
2023-03-28 00:00:00,7642034.9188619,5593508.362696,17339.6299,250947.1404,133852.56361,34152.33962,25470.1251,4032.07489,2169.65719,27623.34398
2023-03-28 04:00:00,7041835.0453119,5601774.409974,14616.6991,196635.7583,98006.55014,36147.57268,31274.008,1966.18762,1124.44238,6699.325
2023-03-28 08:00:00,9844129.2024363,8438854.748281,24393.6228,126302.3589,61289.99064,5739.22887,11076.0061,3513.19531,1213.2943,8273.20364
2023-03-28 12:00:00,17035481.5921322,9513556.411082,27718.8468,106987.6351,337063.77618,59955.10958,4595.7082,5563.06939,885.26723,11039.97748
2023-03-28 16:00:00,16699359.6370076,10426643.033085,123286.6242,177555.2853,141249.95215,54253.30855,41461.3621,7415.53558,5969.559,9282.98062
2023-03-28 20:00:00,7807623.1639743,4545461.954974,67896.8435,100355.5906,256115.98025,64356.53218,35725.811,2254.34491,4627.71105,6386.38699
2023-03-29 00:00:00,5646231.8534252,4101939.412544,48156.7755,91816.877,129671.12341,32012.08739,21210.3527,7826.31018,2115.90354,5969.01848
2023-03-29 04:00:00,15209273.247383,9092668.225538,70804.5478,170490.0609,192825.28439,148121.85433,47635.8181,30465.65821,24365.0215,20180.01261
2023-03-29 08:00:00,22027474.5243574,8201406.211302,77837.6131,76333.1973,387238.315497,50519.1831,15794.8298,4908.13877,15602.77781,9211.57327
2023-03-29 12:00:00,19258434.9810918,7869635.091718,84399.6807,163662.2053,301796.758,99476.94333,18440.687,11027.08793,17775.26112,25738.72224
2023-03-29 16:00:00,15690437.9211138,6066976.47377,71946.4739,163720.3078,90525.68342,66786.61614,52784.1195,6590.68252,12646.72516,7437.69802
2023-03-29 20:00:00,9364163.7938129,4308003.809792,29021.2154,103168.1352,66312.27334,105811.7464,10436.259,5332.57926,17143.5772,7514.1432
2023-03-30 00:00:00,32895392.94518554,15279765.026901,414036.1473,285956.1776,303175.67983,306102.25179,34733.4729,14231.71793,22448.25446,35742.02364
2023-03-30 04:00:00,15706198.4717277,5697362.083717,56664.4046,280047.8448,120812.42928,46965.2988,5129.2484,1619.15191,7754.14642,3951.41325
2023-03-30 08:00:00,11040859.8729502,3749819.038976,148613.4889,98478.7549,68600.03991,75206.30384,9038.0713,8155.36627,5199.3158,2513.8912
2023-03-30 12:00:00,29216751.8057274,11802209.448276,411750.3964,93966.7222,171034.55921,94338.36852,38907.7555,1851.59899,10541.18892,2519.61668
2023-03-30 16:00:00,28614136.2006908,11392966.618018,132281.887,95079.5748,192140.55939,199229.1186,21267.3,10128.37981,4412.44666,24704.65101
2023-03-30 20:00:00,15509234.0273383,7162532.075905,41274.5836,53039.2994,46911.03532,73301.65507,18353.4902,1628.4562,1817.88352,33172.11127
2023-03-31 00:00:00,15566399.3875699,6725690.458405,28372.3844,39079.9133,103590.3829,54854.3602,18982.2028,14485.54837,3661.94041,7867.81971
2023-03-31 04:00:00,12898979.8829346,5002258.937953,37881.6817,134775.5704,130455.1244,51151.35491,35358.5204,5067.8559,6616.44278,3461.96716
2023-03-31 08:00:00,11693981.2974709,3687389.479429,25621.9179,35084.8129,441827.333283,42090.11686,9271.7966,7668.80818,35639.96136,1282.27023
2023-03-31 12:00:00,31025345.82661,15184272.588136,88412.3197,65620.3846,551898.466136,138022.57872,32454.4966,14668.1236,20701.45801,4754.67602
2023-03-31 16:00:00,12519014.4095432,4953526.172668,39505.2433,46150.8557,178401.530572,78672.70402,14529.0602,6322.39097,16908.88583,1366.1677
2023-03-31 20:00:00,8383469.3750245,2692677.043376,94466.2957,65974.2968,196392.1261,147888.3834,10772.9466,9605.10173,3027.10655,4998.58345
2023-04-01 00:00:00,7723703.3034887,2907788.329255,31248.747,52489.6006,215907.49923,191919.23502,13557.7414,2197.87185,5206.21511,59881.96812
2023-04-01 04:00:00,4141732.0357708,2333718.881853,33526.8418,28990.7908,159174.35655,131090.66971,7490.3368,3013.93089,2572.03732,3116.51049
2023-04-01 08:00:00,3414790.0569032,1620453.746061,8845.4169,4479.2886,60461.11333,32187.70188,1872.4692,404.22594,325.14625,721.12569
2023-04-01 12:00:00,4361383.312532,2086107.009128,20504.4504,18083.8061,47323.91403,43224.79365,3896.1311,2724.74986,3809.6127,43168.43646
2023-04-01 16:00:00,2684754.0936774,1912613.418183,22236.0027,51615.2575,42749.37476,812837.2765053,4731.2561,2609.31232,2978.95768,13017.59332
2023-04-01 20:00:00,3684847.9566487,1574968.66557,13448.2693,21519.1755,40870.15907,488180.7342351,63962.3651,78429.91389,1426.15735,14619.60082
2023-04-02 00:00:00,2972035.1792729,1671560.698467,9256.3951,38873.6928,237764.29427,685998.6768047,18145.6408,5556.79815,424.06445,3763.24903
2023-04-02 04:00:00,2315502.069057,1030736.037903,26345.0854,25311.9447,77622.70622,246544.31917,9250.3974,6764.177,1202.61525,10994.23861
2023-04-02 08:00:00,3331150.2248722,999569.839392,10069.6705,3781.6817,59077.9539,155360.66963,3729.0224,1378.56849,206.82044,4186.18981
2023-04-02 12:00:00,8665113.4943904,4984124.995543,135762.8265,62211.2272,187735.85194,398777.75556,19380.7488,16520.10562,11867.03497,26088.83754
2023-04-02 16:00:00,8529921.022802,4762997.819465,50402.8821,29841.2379,106921.92292,249115.24778,11165.8582,7402.39392,2987.29329,27517.17465
2023-04-02 20:00:00,7723969.7065043,3217522.324059,10231.739,43643.3903,39688.35807,164870.21142,6886.4039,1995.41392,1520.36077,8827.66308
2023-04-03 00:00:00,10114682.5020963,3857637.135226,70301.5435,63814.5308,139736.49794,179954.47221,15220.0356,19182.48431,19247.90176,14178.51695
2023-04-03 04:00:00,7368173.8971676,2302980.785721,30246.861,88772.3672,229297.55827,60872.32908,7133.157,1810.52658,1444.63918,649.56799
2023-04-03 08:00:00,25349467.985187,8053851.767544,48571.6248,28751.1585,494641.19461,100621.43315,3433.9857,9223.13808,3129.28297,3253.95528
2023-04-03 12:00:00,19788084.7802969,6909488.70474,39705.6888,61707.9333,209770.00542,249509.83595,3517.0673,4121.26938,5253.81712,5929.94895
2023-04-03 16:00:00,15273246.5698245,9359733.410102,129352.9071,88958.2151,344946.85508,7203337.0756987,11927.1936,20534.67142,9559.46894,28239.17656
2023-04-03 20:00:00,22285764.4851511,12064001.403994,111791.8189,664916.3796,311100.05995,2272846.79153,47155.0758,26679.37907,41973.27844,28706.63857
2023-04-04 00:00:00,10463108.26579,4759569.115484,16345.2525,48677.0927,97186.40169,1092093.96883,1007.9886,11017.76234,7155.45712,5907.19888
2023-04-04 04:00:00,7843722.6520341,3870516.019134,11044.1437,29410.9645,131329.35389,1059742.42548,3625.3823,3602.48649,2288.72227,2765.73725
2023-04-04 08:00:00,13848932.5754276,11125844.0570678,41015.5038,54294.568,164647.03626,752301.44131,17201.7765,5941.5133,10691.25555,6230.37258
2023-04-04 12:00:00,19187510.116831,15064612.3220716,64207.2928,98428.9465,163276.20353,625297.04641,5147.2499,1821.74943,3662.51634,8917.47406
2023-04-04 16:00:00,9357141.3733562,5900901.854439,51401.1466,23008.5191,165903.642,492919.64238,28508.2965,2576.75809,5773.56136,6333.62319
2023-04-04 20:00:00,6057558.8896501,5038044.495849,21276.4968,93691.2551,95520.91666,450138.01663,13116.5984,7219.24313,8989.50567,5235.40599
2023-04-05 00:00:00,16904273.1675933,14126611.2338497,48719.6232,89165.5085,82528.98824,1304304.5969,82082.8292,20200.62697,28603.02915,9990.37662
2023-04-05 04:00:00,5011373.9414066,3106794.87661,5709.9496,26154.5405,18091.34595,338660.68333,4587.7064,2169.96296,6301.47038,3998.60835
2023-04-05 08:00:00,5089987.5489489,5128765.945962,22308.2507,18061.807,35992.50409,398003.11903,10055.6266,911.51816,2918.95757,3488.89892
2023-04-05 12:00:00,24362497.2336313,20632617.2027638,117750.1778,98173.6845,184619.07304,546282.56603,14264.6727,9007.41761,16172.64649,12411.78612
2023-04-05 16:00:00,13619714.606094,9567496.597389,30320.0261,45037.5422,92296.88459,851753.39208,6544.1562,6661.94042,5904.68759,3401.03812
2023-04-05 20:00:00,4142614.6567849,3412268.26696,11774.6252,49409.2912,18272.66091,316389.45542,8108.1809,2842.69412,1360.92385,2161.94512
2023-04-06 00:00:00,7863080.0109975,7752572.130054,45302.7453,106437.7329,72033.77162,359832.01935,8355.0302,2103.32304,3881.83626,4898.40331
2023-04-06 04:00:00,4159410.9843409,4602782.754539,11633.3602,48655.8065,20939.37315,239038.40501,4679.0539,2773.43442,669.90224,5739.29955
2023-04-06 08:00:00,7602639.5452433,8650857.367163,26230.9785,17960.3177,140764.62484,404207.32818,6041.8033,1630.09431,2420.25065,4368.44956
2023-04-06 12:00:00,11960232.659261,8707399.130088,8896.9573,23279.7136,49733.48123,345493.8493,16508.0049,6439.90401,1484.08924,1466.25134
2023-04-06 16:00:00,4809277.9108902,3781988.520518,7871.5486,21880.2558,24621.75384,356674.8777,10248.3015,2831.69334,946.16631,2416.08431
2023-04-06 20:00:00,3726673.1584233,3136829.121153,14290.1539,18988.1339,44188.16405,1284753.47598,5897.1365,1761.70558,3582.51424,4053.76551
2023-04-07 00:00:00,2736262.1420835,3012476.002358,15354.4534,26104.4477,105030.71352,375936.22375,4798.4057,3525.38511,1036.20691,4201.13168
2023-04-07 04:00:00,5152277.4298607,4162802.269793,51498.5887,25778.303,24875.26115,605297.80378,15923.7876,5905.32129,565.88474,8026.48876
2023-04-07 08:00:00,5142971.0621246,3073178.91375,4980.8938,16921.4822,48192.80335,327077.52006,17083.9278,10474.759,138.20529,2014.28106
2023-04-07 12:00:00,6741630.4727199,4573874.970563,10741.0674,20040.6106,23987.58485,246469.46473,19450.9884,650.71291,1636.88463,3276.76977
2023-04-07 16:00:00,1461813.9050346,2027791.433051,5050.0025,14598.855,90894.03697,175894.55479,2892.3468,343.96826,746.71713,1859.33706
2023-04-07 20:00:00,1729772.677539,2097499.0883,23662.7261,32643.5816,48892.73632,170889.32993,3880.4412,18909.86443,921.19603,603.55779
2023-04-08 00:00:00,2386546.3482014,2009470.056925,15729.6892,47660.1176,41561.52512,208360.37843,8080.0503,9487.90198,4820.8303,1687.44982
2023-04-08 04:00:00,2212861.7191632,1775351.308373,6134.9929,14673.2134,23697.86816,74929.1423,5686.6252,383.01847,673.02955,1008.013
2023-04-08 08:00:00,1187640.0606098,1114523.553361,6623.667,5219.6186,20027.43718,67183.03922,1396.8474,11.89504,163.46405,1021.80022
2023-04-08 12:00:00,1308274.7175454,976027.693243,4623.147,14430.2636,160615.52321,39598.9736,2735.7844,2043.87125,988.33492,635.10367
2023-04-08 16:00:00,2027735.8450239,2145737.974666,19612.6231,13356.4832,52721.7508,181021.20446,8578.4119,5246.29029,6254.07069,3197.82164
2023-04-08 20:00:00,1408487.069372,1369432.909836,42221.1375,21236.47,18137.45409,116106.62294,5358.2538,3840.41453,3412.39391,953.72446
2023-04-09 00:00:00,1981051.4707442,1537125.483997,10646.5494,22051.2203,70038.50563,110408.43963,2625.4702,2840.06823,384.3694,1093.56069
2023-04-09 04:00:00,3271949.9145272,4503389.107828,7829.5939,7806.6666,19459.42267,67424.97079,4926.6269,772.48983,2740.67484,898.24746
2023-04-09 08:00:00,2119194.7084871,2100585.633792,996.066,4418.5782,9083.61307,75175.79374,1765.0007,282.35744,285.94927,563.86159
2023-04-09 12:00:00,2393671.2985535,3336847.917995,5106.446,11266.2734,60417.69844,227729.54524,1473.2083,855.97127,410.72038,14655.12479
2023-04-09 16:00:00,6278480.8538124,5367276.578873,12137.6796,25626.2355,41626.96021,197950.24096,5505.8579,3275.22905,2024.22481,4413.41531
2023-04-09 20:00:00,7959986.2043499,3681185.658461,9394.1539,35117.894,17723.80685,53073.53913,5812.5257,1875.43641,2911.81616,14727.43184
2023-04-10 00:00:00,3755692.3381015,3001827.938259,19563.0725,14707.4899,181372.6836,248239.20851,14906.4201,2788.53585,2271.47136,13922.75698
2023-04-10 04:00:00,2599994.4101235,2022456.717166,6646.2606,14883.7689,5330.40764,78728.3004,9825.1809,1206.04765,219.66044,2183.27899
2023-04-10 08:00:00,2640293.4037524,2060636.039805,6225.245,2340.2978,12801.5823,37605.21975,4426.5968,332.45041,232.54258,643.63735
2023-04-10 12:00:00,6992813.2388034,4311913.62966,13473.6522,18284.1378,18957.17565,76909.4689,7604.8694,742.8169,1774.37023,14627.44597
2023-04-10 16:00:00,22975567.68319288,10503348.615467,29792.8151,41448.2694,207221.02324,156216.70919,34281.9457,11802.12712,46455.21773,17735.78279
2023-04-10 20:00:00,14828019.33538837,7340137.476069,37333.0843,61140.9601,141780.91597,105382.5892,22646.5195,5682.69587,3429.21571,18215.87981
2023-04-11 00:00:00,23152142.79125301,9860704.42541,102095.2107,341767.637,156417.40118,236253.39391,59283.6725,12775.68407,10163.89323,28127.51034
2023-04-11 04:00:00,9995203.3086522,3185640.429072,306547.7743,253827.0249,280496.225793,194085.86533,9737.3093,7729.14182,1205.01295,18390.9440133
2023-04-11 08:00:00,7170479.2089935,2528188.386926,33578.3336,58774.7966,236723.257169,81246.98033,14671.3889,951.23502,6207.17558,6593.34179
2023-04-11 12:00:00,12823956.8035938,6634650.023643,233008.0611,50218.62,262384.91706,124430.69459,70515.8005,4190.27369,3951.26714,9897.00867
2023-04-11 16:00:00,12015865.11318319,7931215.048051,276746.7289,179528.6664,346966.14131,148074.35089,8591.7201,9449.39145,3021.62673,4340.37489
2023-04-11 20:00:00,8455675.3178246,4436156.594613,100376.8376,114535.3386,34259.50221,82221.00173,2761.7542,32481.46384,2894.28553,7727.7907
2023-04-12 00:00:00,12584379.7916772,6714254.07093,233359.5935,86252.5219,173967.05615,334418.22862,19298.82,25754.21219,14499.92007,16859.76352
2023-04-12 04:00:00,5024979.7269965,2219190.7289,278285.209552,31273.6865,41442.33382,209825.16469,7491.9696,4235.66655,3514.72662,1652.54797
2023-04-12 08:00:00,3728015.6891169,1571290.517909,47985.1718,6685.9804,15014.03121,108044.82732,3918.3088,2325.74729,358.4302,411.77322
2023-04-12 12:00:00,31836520.0350639,18601944.199791,423790.904141,70452.2706,399833.12399,302939.77566,85902.5962,18066.95968,12405.04597,7376.30734
2023-04-12 16:00:00,11666024.1042324,7771644.604592,346954.7173,32482.8062,227502.99214,338548.45885,44218.5737,41152.66509,1553.37884,16674.34414
2023-04-12 20:00:00,7116257.0402369,7634275.650384,114216.1322,27573.0429,53676.73516,304963.14624,94556.9987,1628.59744,12543.30334,3215.50682
2023-04-13 00:00:00,6760862.2982241,4624736.731179,65693.897,37505.5187,74583.95007,76515.54295,26845.0144,2621.31321,4310.78319,2753.32407
2023-04-13 04:00:00,5450451.2847075,3316690.748374,98084.8379,11592.061,178786.75022,107376.33365,9169.0326,816.12061,4872.32015,1466.16966
2023-04-13 08:00:00,14400833.4816917,15956394.1699658,81268.24384,21196.1083,203902.249744,1008146.24176,33052.072,2596.03048,8665.19389,11097.8208
2023-04-13 12:00:00,20106517.54239694,10789228.7395945,398644.401453,75359.4433,412362.574,472076.77029,16719.6104,25979.89063,13299.51958,65057.21062
2023-04-13 16:00:00,11060090.7146774,7227817.3510098,83896.9745,28821.2771,463272.751482,322879.56981,15393.6496,10326.31597,18636.94343,4299.85329
2023-04-13 20:00:00,6202836.5558061,3111623.428473,43463.0064,38615.397,371831.983009,118208.78523,8104.2229,12098.57303,2730.13619,10446.87661
2023-04-14 00:00:00,21423440.57305364,18408790.9781217,530706.864972,245613.215,757589.756901,581841.02807,16381.3107,29826.01064,62335.64912,116225.5470128
2023-04-14 04:00:00,13569946.29981604,5496751.407396,371425.867773,159882.7279,203041.1835,495794.09081,35245.3866,26487.64058,15190.84463,42987.1802754
2023-04-14 08:00:00,7851235.8657634,3598123.062102,46150.8829,28784.0928,89951.307866,283267.14181,10162.0941,12504.69655,11118.2051,20696.85032
2023-04-14 12:00:00,26527545.0539622,13492129.554805,179611.3988,135165.5213,884152.93206,735514.71062,116052.4609,18226.29688,23297.74179,23138.87583
2023-04-14 16:00:00,17407012.6302972,8703458.447687,86698.486,101157.1098,132296.33389,846135.41325,41295.0123,34164.60132,8538.47558,10149.94664
2023-04-14 20:00:00,7496583.0577559,5497896.152046,94360.3587,23745.3458,139817.15441,116299.87731,122694.2921,4069.77456,4823.00855,5586.17973
2023-04-15 00:00:00,7327013.7222036,6123777.857929,93593.5856,27779.2606,124896.63929,362696.95804,27507.8629,3150.39567,5409.82086,10342.41285
2023-04-15 04:00:00,3301543.5701534,2724382.016182,40243.2846,30025.876,244251.440941,187274.81727,6987.469,5628.17481,6417.72718,5847.61217
2023-04-15 08:00:00,3370652.9587125,4251549.986785,47529.5083,57131.3473,492978.408267,351200.10932,16011.9055,4349.55395,10114.71568,583.48657
2023-04-15 12:00:00,4252336.0760501,3412707.841153,39705.6012,154908.1877,335951.984063,201310.40592,59071.5536,4961.0996,9304.65897,2120.36239
2023-04-15 16:00:00,4493356.2161354,5625501.069894,67486.5638,37714.1574,238211.80296,210366.19802,14523.7852,58713.14644,42633.21133,3694.97182
2023-04-15 20:00:00,3450811.449223,4209036.882381,72344.3742,50809.1177,113341.75457,111305.34865,5713.2962,2315.26524,3319.29811,4739.03965
2023-04-16 00:00:00,3268294.6901991,3182146.38844,82753.1006,25051.4977,316763.80695,287066.3587,10931.2123,2640.55392,16312.17808,9474.5676
2023-04-16 04:00:00,4026870.4784387,2676105.826476,23085.9591,14633.882,55589.59506,299649.85076,7209.523,13412.69333,4209.3061,3855.57709
2023-04-16 08:00:00,3479692.9881965,2797791.98187,20469.1312,17999.2501,86775.96835,221948.59969,8612.7033,9442.18723,5240.10506,38615.87549
2023-04-16 12:00:00,6162570.3251923,3998052.506588,20717.1981,290019.09931,237803.85007,156489.04707,4400.4508,5464.76901,9517.09566,56424.6857586
2023-04-16 16:00:00,8339974.0225284,7672403.6169767,98673.6325,258774.1926252,120369.4208,387931.94468,14731.2834,10256.79148,9664.0817,23346.5733081
2023-04-16 20:00:00,7159085.539044,7247795.245626,223971.8057,63183.325,138872.62735,602402.71059,164222.8555,3998.37616,19883.5814,15654.21503
2023-04-17 00:00:00,14955806.3655528,12270111.38488,613455.03569,107137.6038,220050.64271,514384.48492,123932.5073,15322.47301,35867.57116,37269.8259
2023-04-17 04:00:00,5799167.8893888,3425572.969248,144889.4434,66380.4871,102499.40936,772327.88463,71066.5817,1032.69383,11590.70378,11148.47455
2023-04-17 08:00:00,12591006.1197886,6112080.175993,231059.0264,46698.9174,177316.6131,1280965.74085,20375.7288,14738.80156,8096.45399,9696.33395
2023-04-17 12:00:00,21593581.1279723,10898600.015698,405189.0038,103511.2478,262268.14806,1198404.14633,114760.4934,59080.60299,25963.97346,1349.18269
2023-04-17 16:00:00,9916440.6651008,4356819.172331,212829.2054,44717.106,77621.25157,288371.81575,53308.4093,7943.45301,20572.5244,4210.38881
2023-04-17 20:00:00,5058730.697585,2435097.839847,28431.7894,20223.5339,92057.3473,234706.26648,11004.1823,7333.73456,34271.10413,7457.61115
2023-04-18 00:00:00,11475011.8012735,4598172.771593,222617.8159,31640.0054,185558.3358,214232.28913,27103.4423,7553.02532,5569.38498,90317.394308
2023-04-18 04:00:00,9279131.3751854,3652625.57287,86037.7062,74873.847,83375.1532,348095.09837,31142.5801,7625.73294,27368.39197,57093.4662594
2023-04-18 08:00:00,16514612.9298351,3833364.274692,88088.9833,45646.1171,297936.99416,116870.57344,13015.2044,15198.70407,20141.61704,24328.2616029
2023-04-18 12:00:00,31066902.9959232,6272102.171916,117824.1737,117886.8205,126756.09313,388446.50072,39254.8206,23697.47728,30434.25272,10818.82211
2023-04-18 16:00:00,20662019.5716044,6055829.768519,73153.3358,19211.9139,58606.6359,479779.53612,26598.2892,3175.46678,8960.53785,10497.52057
2023-04-18 20:00:00,12577897.4551843,4430422.241874,43313.7977,29316.5754,55935.23299,194554.17335,70560.1988,19727.61122,11301.03053,8873.60612
2023-04-19 00:00:00,14923103.276124,3587561.203051,50741.2117,37017.0331,154541.62642,109597.35281,16316.1097,1900.11739,1732.02343,6826.14781
2023-04-19 04:00:00,12982369.112157,5923561.453809,73306.6571,111510.9399,72728.88531,103551.26364,11258.9856,3636.00578,7219.1332,19988.45453
2023-04-19 08:00:00,44433440.9962821,22655617.851318,687753.7508,411710.2434,711250.07444,1067419.06229,171227.2285,27021.70017,53168.65879,106535.21264
2023-04-19 12:00:00,20193615.360967,12170841.672411,221775.2138,67006.9522,194879.45238,493016.5661,29565.9989,30393.46106,5591.1642,24867.13086
2023-04-19 16:00:00,17001348.0232613,9297671.423289,166211.5636,55526.5583,170565.87084,538125.88945,37010.144,10890.62483,9997.22309,29148.04489
2023-04-19 20:00:00,22848061.864384,10203878.440042,158801.4647,131191.9494,177836.89868,343208.20141,38286.4374,22174.25141,34354.77036,53883.42329
2023-04-20 00:00:00,6910259.4527875,7813842.843656,84471.6314,44630.9497,268503.01868,738682.12142,11653.8595,6359.64153,7111.57771,16512.3758
2023-04-20 04:00:00,9462468.7607661,5025736.679142,79434.3307,20028.699,90454.27614,623281.62179,10054.6897,4680.12163,6821.47861,1101.92809
2023-04-20 08:00:00,10688645.0148211,6260374.953318,91204.6396,31794.6707,74207.50489,549923.90921,11050.2771,3086.32925,986.97539,7534.67271
2023-04-20 12:00:00,22051227.2236507,14967430.022316,290773.632,27933.9033,170227.17565,2001651.22747,72668.5819,5365.10859,14630.09477,65641.4834
2023-04-20 16:00:00,35436943.7476934,15774000.808569,355148.0029,170120.9324,384400.47106,1222228.58808,85084.7358,49330.4324,29201.02648,63066.34671
2023-04-20 20:00:00,12327581.5813464,5874066.46416,65575.172,38827.0604,142020.10469,188361.68636,24672.8669,7584.36022,4938.38924,9069.83049
2023-04-21 00:00:00,10084567.0347064,5005955.047706,52762.727,34020.1293,84037.78271,144571.70734,6468.2298,3235.66141,2796.28826,23560.81524
2023-04-21 04:00:00,14015913.2979948,7661647.024057,94395.0881,576887.5861,116937.80296,127936.02717,35603.9266,6799.55738,4669.55908,14446.66076
2023-04-21 08:00:00,12206875.8205799,4767248.898106,54840.7762,354342.1772,69384.3432,87406.34533,9551.7109,2932.5455,1408.4006,8339.28727
2023-04-21 12:00:00,23610197.2604412,10502931.697938,102889.8293,40582.1636,119143.80676,171673.74998,42346.4151,7869.54654,31295.87077,2156.06894
2023-04-21 16:00:00,26588145.2589726,12609554.120658,373877.8736,357290.9523,571863.8874,498111.81436,119257.5769,63697.81373,93988.12553,41026.08195
2023-04-21 20:00:00,12014213.384333,7207709.858699,194539.6073,93294.6294,351519.90298,319365.53554,37680.2457,11246.2577,9304.73708,7003.7834
2023-04-22 00:00:00,4954821.9597764,2997751.476399,24019.379,50981.2411,61458.65444,50568.6989,28914.6085,1469.33264,845.03253,3940.23849
2023-04-22 04:00:00,4898699.67755,2789542.086485,8498.8902,12736.3047,16414.55673,78512.13271,3094.1903,3876.47981,2182.56328,5195.9176
2023-04-22 08:00:00,5936926.9108157,2556376.58559,11147.6191,24953.3283,21720.35556,61599.21082,9551.2281,307.92,63.31471,264.26806
2023-04-22 12:00:00,10746875.9505455,4399708.804046,35103.0594,73668.1126,58411.46364,105507.36958,3732.1585,8729.79029,5595.41987,6368.55783
2023-04-22 16:00:00,10004612.396971,4418350.626222,36566.879,25480.061,57970.66751,110767.36351,29716.7918,7246.54792,11430.55358,6138.73181
2023-04-22 20:00:00,8262580.128984,3811475.654376,27778.3246,59905.3799,42383.55294,36501.60986,13449.632,2141.93875,11519.45449,544.52327
2023-04-23 00:00:00,7874409.2087798,4651493.049755,27045.8972,33075.1392,55749.8522,112847.74684,18537.8854,4746.19276,4168.63182,33354.68182
2023-04-23 04:00:00,4000108.7577223,2152085.512048,43710.5471,14479.0515,22418.25379,51010.3128,377.7928,222.41412,42.25379,1173.93493
2023-04-23 08:00:00,6480675.759646,2528298.32635,21196.8965,7832.8248,8586.96663,17834.84632,876.681,488.84909,478.09315,2926.54176
2023-04-23 12:00:00,9517642.3710197,5006000.143634,28504.6751,24355.412,45792.72454,105890.52176,12772.4247,2921.88981,13410.06867,4828.69383
2023-04-23 16:00:00,13406453.9511792,6568594.127636,94381.8686,14717.008,157272.7131,183291.55778,33406.9252,6746.65309,5850.73434,8528.69369
2023-04-23 20:00:00,6906208.2246739,3002733.597955,21095.8886,33053.9627,71856.16789,84990.30391,22560.879,13886.9929,2294.86922,2437.44954
2023-04-24 00:00:00,17223698.2013592,3926048.276103,39205.5856,30189.9957,31694.10062,125681.73342,12825.7196,6989.84821,6171.26771,15067.93589
2023-04-24 04:00:00,12160741.0893455,3862251.358089,26506.5523,19938.1021,19975.58114,72824.4122,2271.0453,2209.88533,2003.15104,6556.58225
2023-04-24 08:00:00,15733354.8156405,4773547.912978,20099.0409,14410.4814,29377.82847,50439.94981,1855.1199,2144.54715,2122.11009,6221.06432
2023-04-24 12:00:00,19719763.2822226,5575042.12364,40114.2419,35522.6056,49917.03788,79689.95935,6979.8522,6288.97747,6232.2693,8017.09348
2023-04-24 16:00:00,22480202.1887674,6971758.944918,73038.5013,13819.7786,36658.37037,110583.95334,11192.2134,3425.30092,3360.88353,8585.12929
2023-04-24 20:00:00,6183179.7367572,1970317.568898,6252.7659,13619.9925,51523.13325,26588.71755,41597.9482,4349.43987,223.66367,1772.92351
2023-04-25 00:00:00,7737514.4811195,2951340.848736,99592.9454,57588.7799,95852.91402,20065.41797,6480.2562,3057.09704,8064.68393,9963.99594
2023-04-25 04:00:00,7324980.7649314,3101820.526367,9948.7543,10938.3497,10769.82236,35523.87527,3738.6647,2753.75511,1974.14138,764.7292
2023-04-25 08:00:00,9838662.3375256,4624719.863884,21925.5013,17655.3181,122200.30106,51582.25981,3473.2008,143.50214,847.30851,27364.55688
2023-04-25 12:00:00,20615214.8189745,6419658.554507,24312.7305,17199.9943,137861.5796,36679.57615,2289.5071,2881.17559,3232.47768,6962.901
2023-04-25 16:00:00,18528284.8662731,4845702.254906,10386.1299,27460.8314,16222.70719,55282.9456,11480.8428,127.93008,8082.52776,23741.86213
2023-04-25 20:00:00,18003688.0963897,3767969.873025,41189.8882,72490.2915,119258.186,74793.19538,22566.0547,5207.97214,17221.7189,42619.57056
2023-04-26 00:00:00,11413103.2245625,3436721.852758,17696.2356,37077.865,79599.87917,95289.78052,7823.0384,2041.66475,1744.89951,2569.94734
2023-04-26 04:00:00,8714990.4040329,2441651.103942,38925.3631,26381.8744,7106.26591,47796.75612,2849.3463,937.44484,1401.14028,3013.02498
2023-04-26 08:00:00,36514112.2341146,8129859.004043,39166.5877,20801.8603,23195.23504,148360.38477,4955.611,2344.39073,7494.42372,5715.99388
2023-04-26 12:00:00,44209878.2956437,8631131.756818,118144.9481,141174.3135,101246.02802,256667.06543,9905.3243,6606.83722,24124.5982,35803.36581
2023-04-26 16:00:00,40568461.3210883,10489305.043296,216691.7071,146187.7826,207210.82376,562288.19901,49775.6187,61557.40966,56696.68628,28864.11381
2023-04-26 20:00:00,44631949.0560664,9961584.894088,223697.6129,142887.6392,248796.83397,485281.42286,32104.8359,43315.20924,26156.37647,31155.51687
2023-04-27 00:00:00,29150060.4295788,10443488.297637,145805.5984,91898.428,164111.74532,199892.71456,47491.3778,7037.64824,9953.76494,34722.50696
2023-04-27 04:00:00,12006299.4414922,5609679.991944,23129.0285,44901.5392,50339.27416,115295.09977,931.9304,2607.36631,2480.7622,3273.08603
2023-04-27 08:00:00,10023953.8929308,4578298.147775,12736.9652,10723.3866,27545.99271,98608.88245,1931.2731,612.58513,347.81856,1278.50552
2023-04-27 12:00:00,23854806.3250591,9614978.462087,71072.9852,60944.2227,86117.10237,205127.45337,23953.1691,5943.4783,4406.79214,9644.02379
2023-04-27 16:00:00,27694096.2263806,8430834.689497,58157.2063,38652.032,81036.68372,76259.02233,7813.0068,4395.80485,4842.41079,10038.73303
2023-04-27 20:00:00,13057163.235134,4430153.659874,33708.0,24328.7596,62961.87054,81518.02552,18039.5493,12722.67611,6047.40242,6371.91583
2023-04-28 00:00:00,9519215.0730967,2957400.346577,27881.0243,49863.7527,16544.5168,29237.32079,1030.9813,12260.61206,934.59824,11557.73136
2023-04-28 04:00:00,5735254.0087702,2565475.003484,18681.7653,53890.7803,19289.68209,60099.66444,1704.5723,1642.31983,1075.88824,12198.60426
2023-04-28 08:00:00,8249946.9463278,3182655.220327,59398.19,71872.9622,21071.26616,50563.56157,2976.7631,3838.77909,3570.10545,16740.29155
2023-04-28 12:00:00,17567376.3724529,7265623.69778,50583.7069,46774.0009,65149.45943,119121.84918,7831.7272,13436.58631,16688.35103,17471.76512
2023-04-28 16:00:00,9485661.9898411,3674143.047906,180079.128,11311.3713,17793.67278,45658.28356,3097.6778,4242.75258,8772.5908,9800.35907
2023-04-28 20:00:00,3774140.6292704,2124032.227191,59343.6711,31555.8556,103610.26207,35309.84223,2231.9748,1817.29831,405.18245,46787.6931
2023-04-29 00:00:00,3721882.2212691,1534139.259409,23694.032,30549.5795,18722.75899,36701.38279,5490.7416,3996.56404,973.90155,1850.40504
2023-04-29 04:00:00,2449691.3640399,1389245.475859,11655.6956,14583.3225,2289.58309,9397.88351,4663.9646,973.22218,1922.45199,2253.53333
2023-04-29 08:00:00,2744080.0334222,1485210.914395,4584.7316,4633.7574,1907.16097,53978.97376,1518.7514,877.49286,1804.37255,1450.57307
2023-04-29 12:00:00,2139887.0678036,2908273.509564,267578.2509,9869.405,13811.5017,27156.40794,47635.4845,6247.91904,5982.29103,11525.01653
2023-04-29 16:00:00,3365031.2042978,2482622.457656,155908.2076,36174.355,17846.54157,161569.72982,22867.7107,5367.84129,7003.39946,6726.21006
2023-04-29 20:00:00,2243744.5556627,1685218.1403,82015.9652,17558.9957,6993.52957,60427.58489,3210.2546,300.61907,3659.85426,4269.89991
2023-04-30 00:00:00,2476055.8184124,1445836.325859,13331.5629,14216.7932,18238.60323,18722.19164,12538.4286,2669.33999,4059.48049,9314.40687
2023-04-30 04:00:00,1982165.3337679,1095713.732302,16829.5663,8049.5635,9625.40073,23945.07429,1909.2713,25786.73303,1330.86124,1967.46703
2023-04-30 08:00:00,2491187.2454198,1995643.130374,19512.4905,7836.4458,3360.56434,27528.42663,354.158,3079.56438,2483.07564,323.91455
2023-04-30 12:00:00,10339062.9362001,4439242.935549,62779.7846,30500.0089,144782.63743,30579.17006,18028.0221,7583.22993,2383.71521,17566.41071
2023-04-30 16:00:00,12190453.7589177,5657240.29411,98906.3763,229775.9006,63607.46915,67176.1768,18382.9113,6616.94903,10179.6077,24228.15197
2023-04-30 20:00:00,8688589.7473812,4524329.128812,92158.0121,82175.1428,129235.55976,38668.43165,2005.5422,4033.99991,6845.10236,11355.99139
2023-05-01 00:00:00,11728425.5732602,4953272.01232,115173.1299,146260.9074,88058.96942,247413.8708,7033.9001,10766.97841,22518.94695,22288.67987
2023-05-01 04:00:00,7500633.7376838,2414559.056186,43657.6426,42411.6585,15332.583,71167.70131,30762.7524,339.16358,6184.03485,1070.49639
2023-05-01 08:00:00,3533481.8319863,1861920.367787,4700.2708,27559.9695,13356.40504,34211.77066,4255.697,3523.91633,3339.89976,1812.84333
2023-05-01 12:00:00,14570897.7897066,6474070.704036,64275.0832,87535.3931,34208.4773,150287.8689,17132.0327,1154.37933,6095.35915,19306.51563
2023-05-01 16:00:00,14831337.933838,6358065.671237,69199.1992,111373.7418,186185.46993,159578.00949,4990.5733,15815.23982,14221.17655,16543.9188
2023-05-01 20:00:00,7578976.850645,2967533.731041,45619.3381,36658.4177,12729.64786,46534.93885,2734.1314,1106.33492,4996.29377,2300.81081
2023-05-02 00:00:00,5637508.2458881,2231844.592049,13869.3812,72455.1211,10554.82775,32140.91467,977.0688,4421.23031,914.35225,2414.6321
2023-05-02 04:00:00,3903139.8539397,1355334.543832,8656.175,37489.8486,9329.52647,26598.69543,2701.1119,617.53998,632.92692,340.47649
2023-05-02 08:00:00,3323603.6713807,1635050.331558,29766.213,15857.3318,8076.1738,38417.98001,1299.5994,5756.40735,2849.96458,7875.02329
2023-05-02 12:00:00,16281040.5610614,6532840.104218,34288.9496,25967.6436,23358.21681,71573.81178,4359.6931,12872.75805,7389.05942,11176.25986
2023-05-02 16:00:00,9316997.6903411,2604378.684126,23102.0083,29518.8032,120397.32213,57602.53177,19940.9546,2577.98591,9670.40384,3220.63064
2023-05-02 20:00:00,6506002.2038437,1196167.848049,39231.6209,44678.0921,94388.4225,28331.31327,2005.454,4542.2363,5031.94803,3927.11699
2023-05-03 00:00:00,7983571.6345937,1248022.00216,20527.6031,73207.5393,41296.05146,46253.02146,7431.8703,2711.83596,6366.70469,6587.75122
2023-05-03 04:00:00,5932662.7466922,1084454.677402,43259.4169,11310.4686,21735.39904,43144.37777,567.632,12.91344,1667.95054,4865.45954
2023-05-03 08:00:00,6034239.6872589,1335468.152002,80277.9184,5171.9241,49583.98113,70413.17818,21008.8052,2010.72441,2394.14788,517.54802
2023-05-03 12:00:00,16767727.6348432,3757411.480263,71642.5276,44510.2379,87916.04772,106643.23129,21385.7507,8182.53544,10180.8045,15284.31906
2023-05-03 16:00:00,34887044.1694956,8198670.180404,130742.9475,75813.5893,207266.28096,214338.1965,36878.0697,15487.82245,19923.88048,18671.58683
2023-05-03 20:00:00,12395511.0100456,3185893.291638,147602.1236,37776.8339,157170.88561,103284.22026,19522.6459,13479.22648,6665.77039,38644.97472
2023-05-04 00:00:00,4863145.3968283,1602596.050401,56067.9782,34286.7372,18476.86108,11764.71392,2586.017,2324.90698,1532.44368,3210.18889
2023-05-04 04:00:00,4017787.3469036,815845.272717,11944.9064,8248.8118,80189.71872,14859.18384,498.7048,1649.11421,352.57256,1680.06335
2023-05-04 08:00:00,5603237.6022512,1212056.405937,6571.2495,6924.7047,7777.5769,54068.82662,2044.785,2598.37414,496.10479,1384.94777
2023-05-04 12:00:00,14282726.0425565,3299382.631432,96083.0052,11947.0418,24889.56834,31416.36158,7526.7496,15666.25865,2027.78806,6549.18252
2023-05-04 16:00:00,8955494.7925698,3007274.950215,51456.8202,23247.4757,94210.55661,108108.94793,42800.791,5856.71519,3816.09076,1196.43369
2023-05-04 20:00:00,3809846.4346381,1319079.677409,18592.9405,15960.2231,7206.2977,31155.26155,15820.2284,915.07423,3154.48533,13288.15846
2023-05-05 00:00:00,10832430.708373,2200510.419029,56477.5795,19362.1977,27145.08837,40391.3761,4698.4643,3057.68367,7374.18756,4351.75457
2023-05-05 04:00:00,5119157.8014454,1169591.354706,35943.8315,16208.7022,3945.52553,17248.0346,2967.2535,2443.5927,603.0257,19509.45076
2023-05-05 08:00:00,4609906.2804458,1683881.744829,27836.648,5178.6083,11062.36238,11593.27287,3088.04,1191.37848,5105.88167,175.67546
2023-05-05 12:00:00,17493931.7105576,5746352.005607,143181.0206,45108.6788,62845.88097,151438.75901,9188.7866,33329.31793,22600.47415,9147.03314
2023-05-05 16:00:00,14829038.7880035,5240979.829524,181496.6702,77997.9091,61566.17435,131178.54922,83385.2044,13880.86558,9289.05722,15963.97532
2023-05-05 20:00:00,4412868.6768233,2012114.968623,39198.9564,56992.2068,18564.71756,152783.22455,2805.2726,9083.34262,15056.54738,6429.95474
2023-05-06 00:00:00,7253914.2721372,3606237.739773,75810.1234,22243.8681,150335.14713,56439.42281,4152.6451,3316.63215,2145.8571,5434.64673
2023-05-06 04:00:00,4908209.6242926,1409970.032755,27885.2707,11435.021,8163.81326,21553.50373,108653.8743,2671.46164,5497.78406,6062.30683
2023-05-06 08:00:00,4373222.1672416,2885378.490513,21244.953,8008.9234,30406.77806,75300.71058,10652.7386,2911.81046,3582.06118,19929.27413
2023-05-06 12:00:00,10820295.9343567,5017063.268842,204118.1333,48393.9197,193075.63461,282094.83737,15578.8067,15632.28661,19107.99317,34688.51571
2023-05-06 16:00:00,6644243.5969864,2603071.950677,39612.8359,30880.6655,76587.3634,47415.94663,1744.3713,4495.30559,1066.79137,12014.23294
2023-05-06 20:00:00,3179910.6024518,1376086.170429,19945.4506,22453.6956,46039.80166,12168.15006,34901.8508,30129.16406,6685.28284,4823.81233
2023-05-07 00:00:00,5370854.570033,2418116.713156,185160.0431,18532.5716,17712.48613,73761.04852,5074.7321,1552.25993,1082.30344,1660.72044
2023-05-07 04:00:00,2509960.7681081,1374903.898269,14914.7367,14442.1294,23380.22869,30016.57982,1201.9358,1095.42721,4253.71143,1166.65308
2023-05-07 08:00:00,2898854.9592908,1467190.346925,12117.1412,16774.6987,4864.801,16308.81862,1904.289,1085.11795,243.41257,764.12985
2023-05-07 12:00:00,3264278.4149033,2436110.811767,33005.1595,43128.0191,13066.12002,68635.53968,1490.4894,3184.07888,522.34169,2502.22939
2023-05-07 16:00:00,4211517.7643354,2180934.546625,59714.6522,22726.6426,178309.73186,25474.0807,7736.3028,1117.93466,314.46429,3027.50151
2023-05-07 20:00:00,7584859.0565999,4257292.779635,114077.3688,36959.5545,94999.97616,46122.82466,26618.4749,3727.94324,1727.83273,3318.15743
2023-05-08 00:00:00,15840191.1216321,5851104.26927,251186.5711,79286.2961,221138.03384,397253.37816,71958.4221,52191.76386,42248.67084,33455.38834
2023-05-08 04:00:00,6518896.0213475,2491621.072037,33865.5411,42044.6308,83102.89141,95579.54458,7892.9306,9588.44195,2839.16527,12500.45123
2023-05-08 08:00:00,10141496.902878,4122143.139187,37252.541,15303.225,111535.87727,58077.69207,13410.602,3056.1825,860.08599,2312.7105
2023-05-08 12:00:00,9520095.8384471,4074022.021546,62312.5352,25450.565,35212.7911,54150.49284,15178.929,8467.47022,6816.93469,15769.12117
2023-05-08 16:00:00,16563657.2620731,6499135.863965,273568.3923,97029.6744,232126.64179,773972.90638,70677.2003,17878.8725,64638.72399,56141.74435
2023-05-08 20:00:00,7761687.9045625,2621534.713099,186270.0426,141668.0779,29797.19781,117913.94687,24411.0041,12228.68326,5029.9837,14547.4381
2023-05-09 00:00:00,2716601.9521966,971771.270774,41796.0728,20997.4319,92066.13773,32675.62135,15673.3662,13081.72366,2708.0145,7956.46612
2023-05-09 04:00:00,1951981.34245,528399.026309,11364.3514,21490.4844,4128.18277,63956.69241,4272.092,3327.99429,1676.59707,5831.29371
2023-05-09 08:00:00,1117231.5537659,475443.8777,13300.9053,41986.7682,5066.0069,16169.69489,2762.9049,1961.36857,2137.45018,5026.62713
2023-05-09 12:00:00,3688200.4552206,1241133.306133,22464.5985,43009.5322,19390.3857,98786.0054,7153.4305,3006.46134,3783.52156,1426.30736
2023-05-09 16:00:00,3915352.4808178,1113310.766682,20923.2454,39576.3914,10024.13242,71931.004,7314.07,3838.81608,49867.51833,32808.9521
2023-05-09 20:00:00,1531123.0199999,678262.115687,11389.3189,57289.6381,38053.26758,16772.84414,3361.6436,1489.80105,651.54182,45545.10989
2023-05-10 00:00:00,1370798.2607132,572511.106611,13661.9805,17746.7057,190465.60734,4565.65367,12814.3636,2633.68179,4727.12285,5269.8905
2023-05-10 04:00:00,512253.6098036,162156.093743,17889.3343,18386.83,1842.33378,9619.05481,2745.7831,1292.20774,1921.94863,3300.46168
2023-05-10 08:00:00,810023.8222993,308331.168736,6549.2898,5490.5793,69229.02021,9431.80648,7966.0101,6244.46652,1566.69461,3770.85918
2023-05-10 12:00:00,4975158.6149709,1219310.427278,64223.8049,29953.4319,101902.02462,63884.47604,27732.1423,4996.79727,18500.38162,61410.24392
2023-05-10 16:00:00,7843372.1500118,2316717.252583,177844.921,179066.8727,149668.10173,182910.78838,105639.9061,44460.46399,27868.74786,124228.07433
2023-05-10 20:00:00,2238789.2077262,694643.170688,51643.2584,48791.1878,21739.03237,31141.13943,17766.2956,5970.07986,5586.11264,55276.16123
2023-05-11 00:00:00,1366926.2117873,344567.029824,9223.5114,33336.759,13750.53775,4293.54408,8869.9955,535.95452,1346.84757,6725.50616
2023-05-11 04:00:00,678814.2740158,222678.767264,3119.2753,12718.5765,7918.77778,9356.28354,2388.0038,2857.30517,1022.48148,679.90719
2023-05-11 08:00:00,1125146.3171199,522141.113065,14540.7067,16547.3309,20748.24593,20177.23732,3956.597,281.03482,5061.02709,8018.59147
2023-05-11 12:00:00,4691427.6329035,1397778.195858,122092.361,24572.5721,34381.56194,48321.88964,7547.6542,1764.17729,27794.37442,21209.68243
2023-05-11 16:00:00,3106560.83406,785428.194544,101290.2511,72960.3313,15240.99843,96083.02476,17680.0874,2500.21059,5859.82112,14412.65396
2023-05-11 20:00:00,1235204.4524098,284180.954215,10611.3522,15194.0376,111188.41493,74044.99624,5137.3853,2721.48462,10519.78084,3227.46458
2023-05-12 00:00:00,2119211.8361152,658167.208771,15916.0596,21349.2284,76314.52511,13597.52364,8553.3135,3324.90781,12301.63799,12978.56852
2023-05-12 04:00:00,2796363.7925519,979742.390901,26570.8288,57396.459,30209.72502,16495.09335,1594.3206,2167.62314,1055.93188,2399.75548
2023-05-12 08:00:00,1557877.9595066,724463.109034,6219.9769,1602.861,229985.82015,15172.8572,873.0435,208.9185,1813.5487,1093.94749
2023-05-12 12:00:00,2847381.4849689,1138948.729448,30089.7439,20447.7745,83807.2029,10561.1683,1668.9733,1076.83514,4358.25158,2126.00449
2023-05-12 16:00:00,4187991.7256216,1231138.340539,32162.2484,35672.1995,110044.19745,83804.36754,7872.8181,25019.26727,10116.92581,11673.65151
2023-05-12 20:00:00,3296828.7285455,995963.82125,24405.8816,30076.6367,84528.74048,31290.30431,6920.8659,2490.76897,15056.97091,2812.00196
2023-05-13 00:00:00,1229327.9895303,389796.200459,16042.6886,20981.4486,48120.25176,62997.58682,1419.1302,1725.11624,4769.01216,4996.56364
2023-05-13 04:00:00,729323.4389317,271276.980763,15873.2561,3079.4811,21952.45108,1131.95332,1.9617,11229.37884,2386.81004,4092.69635
2023-05-13 08:00:00,419193.7488802,231861.397968,8303.5868,3276.7237,1354.87762,39924.79823,366.3094,709.54399,1069.70552,1355.60786
2023-05-13 12:00:00,1088204.0804065,641706.977956,17704.0326,20383.6741,9275.26087,10342.73087,5281.892,1074.96672,1617.76607,7191.57692
2023-05-13 16:00:00,1980304.0413983,501881.81161,9044.5227,7472.2304,4162.90056,10256.35276,988.3227,836.79829,2732.46465,1876.67479
2023-05-13 20:00:00,968044.0644655,488468.32324,14232.0834,25413.213,8530.3896,3062.5149,948.8077,514.38752,636.05493,7592.78034
2023-05-14 00:00:00,1888565.3786045,448928.930319,40769.4722,3648.9082,6826.86363,28537.24693,421.5796,6447.40945,7662.96508,2482.21667
2023-05-14 04:00:00,608596.0114533,344343.683521,11223.4382,12967.1717,1050.71129,5332.41871,1697.3762,380.58993,900.06176,4840.99977
2023-05-14 08:00:00,441812.9562452,237699.577707,2154.6243,6726.9605,1021.68724,261.02016,315.3703,179.53447,0.0,160.30973
2023-05-14 12:00:00,2646037.4247593,750314.400132,13097.8236,12664.9112,26592.10446,15266.96468,1884.3599,2292.57629,1485.87911,18181.00396
2023-05-14 16:00:00,2188625.5604338,670499.359973,5684.3481,26276.2461,22608.70012,13971.3718,1718.5672,2908.43632,1230.41884,5967.48334
2023-05-14 20:00:00,1285535.7683335,412015.264209,1218.0405,6819.9539,1821.36629,9925.64102,1646.158,1091.47289,828.85551,4861.73516
2023-05-15 00:00:00,4591563.2190683,1316378.547501,30161.6088,14907.265,40533.53501,86524.42487,3811.4768,1959.77224,4167.04197,9069.92217
2023-05-15 04:00:00,2540899.9475638,540444.936506,42542.6355,6533.8629,34283.85091,17713.4913,1430.1709,2076.93849,1643.82856,35290.9797
2023-05-15 08:00:00,1355199.2580039,422838.107397,9005.281,3996.8528,6579.12969,10898.36985,290.425,2060.63345,581.31464,2269.60346
2023-05-15 12:00:00,2689400.2926794,1116986.320005,14662.0484,363817.9113,2398.32837,31007.69637,11067.6813,4097.13684,9007.08639,6636.58275
2023-05-15 16:00:00,4143761.3459836,1316669.883772,39208.3677,61573.5707,5094.04981,37383.35492,8758.4736,1002.52428,3437.73579,25628.4428
2023-05-15 20:00:00,2269058.7823968,560254.737883,40261.8987,21449.7567,2712.38215,22010.84031,391.1125,452.60026,101372.24894,3270.70194
2023-05-16 00:00:00,3070703.1946616,1137231.259488,47145.0962,14041.9353,36095.25808,93464.34119,9540.0069,7201.11724,9660.79134,21641.39111
2023-05-16 04:00:00,1279823.1912206,325394.190446,8573.9734,11541.1961,27597.42754,6636.16522,749.8226,1152.68881,655.79654,35185.39414
2023-05-16 08:00:00,1568355.5168423,678961.767114,5205.5427,4477.1312,9462.80716,6135.39747,2295.3036,80.3253,1859.70689,22031.18441
2023-05-16 12:00:00,2121010.7885588,1158758.119296,16365.1861,9044.0029,13795.637,51205.73862,3153.6415,750.2475,12622.30269,33016.70317
2023-05-16 16:00:00,2460866.9132369,936460.540931,101689.648,19665.6339,1292.33248,28157.11041,7584.3604,1596.52636,929.77144,18389.08686
2023-05-16 20:00:00,1133689.5697782,512847.319223,30615.9891,14895.8251,30740.31109,20604.72061,1673.5139,252.03184,8754.26311,49490.48579
2023-05-17 00:00:00,2632158.7956045,777433.683273,14371.5229,29127.0595,26694.78968,72091.16227,2694.2786,2509.82025,10348.6843,142518.48113
2023-05-17 04:00:00,2657112.1093456,459608.147802,25002.8961,11760.8302,10582.27569,30808.53347,10232.4701,9196.07377,18695.17945,11868.49773
2023-05-17 08:00:00,2389885.5324014,970804.147972,5027.9893,16838.6717,7802.39819,136193.8082,2928.7364,965.87939,1681.9107,41077.17336
2023-05-17 12:00:00,3386677.8416347,1227126.345002,10995.5783,20440.9796,12348.6746,8224.36961,3102.5016,2306.99415,4638.67796,40397.09036
2023-05-17 16:00:00,5470985.6397632,1615006.931163,35203.5857,20540.7672,31783.16542,168676.37759,7122.2731,3661.35597,5987.65518,71201.35751
2023-05-17 20:00:00,2966163.2570573,744449.332397,42546.989,9388.8184,13678.9889,12246.24548,1968.5058,4366.14199,4390.23306,21202.36611
2023-05-18 00:00:00,1907466.5367052,675568.682612,14291.1845,11119.1957,6513.81632,14888.05041,3726.7427,3952.81859,628.6176,27470.76552
2023-05-18 04:00:00,1855746.482685,604649.794833,18509.6677,5676.7629,11926.04024,105464.64542,1096.175,8983.2164,1266.24787,10154.23578
2023-05-18 08:00:00,1420768.7796575,320493.91283,38899.1018,2386.4931,9008.94251,6506.63895,2692.9939,233.38577,188.5392,21038.24812
2023-05-18 12:00:00,5497733.0698181,1085601.118547,12792.8513,16443.4802,42475.39846,31475.27769,10933.9224,16855.59966,7804.49572,11594.47946
2023-05-18 16:00:00,6459727.8442497,1758678.30255,24572.4959,27382.8943,14575.41481,34102.93031,10224.501,16756.37721,20375.71392,31313.28141
2023-05-18 20:00:00,1762848.442854,927616.790753,16557.7866,10339.0515,23033.21701,51038.22296,1817.192,2176.47089,1946.64925,22693.2025
2023-05-19 00:00:00,1324796.7237128,454729.186718,5094.5723,23384.3926,7086.43729,5841.5277,6738.9437,1619.1491,2065.40043,10410.14664
2023-05-19 04:00:00,958372.8938235,365034.835945,6470.9808,7829.6783,3013.41983,6967.78263,1351.9312,645.1075,60.84754,12941.71434
2023-05-19 08:00:00,740565.7838819,326806.435099,3838.9924,7604.4125,1327.28365,8602.91386,2611.386,648.77431,58.70149,8165.67584
2023-05-19 12:00:00,4764990.2083746,1289300.943323,10682.6218,8316.5662,26533.10372,3629.4514,6302.6747,2997.42041,255.27839,8779.41
2023-05-19 16:00:00,1631816.9857454,745356.491315,22986.5298,9921.0212,9249.99875,9334.1129,1006.3114,1329.45799,608.98102,15695.41673
2023-05-19 20:00:00,614763.0566137,253277.194368,44849.9284,8250.1738,7279.90509,9724.92421,1311.1242,826.14746,654.96612,17026.26239
2023-05-20 00:00:00,529036.6254675,146158.633015,11749.5758,8571.7937,20990.35705,11966.03377,2441.3173,4126.08001,465.4681,6937.48035
2023-05-20 04:00:00,557107.1103858,75119.388176,10914.7473,6211.1824,15953.52221,973.73365,2340.902,2238.51911,531.04752,3009.98405
2023-05-20 08:00:00,356739.1098694,106254.0146,72416.4454,6331.0492,7827.1721,1324.3851,13.0207,69.56807,101.01581,734.05912
2023-05-20 12:00:00,380523.8924788,156858.093672,55708.5018,13689.1045,6889.82249,1937.71985,2187.7499,3119.03942,495.83076,1591.40672
2023-05-20 16:00:00,1217496.8456834,393057.733695,65750.1729,12312.0561,12809.95637,27322.68969,3234.3218,5138.88532,1415.26027,1909.16901
2023-05-20 20:00:00,961105.1645298,325769.967648,7392.5523,21355.3626,16787.35164,1907.14263,1148.9516,4319.0574,3314.12775,3531.6799
2023-05-21 00:00:00,971312.8660721,444578.060997,14346.8467,6820.491,2648.54499,4446.94449,104.2933,2911.87815,1114.97837,3463.7883
2023-05-21 04:00:00,835147.6182381,245236.369404,5327.3362,6301.878,5044.22988,813.2868,824.6384,327.14564,157.5576,7523.60592
2023-05-21 08:00:00,2967508.907036,562572.24637,6108.915,13431.395,80927.1724,766.88305,757.1068,1197.83611,6935.38348,59736.18612
2023-05-21 12:00:00,1376845.7183579,648375.796421,36733.9435,8785.0218,133919.93398,8465.88834,7731.0802,5174.49077,6117.60886,14464.75335
2023-05-21 16:00:00,1256675.5791376,503458.328721,8764.8607,15540.7894,6918.02954,10739.4943,7845.3964,827.06947,5279.18783,82727.10968
2023-05-21 20:00:00,1592093.386881,582338.793316,39926.1712,15193.1598,27764.18221,2417.09469,23683.8261,5345.31166,179.10358,3066.41538
2023-05-22 00:00:00,3849331.4263887,1541455.310129,15940.8166,20788.3948,14758.66176,16471.98826,3174.2579,6704.63853,8537.87403,65685.40379
2023-05-22 04:00:00,2812223.5751492,952332.663704,5639.0798,5206.7445,2941.83874,5311.20106,1258.4379,2532.06875,3122.1519,3246.03956
2023-05-22 08:00:00,1592826.6584921,1250395.138355,17803.7663,5043.0392,49035.61395,38505.04618,10664.3147,601.30433,4494.70459,3595.54724
2023-05-22 12:00:00,8733287.7230455,2530477.729921,96992.0456,9656.9379,80032.37863,11740.78672,673.9858,802.14374,2543.32045,19237.31198
2023-05-22 16:00:00,3905311.2625922,1427065.230727,7563.6805,48634.9112,5271.11201,4935.0362,10623.2165,3772.53879,1828.50084,4142.23261
2023-05-22 20:00:00,1461017.5358527,727031.867816,13609.5244,14596.3631,13752.88241,3999.78458,992.276,1923.70629,1503.53807,2911.6717
2023-05-23 00:00:00,7227380.0928364,4469779.753953,39869.861,166991.9838,11115.17073,2405.09273,9186.6023,5307.99555,1147.09608,45899.39953
2023-05-23 04:00:00,5600034.2675906,2450814.555387,8578.7751,23475.9293,6420.43827,6768.78361,1311.5794,7951.61907,607.23585,9086.5793
2023-05-23 08:00:00,2321291.2774579,1244583.016622,9788.3068,7070.8801,4562.43142,7817.38138,479.0262,374.37579,1809.89525,2638.78966
2023-05-23 12:00:00,6472118.8711659,2849756.368637,13550.132,9685.969,37652.30615,7103.145,19222.9729,7663.90592,827.73387,5963.24516
2023-05-23 16:00:00,5065850.1265088,2162068.488193,14626.7179,7952.1603,3475.67437,7717.56124,19642.5894,450.01397,717.34661,6638.63704
2023-05-23 20:00:00,1298138.8692985,873476.324713,19300.5072,23123.8065,2791.38143,1377.28305,7540.675,9401.81516,1656.07824,6036.13401
2023-05-24 00:00:00,3400256.606154,2351603.355026,18664.9484,24526.937,10025.20941,17342.96799,6622.4985,5617.0551,3894.36968,91216.74746
2023-05-24 04:00:00,2686260.0181518,1722074.333,13684.6587,12190.284,10949.10298,11797.56326,578.8448,3287.42066,8242.80095,62605.11368
2023-05-24 08:00:00,2935126.9633456,4426862.020331,9561.9239,8761.3223,32921.21491,4396.12969,1284.999,1362.43799,265.18038,3087.30862
2023-05-24 12:00:00,9130283.1584116,3434567.897095,107245.9403,37746.996,50611.39412,22609.25051,5563.9777,4441.12604,5861.38534,64561.25565
2023-05-24 16:00:00,4586144.0303975,2213306.069122,17009.4899,64645.3179,2464.24179,5136.0105,3120.7498,3743.71694,603.61162,8158.44776
2023-05-24 20:00:00,3509390.9820913,1340893.537029,6114.3578,15744.1924,4378.18569,5758.45167,1131.779,752.10352,870.02318,16262.09867
2023-05-25 00:00:00,3966590.0836592,2492668.353636,36018.4417,40434.1031,39849.80193,23535.31379,11593.5972,1730.65706,11521.37637,69029.14523
2023-05-25 04:00:00,1277461.5101919,1121689.12207,15385.2082,6696.3089,35803.91621,2558.73852,381.845,1380.30798,835.10122,9811.12704
2023-05-25 08:00:00,1908952.2029524,827579.314539,1700.3906,7332.4881,2086.43406,1248.99037,1136.1713,619.15044,428.55503,3244.96625
2023-05-25 12:00:00,5722153.8014165,2532470.522276,15444.5774,13828.6079,8494.32108,5034.6912,15472.6042,3383.88553,2575.10817,11563.97138
2023-05-25 16:00:00,5529207.789631,1973903.85604,5504.8295,45188.4758,6493.04274,34211.42979,2070.0335,2405.30456,2511.2022,8355.31261
2023-05-25 20:00:00,1441684.1146896,1128349.367076,4051.2302,23799.7549,5918.04645,2948.9349,1041.7923,4096.05233,938.85949,11130.0564
2023-05-26 00:00:00,2326545.2102213,1014123.248051,4159.4718,10143.7911,62001.59687,10243.18906,1970.107,1397.13059,269.47148,13792.5521
2023-05-26 04:00:00,1388653.0281566,621208.103635,7432.2256,92367.2424,2407.69212,454.31352,1366.2199,2710.07776,1106.23362,39200.68467
2023-05-26 08:00:00,1683129.9506593,683748.776598,1661.4839,11090.3674,1953.21353,3998.58513,1526.8839,2678.4452,153.08425,3319.67856
2023-05-26 12:00:00,5451760.8684542,2975020.895992,7862.7925,23416.4414,18078.8724,5350.18691,3713.2193,495.75374,6564.72277,52193.76456
2023-05-26 16:00:00,2149806.1972894,1267427.344034,11201.9411,29419.1784,39617.8236,18619.37153,8147.7012,4171.44991,1836.63041,3521.00249
2023-05-26 20:00:00,716738.3003168,565547.432041,3460.3867,13630.0152,10606.59341,12124.66329,3685.2172,3454.18619,305.20728,4485.47145
2023-05-27 00:00:00,1445909.0251614,606900.721577,1796.5353,11350.7326,20527.16732,3535.69077,30844.4996,2160.63779,178.35084,2984.52048
2023-05-27 04:00:00,837529.8122652,468072.644121,5894.7833,13656.1521,1676.43284,14679.33614,92.6886,697.60421,2.2842,1018.71381
2023-05-27 08:00:00,535547.2175568,412138.098439,7688.2659,3731.5155,2556.17519,1243.77996,1106.3966,58.722,197.31663,169.07246
2023-05-27 12:00:00,1626696.1909184,1061123.37272,5588.6852,19776.3781,7618.65488,4740.16753,12262.3512,6463.22147,1236.8905,5119.5711
2023-05-27 16:00:00,1363470.7063974,550544.666143,9009.9711,12899.9879,1474.97581,3922.55123,13923.719,2498.58677,795.83857,6995.20042
2023-05-27 20:00:00,657733.0141859,438129.483585,87594.0527,5678.2039,4430.66038,22200.16068,5205.1555,1539.50402,3196.99175,5260.11989
2023-05-28 00:00:00,2944173.438324,2329189.623929,280469.8857,26175.1952,17608.49417,11628.85978,33336.1673,970.89228,8663.98156,11385.46186
2023-05-28 04:00:00,1062165.4149676,1105028.080253,8601.8915,22965.8306,3581.33966,3572.33549,2578.1443,232.1249,1108.3846,4355.57278
2023-05-28 08:00:00,1207397.3981268,485625.695724,12118.2103,745.7271,87497.63813,14624.70688,19574.6825,34.51202,672.10477,10221.18437
2023-05-28 12:00:00,1186233.4074031,450994.838218,6102.1063,11564.8785,52337.983,3246.89735,2804.5573,3262.46933,1835.05876,502.3997
2023-05-28 16:00:00,4200021.8368406,1651070.408156,40521.5826,12690.3402,94162.35474,10182.72482,2777.3379,3905.25982,1738.5627,8731.475
2023-05-28 20:00:00,5501959.6974381,3626190.688619,68755.1605,45717.9379,129609.35411,15351.82017,24084.4257,3107.57836,3449.94946,60781.21247
2023-05-29 00:00:00,6724634.9028444,2616484.010939,33044.1793,66976.1638,70530.32963,14753.54552,64755.465,2692.83745,3626.21315,134671.50368
2023-05-29 04:00:00,3403210.8052006,1470421.632009,10389.3716,15575.4828,9459.78787,1849.43624,6785.1025,2171.62667,1012.24669,13631.05118
2023-05-29 08:00:00,2116750.1191773,1053385.937668,3601.5678,30930.4275,84036.35859,4730.60368,1267.379,58.78002,30.1119,36669.76317
2023-05-29 12:00:00,4504758.7572757,2636764.329188,11369.3133,84222.9757,65521.26556,5209.92197,3729.7977,1953.95624,12699.40921,6714.63002
2023-05-29 16:00:00,3672951.4453993,2447766.792556,31123.8045,24707.1452,7279.75985,9191.38058,2615.8225,5235.97273,604.38529,5717.6988
2023-05-29 20:00:00,2229182.8653786,1399080.63302,23766.5692,28489.854,11038.07247,20860.06559,2268.6309,7951.72864,1355.35879,3928.8666
2023-05-30 00:00:00,2040982.9472544,1726828.298102,99905.6969,25793.2847,7601.52417,8481.83677,34923.9896,909.68166,536.1186,6342.55369
2023-05-30 04:00:00,1642612.213806,779410.759789,27634.6034,5696.5754,4960.34385,72851.42674,1167.0674,1751.07809,2127.96247,10067.46228
2023-05-30 08:00:00,2761066.1172597,1471706.418017,89218.9085,21929.0089,9342.04022,13215.2662,13113.3177,986.5549,151.15324,81933.20766
2023-05-30 12:00:00,6983747.2602727,3153064.710147,52485.2464,30234.8447,52836.12192,30349.8039,11258.6787,3675.03155,4242.68171,22647.70079
2023-05-30 16:00:00,4562152.9043612,2286454.418613,37876.238,26431.3193,94725.53811,4427.42985,3879.9702,1673.32355,1347.10895,4077.60202
2023-05-30 20:00:00,1893208.3794263,1699184.000927,28035.8916,23772.5485,2548.69752,3321.80685,2133.3242,312.6439,616.29661,4694.74643
2023-05-31 00:00:00,1857915.3169154,1925865.273455,31199.7786,17552.8141,39662.13651,7190.67242,8679.6644,4336.508,11237.34695,8252.92277
2023-05-31 04:00:00,7952937.1558406,4637923.685296,63241.4948,74968.0099,40414.20174,13439.71661,2479.9243,9271.70528,13899.07202,19737.15503
2023-05-31 08:00:00,2410348.8568746,1146836.468912,3982.9931,9744.6163,8741.54951,9705.15165,1076.939,305.67448,68.88029,40373.89667
2023-05-31 12:00:00,6310107.8763796,3326506.719588,28727.527,28097.8312,17378.72143,9716.56585,4461.507,2865.83565,7314.49328,42760.0071
2023-05-31 16:00:00,3684063.5246983,2071129.736528,5992.7881,696032.5067,44976.54663,28618.09857,1627.7699,787.98737,768.33598,8028.29563
2023-05-31 20:00:00,2211767.1406439,1493871.899546,10352.1349,698465.5942,1868.66671,561.92709,3853.8987,1847.33808,364.87048,8588.5098
2023-06-01 00:00:00,8000953.5878581,5807209.273967,25505.287,39019.8729,36507.19585,6099.17531,16366.6493,8112.16523,4123.2352,21664.09245
2023-06-01 04:00:00,1048488.9712742,1098216.719846,15503.7129,44677.0488,61418.22281,5012.36473,282.1302,838.3446,1129.38054,21836.21278
2023-06-01 08:00:00,1447031.7869315,950147.61397,7108.7273,10525.6637,39546.66994,649.6387,1329.965,536.15049,1263.82445,15706.02904
2023-06-01 12:00:00,2653544.8516674,2199976.759763,13613.7484,6007.0388,6716.74424,2746.6738,7781.0391,114.67186,274.19515,72773.55618
2023-06-01 16:00:00,4062701.8588671,3087312.310065,7272.9934,14900.41,46747.48428,15145.47264,2270.8083,1702.1443,5370.57556,52166.84471
2023-06-01 20:00:00,1153632.686105,1274249.127868,9726.0052,10713.2965,9727.76109,3477.51513,796.7775,397.93394,1697.01892,8069.83472
2023-06-02 00:00:00,3446455.5691713,2387386.817023,50351.8037,14745.848,30634.81589,74162.02356,4597.9137,3162.12894,3053.4064,15044.22992
2023-06-02 04:00:00,2053527.2602063,2463737.400699,25841.0706,30266.2601,3151.23234,2776.51495,1903.3472,7862.25376,993.62392,26338.89217
2023-06-02 08:00:00,1166190.0874645,1747587.53289,27041.3316,8305.6432,289696.28064,1729.3417,1815.2673,42813.17962,692.1379,5569.71555
2023-06-02 12:00:00,5250007.5690893,4074612.553945,19073.1837,12171.1434,4303.2206,12028.46824,1677.5403,1966.42514,3409.80588,10464.5279
2023-06-02 16:00:00,2574591.3204451,2310827.144991,10547.7963,13391.5032,12107.44087,17938.74375,1785.6494,386.25415,2681.75754,2817.40833
2023-06-02 20:00:00,1263169.9698035,961646.890074,9210.3602,14844.3848,17143.18638,10316.50775,1659.4058,2865.87067,463.66625,16203.56032
2023-06-03 00:00:00,1224359.5121837,844948.823541,5639.1874,10253.6909,18930.47216,4143.989,3238.8496,2364.73941,1994.18708,5073.68782
2023-06-03 04:00:00,523561.2555348,465895.582751,4515.0258,25437.9661,1179.56576,1829.9324,565.047,953.27004,0.0,3995.57061
2023-06-03 08:00:00,692717.5789644,468168.293809,3479.7377,2742.9583,722.44148,661.7883,523.7944,476.52314,262.88597,21667.53347
2023-06-03 12:00:00,1018723.7598267,1179400.686899,3031.0883,50675.9261,6044.64483,3700.07638,1587.3553,4930.49601,2949.92035,11325.31945
2023-06-03 16:00:00,2214986.3779516,1749268.934138,6246.02,10721.4588,16538.30948,6144.49418,579.5817,2705.31818,3235.85511,6016.67861
2023-06-03 20:00:00,1016119.6506962,772187.46921,5787.0519,13773.3508,15708.74928,733.9963,2068.6794,2598.38601,8649.51338,2750.34594
2023-06-04 00:00:00,995827.167232,541588.176794,5262.0573,6856.1483,23811.30516,7876.99629,1582.5622,7723.06771,931.43367,9748.78733
2023-06-04 04:00:00,836268.6936201,592386.4192,49600.3625,4759.9906,82562.6869,262.52063,1830.8281,2497.75067,732.05184,2254.27875
2023-06-04 08:00:00,574623.9038233,539538.398721,3864.0831,3725.3054,4927.24697,1019.30067,1038.5579,6682.72279,712.21814,3446.54247
2023-06-04 12:00:00,1430699.2509474,1217556.705866,52148.8692,4620.9515,2402.97867,4421.90259,1573.2561,2042.68481,1522.84054,12979.61625
2023-06-04 16:00:00,608850.08464,699057.750649,47911.3368,6906.6378,4879.2289,18312.24326,8374.422,1700.93002,2519.62903,1946.82126
2023-06-04 20:00:00,3252118.1648518,2929248.410398,53388.2576,9024.1897,9348.26233,17378.3905,14609.9583,10147.37705,1694.96636,8926.27733
2023-06-05 00:00:00,3176800.8441234,3529276.900055,58553.4225,17924.5384,9786.15133,4715.69888,17042.8038,124171.85303,8684.17938,63744.64791
2023-06-05 04:00:00,922863.6780206,1216759.237011,22304.2897,17981.8498,5927.23853,5924.4981,3375.1582,892.04626,6076.1395,7685.47989
2023-06-05 08:00:00,1006644.8727392,1021135.993732,2485.8101,9798.723,12669.84896,977.84134,408.4379,1158.98554,1136.63337,6947.18279
2023-06-05 12:00:00,4943672.7813743,4637832.258664,122263.5329,553063.235,149883.84846,31515.30671,12728.8202,5136.93608,11409.19595,104187.42081
2023-06-05 16:00:00,10171227.1317062,8163176.211683,393318.6702,443398.364,338210.71964,196423.80591,259296.8106,21827.99033,45005.28272,173595.95871
2023-06-05 20:00:00,1662124.1138323,934825.968687,31806.5344,94216.7957,17232.66464,32708.21799,49671.4051,2722.9125,4760.42517,9515.25516
2023-06-06 00:00:00,1105448.8083491,765047.62385,13205.9272,104497.4316,13992.60303,6118.0444,85556.2224,696.34845,1911.46132,81865.4914
2023-06-06 04:00:00,570821.0217942,468071.035588,6830.3536,34477.0891,5996.52597,2510.64884,1298.3217,2398.0635,4737.28808,5424.86946
2023-06-06 08:00:00,593919.2835714,793393.222334,24165.2268,11761.1476,25178.58981,8391.97639,1131.9939,2395.51277,293.3977,1382.65685
2023-06-06 12:00:00,7859667.0277147,5801637.944836,125158.998,100230.0723,143489.5017,194822.6151,78109.2673,4978.97563,27374.36667,29539.45928
2023-06-06 16:00:00,7359503.6303281,4932348.379213,64318.8275,267721.9868,28074.72293,68079.9526,18387.0918,6748.22656,6304.79802,17242.61504
2023-06-06 20:00:00,3540691.3815671,2306869.266822,171298.4445,1103421.43025,141440.0465,81738.95522,37021.0252,19144.45967,42078.17232,39112.23786
2023-06-07 00:00:00,3063285.7268448,1472638.85835,86258.9306,951796.387,118114.21365,46090.29313,17492.4158,21094.66634,27653.25909,39302.00428
2023-06-07 04:00:00,814038.1313964,180046.88064,43622.262,406382.9495,13705.20547,8464.83208,13220.2087,5519.9502,14999.4732,6114.86644
2023-06-07 08:00:00,702518.8104572,149795.13183,39716.6527,63746.094,27599.05452,46249.75803,11137.3021,9383.28421,9659.33415,27981.21683
2023-06-07 12:00:00,2790735.8829844,2189918.342009,274806.575,313979.2334,280549.26246,114396.36606,75145.9589,50253.61346,109034.02654,234378.24296
2023-06-07 16:00:00,1743841.8039819,1166057.614646,283025.5469,160556.9645,209758.42995,37936.45976,25868.9677,20255.91643,28555.76973,81913.81809
2023-06-07 20:00:00,842735.0072084,613875.395675,137431.2605,242935.0193,50256.01822,18551.60425,13211.0102,10252.36147,19071.87271,16454.59838
2023-06-08 00:00:00,824722.9150242,569825.572529,249633.6079,431495.4552,116563.14975,20291.77605,20024.788,2695.3128,18390.25727,26744.67693
2023-06-08 04:00:00,713697.0916688,379344.38595,15342.4686,504595.0568,74589.85419,41057.58775,26005.3368,18311.22996,7393.17438,14945.26214
2023-06-08 08:00:00,249053.3316759,124697.525544,4000.0874,111988.6073,55032.97608,20058.14949,10942.12,3335.83968,2411.13179,6399.4043
2023-06-08 12:00:00,865291.1438594,386239.079899,77911.7091,140876.3126,33789.21034,15045.6342,4452.4799,8603.92531,1819.18578,9582.60932
2023-06-08 16:00:00,652901.6763507,435660.71445,58899.0112,148664.2014,9175.83622,21843.90432,4226.9942,8766.29016,4715.89445,7908.62604
2023-06-08 20:00:00,349769.0880365,339115.399832,17189.2722,238314.5888,25985.70618,4072.97853,3437.0202,1326.5301,3201.44655,5506.13114
2023-06-09 00:00:00,1126166.7413774,669506.770305,91250.9886,335985.4305,75175.27659,108018.41342,17566.0053,17071.04577,13163.81789,22269.64845
2023-06-09 04:00:00,867580.8194497,670231.472282,79882.0038,804855.5408,180386.62816,148279.81399,13712.7798,16456.08108,8654.00302,48480.93924
2023-06-09 08:00:00,850765.695769,461394.730947,56982.2274,153984.785,114683.64117,386487.46502,45871.5834,4357.36945,4631.61119,48155.12002
2023-06-09 12:00:00,1329965.5955844,573379.175913,59812.7051,336007.5483,213782.0284,237958.24152,100665.1702,33229.10672,13760.93056,14130.20133
2023-06-09 16:00:00,1515340.0535734,653916.346854,83605.5607,188452.1593,261419.60338,134293.6107091,41175.1842,11693.41521,14937.37933,23658.59883
2023-06-09 20:00:00,989406.8945931,468724.018289,120414.409688,482695.1515,137439.804329,73287.13041,37421.117,36744.79427,128389.34694,18444.13369
2023-06-10 00:00:00,1180061.4537371,634475.575795,97953.9401,194651.0228,231721.956992,136736.55764,76515.1054,36085.1845,19380.4496,50029.53077
2023-06-10 04:00:00,1177923.5577817,975916.89666,244121.327612,296406.9029,304661.734028,247809.0868224,58048.6797,48276.96372,60811.66112,97143.0106756
2023-06-10 08:00:00,667855.1458608,1016291.849832,61188.0651,157609.6267,87737.56997,22773.00762,12911.9397,4542.38906,12810.02616,9249.75949
2023-06-10 12:00:00,492031.7971262,348378.518182,42863.7087,202378.3153,93079.98897,22351.49677,11362.7517,7036.11394,24570.00379,25251.85827
2023-06-10 16:00:00,2497296.7141772,1267329.203186,62275.0256,282670.6683,91112.84518,48632.22845,44611.0771,7928.52039,79408.7475,23144.29045
2023-06-10 20:00:00,555926.9983861,268708.193051,21901.2593,232550.396,36543.09336,13265.14627,17245.7499,2676.34848,2401.9186,21180.98348
2023-06-11 00:00:00,571773.4777117,262357.697067,38369.3059,146504.1596,269270.04006,19955.71948,10819.2044,5952.02259,3504.38526,31886.35121
2023-06-11 04:00:00,701909.098872,202789.286117,12164.3272,57866.4794,68288.135,61780.01167,22700.958,1970.90729,12790.44752,18214.21702
2023-06-11 08:00:00,309805.1303074,207805.529856,8076.5041,75389.1694,56484.75296,13567.70555,640.2097,1911.75714,570.47691,7818.56926
2023-06-11 12:00:00,193722.7992807,176307.129711,17144.8042,40154.3929,53167.88355,13246.48498,3833.9138,1358.96748,4262.14848,6772.87215
2023-06-11 16:00:00,1067098.2845554,425503.708029,32657.8732,122365.2744,150411.13824,51068.29678,6261.4309,10128.4845,2978.82483,16438.24165
2023-06-11 20:00:00,1146768.4764301,432199.050964,42177.255,90656.977,139714.45123,23932.68624,9682.3529,8959.8498,7515.06992,8879.2734
2023-06-12 00:00:00,559945.7783578,449829.214394,120473.5022,246732.2538,82718.53439,19164.68023,12242.7911,9997.53556,11325.42348,37887.50136
2023-06-12 04:00:00,964236.7154907,147257.524065,40052.6718,341685.2569,232147.67989,16406.07617,5555.1843,1988.94096,9480.35211,11363.95181
2023-06-12 08:00:00,654864.7791156,266506.954149,29319.7439,422406.728,75756.9608,20708.30963,6062.2143,5543.08135,6801.86907,5983.87528
2023-06-12 12:00:00,730360.8726496,252587.152234,23358.1984,185486.9351,105540.5083,18075.24181,6324.1258,2449.33439,4284.93426,3797.36007
2023-06-12 16:00:00,1212835.7861274,435742.226685,98745.5375,492116.9791,119499.77941,40572.03671,122444.7972,6624.82509,7712.42519,14999.25784
2023-06-12 20:00:00,893637.3114821,721739.357872,65646.9102,532017.1798,99481.08979,49557.59616,37045.0713,2573.60088,10131.01399,21877.31382
2023-06-13 00:00:00,1244800.6747039,413555.203152,42454.933,393430.7426,131839.30566,66728.16633,29716.1815,15543.97969,94646.87591,18061.25108
2023-06-13 04:00:00,411036.4072748,148433.49875,28707.4152,94709.6656,95779.9488,37206.76085,12647.0436,5252.3505,8005.88539,18671.02332
2023-06-13 08:00:00,687236.8347203,101720.614901,23408.6321,162141.0286,107910.42139,18167.77291,9132.275,865.18115,1604.97405,34843.5092
2023-06-13 12:00:00,1301024.2192734,605301.018108,87697.737,199535.7979,119287.74142,21939.46181,102628.3782,12610.40257,9813.81033,18115.88821
2023-06-13 16:00:00,735717.003593,306787.821841,26009.5005,251265.1276,88890.70904,25733.06326,42784.9716,3237.52247,6351.97795,23667.75771
2023-06-13 20:00:00,469243.110551,239034.264657,42850.6802,177851.4962,65634.60611,10207.5415,6331.5519,1960.39131,5751.09103,5145.0831
2023-06-14 00:00:00,512456.1624153,248822.049514,13142.3084,301653.093,66281.15073,32156.14547,11875.5105,4724.5388,14769.36708,9073.18529
2023-06-14 04:00:00,727126.0258324,406520.228888,7597.1707,125670.6465,25015.28367,12663.6778,14930.5642,141.91803,11110.79868,3860.08813
2023-06-14 08:00:00,152176.8575599,58030.843633,5000.5274,84071.0235,93169.23346,15644.73265,1142.5466,28709.54037,5.97624,2219.81908
2023-06-14 12:00:00,671677.4498719,238386.808561,15722.8403,91323.4776,25080.0811,10375.11442,12643.3979,2543.30919,57876.41924,6573.02554
2023-06-14 16:00:00,1342317.0263846,374086.002915,12194.8688,243742.7477,36973.62933,20651.95039,3049.3629,4027.94875,38717.68052,8234.15563
2023-06-14 20:00:00,2608177.3243908,924254.973355,92765.1788,279293.2918,89897.44378,80295.99478,15808.107,10243.81595,16860.89784,32366.35919
2023-06-15 00:00:00,1198433.8207974,279401.294405,48857.8158,270304.7959,60317.63001,111824.62089,20268.055,3570.15674,16371.27841,3662.60301
2023-06-15 04:00:00,755451.2381108,350983.219864,32107.973,76402.0527,35537.79288,34046.80921,28551.5817,3237.95059,8685.96104,5092.20912
2023-06-15 08:00:00,546675.9476786,243494.866985,53151.1688,110990.3408,36199.74517,13034.99764,9463.3214,3621.64122,9338.167,16729.13628
2023-06-15 12:00:00,498485.7998941,295531.621406,198298.8446,94596.4753,47949.94107,7751.54943,10467.7811,437.50965,3578.06981,3712.08226
2023-06-15 16:00:00,912040.1915423,395453.262533,134827.6931,52295.8088,39584.24635,2400.46122,36308.067,3568.41461,11456.8632,5330.35289
2023-06-15 20:00:00,1581798.1894874,357863.531848,113470.2632,60330.2035,34405.05264,8683.90712,15234.361,3434.35403,11857.44054,13703.36253
2023-06-16 00:00:00,526562.0527501,164808.529007,17455.8348,52885.9154,75440.71526,13647.80525,12596.0223,3855.35126,4933.51353,11797.04145
2023-06-16 04:00:00,362877.604906,68142.593338,8167.0516,20405.2395,23423.12028,1598.61374,13757.2277,12017.70359,695.95797,3957.64934
2023-06-16 08:00:00,310662.3201946,72559.249983,31007.5455,43423.3888,16880.8524,3814.11383,5887.7741,760.6116,1867.74124,3031.75034
2023-06-16 12:00:00,996554.9119167,270075.509912,43219.407,45771.2345,35814.43854,1999.97041,10562.561,1105.27801,3758.18163,5385.04827
2023-06-16 16:00:00,1776718.6210415,832016.466747,57678.0383,139980.366,106573.27243,49778.80171,27891.1927,4537.94259,3482.7254,113758.75251
2023-06-16 20:00:00,846965.9183135,222271.94012,8071.9072,17799.2309,23550.50118,5778.7522,6359.0563,2454.16545,1807.1525,9794.43051
2023-06-17 00:00:00,757688.774291,202785.390145,13627.6515,49953.7193,5302.70689,4265.42566,981.2243,2025.55561,42404.22454,9618.68873
2023-06-17 04:00:00,774673.4214261,317159.354805,38435.9501,77239.4479,42360.79563,3965.37128,9916.6189,2753.04377,10257.73258,5229.91661
2023-06-17 08:00:00,189158.6001244,110393.772867,10545.3528,69702.6298,16692.30858,2125.49379,4190.7057,361.81008,183.30812,5708.17021
2023-06-17 12:00:00,411307.178676,93509.863913,8163.4189,16976.2243,11032.88407,3034.53637,3723.0023,1011.21932,1001.38093,6277.58079
2023-06-17 16:00:00,369908.9433997,130482.336489,7128.3556,15818.2429,37348.31946,12911.34716,4241.2523,721.37003,429.61546,5737.86274
2023-06-17 20:00:00,293853.470045,159382.346017,63425.812,40023.1916,7902.68842,2194.12764,2521.4686,1264.4856,1949.80413,628.57305
2023-06-18 00:00:00,487210.032165,116058.349534,22858.5992,235024.5394,18931.98617,1845.0579,19899.8767,2912.05749,578.65032,5228.36907
2023-06-18 04:00:00,309572.7547711,58099.198112,11349.1948,43299.4656,13580.49421,556.46166,4272.0,28.80307,141.25785,1960.40051
2023-06-18 08:00:00,80817.5198751,28992.575911,4073.6395,7213.4357,2615.48707,2134.3413,1509.1336,2419.22043,741.76102,8041.27407
2023-06-18 12:00:00,220760.3885922,146970.986224,11462.6623,29368.2519,10251.87873,18914.9255,6636.9327,2987.92585,321.08475,6069.7603
2023-06-18 16:00:00,656122.5193369,84891.369743,17462.0223,16683.9425,19295.99315,6986.04158,4524.7818,575.96271,52838.36156,1008.58988
2023-06-18 20:00:00,769623.5956002,190406.664134,76807.7058,59119.1696,27950.25261,20383.90308,22644.9026,1902.32993,9522.42507,6824.68513
2023-06-19 00:00:00,193562.9496507,177455.165615,8991.4574,20160.4624,15273.84198,1727.55921,445.1996,346.07566,1262.05596,805.25091
2023-06-19 04:00:00,275944.9550503,121777.880785,16309.7191,8137.5023,3059.6131,6661.45985,1262.0271,25.13256,2176.558,10067.55593
2023-06-19 08:00:00,150343.0629506,49914.094566,1594.0645,5957.6858,11639.53734,2954.49712,416.9109,83.74481,3987.52849,113.07837
2023-06-19 12:00:00,340149.0238341,141340.84182,12748.3075,47026.0607,16489.22519,2801.37822,17606.0872,1016.36124,14782.35821,9641.25977
2023-06-19 16:00:00,1521013.067931,279762.687019,70930.2896,62901.2115,33700.61767,11217.68033,12647.5419,2728.86901,21451.77347,12884.5042
2023-06-19 20:00:00,447974.6720655,95675.733739,18866.4638,40698.3873,31823.1475,1896.90382,6680.1399,501.27135,1447.33744,5318.38404
2023-06-20 00:00:00,803881.2012973,201837.52754,28815.1887,90224.2842,61441.79244,712.96694,1716.6291,1236.89319,2361.67262,2074.79616
2023-06-20 04:00:00,447236.506802,57056.535998,47230.8603,90145.5567,7168.28362,2302.77146,281.686,487.46972,5508.53397,3385.61089
2023-06-20 08:00:00,546144.3918761,71266.562165,3033.0608,18477.9683,3807.38956,3352.37647,100.6381,297.25973,1524.26025,3714.08643
2023-06-20 12:00:00,1377224.7712063,269428.94004,32755.9824,42449.8537,40003.09127,11901.38665,4648.1766,8076.96729,16548.27881,5414.51324
2023-06-20 16:00:00,2913804.1677161,702278.938656,165000.3628,58157.1074,60622.13804,16239.15372,9329.6764,8754.42367,22797.51996,38728.75877
2023-06-20 20:00:00,2449753.5658433,908784.131641,90255.8518,85139.969,54355.15307,1681.36972,10539.9995,2751.62382,4982.85345,7245.57286
2023-06-21 00:00:00,6196876.57005959,736780.946949,63161.1951,148931.2529,106762.45034,29706.27147,14274.4429,14631.43712,22148.11441,43620.97511
2023-06-21 04:00:00,653303.4691829,94576.085973,12500.6624,10505.9826,16121.0754,5297.15765,4181.1722,2102.23783,10205.29618,16183.61387
2023-06-21 08:00:00,726682.73136,181379.519809,10768.0607,22904.0686,9901.40334,4532.02309,7827.1074,1016.73305,1729.83622,13774.88309
2023-06-21 12:00:00,2214021.0968048,607284.699558,76637.658,71053.0134,58480.80112,15974.58754,5981.1803,2083.20494,16769.97227,39194.01891
2023-06-21 16:00:00,4771397.1095933,1586030.893624,200352.5312,167200.0598,92039.36192,68496.23162,46921.9917,24686.51958,65554.40059,60046.19507
2023-06-21 20:00:00,1225346.6187341,422805.522576,74158.4026,231974.1294,36976.12619,11406.66572,1704.1412,1825.01076,8820.83907,5349.24052
2023-06-22 00:00:00,2631218.469953,686415.406328,88967.6173,129960.2658,84643.86924,41884.04937,13418.0354,13371.05061,18489.14559,9438.49072
2023-06-22 04:00:00,775296.496306,240675.218697,57111.5048,38665.2226,22015.15946,7312.77528,1290.6219,6211.54527,5978.31014,26501.51278
2023-06-22 08:00:00,1356561.3167308,332291.792122,109130.56,61198.0046,55788.34739,19748.83143,4568.9972,4049.18708,33019.86742,8386.09095
2023-06-22 12:00:00,1942554.0232072,573517.543124,226978.1572,44401.6256,41074.55135,32978.72813,2317.081,8054.67052,9084.37075,6885.82275
2023-06-22 16:00:00,1169050.3206373,458854.948866,86584.1668,59357.1718,35899.56215,31377.65012,6853.218,10128.61704,20883.42056,93325.71704
2023-06-22 20:00:00,927783.8696036,538368.254144,71705.5352,134498.9531,87978.36611,44685.46837,20350.932,8241.48177,19501.12328,10113.98068
2023-06-23 00:00:00,617071.8507937,217782.391333,46210.4001,73409.7247,22037.50699,14813.07042,10515.1202,1587.772,6417.9607,2087.82713
2023-06-23 04:00:00,182165.711577,49298.913341,11577.6539,20586.1413,20224.94154,9821.98547,5382.7333,1225.46488,8731.48929,3849.88352
2023-06-23 08:00:00,287573.0271669,125465.616976,16969.6781,31941.1997,5858.87789,2289.43469,1262.2262,147.09481,8674.68046,13225.87676
2023-06-23 12:00:00,2757840.7180366,912998.300817,57693.0149,64675.2202,71312.00312,21296.4795,8659.5422,20690.12226,16596.83312,16245.24049
2023-06-23 16:00:00,3700439.5501493,888744.783449,76206.4966,117723.2713,125177.47634,67547.08667,20212.5649,13138.19467,37628.64139,69106.37551
2023-06-23 20:00:00,1269718.8366189,337666.915531,69508.0642,138718.2291,38903.87381,7566.21129,6703.0094,2941.48127,23920.67424,50693.92223
2023-06-24 00:00:00,873478.5466903,279451.282593,78590.2486,134140.0796,18868.81109,13046.56543,7289.6916,1827.67132,13983.16013,33854.33491
2023-06-24 04:00:00,468536.7608403,128767.939787,29499.9387,38995.918,12063.61429,6985.22295,2574.3483,1791.54032,2903.34889,4755.95116
2023-06-24 08:00:00,240162.0903371,53563.970055,23189.435,11959.3446,6000.70359,8685.94091,1818.3684,3414.10426,7227.42672,3929.61607
2023-06-24 12:00:00,699440.417679,243335.406647,60494.5222,104498.8412,51201.60532,17927.21746,11866.2363,6251.84001,14269.45123,22063.33789
2023-06-24 16:00:00,829971.0518496,262071.672915,28845.613,65370.1315,39011.88406,18688.1752,4793.7321,160.53977,3328.60579,12463.53328
2023-06-24 20:00:00,291943.2080853,133164.604052,47596.3295,52710.6267,28954.96547,5548.16431,747.9223,4323.49089,4085.95979,3009.25706
2023-06-25 00:00:00,788869.8086609,240280.200368,17936.0751,143701.9296,13451.04361,6337.60738,11036.2551,4887.6543,5096.85178,5374.91874
2023-06-25 04:00:00,1605690.9193179,552190.960245,39773.9308,51638.5182,39812.10111,3594.7173,4292.8054,2821.02112,9207.12943,8544.51866
2023-06-25 08:00:00,156828.7191263,87075.481224,41991.6052,22811.3636,40624.01668,649.2686,4007.4669,2593.69011,5848.40557,2833.84134
2023-06-25 12:00:00,576634.431771,236363.296927,26112.6279,36031.4859,34224.65296,10594.76971,2600.1779,994.11986,44120.5478,12850.03339
2023-06-25 16:00:00,584778.6925518,304710.901862,64405.5546,15813.1233,40414.61489,7327.20059,557.1028,800.27521,37478.32574,10469.4849
2023-06-25 20:00:00,444048.4465351,186960.193165,12783.1917,46334.4958,50361.2091,8471.75643,576.4018,3391.54469,8710.35283,5029.13709
2023-06-26 00:00:00,777872.0526111,223104.114152,23568.8572,33054.2108,31914.6607,7725.70326,4919.6508,2696.29921,5647.26232,27244.42474
2023-06-26 04:00:00,558461.7081868,166908.911612,12764.8369,11468.6836,5913.82114,2212.10506,3329.1942,2910.70213,5721.78818,18738.6489
2023-06-26 08:00:00,293527.5395668,260207.89652,12550.9036,11062.305,3379.08463,394.57571,1355.4616,149.74221,552.30491,2217.90553
2023-06-26 12:00:00,795893.5392442,552629.510631,22055.228,21606.2877,9885.10748,11748.143,2201.1438,2796.20355,11779.58505,28946.60015
2023-06-26 16:00:00,1143131.588528,563550.452539,53423.8863,144818.795,41257.9835,14467.10793,3618.7752,2923.76703,7736.79745,15424.56295
2023-06-26 20:00:00,387271.9661645,116484.531501,59270.3585,37477.7006,23480.40457,25273.60205,1316.0468,4005.80575,11726.21117,16761.81039
2023-06-27 00:00:00,706840.6699663,184402.984135,41626.0036,160969.7441,20781.86349,18363.66843,6085.3198,2704.35645,52042.81422,9873.79719
2023-06-27 04:00:00,335968.6256368,201598.770945,8499.5048,13639.9122,31778.36579,64755.88414,4944.6421,724.81423,8402.12242,11283.1954
2023-06-27 08:00:00,998911.3184452,163569.674851,25549.8256,9079.6427,2754.55492,13985.80074,1130.9103,1937.77491,2937.09264,10239.78396
2023-06-27 12:00:00,1166839.7410263,274224.154932,47065.0429,16658.4266,98830.90792,7316.16071,6161.5079,1960.55279,17898.49463,16905.17938
2023-06-27 16:00:00,600192.0194691,670242.584911,85438.721,67424.4585,21660.70045,21070.86257,16550.5015,6106.88086,6588.47278,9328.02874
2023-06-27 20:00:00,400601.9922339,139479.241708,22953.8518,46647.5657,34217.18645,10744.17648,6648.1908,1385.2827,4435.59345,5354.34778
2023-06-28 00:00:00,825672.4296546,434097.671287,26219.919,78282.2112,48557.422,37732.03736,15197.5486,13770.32625,10162.277,10151.55398
2023-06-28 04:00:00,1014603.8243465,246530.863564,48349.5529,34484.8996,30755.92399,13633.16665,14930.2569,3325.73514,11045.22797,14436.25103
2023-06-28 08:00:00,180985.3973469,120001.401442,11962.2073,13157.8867,36991.7916,15354.6924,2672.0515,146.0553,10638.13469,847.68431
2023-06-28 12:00:00,1209426.8988064,212227.56263,26896.955,61123.1032,45966.70237,8328.92182,7790.4346,982.57692,3860.13623,10140.23377
2023-06-28 16:00:00,2052803.5582943,293857.838994,39711.295,42771.8327,63740.34925,37125.77448,43593.3227,19728.38123,44769.75232,25816.41662
2023-06-28 20:00:00,367924.1009362,147898.686963,15845.4233,45835.2498,36220.56381,12485.84171,11028.0679,8986.12394,10238.4742,3765.44602
2023-06-29 00:00:00,525445.6913678,283717.662299,25001.4733,83579.6764,36272.79256,6962.28879,3876.3642,7494.84172,4208.36111,2533.95293
2023-06-29 04:00:00,474305.12718,79389.200166,21681.9467,53087.8371,52174.15518,15076.89622,5348.3772,1031.74075,8732.42116,44156.50264
2023-06-29 08:00:00,1800368.2755947,193261.628447,237665.9415,8993.0302,29232.03764,9092.21088,70809.793,2245.34752,10821.62783,5371.85011
2023-06-29 12:00:00,1598729.1733009,343336.922012,188026.4519,33089.7674,21419.35584,22551.08796,10653.6823,26046.86919,8489.44,9188.28448
2023-06-29 16:00:00,1336122.1932214,350950.566872,43311.153,43587.1995,51910.22712,11118.39445,20353.3453,12905.30985,13586.5759,11791.81083
2023-06-29 20:00:00,1588083.2132687,158017.725703,85940.9421,35670.1024,27535.48445,15582.93143,6482.1604,10561.7473,5798.90398,68939.28602
2023-06-30 00:00:00,1213320.1223961,234541.296018,252485.1211,21834.8102,77146.7987,15329.44938,6037.5216,9437.32438,15397.84005,124000.78945
2023-06-30 04:00:00,2136499.4301097,582649.794617,76816.4456,52848.2743,186178.1448,18689.8144,16979.9112,7649.2907,20625.72402,43010.9532
2023-06-30 08:00:00,531825.3321357,102284.132752,55573.132,34957.0768,67722.12496,26559.92622,2956.1089,3379.74375,15765.05138,151040.9108
2023-06-30 12:00:00,3498603.4627246,754786.51123,273390.5569,102407.3108,73784.94703,113352.52146,18564.2394,10310.70519,51844.38314,148871.70641
2023-06-30 16:00:00,3011124.0838297,1379360.172913,209446.4475,234110.3713,37914.78519,31787.9127,12974.5998,7246.23972,95696.00046,273330.2853919
2023-06-30 20:00:00,1037981.8454598,273992.364648,59487.889,92509.2983,22834.3054,28029.04735,14474.2624,5671.79885,15013.2298,74517.10948
2023-07-01 00:00:00,531273.3445092,167773.467723,150048.7328,93137.0585,32716.70483,110638.73093,6169.3793,2910.69911,13203.78157,78202.39301
2023-07-01 04:00:00,407485.3827792,128949.809323,26035.0621,14787.0249,15243.93673,18203.14737,2558.9886,2668.31866,10757.82048,30207.79971
2023-07-01 08:00:00,877216.7076433,70245.631433,7998.4035,7569.2212,13523.68792,17607.51994,23884.9238,6356.76891,6385.71676,65979.7714933
2023-07-01 12:00:00,671598.0682041,100672.607327,23589.4073,71969.7781,53200.04093,135016.33403,2653.0296,8734.0739,10478.71928,40952.50392
2023-07-01 16:00:00,549802.8883381,96260.33088,23777.2543,53106.5939,14188.79182,19397.51688,24693.5683,5468.51987,13884.93825,23300.97181
2023-07-01 20:00:00,166642.6393824,98904.785032,28969.7154,30187.4536,23153.3928,25205.21779,2641.3376,7047.13178,13610.45961,23766.3843
2023-07-02 00:00:00,447024.2034957,266907.330225,35940.6203,18779.9543,25795.77998,26763.74183,13031.3355,1092.72666,10044.33857,37529.8
2023-07-02 04:00:00,617425.0473799,325938.298634,104954.397,9213.0126,6946.19891,9382.59366,1345.1812,1191.33458,3134.84903,114608.36301
2023-07-02 08:00:00,358817.7665778,153316.109703,20527.6543,4433.666,2485.10956,10430.8514,14087.5046,653.38699,4443.57977,52990.9117176
2023-07-02 12:00:00,1079236.8815109,719526.82104,38884.3724,39555.4004,11324.63716,11500.77766,4279.9756,4855.84304,12788.30723,32889.32305
2023-07-02 16:00:00,438744.6761263,262143.113805,55778.8681,56320.3685,6094.60678,77831.89671,9814.2898,29022.8365,8541.8726,102635.59976
2023-07-02 20:00:00,775237.6018025,609604.550955,55581.8275,24162.4154,15820.53509,37982.17869,5496.0457,10633.51761,43713.23987,81604.7970222
2023-07-03 00:00:00,454972.8391228,316520.553173,24714.6092,58108.2781,28302.25777,13640.60665,6747.9909,5918.18854,23234.46324,69056.2769389
2023-07-03 04:00:00,401014.3773936,339176.805715,23574.1526,22703.1194,7748.76754,19732.17273,3602.0131,4851.63913,3832.4613,8539.69108
2023-07-03 08:00:00,431189.7356417,308800.43628,3369.8267,24887.5451,8207.68645,3123.83574,2846.5489,782.00871,32902.58037,27467.18016
2023-07-03 12:00:00,1367200.2297753,324838.197289,83909.8836,35575.2581,15402.01287,12406.71843,3249.7848,8722.28989,6617.12608,36290.49121
2023-07-03 16:00:00,1395872.4885111,352557.328022,42820.6726,24389.8676,39648.87973,15011.93916,22705.376,9526.63481,22009.87046,106104.86561
2023-07-03 20:00:00,1045924.4821837,274667.388232,40623.6779,52357.2504,13102.74356,15263.89844,13004.3923,2944.92226,13803.50369,49799.03205
2023-07-04 00:00:00,921128.4354924,300193.729691,29579.4486,52410.9976,30117.72298,16326.72419,8317.7921,6757.43735,4067.81967,72687.10484
2023-07-04 04:00:00,477599.4725836,191473.081161,4689.5817,25192.7105,16827.11826,3874.4895,7478.1191,5125.4764,4498.27806,23454.98896
2023-07-04 08:00:00,221655.3796179,103503.321633,3317.9744,61279.9527,12333.99296,28071.49404,1711.7941,848.92641,1486.40165,7653.33488
2023-07-04 12:00:00,529176.4084994,214971.874242,96804.7907,13077.0074,47259.87937,65178.12219,3920.3129,2963.55673,2548.58974,16035.40183
2023-07-04 16:00:00,1426908.0389262,316121.139382,68925.0491,21510.7637,46549.63075,74095.59262,10829.4222,32096.70501,18318.65844,93011.66594
2023-07-04 20:00:00,302598.6726071,112747.849285,21815.4084,57289.5114,21756.59507,14830.90664,1317.8811,4859.07088,6445.10185,99292.45692
2023-07-05 00:00:00,165189.1893152,68940.203994,13472.5636,21415.3874,10980.61972,14494.29952,3185.6644,7163.80056,22178.73488,10266.05021
2023-07-05 04:00:00,156085.4441667,170197.115051,74185.0879,14134.2889,4896.83873,9023.24238,1847.7391,1957.48387,34953.52021,4397.52347
2023-07-05 08:00:00,711800.2779543,262743.629712,61692.2754,76607.2547,62378.79462,49882.4658,8144.1788,5345.08263,47921.27725,119527.82688
2023-07-05 12:00:00,1389632.5487283,421531.139952,52215.425,32252.5142,38446.96869,34135.85273,6927.4789,21079.83202,41683.76398,210964.92767
2023-07-05 16:00:00,789659.3695742,353058.108853,45471.3526,91734.3439,39513.48401,14444.17336,2725.163,7055.69069,31354.07185,17138.04517
2023-07-05 20:00:00,763430.4439113,171925.862501,15037.4477,39298.1971,10644.88297,17495.62825,4240.9091,9144.63116,51047.74944,16879.02273
2023-07-06 00:00:00,406734.4467984,209109.09421,82680.4271,32624.1914,28068.28899,9270.58228,5084.8083,15133.52145,32875.76402,13939.10724
2023-07-06 04:00:00,804570.9748875,169317.178064,21533.096,9734.1553,22988.94603,8524.19561,3643.9935,8564.87793,2371.52438,47138.4566
2023-07-06 08:00:00,3356741.4562719,584820.267072,159247.6724,26669.7044,33356.38258,57284.4716,4496.3997,9517.40334,13475.95259,46229.24225
2023-07-06 12:00:00,3048513.3904215,761970.016104,200584.6327,75338.7205,72197.10738,57652.64909,15191.8603,9401.71886,38078.54604,85853.75715
2023-07-06 16:00:00,1454849.0483717,908730.366738,377799.0946,66264.6231,74861.73941,14518.87037,34756.0861,4406.90385,5801.18728,63923.24457
2023-07-06 20:00:00,1389890.1728881,391410.866733,149130.6757,45833.1875,28163.36951,21624.75367,5604.0227,13381.11922,13429.39273,59291.0921
2023-07-07 00:00:00,1199983.9011611,566484.00504,123199.7899,47779.0097,13807.68895,18325.41054,7129.1849,23685.40879,8356.65576,62347.80302
2023-07-07 04:00:00,924721.0838916,114953.095878,38625.1392,9813.3113,14177.4289,7928.84229,1645.1875,2304.64442,2110.48483,16174.99658
2023-07-07 08:00:00,190389.1000146,106288.112174,80541.7967,20023.0084,8979.84917,5811.42065,1423.0649,364.32536,728.33898,2940.44052
2023-07-07 12:00:00,1735606.5707012,264809.412419,269620.5989,59204.8389,17058.31506,26616.43305,5335.2751,19119.53505,6575.41953,46450.85387
2023-07-07 16:00:00,1021460.7666145,230985.008643,86818.4077,1146913.3366,23279.65263,8985.72786,4061.2994,12383.07635,6773.00051,18331.2398
2023-07-07 20:00:00,1161496.563797,493327.321169,160777.0533,375018.139,105722.77351,78375.76474,10019.3769,10111.2422,19547.28961,41212.32689
2023-07-08 00:00:00,1236566.7417145,253487.195482,72651.3008,177590.9705,50864.94786,39257.64603,37654.3737,6995.13901,7353.29639,23982.61286
2023-07-08 04:00:00,330308.1910368,98474.271084,37110.6702,66058.4305,21430.82195,44851.19216,24646.031,2416.17593,3446.54686,10395.16407
2023-07-08 08:00:00,290273.6812453,91997.987834,73685.8765,31598.5367,15007.30014,8123.17408,4710.1334,4037.2175,3277.7152,7705.8898
2023-07-08 12:00:00,662085.4929219,110257.073819,55879.8262,180819.7794,23496.95589,12130.88954,30328.244,8149.60141,4474.04146,18829.34775
2023-07-08 16:00:00,927224.1651074,174458.848968,31712.3076,112360.1202,76044.98847,14008.21396,14943.3639,17489.28316,49257.11035,20036.65532
2023-07-08 20:00:00,753989.550488,132212.077181,25244.8549,108189.499,26957.42928,31671.86847,14646.9253,12809.0176,4320.75664,12957.60108
2023-07-09 00:00:00,1130457.3256156,202389.352637,82768.0567,111994.0198,27104.75855,9371.67466,16723.553,7477.31516,12219.72801,12502.50255
2023-07-09 04:00:00,196904.1904075,127615.08828,118513.5405,52477.169,19439.69044,18290.81438,18273.7649,1629.61407,84831.56995,2582.18045
2023-07-09 08:00:00,336761.6735429,132887.743212,109209.8723,43138.5313,19809.39791,2239.51559,13835.1067,1957.21774,14212.06321,5544.19757
2023-07-09 12:00:00,525504.330505,203684.606234,57222.1512,66226.1195,35202.70864,12485.78837,10772.8958,9837.42358,14870.90481,18216.39431
2023-07-09 16:00:00,393685.131778,95690.639721,13163.8256,61625.4803,48422.9853,32068.89852,5882.9846,17346.57995,4219.17629,151787.88104
2023-07-09 20:00:00,393301.0365292,152089.717522,26687.7699,67086.1513,72672.08229,11360.7399,5284.8316,9817.13513,4212.2416,6958.81751
2023-07-10 00:00:00,518208.6207812,201918.986034,42045.2273,115739.116,33917.65372,45408.74376,9968.4007,10870.65705,11835.74545,42430.6972
2023-07-10 04:00:00,1093131.9939094,157219.567784,58745.374,32619.6219,19527.40482,13822.46984,5156.5172,3494.73202,6401.0005,9720.63594
2023-07-10 08:00:00,267865.9796868,61021.95799,95600.9975,160709.1912,21377.92826,5429.87864,2219.1375,3634.18818,4545.39219,10578.94491
2023-07-10 12:00:00,1045249.276094,231462.492777,33318.9333,89439.8825,32385.01195,20263.2737,7995.1325,5167.76405,4286.67655,15933.86374
2023-07-10 16:00:00,1274436.6002136,386761.485158,67904.0299,61080.202,41126.5022,54134.36338,23597.4664,7612.43935,21347.719,20432.98988
2023-07-10 20:00:00,2916086.104597,385158.527395,142981.2637,139016.3649,70983.53187,66413.15889,16733.7879,95622.4761,63427.19353,190744.03699
2023-07-11 00:00:00,1060849.6064392,241531.874567,50511.7456,167211.1536,52330.81065,49196.76846,13623.0183,15382.6504,11803.03324,20141.87936
2023-07-11 04:00:00,422146.9131114,196340.884028,61145.2227,48304.0914,22246.577,30176.60074,5309.6303,15456.92805,6797.94375,16873.72041
2023-07-11 08:00:00,295893.2579687,113201.11173,14495.0165,14992.1522,22611.17034,11397.93572,1393.6839,2346.82554,1296.53239,5532.66329
2023-07-11 12:00:00,879953.8696744,245104.623305,55412.1771,77869.75,32421.74244,22929.63716,9115.3401,12016.67003,33991.12371,26176.45258
2023-07-11 16:00:00,1043947.6095449,146456.288732,50318.1836,43698.3973,26929.78643,27497.73159,18192.6383,8458.25817,10260.02669,30991.75056
2023-07-11 20:00:00,550562.7520406,150543.563003,33292.8748,86780.5541,53108.96293,17305.11151,6563.3228,6394.69053,4196.0151,11561.77013
2023-07-12 00:00:00,622865.1909538,130997.59343,26375.0767,55197.2041,32817.52348,27436.47276,3829.1707,13536.84351,9875.06488,19301.36977
2023-07-12 04:00:00,670882.3346322,164370.382138,21578.3308,46119.5373,9910.31583,7104.98599,2710.3365,3363.606,5147.92882,6608.08789
2023-07-12 08:00:00,315978.4672979,62383.648569,24035.5967,14667.2856,8038.25354,25589.98244,2425.9335,2440.35526,8327.18202,15211.76029
2023-07-12 12:00:00,2156290.5423287,507219.646174,261848.0683,100550.1036,16786.99585,29045.9855,6390.3502,17723.92146,16351.56567,28626.607
2023-07-12 16:00:00,1444084.7680135,383287.560449,134264.2849,104968.6894,56777.88919,24766.78621,9004.2697,8010.76865,8303.15006,53865.94303
2023-07-12 20:00:00,945296.970207,111114.12779,24495.1844,24813.0197,33611.2613,32672.17688,3728.463,9592.33541,5427.74354,14936.4981
2023-07-13 00:00:00,656164.4229565,116968.823203,62966.9832,99722.1642,24889.63662,27536.82319,6747.3172,4731.64843,1732.39701,8209.61803
2023-07-13 04:00:00,745741.4309481,129890.580377,169517.6494,70263.3742,7299.34201,14551.35851,3516.7781,2877.61263,7762.06714,130478.13308
2023-07-13 08:00:00,448519.3811951,90316.715179,24540.2401,35383.6051,32401.47516,7937.88797,4694.4031,2976.10959,17380.6784,40026.05211
2023-07-13 12:00:00,2900845.3407066,651389.388516,329631.2115,76655.0114,85105.05703,58001.84039,23350.6067,7995.60626,29060.64013,37885.29465
2023-07-13 16:00:00,5899087.9529966,1691355.965045,631690.065999,161654.5903,347362.26364,197500.20718,60412.3288,40089.73832,131803.05751,74748.89622
2023-07-13 20:00:00,1896276.5150644,747708.710929,139594.4839,352373.2855,245902.73238,174779.10904,41049.5563,20684.4757,28890.74583,81462.16483
2023-07-14 00:00:00,2152601.3301454,951413.116262,565832.578666,544309.8858,406024.31678,214921.50442,54068.8694,59375.47308,106528.32606,83392.58235
2023-07-14 04:00:00,1146883.0357361,480517.518552,138836.5078,90078.8316,183252.9833,73766.58453,27707.6434,19152.2124,67187.62504,74966.85101
2023-07-14 08:00:00,1021826.3330546,292587.552579,148208.4545,70089.6851,87929.16104,22101.41729,40795.1436,18417.24336,7752.93295,9275.999
2023-07-14 12:00:00,1901176.8675356,620801.89765,246233.4972,113316.6938,104146.84942,123539.46107,39114.2686,24929.2996,17232.68401,32687.00637
2023-07-14 16:00:00,4552644.7104351,1779892.255533,451255.9906,308044.5806,219944.54564,385992.75256,45519.5439,22495.4177,58695.31193,231552.51677
2023-07-14 20:00:00,1139277.4846757,814512.411115,123627.1493,101165.0956,89352.71371,34609.17741,6589.9838,4693.30828,11951.38556,47429.59122
2023-07-15 00:00:00,612533.5837498,345907.116306,139645.087,87785.6954,26586.81014,19594.46812,15912.4348,3511.04233,5178.75652,27663.02552
2023-07-15 04:00:00,285224.3985891,110159.802165,149094.0675,52971.8473,64180.89958,186491.55467,21362.4999,8377.073,14155.48451,8179.80886
2023-07-15 08:00:00,181331.0479158,143072.138482,172760.7589,103970.0738,23451.87079,125284.88062,4880.2747,2968.4884,16924.95734,27350.15039
2023-07-15 12:00:00,436211.3388481,170900.312619,95724.8081,128333.3721,68864.18167,46073.10978,12387.7999,8099.4957,8383.04728,29003.33333
2023-07-15 16:00:00,522454.6425771,136452.745283,103763.8246,193249.5421,27021.26613,48360.53484,7311.306,6183.67236,28414.55099,14028.3688
2023-07-15 20:00:00,357717.5570941,97316.4338,40582.6626,72410.3173,58859.8392,28689.12716,9798.9693,29205.24064,6630.0877,6014.59294
2023-07-16 00:00:00,984254.9845004,361384.094523,123350.9125,119015.5929,74743.4499,36456.1769,10948.5147,7205.70784,13374.66561,19145.22438
2023-07-16 04:00:00,457550.7031657,79070.359945,25601.4939,34894.4526,25987.23777,15570.11562,2460.3614,3487.67414,1194.47906,4545.592
2023-07-16 08:00:00,171800.2361422,26548.346775,47946.9564,10032.3376,21060.1225,3676.34738,5193.9741,254.27851,2167.47054,11904.81403
2023-07-16 12:00:00,710200.9083174,139272.79467,78845.3691,52924.1275,23659.94984,9652.89549,5498.8667,1214.46656,3368.62362,12706.8351
2023-07-16 16:00:00,695978.6234297,269071.187548,47700.8379,212854.8113,67787.86096,21163.47798,6479.8486,10550.66063,21344.74776,19047.70693
2023-07-16 20:00:00,727231.1103849,247190.854795,59392.5663,118896.3339,60442.31243,25976.99667,5583.1468,3614.51283,13143.71941,20154.81447
2023-07-17 00:00:00,1009848.3676682,253086.09792,96701.3374,129460.2499,76015.71421,10774.53883,15186.4229,4585.43107,8276.39606,29011.52866
2023-07-17 04:00:00,431423.4552501,59963.377953,85325.2984,33748.6913,52320.76794,72422.28615,5248.1237,1934.11462,9808.90225,9226.28443
2023-07-17 08:00:00,496254.610116,280336.366297,121466.2863,71965.9955,36602.85546,40957.67617,25214.8564,4918.66427,11336.39067,29230.84469
2023-07-17 12:00:00,774762.2188636,268660.522916,66919.125,38953.3323,35540.21393,45139.96285,5803.6118,3631.03863,8878.70638,13088.28092
2023-07-17 16:00:00,2613866.2303002,723857.60975,194988.7136,242417.1343,95796.30851,72933.43929,19124.1491,7330.62564,76692.41731,34243.1194
2023-07-17 20:00:00,1410411.0477909,525402.173308,51581.955,231562.3912,131542.40969,41429.95596,32956.8289,8676.77195,41948.27391,49825.17748
2023-07-18 00:00:00,901930.0760299,214453.487608,218966.0226,202742.84,70448.65094,61032.31003,15271.4836,15843.88288,119917.06132,15189.78206
2023-07-18 04:00:00,492437.3577206,132526.732823,40459.6392,33043.9132,69475.30043,20575.61132,6672.413,4205.26179,14004.42291,12282.11197
2023-07-18 08:00:00,1155718.9673662,161992.028583,136477.014,58823.3142,46683.46793,12329.97745,3674.2452,2927.16211,11690.53527,5888.64012
2023-07-18 12:00:00,1341201.6931725,366293.728848,123364.6818,98502.8665,46433.85675,55160.16123,8968.9946,22974.39191,10697.00279,11887.41869
2023-07-18 16:00:00,1459216.4955291,701498.540336,111992.5347,193087.7602,59633.79485,35739.88819,6463.1953,5778.54913,16245.48983,13919.53826
2023-07-18 20:00:00,801315.1975283,358231.371238,38020.4034,127894.1219,83419.87396,30402.34747,3404.5367,4093.53179,11133.40883,27680.77235
2023-07-19 00:00:00,749101.8871311,289005.700358,96805.748,149811.3716,170207.78449,33237.30831,14363.2428,2861.72684,18147.34791,76533.93358
2023-07-19 04:00:00,638163.0745659,236968.121782,48083.0548,38903.7755,31009.71046,14218.76878,2571.448,6108.45741,1564.74899,17206.25552
2023-07-19 08:00:00,248466.2531472,169196.525646,40807.0733,16099.6802,21493.70415,18950.31454,2522.487,193.19371,8817.73318,4276.48313
2023-07-19 12:00:00,1476228.8827078,473561.31386,56631.5547,24739.9943,77905.7728,87097.56239,7339.159,1692.87823,15477.71251,19420.865
2023-07-19 16:00:00,998498.0285072,349247.797347,136388.0302,116983.4519,143260.76685,45941.80445,10293.0147,32291.00368,18221.37663,14543.58334
2023-07-19 20:00:00,1202454.4786271,516237.316304,64205.3493,80726.3949,106507.6992,36237.90826,3412.8571,3928.45737,6796.90595,29721.02762
2023-07-20 00:00:00,732362.9154457,309436.91466,43120.1679,88017.0477,227543.75003,23621.93442,8435.903,17594.98923,9633.79882,46043.84212
2023-07-20 04:00:00,1337967.2493243,250296.599428,57537.1366,48139.2291,67532.58582,37592.04991,4054.9464,8118.26337,83193.93462,12437.28496
2023-07-20 08:00:00,871569.2811216,407757.924149,70038.6955,31273.5542,14506.47398,40442.38996,3006.9427,6103.35853,147467.48811,41980.27213
2023-07-20 12:00:00,2580025.735327,488780.390754,152180.4509,40680.1708,72507.79571,39434.82278,7947.2532,15875.06633,123206.55525,14776.72153
2023-07-20 16:00:00,1319792.673522,419771.895106,117802.2631,44432.6332,67463.90569,34968.13919,8389.0618,4573.54671,98736.37832,9653.918
2023-07-20 20:00:00,617441.9569056,374482.083777,39604.4269,31365.315,36984.44782,24418.25656,10975.8207,2157.90467,98392.77525,36312.63908
2023-07-21 00:00:00,821297.6016976,187001.270419,49763.7694,33259.3042,34094.05587,55020.55651,3678.05,40712.56187,108697.33165,12974.6793
2023-07-21 04:00:00,429785.2404105,154560.947021,19074.9893,11108.8692,15351.48156,20064.62343,83153.0896,3600.0702,102879.04138,8792.65191
2023-07-21 08:00:00,259309.9160119,79667.497248,6874.5391,9228.2816,21529.63605,11530.90347,2830.9742,85146.98221,24247.38634,3427.12086
2023-07-21 12:00:00,392391.4246221,177032.897373,36296.7645,21906.2782,14055.29966,204095.82286,5234.5171,6246.64784,7911.8845,15684.97219
2023-07-21 16:00:00,1700266.98564,754252.053379,28768.873,142426.0617,43281.21167,64089.31795,3986.7037,4181.43835,124844.51958,62336.81033
2023-07-21 20:00:00,400702.9772403,100343.040636,38586.9721,41182.2672,24260.59571,114445.94344,3183.5996,1210.44442,8307.965,45404.94898
2023-07-22 00:00:00,362903.6164603,107688.374584,18622.0215,18942.6627,8483.57139,10491.52997,4954.6494,3951.25277,50445.29294,29935.84706
2023-07-22 04:00:00,500360.2005864,109833.284022,5296.048,14688.5823,8572.20096,8603.75016,1690.5187,7268.07109,7465.9412,9346.22141
2023-07-22 08:00:00,112679.0148323,47819.316634,8018.7996,2223.8778,34945.96199,21267.56329,7063.1486,2329.3104,74752.07735,9724.64896
2023-07-22 12:00:00,276598.705661,95447.281941,19132.5237,12011.8553,23669.2964,5469.80514,1201.8707,1035.50234,5930.72753,2567.51397
2023-07-22 16:00:00,283950.4200437,140855.902788,34820.6211,5192.7336,17339.48717,46898.28518,3785.7079,4595.65273,25736.43326,12676.87112
2023-07-22 20:00:00,859110.7012891,421270.753741,138767.0185,13609.3432,35019.36548,43553.34451,8071.7934,1568.04837,28245.92638,35831.89906
2023-07-23 00:00:00,628229.0493913,133280.798926,59172.759,11224.6875,30910.77481,27729.81709,1836.2329,9011.54665,8381.50975,8312.92189
2023-07-23 04:00:00,691530.5028388,54690.759802,12843.4106,4947.517,30562.87082,8034.65351,1144.3089,2740.57636,27658.03756,32587.50275
2023-07-23 08:00:00,124271.2902842,13998.778121,814.7833,6861.5651,10096.67909,3255.26918,319.4154,96.25869,1350.1982,2533.92135
2023-07-23 12:00:00,225385.2047541,56648.073473,11299.4123,10823.193,17715.92767,47949.80475,860.2314,12422.9498,7408.99981,5591.15644
2023-07-23 16:00:00,1388182.9986536,217971.874504,21277.0226,23086.735,29118.8956,43914.1294,2215.9402,1226.78465,10447.66431,24333.80159
2023-07-23 20:00:00,1456441.3253188,211261.57191,32858.6179,11489.4562,17634.81987,10592.22992,1773.911,103015.60672,6512.858,10005.35689
2023-07-24 00:00:00,1819580.9376217,163500.218791,26381.0404,21727.2409,42705.06651,9548.2474,7603.8238,10512.94179,12891.65628,26179.43083
2023-07-24 04:00:00,1330522.6230732,124212.473148,242697.8729,20144.4507,23201.46385,88772.17291,13987.6846,934.26822,2026.53661,38241.50646
2023-07-24 08:00:00,1524297.4603169,405372.815222,87906.7094,38982.1392,27003.49682,94741.42761,9812.6567,5448.1633,15848.14316,25398.45353
2023-07-24 12:00:00,1797477.6537554,213730.08215,149189.886,37686.4044,47256.09936,130755.48244,4133.8619,2617.66441,12310.76137,25891.92104
2023-07-24 16:00:00,839790.9459046,181192.80522,30500.9077,25243.9609,112425.95089,118073.41103,3079.4084,2216.56908,60371.57761,9829.75734
2023-07-24 20:00:00,613069.5260841,173980.252754,12441.2583,11918.4872,35505.25048,32891.94851,3159.9325,926.37565,22619.42809,16720.62596
2023-07-25 00:00:00,491142.7617044,279389.505488,17068.6047,63362.8546,25062.63188,148484.24439,1274.5808,2153.64865,18196.24139,12224.92404
2023-07-25 04:00:00,296801.0087991,106448.465662,42726.7161,11479.1293,5467.56334,312477.32548,1863.3161,1343.58549,49971.18883,6921.74178
2023-07-25 08:00:00,327584.0515031,100171.211968,1146.3809,14757.8821,17020.1905,41468.1542,2677.4602,390.4918,3672.49422,5153.2206
2023-07-25 12:00:00,666745.1563832,168492.350033,24464.9596,9067.0232,97056.03924,123781.19148,16582.3252,3470.49007,12558.6185,9986.84876
2023-07-25 16:00:00,630787.0753843,181300.654417,15142.7895,43663.1695,11338.69294,403869.82087,1292.7781,1318.21217,11621.0223,18434.49536
2023-07-25 20:00:00,390838.7058264,164050.281925,20853.5325,27683.2564,5546.36612,132181.81067,2445.5124,1373.98727,8391.80495,6184.67215
2023-07-26 00:00:00,682301.1412514,233984.135359,21056.8746,44471.7855,33988.96922,210510.97401,5941.9487,6557.1816,6699.68105,14158.64065
2023-07-26 04:00:00,392017.144514,164648.238519,30772.0203,5986.556,4496.06345,13256.84278,1026.3884,381.7215,6240.95113,2568.75579
2023-07-26 08:00:00,188254.0253198,71363.978064,39192.0007,2374.727,2842.69027,27409.45106,1356.7583,57.71394,1498.20774,14815.81877
2023-07-26 12:00:00,778455.0337438,124101.403291,164205.1614,34060.4746,73624.34552,107217.77576,4690.9954,225.64699,3723.13153,6218.79097
2023-07-26 16:00:00,1322681.0031563,462744.024087,144512.5881,42896.4347,110920.44933,112831.57599,9116.0042,2996.14225,38311.42637,16097.79446
2023-07-26 20:00:00,2886979.8783482,284140.123042,27954.9019,85488.2081,51773.58727,63728.08367,7919.6035,5651.08621,25151.32295,27526.66781
2023-07-27 00:00:00,709507.9330221,211922.912846,103335.8344,47552.4272,31741.34331,42448.21963,2708.2192,7839.65671,32083.68684,13597.54074
2023-07-27 04:00:00,318372.8113649,122546.678165,17754.5895,88882.2312,16534.00769,9789.17972,875.0134,1812.68032,20264.30214,2893.49448
2023-07-27 08:00:00,291924.090056,112490.303261,32421.6445,7293.1047,12880.90281,11858.83629,530.0316,721.25311,4120.7879,5113.51784
2023-07-27 12:00:00,689886.4558253,194514.372237,94064.0759,32620.594,16713.65809,38858.80285,4362.2251,1185.64433,26697.55509,4215.53286
2023-07-27 16:00:00,751778.8155297,179512.158825,55313.5353,96201.525,13269.94566,27556.41604,3781.2937,2787.37989,31833.9347,10529.21227
2023-07-27 20:00:00,582795.1749532,203271.321178,83856.5963,23705.246,12361.66125,33045.65471,8311.3318,1690.76484,10657.67893,5908.18047
2023-07-28 00:00:00,466511.0772915,75274.955049,25189.6987,8421.5246,16474.78162,28712.5199,3340.816,1808.15272,9562.66756,21499.93391
2023-07-28 04:00:00,166386.7170788,61265.90245,111358.253,30103.5701,6729.1525,23946.47064,3430.3412,7518.58931,11077.44397,32028.66061
2023-07-28 08:00:00,353340.3962468,123283.903286,20998.2361,8657.7302,11029.25348,8192.53574,1055.516,104.01905,370.5785,1382.25317
2023-07-28 12:00:00,573503.4423627,235785.431546,49450.3991,14636.9926,27040.75859,33960.23569,990.1053,286.16751,9988.06428,6815.12171
2023-07-28 16:00:00,520122.2618087,226873.057318,45989.3901,24853.6748,14667.5211,19210.53011,9456.4384,1036.45573,16267.63888,3558.65555
2023-07-28 20:00:00,438433.2632716,145058.907088,28169.6004,25471.1839,73017.64687,70151.31086,1281.7333,1806.52992,2413.52791,9262.27554
2023-07-29 00:00:00,226927.3344234,66889.250565,45233.7766,72647.1705,16192.55434,43486.69811,3211.4379,1445.11638,34870.52217,22066.25639
2023-07-29 04:00:00,178716.5033206,85807.115321,244467.2642,8849.9208,10812.96161,13736.06859,878.9168,604.10007,13979.62742,5710.58224
2023-07-29 08:00:00,149245.9569586,77715.861701,59070.7794,6125.7455,994.87924,2641.48296,344.6316,70.97921,3240.97835,584.61008
2023-07-29 12:00:00,286990.1483029,88646.527169,33327.2131,12321.7348,18641.72517,10045.66736,6652.306,1369.57443,1377.01953,6661.31207
2023-07-29 16:00:00,228510.8059369,121236.583353,27078.2707,10181.3514,7078.46651,88218.55456,4374.6717,1602.67016,28826.55776,6144.57172
2023-07-29 20:00:00,447321.9804752,128635.313816,6148.8449,10031.7275,5430.80759,52445.42976,2152.2667,3148.46701,9541.25964,36766.15219
2023-07-30 00:00:00,208550.3350175,116111.152435,24987.0965,15837.5378,14906.55056,18684.33834,212.1088,292.18369,3320.0079,63373.51135
2023-07-30 04:00:00,218321.0509685,73237.979511,48689.8457,23489.2675,60630.15168,9366.41636,1038.9297,1313.08219,3660.35751,6134.65299
2023-07-30 08:00:00,266342.4399097,71619.717573,16755.1524,4197.8548,8652.02313,1702.74988,230.7036,1020.95816,1917.33785,14884.46039
2023-07-30 12:00:00,472038.7398658,162710.574774,9172.4407,10027.3907,9303.18403,14903.59065,2319.3638,782.78597,9708.90137,6474.34068
2023-07-30 16:00:00,856056.4380445,198260.313329,106568.0749,41152.6738,18792.52554,41290.81254,7858.8975,4102.49228,46296.45285,35354.77253
2023-07-30 20:00:00,423537.68711,160219.643527,159210.2687,31684.2816,24793.16419,39085.55855,4552.3673,3175.04075,21522.51535,17551.09548
2023-07-31 00:00:00,903011.6635842,119794.619815,73767.0964,25808.5814,11693.78788,16682.56694,6349.9652,6695.73111,29126.50083,23319.23174
2023-07-31 04:00:00,224637.1174956,143950.685546,11126.8829,17788.841,11354.41611,12694.76254,12079.9644,5414.80133,3817.30218,10549.12084
2023-07-31 08:00:00,214996.7508074,94503.497583,4843.8912,3281.8598,4367.77814,5513.90277,339.6666,292.09026,164.27413,1032.9103
2023-07-31 12:00:00,684648.2484741,244251.35595,92055.0215,22267.747,26612.15265,13931.86106,5205.1866,4223.6832,9077.24633,20884.89515
2023-07-31 16:00:00,789410.4938951,269391.10293,36361.6836,20485.9348,44439.18374,19063.98737,6277.3015,5339.50659,13991.61463,15946.61766
2023-07-31 20:00:00,864356.6112289,268585.536356,26091.6639,11664.3234,32541.6302,23568.43715,6394.5512,1771.26345,7148.1803,12609.25106
2023-08-01 00:00:00,1390564.1966884,458566.976061,79161.7185,57131.5924,65919.197,54998.95001,10850.2045,13418.90132,22323.66196,55826.11401
2023-08-01 04:00:00,361948.3549724,112541.450141,21406.2973,96762.1943,23813.54421,7027.66382,741.4109,2858.77016,26843.23919,51388.61793
2023-08-01 08:00:00,236305.2213203,50246.953674,5672.3302,22996.4796,16812.80139,12801.64708,8094.6481,1464.73211,716.11933,3850.42586
2023-08-01 12:00:00,2065431.3301328,305321.769775,87500.6515,32977.4638,48258.78229,40842.91657,3999.7689,1447.02113,6613.05636,37923.88022
2023-08-01 16:00:00,1734958.4688315,251155.240163,22755.8143,25421.9508,28926.28217,26433.28549,3009.522,6267.1359,9185.88127,31230.81723
2023-08-01 20:00:00,1874958.545708,364448.591659,42311.1209,28124.3433,14140.73247,20457.68001,5606.0287,3698.95118,6311.94037,19861.3995
2023-08-02 00:00:00,2393187.6630152,289583.477351,110222.6243,45123.7557,34683.74358,33811.6295,13620.0761,4636.65222,16914.48515,38065.64455
2023-08-02 04:00:00,541294.1091344,72264.946179,8968.0798,12215.6683,8292.19424,11763.46716,674.3159,794.34656,14420.77283,19739.44801
2023-08-02 08:00:00,585149.9013102,69181.37472,55266.3493,2948.7208,9843.22373,6382.30621,2729.3573,9144.41664,3918.24105,13256.51337
2023-08-02 12:00:00,2068984.7601044,183493.276908,36843.5879,43469.6513,51929.81682,108269.17477,5887.9911,2579.92403,11899.47376,31774.91624
2023-08-02 16:00:00,2089868.6328249,257011.361024,41172.7653,71526.4085,66482.01624,46149.64935,7647.4604,1322.95886,21789.63422,61661.08164
2023-08-02 20:00:00,663549.5404506,108323.784716,28270.3316,30880.2928,17485.63017,16991.85587,1263.1609,3225.79328,4330.17113,12526.91616
2023-08-03 00:00:00,865639.649133,74960.395654,41504.8214,66908.5154,16712.44823,21617.20564,1886.917,7396.3399,9953.23383,20267.866
2023-08-03 04:00:00,417008.1721292,67626.798122,125654.5305,10312.402,41924.46289,9295.74247,1573.7862,1260.23777,3769.11706,26883.1352
2023-08-03 08:00:00,283594.9457725,75939.129214,13830.7573,7728.6077,6757.54602,30704.53332,1008.5722,159.50328,8727.10335,6094.94965
2023-08-03 12:00:00,1396953.7734583,242536.638987,38385.1689,40066.8524,18296.07757,32589.27764,4134.3501,3825.86019,23294.80368,12166.46105
2023-08-03 16:00:00,815274.5338563,148634.431928,59931.3478,23239.2819,21449.81482,15324.27851,1895.3099,1299.92882,37100.49259,10733.15251
2023-08-03 20:00:00,924305.4693886,132805.491431,29444.9771,14760.0105,25954.04756,20760.4859,3172.4462,7567.32093,15023.46411,66812.16698
2023-08-04 00:00:00,542326.2172526,127613.960841,16721.1568,20569.3343,6753.40846,17837.71067,1410.6277,1638.50812,1005.45149,46717.6124
2023-08-04 04:00:00,373937.5544491,36408.747489,4215.977,21366.5463,8978.19039,11252.87381,633.3442,3129.79433,613.25325,26047.13302
2023-08-04 08:00:00,394767.129317,54060.795148,17025.1717,14932.216,443.3587,10259.90434,2181.3498,212.93359,6426.92341,18172.62553
2023-08-04 12:00:00,1000318.5322611,210788.440821,57472.2333,23987.5041,21225.69223,23083.84587,2626.9725,3201.17547,4445.59222,21291.30116
2023-08-04 16:00:00,765176.4693404,318503.657107,46232.6608,16140.2483,12716.41112,37322.18562,1941.5859,3136.31711,7619.7996,34174.83183
2023-08-04 20:00:00,664472.4682067,173847.629577,51187.7767,29274.7031,25098.59416,89985.27094,7644.2565,4128.25531,4758.79209,9401.66032
2023-08-05 00:00:00,687604.1874669,74813.010127,49272.8991,16000.3542,24298.19064,30945.517,1934.3085,699.17527,2647.03623,9257.58831
2023-08-05 04:00:00,341328.7205456,30256.100789,13686.0918,10444.1425,6587.51368,58376.18115,3033.7614,277.83386,7537.62091,7135.44444
2023-08-05 08:00:00,172631.9834049,25525.391643,2312.2281,3136.6727,359.00209,67986.30329,323.6254,749.35459,7098.26785,5233.90899
2023-08-05 12:00:00,377317.2514948,58422.027322,20585.9439,17912.3206,12831.63672,33724.53158,2175.4654,675.42466,2564.13659,20702.77495
2023-08-05 16:00:00,222462.2220337,57456.233984,36508.6044,20435.0396,15553.26544,11631.90515,1900.6586,1602.21208,1248.99541,7849.08392
2023-08-05 20:00:00,216219.4288949,73574.384254,13955.695,9411.8329,14071.21617,26518.93334,210.518,6493.98671,7256.8243,21207.43842
2023-08-06 00:00:00,408614.5616008,50134.026345,63175.8462,39310.1921,16728.28505,12106.6135,9168.0082,808.39232,14443.31292,11565.68025
2023-08-06 04:00:00,328489.435734,18380.818264,30607.777,21589.3989,23153.2494,22261.92323,851.6896,1060.60479,7112.65277,7649.04146
2023-08-06 08:00:00,232537.4225281,40786.299484,15829.2439,2523.9366,6262.43959,14455.30599,1118.8238,109.67806,2149.83285,5765.11754
2023-08-06 12:00:00,528058.9095701,89426.028591,50415.6893,15534.9286,22669.97695,12087.9752,2936.2773,5541.79491,3953.10027,15787.00189
2023-08-06 16:00:00,432301.0593067,62147.466086,12148.0934,14554.6298,29925.90821,15955.44249,2577.7638,2014.8514,3055.9102,6319.77097
2023-08-06 20:00:00,871521.2467747,72872.786701,36337.6826,76488.0093,7261.77553,14970.22712,1097.4073,3253.46026,3817.40505,11202.97362
2023-08-07 00:00:00,1287280.1676044,139868.101999,32027.1315,30850.6975,16307.67186,22136.12764,2646.5099,2295.536,11878.23079,13148.1067
2023-08-07 04:00:00,187537.3671536,68919.848492,21606.7974,2048.4781,10349.24498,5202.99459,397.4948,10171.76459,11696.66284,6485.6423
2023-08-07 08:00:00,731047.4812728,22271.109294,1005.8025,4961.5176,8233.72989,3582.35665,631.0122,6414.8977,5336.64861,2043.55741
2023-08-07 12:00:00,525144.799585,177979.763734,26171.5178,35264.0307,33174.8302,30537.75974,3373.7148,4928.94717,3469.78688,5422.77597
2023-08-07 16:00:00,1125957.4248766,369128.945429,40145.3283,31046.8436,72323.80471,42455.79725,10575.6199,3744.60335,11376.99977,11683.26221
2023-08-07 20:00:00,655503.4536668,77835.097388,10575.196,13977.062,20992.91675,6900.73648,4011.0694,1959.65263,11378.63822,11846.85082
2023-08-08 00:00:00,309036.5929791,169407.596972,13729.9952,14806.7973,19209.99172,5061.4734,2994.3666,12960.46198,7040.25367,4879.44731
2023-08-08 04:00:00,531775.5134822,44895.209336,11499.8426,4407.3604,14620.33728,13670.55144,1598.1258,581.37036,7571.85046,3791.75192
2023-08-08 08:00:00,642572.5386945,78667.62375,17613.6656,5247.1484,4676.69992,10912.92528,766.6422,594.97997,731.60132,10748.47854
2023-08-08 12:00:00,1501797.3762018,220159.453544,71303.734,40850.0005,39391.61902,23828.18594,6462.3039,1905.73631,10682.76068,23519.1526
2023-08-08 16:00:00,2108325.4432564,378267.742507,321392.8883,41726.1401,96682.09256,62662.27999,3634.7982,4717.11372,99108.17793,23978.958
2023-08-08 20:00:00,3058344.1142925,223101.795224,74347.2638,31697.0075,15630.45129,32328.4911,4768.4548,6205.01124,7787.1523,15069.41267
2023-08-09 00:00:00,825270.3101812,75979.594588,49964.0814,49097.2711,12087.43415,3345.58754,4234.4812,4433.30358,2545.02811,3783.74958
2023-08-09 04:00:00,682767.4257947,74764.305288,23521.8108,16538.8239,10779.28702,9894.0691,17863.5091,348.04959,8594.34889,12306.16572
2023-08-09 08:00:00,639720.4260431,52910.593114,26043.4273,3530.7,4053.02648,2790.31495,3122.2695,1.97145,14372.00727,1587.56635
2023-08-09 12:00:00,1546668.5674963,158647.195364,46955.8773,25159.9662,20230.05345,56186.01283,3711.3066,7034.57199,48972.12906,15295.71598
2023-08-09 16:00:00,1038485.3716478,160633.371969,22750.3595,20548.3195,13620.23848,21363.35749,4183.9386,3677.24602,8407.93339,18586.16977
2023-08-09 20:00:00,551647.2029067,51430.254968,21732.0007,15299.8454,53006.40153,8820.09263,2494.7815,2401.46224,7685.80326,11568.09761
2023-08-10 00:00:00,271208.411344,90163.551912,11245.9586,19141.2075,15491.78445,25606.28405,2262.3352,142.41369,3575.76962,6484.91605
2023-08-10 04:00:00,562754.6944204,58653.73702,3547.2331,39022.5033,9485.69206,17191.04762,620.8474,629.72789,4472.94899,13712.56402
2023-08-10 08:00:00,209772.1093151,45282.01106,2821.3004,7857.3573,18406.77363,2306.12493,1593.2246,187.63234,6406.35053,9255.99389
2023-08-10 12:00:00,1873790.8467539,142703.047643,23648.6298,8453.9594,20341.75963,11322.95691,3769.1225,1278.21266,10335.64787,10017.50821
2023-08-10 16:00:00,1290464.8985624,153653.280891,11529.3108,50818.8991,14763.35045,58767.76104,14298.7158,840.31379,3279.88759,45061.35934
2023-08-10 20:00:00,496980.07701,64932.31359,17193.1034,9795.7166,30326.24667,9346.17933,1454.0679,1667.24874,10470.47139,7123.97032
2023-08-11 00:00:00,749391.0411218,77197.45463,33783.4884,25841.0051,23901.43723,31357.1406,2414.3567,632.38102,2409.39172,4265.73097
2023-08-11 04:00:00,1054788.6697752,71843.902674,9747.0042,20048.5214,15619.95158,3707.76499,856.1269,2594.50486,16834.09779,6012.58005
2023-08-11 08:00:00,726691.3148617,21105.712952,4493.7377,4098.4013,14657.78223,4078.99255,757.7423,1873.42864,1957.62906,2633.67394
2023-08-11 12:00:00,1468872.8882729,104910.761813,40575.4314,34994.8861,13657.23138,6211.63388,2106.491,250.96305,28983.5907,6015.47721
2023-08-11 16:00:00,1155118.5498722,114851.229495,47420.5297,14832.2954,12224.03236,15138.06963,761.4546,2347.85294,9016.409,2793.07503
2023-08-11 20:00:00,760207.7606989,60174.896896,45388.3059,9881.8194,13747.71451,3497.93472,1095.0434,539.59985,3520.40439,7058.06962
2023-08-12 00:00:00,497503.1915517,37927.657073,17324.9672,6209.5001,19400.29984,20490.27592,1424.7669,2330.53689,1296.36153,15520.52749
2023-08-12 04:00:00,450825.894098,29481.872532,3767.1346,6352.4297,4267.59323,6327.65527,1984.1375,839.07263,1259.98018,1712.5321
2023-08-12 08:00:00,499505.4167959,15483.061323,2318.6679,1441.7489,811.44829,27716.3251,384.0927,473.25427,16.33302,9935.64661
2023-08-12 12:00:00,468768.0217199,58796.844193,2640.0885,24031.12,2822.20436,8593.994,548.6101,295.67246,3418.36321,950.31433
2023-08-12 16:00:00,539004.5156971,38421.028523,101616.0859,12349.1055,8609.55767,12268.81043,2731.3136,21295.66358,8856.43429,1021.36294
2023-08-12 20:00:00,703897.7613037,39383.436556,25069.8361,11947.7341,6220.52504,8860.43179,2468.3088,707.89354,1167.29578,5930.00233
2023-08-13 00:00:00,464523.4318843,91111.365636,101119.2329,16734.7747,23101.64959,9878.84437,8225.4506,331.60526,82061.88332,5071.58118
2023-08-13 04:00:00,643290.9603803,37987.700137,6462.8797,3721.1895,4410.56507,6830.10715,429.4177,29.58462,1732.3211,2848.42242
2023-08-13 08:00:00,48322.684945,13532.935535,19844.3443,1558.3957,194.0966,1805.71133,262.6845,6.63564,276.69812,3841.82539
2023-08-13 12:00:00,58994.3370718,30149.800701,13010.8941,7250.3306,3065.15323,12542.82054,205.6876,61.66144,14766.38037,2570.99082
2023-08-13 16:00:00,939322.4393025,265020.654148,35273.4912,105031.5834,20289.11096,3939.12137,3476.0239,2478.14962,5798.23778,2112.28771
2023-08-13 20:00:00,409819.1342455,300799.7284,23715.5411,27254.0837,38458.23784,27954.22718,12268.7766,2665.76865,3929.3402,14169.66773
2023-08-14 00:00:00,1551480.9272001,71726.742313,36336.7326,16855.3307,4582.6917,11677.73135,2537.8596,535.82771,12623.68314,4433.47984
2023-08-14 04:00:00,237182.7571002,131091.60995,4583.1838,7974.0496,2721.06081,2366.15271,624.9599,835.14211,1467.69983,932.36488
2023-08-14 08:00:00,206356.78705,36645.185648,45200.2403,3242.4706,1499.23861,1644.51756,511.736,307.79355,550.00109,51.39817
2023-08-14 12:00:00,1104330.820624,243009.303791,34040.8599,4271.3062,53227.49432,13769.4951,3098.6865,1544.87817,5739.24638,1156.20614
2023-08-14 16:00:00,1091777.3533965,131720.896272,98349.8729,21026.1705,44426.01799,14074.48239,2441.6052,1271.29228,7751.60524,5361.00856
2023-08-14 20:00:00,787234.9763802,105079.90115,17633.5027,16731.2591,5979.16727,39338.481,2698.9114,2523.0704,11437.5122,25793.71523
2023-08-15 00:00:00,510981.2019542,109492.32187,100561.0605,28024.5435,3430.89719,5271.02968,943.1797,519.19075,3362.82429,3322.87408
2023-08-15 04:00:00,221154.7497678,12389.255891,16486.4176,7509.4976,54517.79298,8634.33255,2663.5588,681.19536,4403.8965,1967.64102
2023-08-15 08:00:00,172221.7388168,34161.895774,3289.3753,14410.7879,2228.52811,1139.0297,3741.9879,871.35401,30220.99338,217.39825
2023-08-15 12:00:00,680426.2920263,255074.349422,21308.3158,10223.1193,11418.55676,15620.72068,5067.0307,40746.44332,1763.3515,22384.52116
2023-08-15 16:00:00,1245909.4152049,385784.971113,96960.1166,47222.5391,66269.68279,77036.90406,16805.8741,22798.84677,26679.73492,32040.42027
2023-08-15 20:00:00,277888.7106278,60142.976626,93867.856,29817.5874,26785.32334,30937.47585,7772.7008,1164.94487,2572.7905,4145.18919
2023-08-16 00:00:00,534812.5133202,61544.600934,15920.9705,16037.5552,17310.68564,22489.5347,7400.6889,1601.37876,2940.03515,10338.38398
2023-08-16 04:00:00,1087741.7173877,63476.707346,41974.2261,3959.836,26410.39088,9818.81788,543.889,551.48733,2947.67814,1361.89923
2023-08-16 08:00:00,242426.2577453,30124.489047,15893.7067,9692.5485,32585.79683,6282.34397,1276.8805,1676.69353,292.94201,3144.45563
2023-08-16 12:00:00,410875.0054663,89765.606707,47502.987,9154.3564,65542.2148,22896.01456,4793.772,1874.28299,43197.33657,9647.16291
2023-08-16 16:00:00,1440556.5610566,209521.248472,61060.1241,89179.5706,23461.0235,11320.02454,885.5903,1106.32746,14462.66678,14013.63152
2023-08-16 20:00:00,1899454.7669668,381335.143176,98573.5592,17673.4911,49836.39693,72941.44585,20333.6942,10416.2949,28364.93302,32760.43158
2023-08-17 00:00:00,1711225.3769157,347378.67503,56053.5969,29153.0894,60101.17915,199169.49026,7708.6174,4586.24119,24924.23135,22334.41918
2023-08-17 04:00:00,658474.6512936,24816.948522,17834.0641,23029.2768,5141.81874,345027.2477,2066.9826,2445.82591,279.53668,1655.11182
2023-08-17 08:00:00,342168.9555937,85286.214778,8198.4277,28975.9058,4625.31779,7424.58572,254.0455,932.12736,940.65419,1834.15046
2023-08-17 12:00:00,2913586.6143601,570937.912647,151291.3145,16540.2845,35690.98584,35560.89584,7925.6773,3599.13225,9430.45553,19932.00779
2023-08-17 16:00:00,2440240.7594246,647984.065714,62431.4698,21014.5297,27020.51495,29371.05054,12258.5698,1384.48235,11094.95839,19014.47579
2023-08-17 20:00:00,4334709.5233095,1415158.914347,452879.6297,101869.8206,132059.56484,277069.18573,42865.8095,29830.41961,92683.35615,69290.94199
2023-08-18 00:00:00,1318280.1344535,275027.782698,35357.5603,53738.751,66280.49103,44336.0244,2992.6687,12296.64586,11426.10639,10514.29929
2023-08-18 04:00:00,1513855.6001737,169679.134109,41929.9811,33492.4854,36565.08781,12792.12624,5313.843,8233.12951,6484.55984,10860.31476
2023-08-18 08:00:00,487667.0592688,58669.841161,8791.6064,6517.2996,5459.37097,18992.80177,1396.6419,1987.83935,1315.44786,2481.00125
2023-08-18 12:00:00,1481851.1168697,496909.292231,60991.6051,27348.5092,46823.73947,12476.37155,6943.0332,650.71608,21355.64741,34402.95557
2023-08-18 16:00:00,3152148.6489972,408418.361481,81821.19,18312.3408,21261.38885,13523.21483,5950.9094,1950.40319,5669.84727,8560.39199
2023-08-18 20:00:00,643828.5893525,103044.04991,16864.3899,21232.8388,5118.00842,10156.42317,3087.6749,3415.62358,1761.44737,19090.76366
2023-08-19 00:00:00,672286.7327502,98011.436576,9236.6392,8679.4338,12544.55008,12395.69843,789.5212,2388.05779,26655.15946,3702.05061
2023-08-19 04:00:00,340990.3221627,108043.86722,8571.475,27390.5449,3791.92243,3578.3861,3906.611,3701.00525,4984.71795,7009.07225
2023-08-19 08:00:00,215784.1844057,75733.199603,4146.4175,7394.9419,3411.70682,514.37048,907.2979,281.26662,652.85169,3542.30853
2023-08-19 12:00:00,707448.1406222,188780.884904,10236.9211,9712.5693,23914.84441,1648.35253,554.157,2917.45965,951.01515,34741.01806
2023-08-19 16:00:00,626530.4416377,122528.051553,19907.4962,35425.8569,46376.04612,7344.5701,4105.788,1576.81602,2047.24487,3540.03526
2023-08-19 20:00:00,269087.6648984,38776.963992,4775.9908,17312.0456,26676.40123,3615.79302,2336.5329,799.24401,6092.61003,4731.70556
2023-08-20 00:00:00,370859.2417699,50443.596089,6208.8613,9373.5389,13739.82711,3355.06624,1420.4487,237.49681,1155.23215,6308.64394
2023-08-20 04:00:00,293585.5830126,42793.063795,6894.4527,3076.5896,1493.5202,920.71426,157.4224,917.28786,519.97082,4396.65791
2023-08-20 08:00:00,445622.8032174,23949.231747,12302.2401,1971.7489,1622.39524,1915.64545,701.2204,0.0,373.37778,1916.17528
2023-08-20 12:00:00,512785.4022765,107503.437758,3268.4561,4678.5381,6215.54137,3183.81035,667.1654,580.14892,962.00201,2023.44728
2023-08-20 16:00:00,335964.6465745,43461.874473,5912.627,13804.1894,17249.60008,2047.07875,5254.9347,1942.21746,2097.06424,7042.61618
2023-08-20 20:00:00,571272.0018858,144399.356721,6839.8228,13060.0548,5619.33138,2512.75089,1434.3536,592.86261,9045.92341,12912.34359
2023-08-21 00:00:00,277230.029965,69509.653371,35935.3658,12805.1409,12729.74541,4795.2358,2147.9081,2478.40611,2733.76753,7382.51576
2023-08-21 04:00:00,365756.2406559,71558.756756,8323.6765,10223.2729,25550.06292,5817.75592,1105.7536,1071.18282,902.94296,7362.42623
2023-08-21 08:00:00,307373.0393612,93111.939587,23275.5282,21147.2159,12282.88668,7562.61327,2329.6632,1448.61385,5220.8111,4652.16321
2023-08-21 12:00:00,846856.7782761,163709.669894,45594.2848,21780.87204,37802.00442,14606.48977,11341.8126,1696.2277,13001.87796,12145.36232
2023-08-21 16:00:00,515330.3720687,229960.262174,49852.196,10443.7394,15654.27885,10925.74074,1957.9528,1001.02306,3015.06889,9738.71274
2023-08-21 20:00:00,568765.2543297,67876.331383,9225.8552,97298.1895,8909.49526,2596.18203,1629.0163,2385.03696,4143.70641,19721.43142
2023-08-22 00:00:00,417796.9969127,92920.926504,32095.9167,40116.39,8622.37215,2924.67343,1533.6776,2839.36843,6289.92083,6704.25624
2023-08-22 04:00:00,385633.3848895,32396.648968,7718.8944,16711.0559,7064.38313,13017.44747,1628.7616,684.79177,2699.66759,439.98901
2023-08-22 08:00:00,147092.1938016,44151.957182,11072.6542,19945.6349,4752.40058,1505.79353,3543.0756,318.41903,8894.39335,8236.07608
2023-08-22 12:00:00,716577.3800921,275289.449509,24130.6354,55966.70932,18789.67184,11160.23766,12742.4312,1727.26993,3800.5219,10467.16067
2023-08-22 16:00:00,1321232.3933968,604133.412025,68671.7291,37477.809,44435.02904,36497.32043,8013.4988,4112.99704,23194.41959,27843.58083
2023-08-22 20:00:00,1281431.1166173,507309.172331,77307.8099,43760.0065,47481.63605,19301.72074,5227.7976,2509.50272,11567.22098,16321.58568
2023-08-23 00:00:00,826829.910481,287921.047079,32831.1609,47091.74,11509.72614,7107.79345,13529.3413,8336.39388,1902.6729,22510.74172
2023-08-23 04:00:00,624345.749842,108700.930199,11674.409,25311.9151,7612.21279,27358.28846,1225.2747,944.74351,2597.94429,4952.37271
2023-08-23 08:00:00,333752.6452155,69988.297557,9136.9186,17228.6507,2019.02954,3332.10828,294.4675,834.21405,8728.67395,997.1345
2023-08-23 12:00:00,816124.504319,184608.792198,23468.1454,15178.8547,27613.21493,12157.94544,4243.7903,605.45988,37301.34403,5021.60075
2023-08-23 16:00:00,2623387.3415394,393643.814549,144510.6737,32176.7073,45957.08219,9323.8834,11576.648,6362.20744,25931.3463,20183.99584
2023-08-23 20:00:00,1399462.7996435,189104.133756,27780.923,12486.8641,6697.97184,28618.02767,3765.6057,991.01008,5844.25494,5955.65999
2023-08-24 00:00:00,623266.0001625,150530.39946,39324.8625,26823.2437,30241.38632,8127.54319,3679.2025,633.87275,2081.54369,7117.3832
2023-08-24 04:00:00,236723.9361292,42424.626227,29430.6176,29963.8234,5569.09255,9021.86138,260.0665,986.09414,808.69616,1220.20937
2023-08-24 08:00:00,304912.6676473,54022.476115,6116.567,4104.4962,2521.65152,2837.06596,370.999,347.95086,1245.03911,458.49235
2023-08-24 12:00:00,698570.04039,272671.670139,27789.3207,4464.3672,22097.57172,9073.15962,7082.056,1785.48594,13925.49612,15030.62013
2023-08-24 16:00:00,1097017.667188,217302.378468,76758.2475,13441.5921,18363.83523,4291.37854,710.9854,840.73978,9150.48202,2357.8676
2023-08-24 20:00:00,572525.7125321,89964.98092,14688.5378,14562.5115,20690.98945,6949.10007,2711.2,853.84271,7361.46406,20487.32046
2023-08-25 00:00:00,879506.3811237,66678.012868,22348.0121,4501.2728,32548.53484,5588.83397,2078.782,724.0912,5685.44535,6120.74208
2023-08-25 04:00:00,587538.8403539,57528.88375,12803.7285,12530.571,13563.62843,1462.90048,1690.3526,326.0214,2672.61787,4886.72057
2023-08-25 08:00:00,362025.5235385,56129.693188,2502.6886,2409.8561,1373.18909,571.85394,630.3586,786.0204,1229.46468,6807.77943
2023-08-25 12:00:00,1910277.1115472,260780.422591,42907.1673,11111.8139,22099.14049,9138.04732,3700.1437,1392.51161,7935.76315,22504.85125
2023-08-25 16:00:00,977053.9461556,327737.850218,20019.3685,15648.8008,5687.85134,28094.70577,512.4139,360.41604,5089.20516,2380.73975
2023-08-25 20:00:00,399200.2042663,81245.066234,8708.4236,5487.0429,1570.03278,13321.11236,2754.1675,770.9897,1942.24021,4474.24744
2023-08-26 00:00:00,140271.7291221,50679.433277,11439.9352,12404.6553,7203.99634,462.50838,1113.7284,711.06485,411.59951,4863.71702
2023-08-26 04:00:00,126053.7191571,21019.529176,1591.2341,1015.3789,2928.0621,2394.95424,1008.4322,608.89417,5749.14887,1704.51316
2023-08-26 08:00:00,132831.8972767,30581.960148,2081.3528,1053.9671,6676.845,3440.05797,675.084,452.7769,720.39304,698.62778
2023-08-26 12:00:00,245482.4449234,31455.370159,5998.035,4613.1024,7640.21651,3237.55213,1125.495,130.74587,3757.10037,1418.87985
2023-08-26 16:00:00,160197.0061037,39262.942348,6498.0615,15779.3934,3819.53393,6538.96505,1727.5972,1361.00673,1343.27333,2343.20015
2023-08-26 20:00:00,115488.9904115,14326.713254,10776.4464,4562.9451,1463.22042,3561.24586,3223.9907,129.41938,1521.36386,13503.72711
2023-08-27 00:00:00,631491.7304531,32785.434968,5057.1426,2651.6035,6359.75851,1114.38325,5956.1035,314.4083,1234.11867,1986.40155
2023-08-27 04:00:00,581096.0594247,20426.168794,859.5215,2810.9182,5340.25659,7319.15208,408.1655,300.47962,28.21793,746.88272
2023-08-27 08:00:00,171372.257285,18919.07986,6154.3765,1011.88,9442.59949,951.61252,2703.7577,11.98595,0.0,0.0
2023-08-27 12:00:00,438615.2564543,69351.320325,47294.9193,20604.7292,5736.38992,2182.36268,3338.4786,473.20044,3297.57414,9399.96266
2023-08-27 16:00:00,374782.6010825,42326.796987,11446.5064,27256.4038,4113.13415,3116.5936,2073.7361,951.29991,1974.59745,8867.39459
2023-08-27 20:00:00,184222.1537122,123861.30674,24234.9932,12251.7624,3901.8468,573.49708,1166.2181,937.20285,1427.46339,7493.84981
2023-08-28 00:00:00,586451.4011063,54041.089182,13022.8179,9269.7721,19418.76351,26992.70373,4427.3527,4902.15216,3397.94245,14912.13185
2023-08-28 04:00:00,393413.3167789,121084.747962,20122.699,7792.7906,11175.36153,6967.46738,1170.8605,3810.21592,2740.53194,14884.92286
2023-08-28 08:00:00,352338.3645312,156539.106718,21044.5397,4572.662,3045.60826,1958.68676,1314.6923,59.29632,2998.55124,7264.51274
2023-08-28 12:00:00,1144067.3995779,228540.32152,24399.6292,9076.7096,20376.39452,14116.46881,4867.7702,2586.99613,6659.14247,5490.41548
2023-08-28 16:00:00,953745.8120284,165892.764012,17015.7316,6676.0419,32566.23215,2578.54063,9473.7265,2201.54915,4073.64661,6554.71507
2023-08-28 20:00:00,941465.1992524,63618.525519,5914.8335,4667.1982,12082.68249,3798.15795,7534.5854,1606.90346,1803.26125,13711.50514
2023-08-29 00:00:00,657807.7855236,100182.198365,7475.9079,9833.5073,4251.55986,1882.4532,8642.7673,2862.64858,3476.84425,2438.78067
2023-08-29 04:00:00,436748.4391112,49498.405785,7623.3129,36681.6268,3510.29979,14232.00978,2604.5334,5065.31992,2427.29137,2467.60308
2023-08-29 08:00:00,729498.9490985,43717.13414,14428.66,4787.8319,9628.86237,2198.26617,2633.0251,617.00411,1012.38309,1585.06016
2023-08-29 12:00:00,5015153.5720835,665278.476611,72631.5732,107175.4047,41535.79317,72773.1559,20252.3295,7437.86048,29288.90931,30112.398
2023-08-29 16:00:00,3400548.4534012,456846.025781,34481.5419,27818.2789,17333.72148,37916.70782,11364.3417,11962.31804,5804.06074,18351.68982
2023-08-29 20:00:00,1403661.6378301,196526.112393,27200.3903,11611.7036,11090.30353,13426.38687,2475.6341,693.55028,1316.03261,22019.46147
2023-08-30 00:00:00,1528058.9082622,62347.42109,9268.6282,6083.125,22974.53509,13866.5969,3589.0072,1715.68487,2859.84826,6314.27781
2023-08-30 04:00:00,592228.5410019,30107.000967,5407.5741,4496.0289,8263.33864,2170.46604,3079.4461,1478.05255,449.71874,6136.34298
2023-08-30 08:00:00,827921.651999,16742.791566,4879.4887,3380.8356,2187.38588,2519.66079,558.6314,760.01388,1486.90439,3928.12415
2023-08-30 12:00:00,1847568.3683359,116794.816175,34695.4339,51989.3236,19205.63921,12784.45574,9577.7298,13227.92334,15433.82532,5248.09217
2023-08-30 16:00:00,923965.2771673,76229.050136,28640.136,32790.9578,14850.53529,7855.26192,2322.5469,687.12814,1313.0038,2185.55705
2023-08-30 20:00:00,710942.6874956,45767.124715,7290.2755,8481.9616,3624.24885,4220.69181,2514.0046,4312.3332,569.74799,1846.71269
2023-08-31 00:00:00,215462.8330362,32443.665739,3819.01,9874.6988,11825.8221,28190.65421,571.2376,5382.73068,1232.95669,5837.31199
2023-08-31 04:00:00,231621.4976088,34549.112329,3787.4103,17591.597,7124.41956,4508.11951,678.8527,775.11271,448.05073,2219.94585
2023-08-31 08:00:00,532410.5937626,66611.447386,3367.352,9123.7021,3369.69329,4629.5374,960.4511,265.81907,1646.13528,1364.83596
2023-08-31 12:00:00,1336959.4266997,358853.818732,34479.9392,18937.5853,25544.6001,30442.67369,6804.9157,4555.58686,6568.48994,6486.13909
2023-08-31 16:00:00,4489898.296716,510002.45743,103672.8915,17087.6171,74843.45618,28403.26655,8058.288,5321.58201,14032.20593,23306.49985
2023-08-31 20:00:00,1140807.4938888,192341.899807,24326.2584,33127.3567,9802.79892,8681.10157,3031.7645,2462.75083,3867.13202,8056.27076
2023-09-01 00:00:00,380055.5812154,27506.605764,8587.4138,13429.8247,15934.98382,14029.00729,1889.8474,1543.48454,3653.25124,1557.86291
2023-09-01 04:00:00,556599.6540371,11718.296058,3978.6837,25549.4446,7570.28207,3471.74088,1319.061,1887.85428,3756.2645,3941.35831
2023-09-01 08:00:00,497326.47877,20989.157404,2324.5514,4461.8332,1983.30466,1453.25336,297.0041,1271.45654,956.40661,3179.24719
2023-09-01 12:00:00,2091158.767134,137350.153774,18813.6793,7446.7675,21239.19685,9084.65937,5129.5957,3769.94211,6996.60464,6117.48212
2023-09-01 16:00:00,1874131.5988565,395103.336574,36651.1005,13221.6267,18994.51745,31380.86515,17988.1805,2667.05607,5483.36647,9052.00614
2023-09-01 20:00:00,663596.0712557,107727.982044,15240.9458,19910.2042,4381.41608,25183.17406,13116.437,506.79126,35761.70593,4824.46157
2023-09-02 00:00:00,381583.7301436,32760.526543,7545.9937,3171.4974,3946.11571,3124.2749,2346.8883,1390.97841,1966.69344,5846.67355
2023-09-02 04:00:00,311647.9354748,17062.7921,3363.786,3855.2236,918.22498,22006.14224,765.9615,2066.54498,43.58715,713.16298
2023-09-02 08:00:00,105484.1298315,14165.906166,7323.8404,1397.1243,764.17922,7383.37017,661.5196,131.95415,460.15214,2524.94423
2023-09-02 12:00:00,353583.3354719,85947.285568,2754.4792,1032.8254,11453.29185,25101.35334,1468.3584,1210.41904,3105.88247,2617.62759
2023-09-02 16:00:00,418815.3497355,42426.094583,16101.6181,7947.471,3538.95869,19624.09649,1722.3243,1603.18573,615.56955,2141.67575
2023-09-02 20:00:00,301698.8996651,25592.873791,4045.6602,9214.9576,4747.913,1869.66295,977.1397,410.4267,1256.24565,3954.06748
2023-09-03 00:00:00,379230.7036933,82251.376058,9666.1672,5602.8192,3273.41113,24361.07857,5495.9779,991.01179,5476.91909,5421.5516
2023-09-03 04:00:00,908840.1260258,32193.45768,1688.3666,2670.7724,14272.35396,2329.17808,289.5629,379.38836,767.95425,685.71215
2023-09-03 08:00:00,295051.0243414,5587.475684,1138.6223,6433.3053,660.29993,148.34397,592.0753,244.54513,1143.72706,1142.92728
2023-09-03 12:00:00,862645.4301241,51505.444816,6873.7563,8568.9218,3215.29365,1602.80528,1185.0256,2035.37477,3371.61899,3038.02174
2023-09-03 16:00:00,564452.3293299,45282.583624,46829.2617,11783.3826,5892.26245,6495.88837,7299.9826,4242.92285,6357.5453,4711.42341
2023-09-03 20:00:00,624583.1933366,58561.314121,13823.6716,18593.5856,14565.48567,21995.44276,720.7247,4193.25753,4875.45555,2296.78364
2023-09-04 00:00:00,609541.224262,57694.723566,27461.6325,7433.1782,8544.93821,5529.83074,2605.049,378.5002,2410.0988,3305.66535
2023-09-04 04:00:00,372735.3540386,29590.333645,40819.733,2759.6518,3651.71107,1603.78283,167.8296,357.73054,3488.6085,9919.9227
2023-09-04 08:00:00,336959.8675805,17764.772649,3487.1522,6499.5178,1091.04245,1372.46836,172.9831,1200.11408,5446.517,141.30583
2023-09-04 12:00:00,736827.6370261,144035.863533,19805.6041,4326.6304,13035.69578,7884.83364,1701.9446,5661.62734,9281.72488,5059.21827
2023-09-04 16:00:00,504235.9552187,70064.069956,41539.4494,25066.6329,5231.80663,28284.89964,3571.2009,5401.01299,2935.06436,2059.38049
2023-09-04 20:00:00,965169.9277241,229016.130213,19876.4794,5522.8348,10893.12416,9409.91366,5598.5898,1412.02103,10627.51847,5500.6405
2023-09-05 00:00:00,448045.0157828,69388.956967,16060.203,11116.8812,7394.58082,3000.76421,3480.4865,699.1637,3971.68388,5358.88385
2023-09-05 04:00:00,349700.2215805,50166.702361,6424.4531,4725.7415,11594.97762,5590.07735,679.7074,109.79775,147.37885,7143.25848
2023-09-05 08:00:00,226832.9461056,24157.345042,8883.7869,3402.4989,2297.29946,4000.88248,1045.9423,431.56762,7284.48397,788.2279
2023-09-05 12:00:00,774767.2312444,139042.543637,101721.6674,13731.029,12302.89465,26159.52864,2003.3181,827.20464,4524.15172,2816.53527
2023-09-05 16:00:00,628275.9897667,47585.381178,45809.2515,8923.4227,10758.82369,11723.16829,881.7733,448.64971,5128.41246,5255.03735
2023-09-05 20:00:00,360156.3186436,162229.866001,55882.9826,18551.3211,32556.13138,1375.72255,2535.2923,269.19656,5621.21302,5133.74091
2023-09-06 00:00:00,414502.8369804,40893.860079,14898.0567,31495.7491,5385.33988,21670.55765,990.4765,6426.56247,11340.43459,4957.7006
2023-09-06 04:00:00,252134.8009264,55863.953148,18379.2583,3836.7308,3958.30783,3578.30352,2602.9666,291.45438,3302.2224,3865.51138
2023-09-06 08:00:00,233705.170021,3769.484355,6335.8705,4518.8232,1586.71108,940.57972,1038.3769,31.59189,1395.11375,3266.87577
2023-09-06 12:00:00,570736.6921081,93424.823271,97760.0167,16630.0777,28025.74771,7687.93627,2398.0266,1632.27123,2723.35283,4294.41066
2023-09-06 16:00:00,2098625.4162232,470660.690905,32720.6338,51300.3611,31406.31808,25591.63758,5065.5597,2300.90101,19782.0215,12964.58174
2023-09-06 20:00:00,614276.5354045,98478.876881,4372.2571,21295.2103,12497.72595,2099.22387,3219.273,480.80927,11200.81616,1499.10069
2023-09-07 00:00:00,730923.5577162,56042.739579,16594.7744,5820.254,7933.00687,5338.86425,4587.1686,2388.57407,38768.04264,2326.23356
2023-09-07 04:00:00,166607.7826469,6076.572776,8766.5303,26368.2225,2611.51552,975.13066,831.2862,38.4413,5062.82225,1305.21492
2023-09-07 08:00:00,106891.7307748,52726.387923,6516.3499,9491.3904,3699.31035,1624.67126,1905.7342,537.2303,5891.55494,597.66245
2023-09-07 12:00:00,554196.618786,75864.726058,10803.5775,12342.09,59787.72249,7040.04731,475.216,1238.87938,3373.98925,2389.23223
2023-09-07 16:00:00,693980.805341,33303.796956,19330.045,30972.3674,11565.20627,1824.47532,12225.8684,2896.54785,1341.41304,4835.85692
2023-09-07 20:00:00,1875309.8735987,143893.461816,21347.6108,37948.2722,13754.14333,6186.40236,1364.4534,1063.78237,14002.92703,6579.50982
2023-09-08 00:00:00,593487.7380329,58357.18898,27550.0849,9097.5818,5235.27039,2674.83341,9240.3548,1035.95914,6821.67366,1687.05883
2023-09-08 04:00:00,328812.8144261,21385.346419,4605.0157,5795.4436,675.84425,4144.2506,2320.0237,6710.42989,3798.13435,2702.4733
2023-09-08 08:00:00,829071.3707488,67405.561253,20546.3296,7401.9579,9826.79845,8146.36839,10351.5731,1242.79881,6777.05981,4592.6944
2023-09-08 12:00:00,361915.3259866,33133.074646,5761.7704,5648.9811,11967.1414,7940.86427,390.8788,1259.81095,1328.08207,275.34189
2023-09-08 16:00:00,592186.305884,91812.749595,7227.6417,32320.5178,22529.61816,5035.74834,1348.4803,476.79893,2647.82978,20793.67901
2023-09-08 20:00:00,146807.0006497,65430.623273,8268.0608,27800.0267,2138.2429,3042.15285,410.1832,632.02554,418.10516,8162.33823
2023-09-09 00:00:00,267701.2881475,8602.612149,9641.5875,25331.2425,4800.17679,1529.1499,5587.6875,507.46506,1069.46837,7238.39171
2023-09-09 04:00:00,178599.2839139,5032.638966,3382.466,7314.3489,872.18976,549.71055,966.6133,1277.12653,172.17103,641.28636
2023-09-09 08:00:00,199452.4404017,4221.617793,2929.6067,3127.9255,1668.85592,182.36713,40.2586,23.00921,2206.15573,106.05521
2023-09-09 12:00:00,419095.7728311,27813.250578,2283.0751,6857.8081,18742.53311,1103.99307,157.5677,803.00182,1621.67527,7865.72028
2023-09-09 16:00:00,274085.3843515,37400.228637,3315.0822,11847.7635,13091.91155,1821.40641,358.1628,319.56908,2607.54874,2077.78583
2023-09-09 20:00:00,262549.2408129,10290.721559,4181.2665,19428.7128,4953.0931,802.70717,8920.9712,2236.44786,635.1362,3026.93582
2023-09-10 00:00:00,203337.4169142,20286.637597,35505.33,7738.9215,29548.46736,10616.58003,5553.2309,1018.49817,15675.35128,1237.51746
2023-09-10 04:00:00,240175.9757676,37900.371987,61335.5494,4919.799,42065.47302,36830.02562,7519.6165,2054.41116,13566.71196,13183.93591
2023-09-10 08:00:00,157773.6776371,4512.52854,28638.9989,2585.5655,6626.49319,6574.5575,45.1248,4786.01307,796.90188,1125.04176
2023-09-10 12:00:00,559173.4570917,29349.410646,105395.046,6760.7367,12840.51174,3374.23563,7379.9349,418.19686,4291.15584,2152.75945
2023-09-10 16:00:00,956369.3474288,273650.280056,42476.7503,6323.1234,28052.55579,35516.36569,3259.8103,792.61959,8147.24219,5532.19094
2023-09-10 20:00:00,857569.6970858,82200.460697,101398.3357,39188.5489,19920.7794,21536.19139,3524.0807,2478.47249,6513.60742,1407.70918
2023-09-11 00:00:00,592693.9847259,143143.622927,52991.6283,11690.528,11311.224,2577.60496,4358.4056,5469.35266,4126.03848,3944.2797
2023-09-11 04:00:00,451944.80447,19357.742392,7907.3243,3712.616,5665.29171,18442.48261,236.0856,11253.0482,752.53534,6150.84954
2023-09-11 08:00:00,626013.4056574,262115.538726,86694.6117,14127.4708,67289.6477,40253.79306,4509.747,5971.02972,14086.02924,6885.39312
2023-09-11 12:00:00,2467450.5945987,277001.935895,41781.9985,11039.5798,46318.4353,15742.28913,4370.8393,1525.61613,6903.65483,6267.15811
2023-09-11 16:00:00,917885.3559664,513947.389008,43042.0629,29872.6296,27339.41694,7804.50153,5207.957,3868.25107,5625.0011,10269.69965
2023-09-11 20:00:00,1863421.1749449,164865.82932,45822.3485,16789.5719,10699.98739,3684.9211,3044.4321,5818.7305,11000.78653,4201.86405
2023-09-12 00:00:00,1532345.6499399,116074.836128,27176.4147,17823.1648,12946.28991,9934.25387,1689.2531,2292.45542,44570.57627,4592.58431
2023-09-12 04:00:00,1287404.4510876,123786.984639,46299.0054,6372.0307,16134.56863,28963.39659,780.6715,484.33434,1547.84994,1914.37577
2023-09-12 08:00:00,1309570.8319867,187027.231761,15229.3348,7454.1423,33426.04991,4182.90141,502.1801,473.69741,6606.39505,2901.52486
2023-09-12 12:00:00,1095917.5979545,108837.626461,19437.205,40768.5186,27455.93631,2735.61764,11632.2497,1071.71149,2702.45913,2787.19106
2023-09-12 16:00:00,1287277.8157282,170156.770752,26397.5878,6082.1565,138688.913474,7648.34761,1097.8198,1058.35856,5058.48106,8825.90812
2023-09-12 20:00:00,922057.3180998,58047.531499,9450.5542,23666.278,4545.29569,2544.64814,5398.3483,2665.79794,693.14991,72939.1499
2023-09-13 00:00:00,698054.246228,67714.351031,17033.4886,9229.6894,9927.76914,3058.26393,7050.7554,890.63639,839.95272,2150.14028
2023-09-13 04:00:00,597883.7463916,86981.871452,36290.629,2995.4091,11888.10194,4406.0054,3628.6823,2824.52422,4383.35282,14416.43187
2023-09-13 08:00:00,455828.7248226,52942.045303,13457.0618,4089.3946,3766.11456,733.94312,6375.7559,144.70876,796.80847,960.078
2023-09-13 12:00:00,1696281.1114903,96035.469951,11449.7091,13708.5734,9738.98458,2416.0099,2195.8153,1488.92508,5850.55864,2145.89262
2023-09-13 16:00:00,927794.7594064,67468.995729,17839.2123,28734.6382,18282.47224,6054.28857,762.5316,7915.28194,3502.86783,18120.68995
2023-09-13 20:00:00,585208.3125586,22580.051423,16193.4705,23943.4627,20781.45941,5795.04473,1186.6707,1734.42518,975.05919,14727.0608
2023-09-14 00:00:00,1332070.5031537,110685.673356,90477.81,22800.9469,53011.26634,8273.51968,6886.5347,6631.73196,9206.35522,10148.46804
2023-09-14 04:00:00,674954.0865951,16529.883168,6172.4153,6172.3217,4522.49403,6531.86635,134.4456,130.00017,33950.53724,2533.37834
2023-09-14 08:00:00,318160.1727182,22504.183306,4801.0933,8703.455,2909.17972,377.37381,508.6676,49.41283,5253.32964,249.72656
2023-09-14 12:00:00,2222120.5774776,75188.674954,27420.9995,18282.394,32617.0429,3143.87602,3084.163,4174.37714,6685.59611,2602.90104
2023-09-14 16:00:00,849930.0888261,172750.510973,9078.1038,33075.324,56293.10027,6975.81931,971.7212,2581.02348,6419.14725,1717.21087
2023-09-14 20:00:00,1110242.9418203,99689.806008,5406.0557,19141.4383,9890.86434,8709.75232,962.4832,199.93343,13999.7594,3996.62831
2023-09-15 00:00:00,1017683.2503239,67792.751587,20095.9606,8781.6313,21349.94832,6432.13243,1318.3314,935.34558,2855.4788,1196.66905
2023-09-15 04:00:00,461784.6288649,43227.732858,8798.736,4781.2658,2919.774,12231.30485,335.075,572.56135,23357.72656,291.29914
2023-09-15 08:00:00,402555.7388519,22781.497043,3935.3577,2058.8708,1127.74195,1242.22634,564.5269,1818.28239,3484.31588,172.42265
2023-09-15 12:00:00,1075273.9841495,66209.04353,12873.0111,36446.819,7045.66806,1616.20781,2944.1957,453.17566,1157.6413,8844.81929
2023-09-15 16:00:00,556819.7344702,37655.504011,48931.0992,30124.1053,25043.05615,6835.47912,4813.978,6054.93999,11706.85274,9257.32653
2023-09-15 20:00:00,1287686.5752502,209669.797628,29671.9377,12710.3642,42742.52226,40948.24441,2683.9675,1780.35647,24188.99214,5669.66534
2023-09-16 00:00:00,1204554.962535,53679.609048,90750.2962,15687.278,11734.66066,5468.82249,2445.8255,8967.08244,11894.12347,21442.9782
2023-09-16 04:00:00,347444.6307383,38473.751838,5744.0084,8538.0417,3587.13078,628.73056,1520.9572,2812.84051,984.00965,9608.79596
2023-09-16 08:00:00,258982.8874921,32724.789021,3715.1566,15132.9666,14533.46397,10684.29999,925.8902,531.60061,38789.35698,2165.94569
2023-09-16 12:00:00,287205.6941925,31737.895219,14085.4298,10691.7319,30282.84167,1809.76064,2830.3848,772.44692,3058.7521,2534.61537
2023-09-16 16:00:00,484462.2732588,17895.919802,43657.0005,12563.526,7894.87037,1435.66404,1397.4664,4331.02193,1598.12344,2360.24803
2023-09-16 20:00:00,489514.7480228,19163.278885,8864.541,11215.9038,1559.31076,3698.77375,37.9165,75.66602,2021.11193,1165.52517
2023-09-17 00:00:00,509638.1294687,75888.476267,12681.8556,21538.0976,41723.15199,7844.47229,2171.7927,542.06289,22325.80717,18684.04063
2023-09-17 04:00:00,285838.9815798,11692.824374,515.9176,9643.8897,4945.62641,1309.27472,106.9758,424.95047,2587.21921,2335.28416
2023-09-17 08:00:00,391037.8342694,7157.476804,1008.5723,3080.8197,14387.56488,3554.25078,1644.0965,158.35494,69306.05151,1478.06995
2023-09-17 12:00:00,120709.1220772,54739.505586,10167.9125,13609.1173,4196.61494,6620.96172,941.0273,73.94869,4684.3025,2094.71535
2023-09-17 16:00:00,382563.3172073,65054.663521,6188.4959,3700.559,17444.17377,12693.87889,3052.27,1193.35615,6009.2187,2802.59014
2023-09-17 20:00:00,598300.0793451,54473.257588,9150.2289,5227.5311,21027.82842,7848.30413,2446.7445,735.89313,8060.30816,6185.6325
2023-09-18 00:00:00,1228308.7694214,103481.06188,71788.571,24625.7838,9757.53971,3247.96038,8671.7799,859.80762,39698.9744,9456.90084
2023-09-18 04:00:00,381309.4126192,115565.986473,17360.2877,7593.1152,9550.32715,5044.50299,2248.5957,856.43507,16668.41218,3841.90723
2023-09-18 08:00:00,967948.356621,119655.772431,74001.2767,14533.7317,16553.75311,6009.81347,1166.0573,1061.44234,26626.39468,3265.7213
2023-09-18 12:00:00,2050860.4494175,166701.52565,195309.8658,21465.6917,28509.45091,4063.40209,2975.6037,5882.65875,9113.59164,23097.21813
2023-09-18 16:00:00,2665202.3413399,121945.797196,25495.1602,20683.7268,22667.07928,7767.82568,2342.1756,2065.88563,6922.2067,6385.54378
2023-09-18 20:00:00,559647.8932211,21808.254564,11804.551,18053.6472,3370.16134,5999.05179,1921.3792,822.78788,4111.14524,7080.41746
2023-09-19 00:00:00,718941.826615,73921.706887,53712.9452,44010.7479,11157.55929,18978.98609,7005.8753,3238.17656,107059.9337,8798.51292
2023-09-19 04:00:00,298295.6133899,5835.325363,20221.5361,7444.6927,3909.46526,3064.38518,97.3823,428.62979,18971.82558,4178.2453
2023-09-19 08:00:00,1570554.4409914,37995.07163,35470.3934,4240.6991,15803.857,5081.04838,2943.2874,349.08504,7534.21909,12507.34494
2023-09-19 12:00:00,2159635.9812784,119298.742911,25680.6486,47024.0589,27229.57303,4378.79431,8445.402,137.96694,8755.49529,18309.83502
2023-09-19 16:00:00,1316212.8769173,67652.232266,8294.9167,9093.7607,19948.91599,29066.53152,775.4775,103.21628,5962.19263,9080.761
2023-09-19 20:00:00,744380.8530063,79465.198094,13491.3759,27333.2936,3519.37962,6874.07608,1221.2192,1077.63558,12565.25048,3027.58135
2023-09-20 00:00:00,923948.6786698,75287.001452,20011.2078,7101.713,6825.48369,21251.59822,2788.4112,645.38093,13848.08288,7580.18848
2023-09-20 04:00:00,676720.0336693,60016.124973,3399.8198,16129.211,2161.98785,5293.09751,1060.2602,1111.11923,5983.21083,1323.16273
2023-09-20 08:00:00,493971.6248182,43765.665256,8986.5906,5283.7504,22102.55769,1948.00741,4483.558,362.53161,7209.19398,11366.01741
2023-09-20 12:00:00,956975.4977613,80977.89271,11160.8423,8983.9132,32697.67445,5019.2203,6816.986,2306.00909,2931.25217,8915.7212
2023-09-20 16:00:00,1709007.7559941,255657.907516,41573.1067,17251.1574,38380.30232,11275.47161,15533.6707,3322.21953,20312.69674,15196.11032
2023-09-20 20:00:00,889256.337089,29221.909778,13748.8462,31546.0876,11550.66931,2551.24083,3448.6883,296.62074,5743.54217,15190.51189
2023-09-21 00:00:00,1309184.0643315,32583.895584,25514.8581,8682.7096,29238.71405,2249.63274,1470.211,5324.59331,12556.05695,4089.26978
2023-09-21 04:00:00,232843.2167786,13137.340108,11635.6056,4293.538,26150.86889,9111.14309,2041.5974,1394.1752,16520.82354,849.94958
2023-09-21 08:00:00,855079.6506719,134999.214169,27099.8641,7125.0892,27920.1635,11175.69874,3448.965,1288.40399,9201.76269,4076.56504
2023-09-21 12:00:00,2213207.5729234,127438.983573,26338.3586,12027.2972,11682.21021,7047.00788,1476.7171,6867.79062,12719.47616,4993.8381
2023-09-21 16:00:00,1268834.0618961,49512.373112,36130.2802,5547.7372,2704.05536,32067.02661,17477.0932,1531.52331,3160.76246,2244.71498
2023-09-21 20:00:00,252675.836038,62121.950968,28839.4398,27679.8098,6467.9872,3148.55236,3847.1428,7178.88596,3689.30046,17893.84399
2023-09-22 00:00:00,767620.8475091,82443.706991,15162.0519,38309.4167,26468.52388,6874.71108,5819.1188,2423.31335,8698.04735,49957.09065
2023-09-22 04:00:00,352384.5958882,17910.97416,10644.0194,17957.1652,2695.77267,1031.54922,179.4105,217.03005,935.30911,4365.61369
2023-09-22 08:00:00,369417.537525,16969.071724,4344.6743,10191.2327,663.19444,397.89021,250.7455,340.56033,1328.78305,11977.17938
2023-09-22 12:00:00,306476.7135171,64555.676163,37041.7517,7647.2389,4720.78467,3257.07601,1146.4662,1042.43354,7037.56358,658.38683
2023-09-22 16:00:00,974737.8123355,25394.952952,16665.3103,7997.0317,24719.52118,5404.98882,3198.5028,3114.49549,21678.10495,4991.76927
2023-09-22 20:00:00,546304.276281,16185.990039,24850.6408,7247.4799,2827.30055,509.32125,424.0102,396.22337,1815.10174,1177.24195
2023-09-23 00:00:00,507779.3338659,35581.08848,4732.8793,7301.1751,1543.13941,4999.79831,1032.0321,4367.83603,35130.92802,2580.56581
2023-09-23 04:00:00,136683.0979074,23562.245343,3335.7839,10436.7711,2830.31163,1095.59461,85.6287,85.63616,5753.74847,1230.87684
2023-09-23 08:00:00,72726.7088391,4681.335538,2389.6737,2542.1231,842.32166,7601.25419,612.2883,70.81376,30742.52436,576.28714
2023-09-23 12:00:00,105280.1094072,11514.22115,1102.1524,7826.4381,7451.11574,3617.67954,326.42,30.44499,5073.25515,148.04493
2023-09-23 16:00:00,396690.7591968,38441.708749,7454.0897,19703.788,13890.38814,4830.011,365.2125,69.30137,26579.36842,569.17527
2023-09-23 20:00:00,308339.7026327,39920.818265,3581.7715,6123.6802,8981.5582,3596.51541,129.6855,1631.87841,3747.04383,3928.67568
2023-09-24 00:00:00,105303.5758642,62994.098681,11847.5736,98225.9546,1046.74473,2931.72632,2348.0545,1517.43058,6071.94304,927.23155
2023-09-24 04:00:00,130569.6391268,3806.344248,4626.8239,7563.6651,12855.66734,2898.35501,228.0604,961.31635,5081.22731,2034.8448
2023-09-24 08:00:00,143361.6760724,3292.694176,2422.8229,1322.0125,1094.11886,383.08996,1272.8561,193.01048,7556.09964,79.45153
2023-09-24 12:00:00,142077.5215771,22602.768614,3300.1476,7881.6922,1542.71786,148.526,2597.0093,636.91453,7927.21313,1356.17958
2023-09-24 16:00:00,1240945.0722542,47111.833333,11105.8036,16012.4784,6932.27875,3326.83335,717.3695,1313.288,8460.67269,660.39497
2023-09-24 20:00:00,978081.1142029,29477.935331,31361.0431,11436.2092,15711.3586,6124.01961,1406.405,843.31743,2765.32051,8041.53212
2023-09-25 00:00:00,1048509.5419767,90944.499024,23193.8514,6161.2927,22604.07995,7693.64588,2450.2681,839.11083,21011.83762,5462.1069
2023-09-25 04:00:00,522050.0182283,93153.444354,7614.5363,17761.9305,12257.2101,9334.55465,88.595,988.6084,6327.46788,2671.58096
2023-09-25 08:00:00,258530.9065458,22131.596119,11822.9128,8659.9606,2421.99663,2578.80177,2217.8421,465.67182,6192.06389,2234.50688
2023-09-25 12:00:00,1180809.4631036,94570.157172,11015.0215,7016.773,48915.97384,2086.71392,4051.4428,1600.16601,38526.49265,6508.05224
2023-09-25 16:00:00,1038316.5237924,138751.291898,29108.0959,26526.0612,9297.61707,11276.88574,1109.8138,2063.44575,54674.88054,4247.73396
2023-09-25 20:00:00,375308.7225458,27749.190892,14431.7771,36708.2916,22516.14664,10162.2083,854.7059,2908.24317,11492.87535,4651.45424
2023-09-26 00:00:00,530295.5814812,50852.813745,28323.1136,40095.5306,9582.43275,3950.63167,1264.3804,927.57351,39311.89642,5344.36505
2023-09-26 04:00:00,171465.193884,6281.775583,9164.3257,7178.5521,2068.87509,846.13638,207.7036,129.18192,4118.93338,1985.17939
2023-09-26 08:00:00,333129.8726192,14044.249603,7508.3656,5935.6347,1286.48976,2252.93114,514.2603,181.24301,3373.22279,1182.15274
2023-09-26 12:00:00,558938.8515645,65366.289569,5995.804,34131.3161,6957.76157,4642.82695,681.2035,1115.82632,2795.50589,22114.4789
2023-09-26 16:00:00,732173.7829497,50680.513233,3004.2028,17397.2296,16159.76956,2249.9647,2484.4614,584.83722,13837.2939,1129.84629
2023-09-26 20:00:00,768890.938818,68776.759608,22400.0521,8747.555,22701.54957,52991.7157,1864.6236,920.33449,13020.15279,16619.24898
2023-09-27 00:00:00,289320.9602513,52547.124434,57921.521,3532.7963,10843.51419,2619.11426,2166.884,159.21377,14006.89361,5354.12968
2023-09-27 04:00:00,296665.3240033,21216.772904,14025.9894,4908.6826,4907.09924,11262.35367,464.8111,77.02528,606.4696,461.06645
2023-09-27 08:00:00,1144114.8469027,120227.904912,10426.8819,7349.0492,25367.03653,41092.61415,862.8454,536.82238,19456.2523,3101.99076
2023-09-27 12:00:00,2555641.1440792,157696.111711,42204.4756,11476.0982,33324.14188,16490.54041,2715.5361,1100.60388,27516.19624,10101.30092
2023-09-27 16:00:00,951420.2581519,92757.785676,14519.5119,90440.1347,8726.85549,41146.86332,2499.5273,1360.13926,9347.61707,6255.77835
2023-09-27 20:00:00,995297.0866752,27208.029008,1804.5429,10087.7646,14712.41834,752.64595,661.9013,603.34996,5043.6364,7991.42823
2023-09-28 00:00:00,1055934.9528324,78526.852668,15499.4582,71370.7083,5383.51833,43659.71364,995.3821,100.23504,7712.70569,1864.06127
2023-09-28 04:00:00,452606.5801474,39262.867519,9396.2139,6595.1662,2098.81911,4599.3558,530.8109,2710.27856,9955.70741,906.57852
2023-09-28 08:00:00,629404.5424426,101337.990393,7533.0371,7851.0547,5708.93585,7171.32113,1232.7846,221.34053,49111.82898,1100.99354
2023-09-28 12:00:00,2129481.5813633,183145.160984,28543.1456,22294.5627,31152.78713,2304.1591,2928.9307,232.64599,16636.17519,8720.82026
2023-09-28 16:00:00,2433088.3241911,194760.903683,18440.0787,23564.4907,13359.82434,10148.96547,2552.7123,915.33424,69761.60912,3483.95461
2023-09-28 20:00:00,941283.2296288,131459.213485,62015.6403,33358.4472,23091.21384,2094.67407,1500.6441,4570.743,21374.01589,3118.27862
2023-09-29 00:00:00,1136752.9861895,71096.390372,22356.0675,10414.0962,20087.11834,1780.19716,2147.2324,771.50252,10447.85882,4910.39933
2023-09-29 04:00:00,647187.6120266,79970.668129,31983.4432,14333.057,2511.36191,34987.2117,4212.5173,380.79025,9922.39007,4859.95668
2023-09-29 08:00:00,309265.5832032,83336.454034,7616.994,21393.8735,14269.76307,31980.80273,1818.5738,315.17988,1080.19604,1298.65361
2023-09-29 12:00:00,1675423.9186869,160180.756584,29841.9195,25534.149,15055.6979,20063.87903,1593.001,451.51287,11197.32097,793.67419
2023-09-29 16:00:00,1018310.9744329,119911.853367,28257.4319,26944.5644,89533.77727,6969.45268,1486.4526,3373.78276,15834.64898,9381.95717
2023-09-29 20:00:00,459818.2433025,35291.660533,17852.4761,18583.071,18704.57753,15054.1053,1150.7021,5362.50459,18369.19567,14860.11457
2023-09-30 00:00:00,503807.178512,54401.19222,14397.1528,7635.431,7819.97673,341.94907,2031.2714,3048.04333,7719.06932,7188.46035
2023-09-30 04:00:00,161068.3915768,13651.975661,17416.0367,7948.6732,5106.26224,884.76967,689.0377,1204.55404,13289.85875,496.77954
2023-09-30 08:00:00,327132.3033169,17595.331807,1222.5674,4213.53,2398.22098,679.22783,506.8448,1173.5238,24650.64054,718.83037
2023-09-30 12:00:00,609510.2533467,147156.035418,83082.2521,17346.1148,12611.99975,227.74348,24761.8241,2977.13177,20016.81976,2123.8051
2023-09-30 16:00:00,403199.3777813,81580.913386,34572.2972,12145.1889,11915.22494,3629.28658,2412.4663,1621.17827,22557.01942,11641.78685
2023-09-30 20:00:00,493919.0479108,49579.415248,28075.8576,34452.9166,7887.28483,5988.02509,6183.5854,293.77235,21941.64576,1755.00463
2023-10-01 00:00:00,298818.0563507,19701.951895,44148.5217,16011.4699,48405.62006,369.2714,2315.9414,439.85809,15388.7416,6391.95261
2023-10-01 04:00:00,344802.4118167,18332.002779,11913.5175,3085.5577,9214.11344,1412.20459,2210.2478,1320.24566,8510.98125,957.75286
2023-10-01 08:00:00,529820.5450201,94735.821349,481956.6686,2622.447,59459.98162,10533.36386,4709.6422,1997.18384,6057.88824,15098.64354
2023-10-01 12:00:00,879277.5836734,50052.281588,125352.3722,12344.5026,68550.15515,6197.11696,4268.4023,1408.26761,21436.08431,3044.0463
2023-10-01 16:00:00,376295.0307546,77194.664673,93038.9584,3272.0986,3957.50059,2383.05933,567.7998,387.25932,27175.07307,2574.14387
2023-10-01 20:00:00,2562403.7593056,196051.032005,153463.5265,112635.193,48570.57415,64148.37671,16013.4031,14671.73991,62753.04062,24004.50695
2023-10-02 00:00:00,1251674.573002,67394.975154,248062.1791,24997.2757,9111.44847,12609.10364,2230.4175,3052.28146,14654.39232,13997.36469
2023-10-02 04:00:00,991782.7754764,160648.404051,91656.5425,18259.2086,25481.14279,1924.86768,1825.127,3774.63025,31081.88906,14304.50459
2023-10-02 08:00:00,996017.0826041,69004.826253,10345.7698,59595.0122,8073.27231,6920.17681,990.4551,663.25068,10720.78242,3431.41002
2023-10-02 12:00:00,1640322.4449506,400213.356626,52327.7379,29190.1405,17976.99871,14252.58999,4864.034,6082.75645,24814.93485,27973.67207
2023-10-02 16:00:00,2370319.9444051,379974.730031,75592.3976,14123.3744,43053.71354,12884.31514,3379.896,1925.97101,66470.11308,11916.93444
2023-10-02 20:00:00,1309186.4621543,158120.884654,44675.5292,27752.508,6559.98655,4578.50788,1638.44,7171.33693,21928.23182,1618.51384
2023-10-03 00:00:00,941205.919004,149133.961719,32635.1799,10643.9161,55121.25581,4672.36836,9039.1162,1257.07258,15529.53752,7757.97452
2023-10-03 04:00:00,553252.4716556,67423.25529,34027.5477,6085.6094,4437.21565,2135.95284,1561.1138,1886.22698,21538.75481,6861.06187
2023-10-03 08:00:00,464336.1610888,118237.566608,123384.1337,8663.7094,20491.61551,285.25388,992.1913,0.0,11511.31144,1391.51897
2023-10-03 12:00:00,1361903.5803861,144717.387132,129660.3727,13608.7286,17815.55522,19397.05701,1591.3914,535.85091,24773.00861,2357.37938
2023-10-03 16:00:00,1064606.3159358,39510.843274,138557.7991,15948.8974,28379.36679,4351.6313,1594.5645,725.84751,10382.34049,5658.66382
2023-10-03 20:00:00,1159606.8697909,48447.021563,20151.7308,17082.2428,13433.80613,10139.62961,2486.7629,3251.57925,21351.62666,4711.77984
2023-10-04 00:00:00,853617.2763045,122343.074736,74034.5091,23194.1966,90307.62154,15231.33521,3724.6424,5033.28098,34232.62649,27822.00911
2023-10-04 04:00:00,202730.6183069,15886.272382,42821.1153,9107.2929,2441.20848,50523.03354,11464.7162,75.86078,9091.6618,1065.18896
2023-10-04 08:00:00,524247.3701341,7938.511363,19908.311,3211.4969,2028.52153,65302.05886,8709.0048,4.73859,2093.44434,327.03022
2023-10-04 12:00:00,1061319.6920823,72215.878269,42296.5952,7363.7445,15784.54431,10353.2734,19557.8566,639.45419,13058.56208,9605.39995
2023-10-04 16:00:00,1641077.2127835,55516.918246,24776.7292,10612.1357,2912.79431,18692.11828,8697.1862,11866.03107,28379.42627,1723.01175
2023-10-04 20:00:00,890013.6307987,24647.36923,7145.0549,11729.4368,33654.91628,18891.94128,8621.6882,18.63823,5044.90453,7586.27159
2023-10-05 00:00:00,622364.2046057,50652.511628,26009.663,15160.583,6071.12604,2328.87651,17776.763,435.87968,15985.57525,7861.93741
2023-10-05 04:00:00,323381.6092557,38518.98927,20410.3053,4948.2119,1903.75619,1423.68205,3595.8725,235.47435,6173.29757,6797.35801
2023-10-05 08:00:00,522491.9778222,16618.301821,29991.0035,4473.571,5614.64547,1523.46328,9189.2848,62.40607,32835.51194,5108.42969
2023-10-05 12:00:00,2340087.5143859,179915.891578,29338.4747,16622.4542,47984.46862,4009.56867,4451.309,323.46444,21355.36417,5500.22424
2023-10-05 16:00:00,1084817.4807978,119508.969285,29289.5542,22762.9434,14362.12872,1452.09258,10587.1335,212.61708,5169.09079,7689.22896
2023-10-05 20:00:00,543803.5344379,64955.102646,8652.8396,11836.6677,12742.52008,1133.7879,2057.5162,11241.22163,33653.46983,4530.54875
2023-10-06 00:00:00,445711.1478785,84473.052035,17043.0968,25238.5927,18933.75693,3162.30507,7906.0184,3092.08197,10265.14191,3271.06374
2023-10-06 04:00:00,566128.7504145,15474.714874,11722.0586,3725.6714,4299.13385,552.77186,10942.4528,75.12388,3335.27073,4399.63786
2023-10-06 08:00:00,618412.3885092,27415.138063,7428.3486,5998.1538,3823.48769,199.56917,6165.295,0.0,2292.77955,1541.07426
2023-10-06 12:00:00,2085040.9007514,89378.057838,36636.1063,5947.9483,29440.99796,1426.54035,8398.5147,1455.44172,17259.02162,5466.27683
2023-10-06 16:00:00,1556402.259063,229255.408799,48154.3682,17433.3564,7905.90646,5089.87847,11373.1439,2411.50985,5709.40002,6442.16201
2023-10-06 20:00:00,972824.8324836,146883.396066,38938.2478,10890.5368,7313.96894,2629.27472,8482.3905,7401.18442,6570.07488,8090.84636
2023-10-07 00:00:00,341546.4737898,35768.662285,16172.262,8078.1199,26399.16227,9820.62207,3608.9224,323.40088,914.11712,3299.46785
2023-10-07 04:00:00,193447.9239215,176731.477223,51156.1124,7213.9564,12326.03264,5359.98415,46281.5596,2232.76579,1788.11942,910.31067
2023-10-07 08:00:00,382203.7806781,27883.015957,22633.1638,3403.2055,16213.20925,5374.43893,2171.5349,312.05356,319.8663,429.98337
2023-10-07 12:00:00,286157.3997857,50897.780507,18306.6261,8163.9869,25960.2462,1326.30853,7898.7482,5270.18537,803.25067,1338.5096
2023-10-07 16:00:00,427671.533808,50087.27136,19973.4076,23338.8108,5582.60112,1550.50673,3958.2994,2031.11187,4314.35833,2459.09297
2023-10-07 20:00:00,297147.9076733,13037.849541,7533.5751,10044.6119,14756.39981,1978.9276,622.5839,935.71792,854.24825,1112.89474
2023-10-08 00:00:00,427336.706786,20863.170792,12992.4241,3902.5176,4093.4991,610.0389,5259.3837,4648.39392,1369.33939,2217.01584
2023-10-08 04:00:00,432699.5986053,15687.484183,5189.6681,13110.6515,10718.84948,370.58304,1420.7105,372.40107,2703.02628,1959.10256
2023-10-08 08:00:00,234487.5051441,50362.290554,10672.7551,5904.2588,2518.67807,662.38815,2138.3988,301.21358,3767.59743,3699.15044
2023-10-08 12:00:00,715574.9862257,50627.08613,17340.4201,12623.6449,13322.37264,1921.24312,3894.357,0.0,11266.39441,1576.23691
2023-10-08 16:00:00,469954.6051902,38957.079034,26492.3201,11136.6323,1128.17811,1825.76308,1258.4364,464.2755,7216.60009,1017.07065
2023-10-08 20:00:00,701232.1583504,20589.981951,14445.0413,16321.0157,8468.78385,1680.27995,5069.7024,3374.99258,27002.55067,984.08617
2023-10-09 00:00:00,683441.3291817,61989.984857,8792.4539,12431.9246,10126.88306,938.06006,20072.5018,194.25873,6271.39847,2427.95374
2023-10-09 04:00:00,210767.7076884,11736.195804,19341.2265,6756.5418,3584.45525,4121.06361,2506.4923,405.41077,1301.27037,7384.08994
2023-10-09 08:00:00,996401.312997,161987.555471,75875.5452,10676.0688,11218.70508,17363.27855,3308.3688,53415.24013,29459.02866,7393.13701
2023-10-09 12:00:00,818531.9709655,103823.849869,14838.1325,12020.3596,8360.97004,3165.67277,5594.5131,24116.86992,4677.18102,3299.68144
2023-10-09 16:00:00,1452309.1131295,215394.025675,40859.4779,20952.1436,27700.26165,5794.55767,16645.2561,1955.63102,93961.87455,14422.52153
2023-10-09 20:00:00,477972.607507,93245.254762,15452.9733,19547.5165,33620.39971,403.1812,2704.016,4058.17836,2069.99639,2102.01128
2023-10-10 00:00:00,640167.639177,230452.825742,26648.703,12823.9895,10743.88237,1103.58492,1051.7794,4945.04499,1748.20019,7375.67658
2023-10-10 04:00:00,362858.1611555,42030.705048,14738.0944,37389.2428,1402.30468,817.21409,12917.1218,3168.61203,508.77625,545.07978
2023-10-10 08:00:00,379487.8913412,22742.00066,23657.234,66204.1096,9430.10968,1772.67844,2403.4767,57.59558,2153.15832,219.1271
2023-10-10 12:00:00,904706.679192,139707.208213,8883.0395,9752.6739,11334.62195,2614.02197,3189.5837,389.64087,41045.71467,4229.78778
2023-10-10 16:00:00,506661.9990604,37458.836927,33290.5901,4381.151,17007.62312,7005.16029,3067.4712,1217.61278,7196.40633,2778.97905
2023-10-10 20:00:00,753912.5605171,62814.962547,20549.4561,12034.2005,29090.08085,6823.66585,938.6688,1391.39067,4434.16942,3190.61848
2023-10-11 00:00:00,949875.9225013,238121.906299,28653.483,25704.1859,17975.61502,10276.65077,5296.5972,13745.72771,4955.63359,14649.4135
2023-10-11 04:00:00,578695.3302008,148616.687395,20094.4615,18052.4045,4816.43661,1183.78918,3011.307,1778.48543,2051.14042,723.25675
2023-10-11 08:00:00,695523.3023944,49285.785517,7130.8692,2788.6069,10133.09277,384.35113,240.0454,56.03672,4185.97281,1128.769
2023-10-11 12:00:00,1424770.5267501,187571.264681,13652.6139,20357.3056,25980.43543,2163.61305,844.1583,1022.87303,36063.88241,5276.61592
2023-10-11 16:00:00,1533441.9919258,138055.333657,15267.4135,20272.1772,12860.31966,2201.05541,1458.6466,3580.22012,3308.80001,8662.95004
2023-10-11 20:00:00,449897.2764938,83177.136464,12921.2606,17646.5392,4181.6022,1626.32776,487.7822,5083.66566,2074.89118,2969.19349
2023-10-12 00:00:00,600574.2780309,82817.036995,48587.9587,38161.9438,11847.94215,4867.10157,1462.1661,1150.95594,48420.26876,7374.82338
2023-10-12 04:00:00,197488.2943158,24621.341901,5080.2313,6813.3222,4247.92127,1191.0852,335.7981,440.75657,1999.80543,764.479
2023-10-12 08:00:00,282903.7034256,118981.591861,40974.9431,8332.5764,4472.00466,8894.15006,2646.7443,2904.92876,37003.19267,893.93817
2023-10-12 12:00:00,724984.6006266,30646.498815,14485.019,48342.316,9417.5726,4366.38856,4863.5479,130.56863,6702.41957,5211.19422
2023-10-12 16:00:00,905890.2967017,239195.661366,28911.6542,69916.4565,28227.59817,7550.09607,1386.2291,1163.89758,11841.29318,4439.27414
2023-10-12 20:00:00,352924.1473352,71972.48563,11627.565,26651.2178,25591.50996,1339.19793,934.0201,785.13364,1513.33648,2624.20562
2023-10-13 00:00:00,261968.8087154,93723.881677,5473.555,67151.5939,6714.18275,807.06247,654.4383,425.26989,3035.71157,3757.94704
2023-10-13 04:00:00,330256.9360238,15355.444142,5256.3691,6071.7829,10098.90992,1749.94123,1539.2749,218.91374,5256.11006,4071.24583
2023-10-13 08:00:00,256076.051735,23161.355443,4051.9459,16703.5182,2307.26232,4156.61142,1613.5794,74.56773,276.34928,1238.4992
2023-10-13 12:00:00,578389.4026562,43374.753365,45366.4675,18651.8861,12034.05318,2658.21154,1192.0619,714.15899,6532.97038,744.40536
2023-10-13 16:00:00,502076.6118685,23063.673575,5607.3921,26559.9765,30222.5578,7458.4302,431.0009,8560.48549,5317.66561,906.19341
2023-10-13 20:00:00,1685300.8513276,212337.029356,86349.6226,104813.6844,19796.60372,3832.43331,2540.2496,2996.31104,36660.33157,1095.57661
2023-10-14 00:00:00,500209.3692401,26520.618597,17051.2073,11593.351,68070.89564,457.92217,818.6061,804.68711,67145.46118,1593.61886
2023-10-14 04:00:00,178731.515912,20236.509287,13505.0234,2706.5794,4523.69846,1978.17339,255.03,258.43233,1301.49775,214.434
2023-10-14 08:00:00,177065.7676352,12872.533866,7165.0434,701.8832,2474.08601,720.16788,121.239,37.3747,87.9277,322.01938
2023-10-14 12:00:00,305597.9459811,31039.54658,20684.3742,3910.568,66566.71226,3526.40924,930.1218,131.39881,143.42004,543.69771
2023-10-14 16:00:00,219715.6947484,19016.044354,4694.2315,13118.6921,3330.15964,11326.24938,1631.7916,452.1745,1401.28169,5520.20436
2023-10-14 20:00:00,230815.846274,18423.642969,1904.693,6030.3481,774.63399,12210.98818,2946.0173,69.62487,3556.94435,963.26241
2023-10-15 00:00:00,203135.5584494,27638.079472,33564.995,28535.0568,5124.76409,4939.48475,890.4355,159.46055,2990.26876,3759.19734
2023-10-15 04:00:00,456312.8777205,11993.867658,2511.5085,5607.9821,255.26835,5691.6822,2605.7575,36.83294,291.55931,460.35228
2023-10-15 08:00:00,58513.1111378,11337.516837,5087.7463,3259.0055,323.05998,528.28078,644.3374,432.29177,809.51729,0.0
2023-10-15 12:00:00,237980.6933158,19228.019699,2381.1429,96754.6505,5569.5199,5046.45473,1421.7853,600.79568,2205.887,43583.76506
2023-10-15 16:00:00,440061.0057696,70044.39333,77727.8197,11629.9319,4742.93196,3534.64301,1644.1296,145.67048,9230.91004,4073.56896
2023-10-15 20:00:00,978571.7305035,53647.110306,30807.5465,9906.2303,6707.6997,9424.99713,810.2858,558.63194,21239.41359,3627.31563
2023-10-16 00:00:00,861170.280088,62263.704898,5723.5625,11760.3391,13539.72884,6950.79051,5396.1578,794.06917,3742.95875,4619.8677
2023-10-16 04:00:00,1312718.5002553,167693.054892,41075.9023,18526.2467,21356.19778,63699.98632,15565.7144,9171.98301,34628.2618,19888.08051
2023-10-16 08:00:00,386573.5974423,42594.376165,39707.1297,3139.1385,2263.91084,5933.27503,853.0883,1387.90345,5194.17513,1895.96207
2023-10-16 12:00:00,3578286.8386904,556536.560754,254009.7627,55197.6975,55163.08423,83588.19475,51128.481,11252.14451,37993.48064,62702.61046
2023-10-16 16:00:00,1169173.6702178,286388.551188,131351.056,17963.013,8821.13475,17807.64304,2626.4113,2921.97034,7118.92989,14229.45706
2023-10-16 20:00:00,966029.5481886,227305.268846,30781.2159,7126.6534,17833.74588,15505.11565,655.2067,2915.19343,4795.80098,8168.4448
2023-10-17 00:00:00,1094735.7366283,211271.45935,74025.79,8596.9243,7173.68339,2419.09015,1338.6336,4230.77689,4824.40414,2406.42145
2023-10-17 04:00:00,830086.2258206,73362.924086,29906.7538,7618.8376,5164.9969,433.5108,2257.2602,465.83924,479.90678,585.82041
2023-10-17 08:00:00,700289.4764504,59392.265203,21200.2754,2624.4418,1798.44177,429.08626,740.3925,95.07601,3413.93425,1650.79892
2023-10-17 12:00:00,963733.3624044,62803.873433,78471.1285,25239.4868,11700.7389,16619.7108,4871.6641,1593.67391,9601.18661,11559.27847
2023-10-17 16:00:00,733197.1544524,106915.464464,158090.5287,13740.8794,13687.82007,7825.20421,1304.1352,2864.10833,1695.08063,7297.14316
2023-10-17 20:00:00,969963.1898919,26356.562092,36239.0197,16811.1871,2096.12625,3579.57563,569.8825,1064.23395,1022.82624,3713.17198
2023-10-18 00:00:00,785089.8532188,35966.198467,9112.1256,12089.9916,11383.29989,6519.22471,1097.5152,3243.22845,4580.12622,11345.99288
2023-10-18 04:00:00,1612950.0096477,77424.505526,22464.3188,3789.4781,7314.8304,799.26715,6939.1251,621.0138,2031.25277,2919.37228
2023-10-18 08:00:00,585079.1644903,31969.054687,22346.3008,9840.3397,1962.49955,14757.52366,2850.1642,490.12983,1838.54661,2166.33146
2023-10-18 12:00:00,1194586.2121958,30155.498456,29176.7413,26310.6502,6507.78353,8336.57246,877.5733,308.76661,3080.04256,3846.60983
2023-10-18 16:00:00,557839.2175434,28691.397519,18355.5596,40530.7184,5869.43702,522.63404,3200.5694,412.88867,825.29671,12899.67039
2023-10-18 20:00:00,452308.433656,59347.51223,28997.7964,11474.305,19625.42393,20175.96774,7502.1842,1235.5122,412.52127,5132.26057
2023-10-19 00:00:00,859147.894832,53785.912445,44884.3857,15758.4896,66582.75148,10970.84376,5520.7845,2566.26978,6550.82666,2264.71581
2023-10-19 04:00:00,470222.5547072,38641.177566,11643.4735,1424.8866,3490.081,2342.33279,917.3197,1450.30373,145.33906,3150.42066
2023-10-19 08:00:00,680855.5790951,105931.146916,116709.3047,2129.7976,6625.99268,411.2605,3536.0866,1267.88603,292.45879,1803.17816
2023-10-19 12:00:00,1292201.5925591,44092.797359,101382.5376,9368.2096,15907.62755,3092.63554,1853.6804,294.30464,1702.11617,3528.97031
2023-10-19 16:00:00,1617127.0681769,116248.107412,457641.9329,11006.0702,41459.02453,27661.41953,1225.1871,547.97998,2004.39869,2933.8052
2023-10-19 20:00:00,772940.9136558,49548.959141,29125.5172,18041.5344,19887.18124,10460.25684,16329.4287,2037.05518,3544.01778,2899.36655
2023-10-20 00:00:00,1877594.7913442,258242.099118,125557.9221,89293.4833,15287.83717,5210.6665,2778.3067,2879.38944,3175.73476,12733.27406
2023-10-20 04:00:00,1362705.2369691,108756.717066,207528.7038,58189.3448,37414.31948,4132.73312,1214.1275,2819.14382,3434.34013,22137.00699
2023-10-20 08:00:00,1937201.7371338,195722.799339,130905.9545,44909.0788,19386.96528,21962.74128,5690.1678,11787.55847,13494.74109,22202.57653
2023-10-20 12:00:00,1402346.5025294,241604.587163,73497.0762,11670.1195,24724.90046,14280.87235,2456.4528,3561.16736,5311.9118,10284.43444
2023-10-20 16:00:00,809562.3658064,45029.781619,62415.5438,11585.3409,7322.12273,17285.40327,1048.7182,4473.6635,2317.01425,4765.37042
2023-10-20 20:00:00,783959.9884499,45913.313078,91064.2764,12223.3161,5522.8933,4998.57693,1487.6819,715.07971,2187.58176,4642.38904
2023-10-21 00:00:00,536693.8655016,83367.934239,30067.2941,6855.0968,3292.62763,9571.54754,434.925,994.62984,1679.41097,1612.10056
2023-10-21 04:00:00,536793.5577418,93798.67219,133596.5878,1985.3,40248.36957,10483.48988,1892.3205,286.5333,7112.52921,6158.95501
2023-10-21 08:00:00,391744.0945511,63377.354513,217619.1402,4622.2958,14247.70938,612.27482,1351.224,10445.21531,16823.98014,2282.48733
2023-10-21 12:00:00,1086491.6835387,257253.529221,244192.509,6797.9308,12032.29645,6859.78404,5717.3841,2849.47454,90835.63838,12792.49784
2023-10-21 16:00:00,2233721.4473358,162236.856099,189814.5954,8282.4815,27698.8585,8886.43359,9987.832,68440.07937,137012.23641,53925.96124
2023-10-21 20:00:00,782950.8273624,60637.043766,147571.067999,7445.3914,13519.90429,7885.7593,5310.9687,27020.81427,37230.35836,4658.94793
2023-10-22 00:00:00,867639.4353437,60612.648267,34476.8476,20360.0756,4416.05076,1301.2848,5402.579,4360.03679,99740.21078,7970.73599
2023-10-22 04:00:00,811769.3892103,90228.862156,75776.04,10311.1346,25432.98253,7682.39982,10870.1837,17659.77758,109086.68592,4922.70614
2023-10-22 08:00:00,456417.5676858,27956.071909,40761.2424,2534.4867,15446.89175,1080.35728,6711.3096,1143.69264,16969.25207,1401.93419
2023-10-22 12:00:00,408737.5926982,27317.451717,15626.2039,4869.9562,3243.40563,1376.55741,733.2594,2406.33403,19568.01032,5899.69687
2023-10-22 16:00:00,527905.4357045,31577.235468,21664.0084,10664.2552,4743.14992,6378.63436,694.3987,3181.18302,96486.51422,42828.23683
2023-10-22 20:00:00,901963.7312147,181160.363142,30611.7579,52945.6412,39033.77566,11572.24194,8513.3001,4652.85308,150167.29683,4230.42165
2023-10-23 00:00:00,2633453.9057213,259531.773039,192587.016721,80143.5642,43312.12033,37321.59265,20934.4194,16566.42525,169689.88776,23568.30549
2023-10-23 04:00:00,1798904.4210011,139491.606367,86119.283969,8195.7244,13759.58036,25474.86799,30733.2203,15428.23696,92077.51598,42358.74554
2023-10-23 08:00:00,598391.2848562,78249.564711,44991.6425,2485.856,8550.49752,36061.30679,4479.8338,1520.43333,89543.3539,1798.24604
2023-10-23 12:00:00,1212671.0121982,73586.687042,161105.7743,14418.675,37780.43764,16268.87391,3894.9672,13365.43103,63859.01887,8043.91045
2023-10-23 16:00:00,3038107.5565491,542324.952742,194278.0847,161231.2446,36785.3624,16731.65895,10696.9017,19068.73439,105565.54668,36348.32538
2023-10-23 20:00:00,6489188.8484212,946723.573794,537214.187703,147535.0594,186340.45699,116469.10908,46737.6531,26458.09038,165469.44889,67546.72801
2023-10-24 00:00:00,7658523.870198,901023.909651,595504.548,156980.4941,175414.66746,73109.55931,19941.092,18251.87793,115271.24898,79019.08213
2023-10-24 04:00:00,1889625.4970486,393447.315971,91849.1576,19452.3361,28652.82541,17239.04885,9201.1174,3942.2853,23114.58443,11811.06498
2023-10-24 08:00:00,2047727.7506637,194483.661149,63344.0943,12656.5578,15800.21183,7531.24641,2066.3286,4902.18597,27155.57959,2237.79245
2023-10-24 12:00:00,3852563.6546945,420798.407728,201933.0202,38299.7264,133299.00253,70008.81598,18018.6405,10201.68434,67528.05772,23878.69848
2023-10-24 16:00:00,3240866.34224,269228.089326,359627.8498,14644.8192,13079.85875,11246.61163,8219.273,10557.36478,16326.24733,7147.68882
2023-10-24 20:00:00,2622911.2806567,202108.869116,244043.5318,108923.1495,24125.46841,12352.27788,3743.1518,1599.34356,29517.16187,10048.82299
2023-10-25 00:00:00,1883315.1657132,180988.466907,448961.5446,34085.48,120441.81254,35915.74712,10317.5444,2484.28346,212895.65512,13177.10924
2023-10-25 04:00:00,1303245.0279106,98353.931076,89318.9548,9509.7731,10613.50793,5190.70305,2803.7287,834.51568,79547.73332,4004.09443
2023-10-25 08:00:00,1242158.7710944,129751.373693,97043.5901,2367.5891,2712.80174,2116.06667,1382.0389,2810.92158,32693.22774,674.4393
2023-10-25 12:00:00,2558576.9084827,426899.854046,230974.089739,7570.8961,47997.72859,25882.71317,3904.0663,2104.71981,48165.82025,10553.39962
2023-10-25 16:00:00,3026238.4229671,297909.247831,171491.8473,33138.0307,64628.61708,29087.05275,17361.822,11787.65591,79449.86661,12681.61783
2023-10-25 20:00:00,1821026.9457103,145115.191245,107668.3724,15227.4158,33635.25213,44767.72335,6628.8326,3796.38905,29023.41416,10659.19901
2023-10-26 00:00:00,1914080.2407531,285522.135702,82337.3538,24827.8836,63270.94712,97042.83375,11685.1407,2185.92855,26707.65369,6543.77362
2023-10-26 04:00:00,1664719.817459,177665.898141,72168.031,24418.6177,122185.61564,23562.28958,27314.8569,1187.73909,20719.21653,13633.58617
2023-10-26 08:00:00,1267318.2733449,134960.276858,94905.2649,8426.9297,66382.82505,52813.30198,42231.8967,13534.30539,85567.89685,12342.44012
2023-10-26 12:00:00,2494316.6742891,202834.03896,146986.9251,19882.5141,57546.26215,80973.8254,16840.9401,8541.92597,71255.01253,13407.47357
2023-10-26 16:00:00,1902887.7041586,298845.00735,91275.8341,17875.7856,49489.17637,39125.75766,3032.9993,7311.72232,21074.09622,17815.64093
2023-10-26 20:00:00,1121376.0917009,179917.273402,292183.002,11879.058,7167.02049,39287.24741,9650.9681,1271.18336,49281.58876,8375.3439
2023-10-27 00:00:00,979460.2144021,138475.923798,89598.1749,6965.2766,10262.7619,31485.71665,11386.9365,2871.33512,48311.09792,9927.28937
2023-10-27 04:00:00,556226.7626166,131010.273626,27679.3036,13290.0996,11885.03368,15096.18415,1781.9034,945.75579,35662.01388,1663.19118
2023-10-27 08:00:00,700360.1080329,31094.221267,106380.1942,6912.6222,11959.58343,5558.88525,1473.8032,259.34027,14023.75369,740.21527
2023-10-27 12:00:00,1206770.881446,62720.155023,225523.6903,50540.4537,13118.09535,7549.66868,2792.6429,1587.43739,63933.4594,15416.67254
2023-10-27 16:00:00,2150261.6461468,167541.988343,98999.5745,14900.19,36980.98919,43866.99563,3006.9884,6701.41928,47970.74858,15453.64026
2023-10-27 20:00:00,977659.7783361,36738.505541,94263.5487,13166.2114,14064.54827,20030.84371,2769.8151,569.94232,9162.1275,12551.39391
2023-10-28 00:00:00,656389.7706225,62170.418676,27911.8324,13516.7045,21114.06048,39852.49951,10849.0827,17358.33552,31221.855,11686.1436
2023-10-28 04:00:00,408161.4990973,8004.057965,41633.5392,4763.4047,30072.03951,4704.24659,10354.9732,3298.85487,48910.72795,1814.52013
2023-10-28 08:00:00,624331.5635769,16841.512413,20381.3302,1655.987,3549.90974,12153.90653,6699.6671,2723.51308,23597.17645,6804.65184
2023-10-28 12:00:00,506419.1349126,43976.198828,45766.033,8752.8745,9861.58032,22463.24091,3978.3348,1108.04507,22938.28089,5876.21749
2023-10-28 16:00:00,520122.1085997,46100.373638,29116.3435,9104.1005,9721.49281,5596.07757,36016.1644,1743.95464,27886.39157,1304.44825
2023-10-28 20:00:00,213620.8726554,70228.965324,27185.6558,6626.3115,3902.1886,7145.82325,2564.4873,3518.47081,28029.33063,935.28679
2023-10-29 00:00:00,507121.8063456,56915.363278,29842.2986,11366.1438,8948.47652,7969.49444,40198.552,2282.08353,9717.3041,3965.4888
2023-10-29 04:00:00,359524.0874888,5811.241854,45093.9201,3251.2606,3243.67197,596.29288,1618.6373,406.7709,14559.11009,2025.80765
2023-10-29 08:00:00,524815.4941154,82717.84557,46705.129,7371.2735,20125.25825,4237.62166,879.4168,598.2329,17002.48855,9643.66021
2023-10-29 12:00:00,1266340.8265564,49087.813819,171523.0352,9555.7065,30341.48765,23469.92556,9063.8938,1152.6293,7811.79507,6162.70592
2023-10-29 16:00:00,1152006.4961391,109573.387666,139496.3731,11254.3944,36827.98902,12161.07329,10921.7041,23383.3277,15950.73134,6805.06294
2023-10-29 20:00:00,943488.4346594,90332.453488,38218.4775,11375.0817,9850.08491,16696.74781,7447.6642,2973.69155,13397.71964,1184.67722
2023-10-30 00:00:00,1168701.3010908,98185.255877,38822.4287,9285.2788,11151.76686,5941.94888,7371.2469,1831.66005,28340.22169,10573.42918
2023-10-30 04:00:00,379674.838238,20141.682557,31812.9747,5182.299,3490.00509,8385.46937,5099.1079,2921.90839,11206.92207,2215.80603
2023-10-30 08:00:00,1493206.6912265,336557.001987,281701.497455,40504.8947,40460.84389,3140.4601,12132.0417,2049.66735,20258.88011,7107.55174
2023-10-30 12:00:00,1906975.8170741,106722.228699,279833.607957,10380.9081,60251.67301,16847.87156,27660.8749,5433.4297,58100.40524,5065.45723
2023-10-30 16:00:00,2107028.8368533,157608.364889,125037.7859,41072.3054,64517.14607,27578.11719,4022.4786,7131.41773,38778.17931,3024.2993
2023-10-30 20:00:00,1064050.0460514,154711.674482,60682.9351,6833.8721,85282.88243,1414.39887,2197.6298,7134.43603,10379.54111,7530.47051
2023-10-31 00:00:00,1058054.5710907,151359.161592,369921.534299,18399.6737,82857.88162,35371.68216,7562.2113,12884.96253,55141.67407,21353.47925
2023-10-31 04:00:00,587575.0427407,102293.825471,112115.350585,17239.0366,70201.48117,8758.30805,4136.1812,3532.88412,93129.61746,1505.05951
2023-10-31 08:00:00,725024.3897014,110696.279315,169462.363116,7802.4472,39359.31931,7800.70386,3924.2047,1699.13659,11640.17213,8351.99835
2023-10-31 12:00:00,1946823.6114041,77329.480147,151314.605,28647.9775,154739.37311,49798.22712,12722.6611,18597.56264,68247.19847,15521.51432
2023-10-31 16:00:00,739610.0927639,126148.899313,82644.2035,24216.511,42332.10651,14033.66894,5194.5652,8840.48392,55449.1849,3737.63527
2023-10-31 20:00:00,1112952.8045995,87282.024319,472274.819241,14643.8541,37774.02343,10919.83121,4789.7502,3338.81785,23081.7731,14849.86388
2023-11-01 00:00:00,514123.6008132,113393.042613,281282.986733,107202.2024,17898.80931,12557.44079,4388.9621,2606.35175,18483.03977,15678.57987
2023-11-01 04:00:00,500338.182509,31503.166462,145375.714809,3556.1584,62711.89413,6520.67782,2136.0853,1483.59559,14513.7893,11344.154
2023-11-01 08:00:00,456555.2788968,244500.978821,140522.558359,3552.7518,17564.05688,8451.51519,1024.7983,6416.8421,18259.74645,947.31081
2023-11-01 12:00:00,4696835.8655963,208522.016834,603888.251023,12591.0565,49343.98638,32686.84021,11197.6284,4068.32223,72799.23489,7775.77191
2023-11-01 16:00:00,2593567.7380023,272823.471674,1178562.271985,50983.1335,71654.24785,19705.50597,24836.0698,20922.98467,81208.05294,13573.09412
2023-11-01 20:00:00,4089693.737534,315199.135885,1246814.0058,80673.3249,118176.23182,51756.78516,19102.6801,13162.72069,82457.58259,42570.05884
2023-11-02 00:00:00,3282566.7981784,368267.953269,329213.4311,84541.1445,134551.29454,43861.97841,14432.357,26540.74075,44075.16458,36666.49561
2023-11-02 04:00:00,1820711.6891841,240775.498852,483750.648,22503.8501,73617.34675,32574.88696,13372.1989,13967.62554,40297.77514,25455.11541
2023-11-02 08:00:00,1295095.7905836,34297.35855,263856.4036,10768.2701,74101.45892,29914.36636,11377.9969,1234.29667,14072.70178,14555.15716
2023-11-02 12:00:00,2761180.9704468,133732.982628,301192.9446,40512.3903,52245.81527,39588.60255,41213.2014,25431.29155,72835.0517,20050.98953
2023-11-02 16:00:00,1164715.1930804,240418.08418,371024.1974,21317.7705,279456.69487,30285.51655,12342.6815,26364.03035,32242.50638,20694.40523
2023-11-02 20:00:00,1249407.3786275,90515.612029,272415.0387,17244.2314,54553.3629,9789.47641,12540.8422,7138.3795,14361.56154,10106.21987
2023-11-03 00:00:00,982502.9422772,106590.013342,311550.3418,10884.3425,54298.84057,26966.98016,8977.8247,63546.23918,75994.29546,12911.74726
2023-11-03 04:00:00,1072555.5760246,22414.585377,184574.7463,6935.1943,53152.82159,951.4034,10437.2538,17274.81319,33659.72257,11428.62894
2023-11-03 08:00:00,1040706.6307497,103063.751884,178726.0476,7597.7469,21731.16109,4162.93282,16321.4822,20038.5243,25923.41315,549.42779
2023-11-03 12:00:00,1696540.8988655,151324.462255,236384.2771,46084.5154,26000.42895,18375.59845,56282.2297,4007.97711,132097.67274,3067.26156
2023-11-03 16:00:00,1820094.9416911,59800.482467,228071.1052,56076.4388,55830.02143,2718.94582,12440.3024,1781.85523,19482.03788,3091.74598
2023-11-03 20:00:00,821170.4898032,100146.197714,74550.7564,15889.5593,41521.75376,18305.15935,4382.2405,16070.43252,41652.21566,7463.067
2023-11-04 00:00:00,495412.96838,139342.095092,227651.8643,14225.9433,35833.36003,23326.25464,4638.6881,4780.02758,20506.77932,6924.03657
2023-11-04 04:00:00,540899.3424711,96878.675677,250694.1819,16052.6068,8054.44222,22342.38321,2863.7582,5095.72451,18555.50245,10045.29087
2023-11-04 08:00:00,430005.7913133,194332.448518,149292.3937,29008.8283,2629.92848,3953.55735,2434.9515,5268.42982,24967.97586,6916.29121
2023-11-04 12:00:00,289537.2793265,42165.57288,143927.721,13857.199,18263.63965,10323.52542,3019.7965,29660.96357,9543.93354,3287.81824
2023-11-04 16:00:00,457476.6367478,35952.564054,95326.2934,11393.7882,6056.49054,9032.40226,3091.4077,1561.61961,6413.35698,1927.61469
2023-11-04 20:00:00,1429724.2853504,142097.662377,106730.3665,30635.8607,15886.41719,32567.71103,7003.4914,4862.04974,38555.91349,21587.59056
2023-11-05 00:00:00,684754.4346426,411905.575905,126173.8835,37018.5906,12804.33628,17776.99607,3640.84,2612.69642,172967.29573,46239.98578
2023-11-05 04:00:00,590514.1233451,230994.079369,138182.7516,18222.9379,46650.05409,28603.65531,9111.1466,30531.62571,42383.85728,9992.85493
2023-11-05 08:00:00,659650.8049991,281519.712188,51072.4959,23394.0203,31909.05339,48302.17181,5828.294,4561.06207,48765.63757,17515.18367
2023-11-05 12:00:00,896529.0104915,232484.727493,160741.1155,20028.3685,89772.79788,77376.19983,4488.0688,9594.87525,71189.46692,2096.95705
2023-11-05 16:00:00,828717.8956553,267068.024283,125483.6404,11316.6442,86851.53439,48560.75226,427.4327,24299.02756,59846.76142,21787.7124
2023-11-05 20:00:00,1756960.5176157,181518.401935,192446.9406,20403.1294,74465.53218,19305.01361,5667.5079,4113.10804,25384.0039,15506.35827
2023-11-06 00:00:00,741309.1956458,178279.068973,111004.6236,29015.9821,137812.51122,69222.59593,2573.459,24839.78179,29881.35555,33259.21302
2023-11-06 04:00:00,413102.5021286,144695.114678,270822.8659,33275.0532,20829.09964,25535.21036,8920.8438,1699.35375,87028.87137,13406.15364
2023-11-06 08:00:00,1027731.6982924,78486.681221,74498.8781,28235.7103,55251.17904,10618.34026,18456.0675,13984.08197,29290.5924,7150.28803
2023-11-06 12:00:00,2402407.8212844,175209.358612,228191.1201,181241.1112,72003.33326,110230.13429,11629.6443,22675.00496,174425.5812,58792.547
2023-11-06 16:00:00,1879902.2942418,140611.07795,88550.0549,31005.1512,278332.93626,143588.16411,7996.4884,41481.48309,61926.56769,9873.56125
2023-11-06 20:00:00,1514433.4628274,114712.964615,133217.8988,45682.3083,118402.97071,44560.4542,4724.2335,32342.20202,159648.28377,20423.88359
2023-11-07 00:00:00,1203288.8011535,118625.480288,307167.6877,21521.7678,87148.00235,96787.12418,4867.1494,18566.24801,163064.84254,26982.70179
2023-11-07 04:00:00,433107.0265575,59482.747985,91186.0395,15109.4898,38275.61949,6764.13583,1833.0537,44375.63616,71142.43656,3557.62878
2023-11-07 08:00:00,2027452.8879115,76242.9689,68084.588,15708.0117,47215.32394,19836.40249,2769.7752,2360.59485,34904.15368,11697.93887
2023-11-07 12:00:00,1114659.6864936,73869.841457,106574.0592,34390.037,40462.44001,30729.01063,13797.6063,12808.72853,95603.17912,10658.37654
2023-11-07 16:00:00,2660221.141997,310719.35843,613628.4856,45063.7912,149513.01138,31834.57571,9611.4586,54274.50838,82824.53564,11592.61747
2023-11-07 20:00:00,2619578.4490016,353774.810899,195309.2964,29292.8223,44308.70449,12324.15543,12371.7283,33982.0203,27971.46732,9685.65301
2023-11-08 00:00:00,1066575.6443111,69629.670196,205739.512,35343.7627,21382.99788,10816.89689,7804.112,39908.67716,92536.12003,7301.03941
2023-11-08 04:00:00,942707.5600377,64106.167084,82609.0516,17695.6269,31121.2918,12338.00669,3111.4234,16913.15474,50681.87509,5590.97906
2023-11-08 08:00:00,459336.4820398,46245.834415,52836.8926,21855.0721,19064.11008,9723.95617,1152.908,730.71023,57632.35394,5539.54134
2023-11-08 12:00:00,1881362.3255083,47778.161313,118432.6665,32132.0712,48412.894,11013.16895,1729.629,25099.80817,101040.4499,2148.2399
2023-11-08 16:00:00,2679615.0640442,177659.117324,99823.5615,55360.2237,16870.17443,74342.17634,9182.6017,6066.0819,201367.59042,7332.11933
2023-11-08 20:00:00,3171986.3921614,335451.912607,201595.9327,18176.9442,103286.26376,70069.47287,17273.1555,32103.43254,140628.46553,35501.95413
2023-11-09 00:00:00,2844506.859871,500487.37378,601547.6541,34146.3977,85394.88882,59741.13079,20315.9285,31019.83548,296736.34517,16392.62271
2023-11-09 04:00:00,2526847.673206,219783.499822,177351.827,27210.33,57513.24303,33267.88701,27780.2514,76530.48494,57909.78461,12257.48562
2023-11-09 08:00:00,2159648.3042779,130261.966758,225389.260647,13318.143,22531.00197,25672.24374,3580.4004,1719.82551,24410.51422,10559.67252
2023-11-09 12:00:00,7821664.8134131,2099679.582422,469012.775765,130666.0192,227508.3144,98774.40137,25982.1611,42696.40836,421374.40232,43650.25933
2023-11-09 16:00:00,5102272.3912144,1192310.497765,420291.0516,113603.3537,183486.6167,151044.21417,33268.2834,66110.9999,377740.62346,94114.77001
2023-11-09 20:00:00,3291965.4422659,1172360.828278,476025.1157,40980.8611,66919.06512,85432.57373,18073.3035,13879.16154,163661.34512,29087.65713
2023-11-10 00:00:00,2285311.3498568,327034.181067,397690.4247,66769.7849,149070.05277,20468.55989,14444.1397,36145.55381,73617.81281,72363.88439
2023-11-10 04:00:00,1045916.4149278,262042.839245,241764.7586,32765.9065,46623.41627,20408.25229,10923.9653,11573.42035,26108.89931,20560.28777
2023-11-10 08:00:00,1441709.9484287,226964.27763,385359.803121,12470.7651,42375.40101,22988.63841,3480.8787,4714.19659,46435.84393,24085.10717
2023-11-10 12:00:00,2319028.4809939,362499.943186,565715.040592,57427.0254,144945.76462,34270.86039,27996.7349,21862.824,162041.6833,12996.67503
2023-11-10 16:00:00,2218660.3099993,240227.500567,781690.081146,100227.9251,28877.6144,24263.46949,359452.5632,45314.08199,93589.61868,23154.05029
2023-11-10 20:00:00,1653276.1717996,368921.75855,913935.261788,70861.5924,93026.53493,197524.93382,278708.0349,45185.06305,108026.10473,22676.2914
2023-11-11 00:00:00,1390644.3845987,395988.811139,902372.2148,33263.1011,66923.26799,55930.96468,67599.4652,14205.33823,94689.40274,19137.88107
2023-11-11 04:00:00,976430.3210934,196846.394196,264412.0902,17035.073,26109.84873,130602.82177,9810.0874,16052.13494,51666.839,24584.43267
2023-11-11 08:00:00,808853.2147871,365319.479929,141797.0004,14708.3339,21993.55749,94298.65725,4516.1869,3335.43201,18881.22298,11169.59704
2023-11-11 12:00:00,1225589.0530254,215082.419536,1364986.578374,53205.6397,86591.71523,68094.56875,621752.3475,35594.60348,261940.36954,160411.76622
2023-11-11 16:00:00,856189.6915249,235335.14165,908029.2291,64190.7169,86051.58822,75373.79538,136868.66,71475.04973,119624.13926,10308.38906
2023-11-11 20:00:00,1480908.4650839,152020.504095,578882.5912,13561.9074,103915.3629,72353.23171,135516.5785,25555.59582,74782.17631,33233.65764
2023-11-12 00:00:00,923773.1284132,128192.568131,390285.3411,39293.5929,68763.66939,48598.64324,75680.4159,41777.41863,137616.48303,29654.44631
2023-11-12 04:00:00,720016.4082734,68839.690556,696436.2401,22837.0058,80498.42547,38417.59515,123634.5268,18159.39938,168980.61578,5857.79235
2023-11-12 08:00:00,269499.1849916,16360.990494,256900.0106,13326.3884,22984.2708,27691.56088,69649.4689,47364.53164,33511.25191,22751.78789
2023-11-12 12:00:00,742637.0480753,90664.153789,427759.3408,8205.3922,33008.32923,45582.6932,92748.1036,51362.72735,40179.58684,21545.01826
2023-11-12 16:00:00,355520.2539649,84423.334575,412184.0583,21442.745,35318.40241,55030.26259,52802.5898,21574.2804,73107.31202,12478.10031
2023-11-12 20:00:00,916430.3516354,163010.912836,296769.1559,15990.0477,75398.43021,14379.36846,215798.8694,8076.70789,95536.3816,7687.97963
2023-11-13 00:00:00,2062353.5849102,322541.083997,755165.7805,63643.4089,63360.22323,62522.93609,163270.676,33120.36571,73975.19947,11167.28125
2023-11-13 04:00:00,957179.0679473,298339.915656,348118.3433,18672.2107,53321.75791,26038.66784,47544.1994,27572.54578,203008.77654,24298.20351
2023-11-13 08:00:00,569233.743476,55869.491378,302479.1705,3623.9774,42077.55749,14403.20116,9688.4065,19927.89426,27715.72987,1873.82371
2023-11-13 12:00:00,1804200.0575768,575957.461979,574143.7192,26444.357,63970.46343,18834.72937,96643.4033,24719.11646,99437.76882,16667.55869
2023-11-13 16:00:00,1718139.6862513,295736.581968,449308.1787,49634.2469,55984.9395,21033.71363,53127.7786,43813.18899,76594.66816,40536.90131
2023-11-13 20:00:00,2357103.75174,330866.204997,269057.2024,85990.585,115188.17311,39523.19477,50840.4041,31689.76135,141859.00176,27738.49375
2023-11-14 00:00:00,1182073.8691874,87450.577358,322835.4875,12266.8782,83754.35434,28553.32712,60870.5444,20800.15642,84064.39126,20739.28862
2023-11-14 04:00:00,1095125.7906208,129160.897961,53026.378,14554.3968,23744.08646,3483.41993,59929.0597,3387.7755,17020.497,1576.14481
2023-11-14 08:00:00,871339.621243,105318.058516,113441.2073,22210.6825,28415.15131,15047.68041,53912.1365,2922.56827,17897.65001,2106.08439
2023-11-14 12:00:00,2714445.503474,278382.897219,653523.004,17478.5276,52671.12896,38054.10887,74975.6085,5876.69443,111914.66837,18941.15675
2023-11-14 16:00:00,3286071.2118383,437755.645656,414992.9885,28583.2224,121723.69622,50052.92259,62116.641,10902.67541,332694.97568,32686.80504
2023-11-14 20:00:00,1552272.5234823,255944.414705,349547.4943,33614.8465,31539.71256,15834.37691,36196.8589,25760.15332,36613.92085,13262.37988
2023-11-15 00:00:00,1294188.1188456,136658.755224,282066.2207,22716.6578,26336.37311,18862.1296,76401.9436,669.6523,39855.07803,8618.86866
2023-11-15 04:00:00,920775.3671145,95236.684248,376295.6594,22661.1565,24312.93686,3029.29693,86119.2647,3786.13601,21703.5806,2273.2546
2023-11-15 08:00:00,1655045.7068802,236017.90191,331438.8617,7154.7268,25161.90227,17087.80298,77142.7557,8206.318,61747.56559,2333.82645
2023-11-15 12:00:00,1532966.9792747,231694.805653,794267.657,56461.444,86985.9469,37127.97333,150312.0505,4476.97091,103351.30999,63286.30533
2023-11-15 16:00:00,3721615.4657767,423850.165228,617421.9904,18506.2025,59755.7168,46493.08815,146273.2546,124738.19019,156382.5202,17737.86106
2023-11-15 20:00:00,2635020.9954875,485231.558629,508815.9039,64411.969,69983.79578,33753.89386,40796.2859,25210.77199,96466.77348,16281.59729
2023-11-16 00:00:00,1935347.8034617,382661.65131,328379.6659,50409.9375,70991.23029,24239.40264,199315.6276,11586.40905,57519.84583,14407.46732
2023-11-16 04:00:00,972254.4169004,228890.84293,683285.5454,32592.3539,150770.12953,75502.81369,205545.3794,49372.57703,48262.94223,2294.94507
2023-11-16 08:00:00,1664679.6708232,906016.53008,436719.2179,10695.3362,167358.81824,174871.29445,99192.1932,53342.4343,25892.34925,12151.6192
2023-11-16 12:00:00,3332373.0852424,1063326.456558,581003.9595,42961.3697,106110.01936,134123.41607,138189.7979,29771.03403,243770.7961,12780.62993
2023-11-16 16:00:00,3477592.6485322,598385.129743,413638.2895,39253.611,113202.70268,93181.25215,127612.2938,24399.40501,83878.57414,12435.84011
2023-11-16 20:00:00,1668178.2221118,245947.038206,500879.8628,27858.2437,47921.30123,148961.61865,110765.9249,7115.42732,26668.33772,17255.55531
2023-11-17 00:00:00,1574291.8892646,267336.136504,479543.1059,47296.2459,68858.02897,59477.50971,408470.5445,8684.50335,37016.92564,8881.98403
2023-11-17 04:00:00,823637.0939389,65526.479873,210439.9861,15317.4689,23173.94577,69910.44305,158878.3871,636.2863,24293.2295,12022.8758
2023-11-17 08:00:00,699189.0472067,64401.107954,251676.4757,5346.5886,38091.80601,141099.85838,118500.0113,2771.3589,34502.77274,5067.64234
2023-11-17 12:00:00,1856098.8819344,179754.985515,278261.9602,16671.1083,52105.71632,124766.9414,198072.8063,9284.42953,154449.74991,16616.71631
2023-11-17 16:00:00,2498757.3727209,242531.019475,439860.6867,13090.4644,50972.76447,68751.4512,55628.9008,3079.65139,214629.79798,9596.31449
2023-11-17 20:00:00,1833220.3101521,104087.493767,199435.6562,19083.6659,18528.04112,115953.92435,76724.1545,24598.36719,38810.08731,25652.44038
2023-11-18 00:00:00,435398.9976109,52536.472098,126303.874,18312.7947,22379.90541,68326.00135,34806.162,14331.63056,32236.97434,7011.21835
2023-11-18 04:00:00,508495.4492008,127285.836263,226083.2229,9812.4315,38611.90122,46928.91134,30683.6093,4118.95559,41155.44402,24081.73265
2023-11-18 08:00:00,407318.6722596,59250.381803,58875.0517,4203.5374,4327.37735,15948.83869,116454.2043,1903.73723,4023.66679,860.35285
2023-11-18 12:00:00,1288647.7658109,88582.171646,125539.223,8927.4869,20112.29899,111863.691,95412.8231,18852.41483,27632.62828,1236.92213
2023-11-18 16:00:00,600961.4022909,108687.379452,215086.2526,17804.2039,64412.3966,141815.35872,22844.8389,8447.17515,30600.63276,5622.57902
2023-11-18 20:00:00,356454.2717601,51492.010381,69778.9851,11831.8825,40999.73184,21573.31344,19495.325,1133.19843,18925.69117,11083.38656
2023-11-19 00:00:00,1097047.684038,59655.517717,225898.4559,13784.4817,38697.04787,69433.50388,48583.644,1235.21134,61307.01822,3067.46552
2023-11-19 04:00:00,560028.4169331,33265.412501,233749.4289,4614.9985,24278.58336,14776.09825,35254.9569,16305.87164,34432.03784,1191.48161
2023-11-19 08:00:00,459379.6846961,30466.120514,193513.494,5190.4148,8842.13634,3900.9374,22550.7361,16797.82933,17745.54265,601.46002
2023-11-19 12:00:00,445386.3733606,70126.397871,56414.5641,4166.4395,16061.73337,41594.55041,16774.1524,539.96327,9069.49091,679.26026
2023-11-19 16:00:00,1531156.5998761,190365.086081,126508.7447,20727.8697,32925.3964,30547.60665,45081.0959,14909.13299,36324.25325,3056.99289
2023-11-19 20:00:00,2605404.5606151,348597.058857,435180.6906,29167.6645,35797.23541,43644.94476,129839.95,9514.43504,91447.77926,12777.95394
2023-11-20 00:00:00,1278341.5195583,120575.208012,134863.4737,18516.1717,41590.83171,52145.35571,36459.4777,22160.18734,69980.53317,19871.96735
2023-11-20 04:00:00,544890.1328059,81976.37287,84780.7731,13536.415,38924.06652,38912.34057,32996.5899,9040.6545,109063.77405,5988.97159
2023-11-20 08:00:00,1159591.6245216,196690.203122,63737.1471,9151.1666,79183.60686,11371.57442,6955.5235,34356.81302,44406.99751,1373.46072
2023-11-20 12:00:00,2204990.8126738,269880.325912,173390.424,19618.9039,48198.53201,42125.34735,49109.6733,6544.46386,48606.22093,5565.34001
2023-11-20 16:00:00,3789542.0343267,552505.084627,325967.0338,300622.4439,74631.72088,44978.00579,73663.2503,20025.29729,32595.41215,6446.36728
2023-11-20 20:00:00,1046472.1443581,139078.254168,252564.5044,37323.1143,45763.12985,62766.13166,78521.0908,20730.56713,41438.27224,12733.03145
2023-11-21 00:00:00,1079153.9706917,183066.975337,244800.2364,138301.67,38188.88483,44304.73833,46245.653,2449.57333,146517.53411,16426.25182
2023-11-21 04:00:00,551104.9649487,153033.549921,177456.9233,26736.1276,73700.35148,11551.75273,21188.6183,759.37002,11099.44883,6808.66917
2023-11-21 08:00:00,653791.0143005,66971.801242,76718.6389,24477.5008,68460.64468,2482.99968,23107.8438,2680.95416,7569.04565,3752.87492
2023-11-21 12:00:00,4409570.0543481,278529.59176,362716.2238,136070.5519,64334.99724,32234.69142,60384.9269,3968.50761,67516.00724,35765.30237
2023-11-21 16:00:00,3215223.0715861,233327.491099,286086.8683,442770.5053,144035.87092,103572.64961,299627.9775,7625.59915,83529.10995,76772.15403
2023-11-21 20:00:00,3970233.0406247,455536.746311,383369.2101,386430.1836,100310.70305,85652.04089,262215.2515,9093.01284,98328.62418,37136.18279
2023-11-22 00:00:00,2098908.8731254,270004.169407,259884.9365,226551.7967,50930.69546,61615.87904,68368.4406,18436.12259,53715.99262,27745.05069
2023-11-22 04:00:00,1613939.2408174,166472.219246,112760.0571,230084.12,17220.39715,10736.74054,18197.7502,1536.60731,74089.00136,18490.02805
2023-11-22 08:00:00,1127122.1341231,221743.823813,33830.0911,56572.9811,3853.15468,580.06273,15745.9098,11725.68338,3401.2269,26183.08056
2023-11-22 12:00:00,1654322.4015937,182862.402061,126039.8933,48464.5325,84291.91086,15963.58588,27718.692,3118.07047,36928.46921,44540.16964
2023-11-22 16:00:00,3470494.587437,456917.247029,177804.8592,78161.0694,27428.13793,18520.43452,30478.5498,6128.75775,42447.99966,9784.14419
2023-11-22 20:00:00,3568540.3353401,380270.662801,524621.8864,200604.8138,72683.14828,76506.95486,39328.7239,11578.30113,30297.24178,8687.07699
2023-11-23 00:00:00,553226.7151622,69866.007662,174564.7913,117057.5514,56737.27475,3927.98983,22340.5152,2632.32932,24338.24894,6785.25712
2023-11-23 04:00:00,707452.1073662,156898.475992,90289.273,14086.7679,24972.42876,5158.69607,25374.3579,1724.53458,35264.32648,13417.73243
2023-11-23 08:00:00,1037382.4853443,203916.134379,40861.2276,4645.9671,22429.08778,2997.11379,4678.0626,7367.36176,8303.50549,11961.05288
2023-11-23 12:00:00,1747271.3035667,192446.042795,282433.2732,71817.1768,45703.78254,20800.27665,69638.3893,5395.15971,15878.62069,3974.27297
2023-11-23 16:00:00,1326905.009374,106669.184115,92396.7386,54678.3654,12125.85101,17711.36181,7145.2357,1461.44306,36868.26724,10206.24532
2023-11-23 20:00:00,1020130.1970133,96786.644781,36240.7221,102672.014,18026.70627,7171.67563,6632.1391,1491.93928,27237.05364,7605.44262
2023-11-24 00:00:00,562733.975856,82616.815574,54861.0572,37756.2671,105042.26001,20082.02067,55770.5602,935.01668,12928.52817,7166.4998
2023-11-24 04:00:00,706257.2190092,137814.951642,50790.6948,12856.4845,14416.21208,14810.95726,13865.5605,756.19723,6559.65402,1555.61828
2023-11-24 08:00:00,1999859.4655359,435686.832071,85963.4903,10389.5772,60804.09378,18812.24528,41263.9224,4810.09135,11923.22237,4034.89297
2023-11-24 12:00:00,3430137.9797778,246348.376565,187738.9411,14947.3801,22233.19039,11118.90806,26994.9586,1573.23507,6745.99723,7678.61211
2023-11-24 16:00:00,2571589.9471101,208547.420324,162898.399,30268.446,60278.38727,24233.5163,74765.3269,8968.8758,65168.70546,14095.22289
2023-11-24 20:00:00,1520417.3975954,135069.836387,77606.5921,42011.8155,53203.57139,17927.31365,28640.2016,4493.14989,11362.16361,3047.21533
2023-11-25 00:00:00,450772.4683929,195646.85343,323245.5048,131292.2251,18243.02613,27462.94587,58086.1009,4455.86412,24732.69534,8069.13802
2023-11-25 04:00:00,721447.5695532,31242.548146,64662.8028,27168.699,8333.30327,6003.29698,12066.9108,6762.8948,7502.9887,2212.70801
2023-11-25 08:00:00,361651.1883098,47912.455162,82176.3987,4669.0942,7801.93169,14489.49587,10714.8616,3894.1272,36167.66952,6019.28919
2023-11-25 12:00:00,394728.4336805,113491.101303,34284.0787,42062.4952,44354.53625,6001.42171,12904.6078,8902.11396,4827.29463,19327.24973
2023-11-25 16:00:00,358694.8238472,118455.355492,116911.9522,111471.184,14950.3153,34382.55803,5208.9132,3575.70931,6114.40154,15930.93774
2023-11-25 20:00:00,801699.3181076,92706.46884,24989.4483,62325.9738,12954.3132,17048.13751,9165.1196,8194.38016,4968.75743,7987.6254
2023-11-26 00:00:00,332126.2070044,86891.774965,63573.5717,24425.054,35753.66162,79291.88237,9648.2122,2767.63884,14156.43265,20382.60872
2023-11-26 04:00:00,362771.4420063,64221.202364,43278.7536,14546.315,13113.83825,6557.983,13650.2906,3005.23321,20817.40523,4805.79136
2023-11-26 08:00:00,403229.7481003,38891.332399,15223.5369,5182.0394,8936.63366,2288.52161,1658.3339,1075.70217,16477.50905,1613.99494
2023-11-26 12:00:00,1101823.7036826,90370.945625,120541.4648,14192.369,58034.21299,20694.36315,18029.0071,2374.76549,35697.62744,8555.75779
2023-11-26 16:00:00,956110.8523494,120901.60914,67637.3716,60037.76,30786.36913,17643.35792,27865.5752,9881.23584,41764.70055,10996.11841
2023-11-26 20:00:00,2026068.778047,89402.590887,51913.3976,30323.1732,36749.73305,10811.87398,24957.7482,4483.05227,16073.54418,3428.35374
2023-11-27 00:00:00,723150.8599181,77391.270274,106990.1606,13190.0907,20861.71183,100545.15398,101598.3528,30097.49493,103767.87885,2800.84267
2023-11-27 04:00:00,595027.7005122,74572.748373,87301.0545,15178.0749,13342.00939,51120.48295,9166.0137,3223.98991,16703.28062,1603.80519
2023-11-27 08:00:00,890627.9793359,39904.891609,153916.1561,13487.0662,36503.51324,10815.37847,3887.7108,1656.44062,9684.22056,7142.59953
2023-11-27 12:00:00,1155680.2655645,195032.384978,164376.4113,23871.8197,25944.93918,25307.50047,13055.8783,7774.79936,77133.38688,27022.60887
2023-11-27 16:00:00,1617240.1811136,177941.749438,132115.7096,19649.5735,45851.48934,16050.9298,45069.3222,2187.89969,58602.6087,5287.58793
2023-11-27 20:00:00,1147667.5069854,116505.755379,102558.8623,19671.7235,32504.88683,30536.7099,38324.0653,1406.0981,6537.01941,4029.21352
2023-11-28 00:00:00,1154392.5165523,205047.921887,49926.4483,16974.3219,6281.74943,6059.55404,29772.6641,957.2451,22179.21625,1942.84516
2023-11-28 04:00:00,461813.0720036,143877.004269,66307.466,13365.6772,24622.25902,5490.32596,31211.6345,1839.2871,51542.48312,2803.3223
2023-11-28 08:00:00,458716.7080215,21383.872307,58318.5198,8480.6362,7706.90159,847.95132,19518.6779,1010.65571,6649.43928,1385.96068
2023-11-28 12:00:00,1308193.9768931,167498.953787,31566.2917,6724.675,34662.26313,55721.60863,34695.0267,2655.30444,15854.10265,4921.02811
2023-11-28 16:00:00,4685913.8552617,282083.490192,260904.8778,36942.6285,43440.5988,62029.80967,57354.7696,5064.59579,34148.99233,41925.73372
2023-11-28 20:00:00,1763341.2210788,108548.013599,151524.349,48799.5694,34708.07144,6690.26222,38733.4368,1730.85023,40069.064,13494.38128
2023-11-29 00:00:00,1115130.5096909,179531.489106,180068.1775,23287.7618,12606.97497,12265.79117,82754.9793,998.6613,134447.89868,17154.63442
2023-11-29 04:00:00,828634.6673793,79913.064607,152151.9614,18832.509,11655.24,24612.88409,78853.6663,10771.81113,15662.28045,6717.06699
2023-11-29 08:00:00,1571019.2377159,143434.053279,288721.2926,10821.765,43135.37503,7751.81785,20306.6639,2165.93534,22976.25429,5552.8985
2023-11-29 12:00:00,1893028.4238201,134327.914147,437931.0728,33571.1389,68842.30988,74220.02448,60177.815,6149.33396,33571.23768,20630.68738
2023-11-29 16:00:00,1635696.6226151,55566.519933,132677.4132,129592.4725,23337.26945,29288.98988,39486.7337,2400.87782,4611.60564,11628.22005
2023-11-29 20:00:00,1480028.8192455,52053.45468,91304.5274,27597.952,12757.65879,11077.41928,8681.1173,2907.02391,8906.23325,4212.4005
2023-11-30 00:00:00,1196073.2058427,58003.108642,173487.334,129838.6083,10303.81107,22753.2261,104499.8853,8955.18704,15188.2581,2214.28122
2023-11-30 04:00:00,1062600.0389846,43520.434556,211794.7285,24100.4089,15345.71444,13891.46921,31979.6218,2793.13966,3521.18341,8388.18029
2023-11-30 08:00:00,753316.7721075,107187.563137,32188.5371,15036.32,21865.26657,25738.75134,10189.8539,317.3935,14084.87758,4009.46549
2023-11-30 12:00:00,1541709.8852536,123781.767227,193404.4142,52754.783,30161.46815,20532.56741,19482.7032,44615.74826,25287.65102,15266.04112
2023-11-30 16:00:00,1568788.020184,31023.088242,183466.3171,67170.8721,11929.4269,77767.3363,9585.6623,36082.3978,8040.93056,5313.53215
2023-11-30 20:00:00,866462.5206537,150300.531369,211354.2964,9706.6649,25348.86513,30428.30826,37790.1242,13149.95104,28878.09787,2349.368
2023-12-01 00:00:00,1938823.8336652,455127.351428,504728.3865,13886.5393,29061.58215,11580.88219,58527.0969,1245.71054,33792.3283,14248.77723
2023-12-01 04:00:00,1237130.0541209,217828.433496,70212.35,34422.005,11613.67596,49212.1981,28535.7203,17430.69758,30952.45027,7802.57623
2023-12-01 08:00:00,2644221.9219086,215937.776771,97994.0246,24842.655,12686.28975,79171.32527,115762.984,811.77258,4245.33806,5982.81954
2023-12-01 12:00:00,1902364.6276778,176003.293393,125293.8808,14996.0351,6072.42469,34856.60569,6381.518,3791.75181,14976.27664,11542.19517
2023-12-01 16:00:00,2963871.9595399,597171.252067,148759.3177,23348.6807,13500.22794,48727.35517,183887.0792,1718.11957,100589.28407,14148.81402
2023-12-01 20:00:00,1048208.3946841,57752.161726,79286.5583,82286.7416,34399.35146,18871.74675,38195.8965,3867.58718,35418.00906,12817.19734
2023-12-02 00:00:00,597009.4615944,205218.706823,94410.8522,40680.2328,19786.53332,11741.93941,6861.2682,5789.296,93495.98446,5035.0662
2023-12-02 04:00:00,446970.6371112,174418.156951,199578.7708,15365.3107,57606.00403,20271.28436,5528.3204,918.90988,66335.71378,1948.75421
2023-12-02 08:00:00,291897.6052862,86261.688113,14004.3506,4840.3138,14091.04152,3288.70782,2954.5642,13190.42926,7543.99435,320.35306
2023-12-02 12:00:00,686322.5797208,183652.785033,119916.7113,36934.3075,33057.87107,19124.04991,10778.2486,2335.47477,21076.07329,6767.83124
2023-12-02 16:00:00,2381036.5368228,473133.2536645,143464.8519,45393.4239,45527.7066,71208.93207,122296.9942,3227.3726,62032.89056,9388.49712
2023-12-02 20:00:00,2162099.0393087,221882.627676,288117.0963,26277.9728,97408.40594,58106.26085,60014.953,7695.77596,68173.138,2277.85804
2023-12-03 00:00:00,1122885.5350922,80885.395636,466028.0974,135294.3942,57103.24636,52191.14327,42802.9929,19390.02543,30137.21798,47173.45024
2023-12-03 04:00:00,513080.8921,48736.037575,155634.3343,16226.185,23857.35861,10077.0903,5840.8532,3324.53778,42691.51662,11080.19141
2023-12-03 08:00:00,260782.7504606,32878.87711,44391.5935,7916.5663,14584.22617,16612.2718,27509.0122,713.34517,30319.05685,3000.24667
2023-12-03 12:00:00,1616303.7640802,65826.658883,109516.071,24613.6373,31731.11622,14092.87416,116152.7623,5866.75776,16457.0711,3010.98051
2023-12-03 16:00:00,1152120.660533,115526.863855,161906.3516,30334.3844,19985.28676,9037.36844,24402.8569,3566.45997,53574.08989,4110.67945
2023-12-03 20:00:00,3915373.2486148,415879.4968121,340308.4959,40343.1313,107980.66085,152105.19721,42469.0773,9357.98189,50991.9784,4379.19278
2023-12-04 00:00:00,4634800.4172834,268641.0663538,330587.0419,102361.5433,79902.74664,102791.94354,147382.7947,5192.42271,94231.53347,102214.32191
2023-12-04 04:00:00,3444112.3992537,305903.4054204,300779.9286,114820.9463,80484.46899,150943.67716,66543.6726,16414.25645,146454.53737,13162.03623
2023-12-04 08:00:00,3902933.6506824,417175.5129968,232898.8807,94543.4985,62091.73527,41275.71431,86992.8986,10054.31314,107097.12244,10154.3704
2023-12-04 12:00:00,3477640.6000709,194689.135505,475408.1595,17285.4597,42792.43759,34721.08749,30719.4243,8220.45799,135868.00714,4291.40521
2023-12-04 16:00:00,2800777.6379065,124670.774531,278917.4619,48455.1474,22280.05896,24781.30139,74807.3081,4154.29085,53870.23729,14267.3064
2023-12-04 20:00:00,3588745.073273,271894.962686,211258.0973,35388.2535,30292.20355,75723.92656,37799.8031,6093.86326,44510.93865,16383.70911
2023-12-05 00:00:00,1426870.7540206,205666.120972,407743.9872,67296.3131,53866.59888,20427.91565,128347.7296,15685.99454,21566.54402,14640.1344
2023-12-05 04:00:00,844303.2673791,130266.92994,191948.1582,21889.5931,28853.47779,18186.57333,51950.4856,6903.31092,16600.84436,10002.11389
2023-12-05 08:00:00,391501.9835833,82086.381149,27873.0611,20165.96,5720.89089,31277.91208,5655.0455,11944.03095,8603.16871,2041.93895
2023-12-05 12:00:00,2310325.6866091,135056.555308,172692.8883,10886.9203,31774.09746,66670.41411,7644.7887,2621.77916,132562.88472,4527.74539
2023-12-05 16:00:00,10128839.221508,702485.7931327,427330.9284,59470.125,273530.36053,150009.73085,185344.2104,40644.87879,189031.91391,18200.81726
2023-12-05 20:00:00,5454726.3995609,385689.958203,303269.0098,188802.415,80911.86756,137190.65847,139218.566,13227.02876,24872.80617,19805.06316
2023-12-06 00:00:00,1697112.1318328,508437.381328,1122260.2654,124833.7127,157261.01524,70655.8966,208898.6472,41661.68248,72339.93585,27773.95012
2023-12-06 04:00:00,3511122.0310411,205836.211149,395090.7198,83384.3232,100773.31612,562424.6895594,66752.3773,12339.11033,81303.09148,9963.94032
2023-12-06 08:00:00,1862421.7053879,184537.098889,630134.1314,65112.1809,62489.88484,172998.37454,65820.0798,13868.86816,78095.15478,13037.12527
2023-12-06 12:00:00,2708198.2773206,204558.54093,131921.0436,37026.1966,235740.39805,226124.98291,185590.0321,42160.99005,64871.51917,20698.36847
2023-12-06 16:00:00,2345290.1262883,204635.952071,139898.4412,54398.6383,117389.70367,167346.29083,343689.8308,6394.94335,90700.39123,9360.14578
2023-12-06 20:00:00,2272291.0790746,355068.277887,336302.9511,38972.9703,175692.78136,133926.15294,101558.9834,3735.66114,152065.30303,13171.14393
2023-12-07 00:00:00,1030160.6946706,82431.617201,267443.9992,49087.1015,75731.82843,89334.18042,76778.5997,4771.57229,69682.98678,3097.32075
2023-12-07 04:00:00,861532.0113088,195343.548534,87447.2106,23065.6832,30147.5303,12884.50745,48389.9563,6943.45413,78419.5508,5181.11168
2023-12-07 08:00:00,2261459.3043385,422743.241227,170767.8805,33393.7631,134711.88238,31969.3039,153330.0173,19686.44754,37625.53863,4322.44362
2023-12-07 12:00:00,3278478.4032791,471638.708737,423133.1256,30697.0148,48813.60404,37115.45175,219409.0111,21977.02709,67908.15614,2030.44238
2023-12-07 16:00:00,2178909.9680904,522944.6760666,646913.8427,70064.8407,203218.70806,58793.64055,43456.0385,18180.18488,130811.65011,17000.11361
2023-12-07 20:00:00,1612632.9568694,290534.3390332,757582.461,20371.1799,54651.7144,80338.05822,18546.6749,2703.79151,87006.04766,4612.7859
2023-12-08 00:00:00,1197296.2248792,296476.095124,946883.32789,97945.3283,72945.41656,75967.31461,89337.8567,4641.57586,196450.20881,22872.98635
2023-12-08 04:00:00,1107543.6628015,175254.602263,703546.9303,51059.8169,122999.824821,33036.25324,39393.36,35177.34701,202395.49856,2499.07179
2023-12-08 08:00:00,966415.8054787,165775.993389,617873.5683,33209.2854,194329.335575,15089.68594,28151.0345,4784.60602,231835.19022,8865.76912
2023-12-08 12:00:00,2270310.9068797,277219.688043,521072.8346,57644.504,378077.503923,74012.74068,60400.7125,58480.45887,128526.18394,24500.81939
2023-12-08 16:00:00,1768256.5076031,322320.629896,437479.7609,85117.3972,672328.355867,182576.19606,53266.2171,42121.881,86233.25352,75957.20691
2023-12-08 20:00:00,4613581.8125894,244735.672354,525963.4308,55258.7495,145815.90218,218075.11158,221268.0978,31150.43427,148319.19063,19389.39623
2023-12-09 00:00:00,1241105.9351787,96428.944699,412299.8659,71787.4342,530503.916412,77406.58218,202763.4073,64386.57027,69157.68196,28073.96946
2023-12-09 04:00:00,948174.4542637,265416.1389756,273148.4326,65983.6159,388283.648688,78313.17364,72973.839,28546.7031,53062.34863,16437.01909
2023-12-09 08:00:00,1028265.9411715,266052.8578698,179040.7259,72553.8869,440394.666646,36095.79191,62362.3612,34873.96085,46005.74924,31342.38138
2023-12-09 12:00:00,740810.4127281,268675.394456,214264.7804,73018.0317,337110.09439,43798.28656,207488.4999,23422.74683,87826.52329,9187.60739
2023-12-09 16:00:00,762852.2369718,641464.774865,1030425.3159,37714.5008,472958.30753,100083.27044,174622.9201,55743.36589,51131.08439,4424.1871
2023-12-09 20:00:00,1013235.5017588,218375.218622,333148.4577,27441.2283,173955.94003,120410.79457,19217.3363,10415.74163,40868.85785,13139.78941
2023-12-10 00:00:00,532415.081808,427442.866688,134115.9116,31658.0847,252083.75765,46515.67425,49306.4267,6006.79213,36076.17682,4875.11327
2023-12-10 04:00:00,508508.2731481,112048.740884,170894.3534,68254.5906,86225.61514,104661.0917,99415.5575,6660.82923,66941.91454,22536.05922
2023-12-10 08:00:00,591433.8721905,57032.23936,205487.971,9764.3279,194052.26832,68111.98289,35651.1107,10233.79604,42161.39158,7099.71922
2023-12-10 12:00:00,890802.4466576,133538.21375,213488.5922,13398.8198,73093.21232,13163.97715,214696.6324,27926.52886,60081.64075,777.19974
2023-12-10 16:00:00,431721.3901677,40238.536292,173613.3822,55446.9146,119209.07815,51361.15691,210350.8585,14475.66659,71638.65206,8761.74011
2023-12-10 20:00:00,1794365.4608559,117172.269744,270545.5699,72399.8694,309706.05798,71498.21546,468779.2089,18295.36875,71190.85269,15941.19384
2023-12-11 00:00:00,4426588.6829861,922469.931516,761602.8944,155730.8625,450031.4221,489580.2784402,962352.3493,33623.94545,413956.48554,65823.22362
2023-12-11 04:00:00,1486461.9504026,444844.55351,523975.3297,33525.0459,106997.65138,123655.99322,334309.3472,32596.6718,147527.65092,6927.31471
2023-12-11 08:00:00,594148.9245396,158736.679761,100566.7322,15215.9704,49030.99539,45022.56476,97920.9479,1742.89451,19833.76442,4699.92072
2023-12-11 12:00:00,1042637.2706904,170690.034077,256024.2244,85618.3393,167590.05318,125989.38778,139729.713,10732.01107,36929.53377,28196.67642
2023-12-11 16:00:00,4694980.5987013,446346.678902,472894.537,109092.2762,237144.82582,296437.20197,237721.7648,33858.04859,40969.99138,47179.05009
2023-12-11 20:00:00,2340919.9652623,151213.758556,220117.5231,43510.6176,123550.65005,64816.59151,258933.9676,8978.34611,13516.22615,7878.9352
2023-12-12 00:00:00,1642498.0993167,188395.953608,290687.9095,161914.5372,191877.72666,165299.53847,370823.2442,19702.88924,31453.10627,32196.68814
2023-12-12 04:00:00,1195008.8346398,100059.655894,102284.287,62074.6771,244924.41588,27869.12461,129736.176,17722.88512,5490.85866,45054.59153
2023-12-12 08:00:00,781348.3713355,59408.300009,129087.7465,37224.8098,148704.47017,39035.43709,82550.4142,9690.0743,8995.86304,876.52775
2023-12-12 12:00:00,1744190.5747917,153460.653524,323628.7014,91063.7972,185170.49598,124167.10583,236025.6881,48368.85751,37068.12776,4567.38824
2023-12-12 16:00:00,3352676.3159089,113398.262606,406555.4247,89859.2439,148717.339,117352.93104,161003.8905,42076.17522,160011.38752,9601.71
2023-12-12 20:00:00,1486591.9049321,153960.209604,292443.3406,66933.0725,134124.86839,20340.1277,92812.9139,51012.34626,38356.05873,24250.13674
2023-12-13 00:00:00,1957270.090934,165203.669352,280481.1825,73521.8067,166891.71649,71360.413,218389.2891,24536.43599,67474.01638,31494.41847
2023-12-13 04:00:00,673751.7964548,88483.161402,321106.101,50495.8853,79006.27554,73344.85995,141281.607,5321.47104,29628.06848,12474.3356
2023-12-13 08:00:00,366684.6304466,91748.958371,61800.4741,99375.6165,79542.76314,9615.25619,33190.4081,1914.87178,2010.36101,4155.70445
2023-12-13 12:00:00,1862389.4073876,153325.807299,161856.6187,31465.4716,672002.36097,18011.2812,251380.376,15151.44316,15721.74436,6191.36197
2023-12-13 16:00:00,2927606.1477445,222251.657885,275224.8055,48325.747,567946.17971,43335.4678,77924.5403,30030.15297,46126.20299,12584.82151
2023-12-13 20:00:00,3209632.4197866,480741.146329,493888.0486,53033.7415,317617.151206,103273.97126,100640.1489,67298.96698,27032.67535,15462.31435
2023-12-14 00:00:00,1150601.5222047,152335.416343,345732.8896,71574.9712,367284.87097,68196.44313,213944.1121,68101.73282,41243.2361,57847.92549
2023-12-14 04:00:00,476635.5895238,90839.607663,184040.3624,71525.3593,169618.16673,38614.27513,98712.0629,131271.68414,20986.37791,10619.21578
2023-12-14 08:00:00,557192.3449992,80256.248649,240159.8043,30153.0516,112309.78685,23280.49094,35132.8434,6587.51873,33933.53567,2674.14138
2023-12-14 12:00:00,3741106.8745388,451197.960859,449173.2564,217186.0397,199819.26087,30095.72349,118187.309,69062.5592,233329.07978,8914.4711
2023-12-14 16:00:00,3527414.6760553,219928.140381,629177.7814,20069.5712,198118.01744,86704.2902,122941.5604,22188.06514,186426.66302,41825.21988
2023-12-14 20:00:00,1056227.4486403,150332.947366,445917.3542,51155.079,99416.68154,65366.01366,123728.5549,27281.65479,151816.82312,3858.04866
2023-12-15 00:00:00,976801.1297913,99318.93197,187185.1433,34099.1442,153305.40332,18336.3999,129743.071,10230.00881,55643.61116,9989.60846
2023-12-15 04:00:00,1002536.9161275,121040.395765,378837.5625,28728.2153,38804.50532,22710.74678,112144.7012,17024.84276,39175.17721,33401.43718
2023-12-15 08:00:00,561278.5318439,51060.376208,407868.316493,15393.5248,120441.74423,13971.77793,124560.8891,1664.94514,3818.9175,7805.59629
2023-12-15 12:00:00,2340736.2859723,137193.580487,562096.884316,54132.6566,171037.33182,141790.38458,139050.5355,17208.54076,23607.12226,4685.87838
2023-12-15 16:00:00,1039793.840545,94800.919798,481833.2367,86718.2543,106158.398,37857.64324,111593.2125,33477.3234,7503.67693,11061.25788
2023-12-15 20:00:00,981902.7158599,173926.687043,466743.7734,36060.5495,170215.87574,27911.32249,149633.0515,21856.67054,150933.0051,10643.33854
2023-12-16 00:00:00,858034.8532795,126854.728571,157954.321,19735.6372,164894.18118,41858.50603,310080.951,7495.92389,39026.12066,3416.35249
2023-12-16 04:00:00,438972.9368885,46840.593425,79607.0989,14194.7624,33937.77059,10740.29193,88521.0977,2225.49046,68211.60105,3827.49049
2023-12-16 08:00:00,217294.9061543,4908.98315,51652.173,7142.5503,20716.55689,7082.24913,265928.0993,1406.86283,111275.63382,888.09822
2023-12-16 12:00:00,1012027.9903885,66250.727475,286704.6546,21624.9048,111051.94867,6167.13014,268459.2097,8877.19171,28278.18327,9413.35002
2023-12-16 16:00:00,1066271.7208483,149832.954689,259380.4551,39237.8694,133291.00788,29645.17231,323254.3679,15909.35089,52052.01476,5732.38022
2023-12-16 20:00:00,450058.4450014,49745.962611,297332.1983,34720.8466,81571.57054,44704.31383,183332.953,37046.34051,51853.97,10706.36873
2023-12-17 00:00:00,728814.1288027,116941.782592,213631.4721,24179.7602,61074.79296,31094.5911,97391.0077,8481.56767,21910.24785,15097.58097
2023-12-17 04:00:00,416443.7145158,50081.716475,84842.3459,21903.8122,58100.27124,25606.45349,109887.9716,6630.06337,17611.46011,12938.13364
2023-12-17 08:00:00,366930.5102051,33104.952794,69483.8824,15712.2522,13513.53451,22290.9555,16587.497,1060.86742,764.37472,5574.32493
2023-12-17 12:00:00,461104.6514505,54992.578834,153593.7878,30656.3298,46877.66222,9994.31374,88337.0732,4216.85307,29516.46548,3135.35287
2023-12-17 16:00:00,993004.2624449,98963.268565,236674.8518,32295.0696,77622.6312,10423.84485,74856.5925,7927.10355,15063.60245,6582.6043
2023-12-17 20:00:00,849455.7392927,157399.011314,192855.4557,18436.2692,70406.09921,36508.65643,40548.4532,18702.45505,18242.98214,5665.6775
2023-12-18 00:00:00,2095528.7820423,203622.480691,385642.1209,30607.4756,148115.42816,51410.40285,78815.457,24736.92283,25829.47018,8099.00452
2023-12-18 04:00:00,473408.8026306,107694.93622,310338.6974,22074.6294,30594.70053,20851.87438,89925.0074,3230.11879,27553.90536,2220.62358
2023-12-18 08:00:00,1098324.7972191,511821.949089,516430.7431,9548.9356,70766.66075,221384.1885,98870.5313,16064.31718,34958.24654,20648.44832
2023-12-18 12:00:00,938350.7253296,251012.189391,161268.4673,13415.7119,255321.47701,10517.33078,105926.4503,5944.06333,9684.64485,19454.64561
2023-12-18 16:00:00,955183.5237744,161548.705466,178747.0591,23198.2067,94194.66888,34684.83896,56517.741,814.77599,8201.30891,10584.68715
2023-12-18 20:00:00,2691386.1589505,149077.859392,417745.6086,56873.2719,146818.17915,22325.23965,167787.5946,16960.28427,105190.41861,12492.12818
2023-12-19 00:00:00,2229547.0202418,282059.862198,433312.4086,47641.6281,95330.30266,68840.2797,72801.6533,12458.51847,29217.97357,10916.4137
2023-12-19 04:00:00,517388.0765053,95770.652617,154780.8817,17645.1513,116059.31917,12766.29912,31965.0717,637.55683,8804.30315,6230.76981
2023-12-19 08:00:00,452294.3809829,59146.437013,197945.0438,49411.93,52474.18461,6188.8482,38897.6266,10729.99774,7079.37305,2259.36098
2023-12-19 12:00:00,2227301.7414162,123588.312146,269356.1842,33790.7854,128985.31756,16420.84666,91232.481,5007.64911,13811.91548,20078.71795
2023-12-19 16:00:00,2461672.1864691,125723.850173,467778.5557,58553.2824,159938.40765,58017.86613,149382.1802,5484.19159,40004.09572,7377.31639
2023-12-19 20:00:00,860379.6410483,144818.252012,428169.0913,22699.9222,61654.94059,61926.77446,43494.0584,3799.30266,15914.81237,6370.79169
2023-12-20 00:00:00,656843.9603674,79958.249081,261203.3627,69920.1781,73862.80985,24643.47508,55756.449,7776.76183,11777.40886,14179.2237
2023-12-20 04:00:00,1832206.1788424,180724.617257,195689.7276,93199.8953,208007.61316,4587.10166,79004.3287,4192.30938,11652.44497,9853.78074
2023-12-20 08:00:00,656317.8192396,67256.311664,551711.1707,111330.1102,31535.87009,56423.63761,43727.9675,17292.74168,6966.79438,731.95318
2023-12-20 12:00:00,3769452.9437624,252494.799716,770446.924491,48324.8915,348370.93401,92628.04354,155753.1027,11315.43708,47023.69889,19512.60464
2023-12-20 16:00:00,3263099.4412017,303557.881515,924842.323261,119060.9003,197844.91588,34474.2399,340403.2861,9187.92046,56478.44202,13572.51681
2023-12-20 20:00:00,2028106.3102104,322309.603469,645473.9579,33090.74,82528.31184,36717.17913,303590.1781,9682.80659,180907.62737,25334.75668
2023-12-21 00:00:00,1772466.6850046,72204.82744,536185.082569,38560.5541,58530.30958,30447.63197,276321.74,15990.07863,15006.54503,12882.73213
2023-12-21 04:00:00,1041992.4663128,137812.413481,715516.242962,86650.9825,45531.8742,7128.89854,155792.2317,51257.10464,4342.63397,6065.55755
2023-12-21 08:00:00,1152668.5198321,198241.233564,332068.077233,115335.0793,115633.4359,18423.38071,87077.4692,59352.50627,88854.1328,5979.45147
2023-12-21 12:00:00,3038291.0693655,286713.305739,545076.5164,84574.4064,113806.70695,22542.63962,159471.7784,63757.6098,62476.02868,17985.12517
2023-12-21 16:00:00,1609711.4967003,162272.988614,1403010.910258,113029.8042,221250.83213,41253.30662,361666.9317,97920.18315,59418.57853,14164.38075
2023-12-21 20:00:00,1904152.1238186,225130.214007,740500.1141,41475.9768,251867.96506,169930.13571,161757.1134,80481.31186,55741.57458,29028.92382
2023-12-22 00:00:00,2046980.6418504,186356.358466,1236634.294478,78766.4756,316412.63351,58349.6737,260734.6766,50005.22469,184801.89464,14785.95692
2023-12-22 04:00:00,1797907.9496069,414568.812742,648897.2849,127632.2202,245900.82597,71684.69861,129188.7286,27014.12299,69410.48849,11242.79755
2023-12-22 08:00:00,990145.2540173,307885.866201,351967.6336,9901.4727,186999.99064,15607.7755,116592.4046,8657.96144,18445.67453,4759.28994
2023-12-22 12:00:00,1231896.8714086,365024.855737,803518.5775,20425.9586,79596.32524,78798.78357,92173.1152,20946.45942,49859.46481,24540.80229
2023-12-22 16:00:00,1713382.7783917,598134.494402,892227.2416,91272.519,92676.72812,65199.61274,100222.1702,58909.49231,39101.49672,64538.39876
2023-12-22 20:00:00,1700786.6624313,133805.535381,406122.8882,73394.9975,41905.96975,27994.00572,86826.6287,25075.67475,7972.53,30404.80701
2023-12-23 00:00:00,1558965.9652674,149843.609458,582764.1702,37127.791,116703.2981,26379.12735,90822.2833,66846.47928,27850.24717,41878.89557
2023-12-23 04:00:00,961726.8415924,120018.84251,296551.2314,60352.2245,48498.82614,5751.00768,71544.6834,13335.21854,20687.12191,10228.07994
2023-12-23 08:00:00,277291.1544837,82961.260674,122633.1543,27675.94,14146.65136,3544.19995,55423.504,4843.89748,9442.15984,23266.22383
2023-12-23 12:00:00,756698.5670793,93601.394302,392990.675,67590.8365,37175.54401,14686.60894,44439.9279,2708.8585,65547.45083,2463.77928
2023-12-23 16:00:00,945787.3169651,192578.765869,1501127.830504,32753.1964,112967.67647,38558.35499,203483.6596,68074.30029,69538.07457,21979.43861
2023-12-23 20:00:00,866494.5657814,184881.623598,1241376.848121,21623.7096,70204.16689,31244.31883,228100.4049,72871.11416,39634.24697,8801.98906
2023-12-24 00:00:00,1308747.5153597,249206.527085,2171214.89507,63683.5859,127184.61779,49045.86929,123990.0607,71718.84523,47704.24214,34425.57966
2023-12-24 04:00:00,1873888.998046,210229.160004,1499375.872482,31202.0378,256986.47221,19781.55923,185292.9589,59270.2979,28096.76165,31051.38624
2023-12-24 08:00:00,387513.1561741,37204.129295,669888.0567,21429.4641,82598.89338,96393.3719,55888.9933,201237.28718,20495.97298,7085.81745
2023-12-24 12:00:00,1356888.0630309,96203.010226,1048864.1379,21372.5559,67833.76715,12960.29132,24135.5953,43009.9211,17510.90867,2949.08756
2023-12-24 16:00:00,1012939.1192909,144155.299086,1341333.7953,162264.7402,67106.71841,18690.0208,138202.0546,23910.91604,41258.45945,38973.56671
2023-12-24 20:00:00,2722711.446382,356537.138003,811552.8282,47258.8875,212037.22006,74053.17618,80441.9731,43350.26785,38744.948,8179.18365
2023-12-25 00:00:00,1419822.2102141,202947.006206,1084599.1348,33832.9207,47979.87234,27677.85941,249822.6525,37371.24646,63560.92249,2694.13744
2023-12-25 04:00:00,683232.7454399,91698.661462,659528.0126,34183.9164,67935.25702,17755.63976,64671.1748,49707.25519,18334.42174,5512.71952
2023-12-25 08:00:00,185980.9081747,38854.274184,305250.0829,23523.8929,35724.12918,963.7736,37154.3135,25798.09082,7233.46396,1416.3602
2023-12-25 12:00:00,1411525.5829525,102369.677831,1760424.443763,15090.1566,147234.86188,22796.10972,58306.69,9420.31112,10341.42791,5123.42003
2023-12-25 16:00:00,1396555.0972413,70102.703768,1867642.17514,54720.0557,145336.60427,54877.76583,53603.6962,23697.02273,21756.43733,8507.3809
2023-12-25 20:00:00,771158.7554471,158641.003914,1100111.3297,23807.1729,131339.53886,15546.47199,60465.0279,14591.59898,27684.69647,5946.59184
2023-12-26 00:00:00,456012.0416821,57705.075809,552022.9832,68450.7287,67464.37685,15517.03653,74910.1494,29478.38895,32207.24506,16049.09625
2023-12-26 04:00:00,1446916.9271591,208687.375386,573539.4946,95941.8622,105849.20288,79805.78638,89524.2611,56684.89849,68242.71762,37156.10837
2023-12-26 08:00:00,736658.3971775,118423.967082,319324.3689,279177.3375,39864.1832,19784.9408,21781.5758,21560.36419,9038.29004,11277.09587
2023-12-26 12:00:00,1437158.6474375,85009.086953,710175.3237,229754.236,71934.70572,32778.04262,94243.822,57639.38722,42362.84046,19189.86411
2023-12-26 16:00:00,1796620.0775224,348929.486894,2012211.7914,150146.914,206971.24931,93402.87219,223341.5681,38727.20517,113189.45872,64654.72856
2023-12-26 20:00:00,1162396.1102342,115289.742004,795345.778,69998.1822,117790.66338,31534.43825,138896.8378,6566.59769,51519.45491,37793.25293
2023-12-27 00:00:00,709865.7283446,137585.571769,567819.3145,77644.5447,81804.75001,65014.1138,133355.0498,17167.08563,23893.30043,23431.32582
2023-12-27 04:00:00,563748.3825757,144172.036234,409802.6729,73152.5076,27710.12845,11033.50934,33641.7964,23824.21696,16037.67359,12564.90263
2023-12-27 08:00:00,901066.2034658,158429.175984,299039.7467,127163.5476,76607.31899,31421.12187,25585.4376,4392.03064,35242.65145,14825.60689
2023-12-27 12:00:00,1299447.6356592,548668.693323,890686.1777,122160.8075,104378.29071,20868.28148,38326.5781,15353.08869,139182.85264,46413.57177
2023-12-27 16:00:00,1730060.4576301,580595.234578,836291.6353,142562.6255,303060.90199,24566.22695,177131.925,10899.72816,126259.05014,59913.22082
2023-12-27 20:00:00,2432309.8837734,356967.183194,396285.3613,160082.2808,167099.91121,14107.58762,88116.8139,19381.31338,86012.67622,16119.77883
2023-12-28 00:00:00,1756634.2261948,608228.5039703,795200.084,185861.8331,315647.73386,131521.31253,153117.3448,24061.85724,416264.67657,30565.18069
2023-12-28 04:00:00,1547544.8872338,406281.397283,464268.4072,127499.5558,223654.89923,19159.88654,48705.586,27536.89274,64665.15645,20729.48931
2023-12-28 08:00:00,284429.4396147,256442.651366,173068.3874,107271.976,56115.39836,8146.14967,22829.2944,21072.31101,31390.77744,8273.59553
2023-12-28 12:00:00,1379841.5411143,415986.173188,1287017.4962,249838.0043,181164.62364,46667.19422,228883.043,71349.92328,75171.67263,16045.5789
2023-12-28 16:00:00,1312691.8792729,178541.475933,377251.4813,139920.6069,105907.15415,20695.13509,25727.4544,11341.03063,22774.03945,26043.48373
2023-12-28 20:00:00,942019.2544293,393175.594874,474898.3904,74855.8931,52233.86472,37663.49104,40071.5527,16913.6643,51744.92883,84320.2147
2023-12-29 00:00:00,1392439.9088551,530007.414812,601617.8162,116541.2951,136449.21793,17885.43773,161954.6851,30030.14563,55844.06309,48728.67789
2023-12-29 04:00:00,707389.2875965,51033.111104,453481.1103,75220.5562,37626.66743,13631.12962,148665.4642,16283.00479,13087.58059,10652.28235
2023-12-29 08:00:00,659712.0266509,84588.175331,251733.1319,34138.1227,20624.32939,23414.601,24580.1502,114001.64745,11782.455,14679.99992
2023-12-29 12:00:00,1312046.7915488,302442.517538,622537.9891,98593.1441,82752.39133,37650.61961,71460.1832,29994.69226,99698.55433,22344.61408
2023-12-29 16:00:00,2491688.5262456,317845.116069,347314.1481,84757.5967,80199.63236,26515.63459,66991.0743,15258.57203,109561.64913,18985.77201
2023-12-29 20:00:00,3082828.7828713,261908.728027,153467.6084,168622.2558,88361.58233,32799.33276,39773.0538,7963.57296,12927.89747,13920.44324
2023-12-30 00:00:00,724961.7154388,88064.642928,253894.0143,68721.4031,33403.87755,4514.15198,17388.2845,5507.285,39018.67766,24499.53407
2023-12-30 04:00:00,916581.5514953,85750.620512,104839.3716,152823.7254,11311.75462,28514.41872,12088.1128,2745.54172,21735.45029,8309.0579
2023-12-30 08:00:00,896916.2704791,116071.999227,98267.8713,31868.2832,51045.14779,4894.39131,24586.4174,2460.35456,21848.21868,3321.24038
2023-12-30 12:00:00,1133166.5469208,97754.098549,81119.5219,41107.634,17974.60846,14967.75349,15824.0194,929.55539,8012.07571,1120.34527
2023-12-30 16:00:00,1560890.82225,118871.408311,168372.0024,41755.1339,36598.64216,7286.52475,16227.1477,3453.43285,15010.65971,14878.25244
2023-12-30 20:00:00,943269.7541827,52280.380859,135390.4981,123630.849,26669.26622,17302.0092,16401.3744,2105.99475,27322.25906,5265.95619
2023-12-31 00:00:00,1178705.2951636,75597.508725,158461.6681,57659.897,65718.88224,5478.12316,25942.3701,130624.52643,105227.94321,5157.38566
2023-12-31 04:00:00,965678.858748,29408.785271,177859.9215,47652.7993,12148.68671,7711.69676,30742.7381,28350.44459,38999.94194,1171.73839
2023-12-31 08:00:00,873371.0232895,60492.372214,53027.0718,19241.7667,16358.94169,5233.92407,8261.9407,3362.18178,49740.86113,1049.32828
2023-12-31 12:00:00,463723.66907,45620.715029,128155.1147,31667.3026,36994.60154,9410.06009,25604.2068,3235.24646,14955.54898,7724.18136
2023-12-31 16:00:00,1105225.5365217,205192.828408,144842.3167,80849.2304,74675.90448,6281.06845,26071.5808,8472.01125,72607.32087,2689.10764
2023-12-31 20:00:00,1831997.2618405,133008.74212,185242.6125,56695.2094,117143.79472,41566.17911,40475.6551,7150.23561,70403.04176,27138.55626
2024-01-01 00:00:00,1540795.4082622,194660.973686,148655.0145,70304.8947,49736.56058,14162.83693,40139.0969,10305.15749,118654.62598,13256.42074
2024-01-01 04:00:00,533426.6951703,153063.93262,87322.3042,61985.9258,16455.59236,19938.18918,11084.9505,5529.35497,7645.59714,1630.06692
2024-01-01 08:00:00,858221.8788363,59659.763569,429261.9011,9409.4072,15485.87469,2092.83343,13649.6571,554.81587,3793.05014,440.3577
2024-01-01 12:00:00,395815.5979555,44926.687587,152480.5518,10727.688,31297.07941,9999.85375,18801.9793,2258.39426,1892.66639,3557.35705
2024-01-01 16:00:00,1750457.3367864,168580.313592,547982.6141,69429.7405,87499.54165,22555.49354,38083.2908,9427.89463,18470.2349,6594.46643
2024-01-01 20:00:00,2549941.4723397,250296.836496,227307.7113,137916.934,132392.82472,57714.24449,113287.8787,26941.90976,33925.82715,29913.22795
2024-01-02 00:00:00,5727728.4567058,674746.389184,928359.9241,107365.7865,212279.91538,113960.55323,148427.5722,84211.1018,48236.37195,30952.88903
2024-01-02 04:00:00,2477957.6596177,115048.669205,370634.6934,43494.4493,46083.67885,71808.00444,34951.2389,8052.55946,15616.85221,4913.20823
2024-01-02 08:00:00,2070630.0058407,309251.111417,369322.6028,89746.7406,52279.95911,25527.27153,38050.733,15615.42249,80788.27015,3733.64762
2024-01-02 12:00:00,2727117.8517912,327136.612467,792094.8532,235993.6777,64206.60738,57566.59508,32036.0992,25878.59205,53361.52713,11713.83253
2024-01-02 16:00:00,2839814.4404188,304899.506108,553188.1955,22215.5373,80608.25196,19090.27247,20264.463,5344.04316,27479.34789,4001.10868
2024-01-02 20:00:00,2186987.6074327,242319.621449,229860.6097,36804.8051,129224.3006,35997.53159,12055.5426,4184.55211,8555.09615,4476.19707
2024-01-03 00:00:00,1296433.2573863,77674.599657,330398.125,33169.8105,33014.06335,14865.50175,32904.1083,7948.36148,14742.3375,10228.62765
2024-01-03 04:00:00,2046751.6444784,90786.25457,94550.8591,108263.8458,24440.19094,19818.33733,14638.6168,1921.34812,12686.52168,7499.59757
2024-01-03 08:00:00,2429538.7483914,278251.093785,213407.3894,114933.781,35722.90458,22198.08318,37865.9721,12773.78599,12649.86864,4766.69209
2024-01-03 12:00:00,5323431.4629539,1605209.66524,1229046.9057,255058.8786,190668.2497,257477.94334,232367.6383,88851.52366,265098.00918,74463.1115
2024-01-03 16:00:00,4085140.4730643,447851.2436,594514.2082,70940.5234,120701.73114,91046.50529,200110.9621,38189.44902,79446.67714,42256.49
2024-01-03 20:00:00,2199534.5003155,76978.09983,279380.8549,58476.191,97815.80086,23688.93501,49877.0567,7919.96165,9957.78001,46758.71205
2024-01-04 00:00:00,1654222.2849492,140103.082858,334449.9249,53433.4534,63715.22681,34620.8044,11306.2469,6228.71418,19902.35948,94541.38838
2024-01-04 04:00:00,1010028.1727797,65364.907456,103140.8745,53417.7185,21781.79595,29189.01529,16936.5052,5767.8179,8259.69369,10487.6435
2024-01-04 08:00:00,576687.4359893,36224.647002,190919.3063,38891.0441,14843.34751,19896.22608,15279.4145,6104.16216,3474.10287,6857.94905
2024-01-04 12:00:00,2532302.0150126,199787.605482,217442.6927,130117.4361,38051.58528,11059.51057,41770.6988,18823.38848,29587.61362,4944.76011
2024-01-04 16:00:00,3746966.2813917,206338.585933,424881.9385,63080.9447,57054.3391,19650.34566,135550.8461,38948.37526,20079.59807,13940.69705
2024-01-04 20:00:00,3105949.2957142,286928.283153,295444.109,89712.4297,70972.7725,28269.83759,70287.1021,5929.3932,52943.5804,15558.48549
2024-01-05 00:00:00,3111604.9268325,190924.567874,415256.8307,222348.8937,78744.93643,40657.82942,33567.4198,12007.5881,57904.36425,6603.08412
2024-01-05 04:00:00,1335958.3925999,28690.499399,205428.2919,35027.2974,43005.63246,6715.60193,35024.1469,408.67441,27611.32575,8898.35565
2024-01-05 08:00:00,1423342.9246904,44802.704979,168761.4613,20388.6121,56094.46338,3967.00623,11351.8758,11814.83323,17911.68778,2259.77688
2024-01-05 12:00:00,2299915.7765131,86262.121067,243024.1423,32238.3991,102339.22879,26938.93336,16291.1069,4664.73751,21723.1597,17713.2158
2024-01-05 16:00:00,1688267.9832013,276088.556282,377705.0635,35599.5874,98498.58906,15545.36178,140083.2966,4508.85611,38749.47552,20541.88178
2024-01-05 20:00:00,2194939.8248762,174498.077698,91595.8733,21926.1109,108750.22623,18030.54277,32760.558,4076.18182,10881.62674,16729.52487
2024-01-06 00:00:00,1069736.4152614,78310.446623,123746.5257,69190.9371,150603.54855,9483.74334,24490.0789,3347.54146,6578.27399,5116.13036
2024-01-06 04:00:00,1385914.5420907,97412.670058,339173.0969,51492.5799,83441.64886,50503.82177,119505.2367,13429.82165,19687.7615,27987.31952
2024-01-06 08:00:00,533201.9839951,39210.71932,184160.3265,12360.0277,22025.32027,3469.76684,9916.9489,25653.60763,2437.59498,2796.87809
2024-01-06 12:00:00,1079727.5497695,18833.694539,186932.2238,14342.7465,32365.78744,5077.80385,14487.9912,7794.92652,28820.08409,2175.65685
2024-01-06 16:00:00,1750194.1965905,74712.474736,292632.8613,79712.384,54161.54092,7072.76938,49950.756,27275.40907,18888.56258,14485.09374
2024-01-06 20:00:00,1262832.0667131,55141.508261,178480.1025,9025.4636,22665.78678,8658.97967,11867.0254,5286.10691,7900.86906,2345.16696
2024-01-07 00:00:00,1408941.8869631,77022.770945,475032.9863,25742.4907,18089.01866,3527.63564,16853.2439,5161.42768,11240.26075,4638.99861
2024-01-07 04:00:00,622080.2463092,55359.595938,117487.1548,10152.218,11482.78507,7415.25139,59085.15,11905.71234,18088.08336,8674.5169
2024-01-07 08:00:00,641980.7346634,67569.437466,215323.1171,8808.8243,40806.32552,6479.9924,7006.7727,2276.11728,2463.23886,380.35845
2024-01-07 12:00:00,1417634.1718786,232663.313049,190513.7482,48654.3367,30512.3857,2849.12152,22344.712,966.20887,9730.16367,4493.34557
2024-01-07 16:00:00,1378070.2123623,61497.650036,132584.0218,17397.6148,47656.73608,6053.41138,23256.9257,3860.47044,19402.72544,10159.97809
2024-01-07 20:00:00,1742450.3285773,124438.958308,613871.4485,21579.9787,87729.32367,43434.13486,81179.9615,24874.82006,18279.14403,11335.56469
2024-01-08 00:00:00,2131066.8778888,479022.48946,642096.5922,74844.9156,155691.525,44819.38465,74403.6055,32799.17538,52124.50586,39072.02082
2024-01-08 04:00:00,2049376.8701273,139089.225129,329668.5713,14099.845,71113.06489,17323.22209,25454.6524,16062.82524,31916.79967,15668.58235
2024-01-08 08:00:00,1244723.8516871,84697.532804,53465.856,15731.5174,9832.66715,20061.50426,23007.6754,8684.5806,7864.70794,2676.46036
2024-01-08 12:00:00,3874934.3131307,480112.980908,467494.2012,12225.7646,67239.08299,50707.32586,29268.5354,13451.1684,41472.34634,37410.65186
2024-01-08 16:00:00,7078314.3953333,441095.660391,611539.6145,39362.5834,135705.61264,64027.87508,77442.7379,14463.64417,55045.60177,29603.97485
2024-01-08 20:00:00,2972153.9279884,166354.707818,264580.1373,20592.2955,45912.33706,44563.40291,28482.63,16274.49408,37596.40694,12999.85765
2024-01-09 00:00:00,2522554.6163443,269282.909107,272552.0267,32496.312,94996.41542,26079.13434,23827.3913,16736.97808,18476.31789,19531.02791
2024-01-09 04:00:00,1630195.6983057,96455.661556,537260.5609,54154.8972,54917.9361,7438.95772,30434.824,4398.14317,41779.34168,11575.06098
2024-01-09 08:00:00,1117857.471539,67936.899193,254965.6713,14084.4231,47148.70472,8902.85477,8219.6632,6781.45481,12711.1374,7619.77716
2024-01-09 12:00:00,3199184.668746,184769.530853,352359.5926,16442.3212,29734.37518,15886.28459,32503.5695,42741.87876,28976.65504,11100.81473
2024-01-09 16:00:00,1818835.3315572,208224.119794,215407.9112,28811.0617,57618.52398,79647.2659,61404.8661,25757.81401,79218.49875,38624.62194
2024-01-09 20:00:00,6527526.9510148,1152424.275632,750584.539,83779.3827,128528.43897,103539.93387,65250.1662,14200.88809,65961.69386,34312.60437
2024-01-10 00:00:00,1709908.4073661,758661.311406,133366.4027,31075.4779,39870.608,17032.61759,35503.9419,9272.82676,17013.71852,7594.30305
2024-01-10 04:00:00,1399981.7021246,306678.891146,56507.3175,22983.2478,16792.94821,23640.82466,8850.0454,3084.69014,5553.09535,4301.70468
2024-01-10 08:00:00,1469852.6236086,1349701.790906,61503.2644,9343.4582,23437.21704,11273.88956,28376.6968,6451.83138,47387.59382,1617.97167
2024-01-10 12:00:00,2194966.3349111,686718.0482634,511030.9445,45778.4455,68500.8118,77020.82305,45374.3169,65992.32719,71358.52156,20551.20611
2024-01-10 16:00:00,4106312.4526649,687392.1418296,458560.1855,48337.7458,34196.46011,24791.90998,39207.9984,26020.24404,41926.23299,124140.83654
2024-01-10 20:00:00,9745350.88776,2541619.5353702,1260972.149,109872.4768,359081.93867,308951.06111,190080.2263,110326.84062,137918.6716,48985.06877
2024-01-11 00:00:00,2187668.7200669,680570.720028,475422.0171,70261.3095,111434.38929,52342.63415,42512.4993,22202.05002,40901.96298,27645.93642
2024-01-11 04:00:00,1820425.8295359,726638.128425,386796.114,75628.5375,138649.58018,10692.91376,62300.7201,76477.15487,9191.80118,16998.90256
2024-01-11 08:00:00,1520983.5494455,232751.5714333,241338.7521,41652.5493,53583.56457,54856.77608,37678.2169,7110.90371,98423.6388,12812.46081
2024-01-11 12:00:00,6832431.8655415,1198155.9192934,927439.8702,81961.2014,350174.67558,122394.04879,168680.7493,40026.62764,183131.95986,60912.32323
2024-01-11 16:00:00,3752450.2039889,679002.725768,462419.4927,95233.4761,57109.82135,83776.87201,76613.4682,36850.52195,109810.64233,26088.14872
2024-01-11 20:00:00,2692096.1263246,579745.253395,131649.5717,110788.3479,17880.10629,91241.72251,21933.2544,28904.95449,10016.18763,30635.06405
2024-01-12 00:00:00,1878998.7080936,275290.6193,185540.7448,171732.4604,47015.94838,44064.71763,34565.9905,6350.86917,16961.29507,6553.61867
2024-01-12 04:00:00,1847160.4876355,45363.608878,83202.9995,55937.1053,48217.30115,107738.14788,7875.5754,6460.89486,59983.39049,18612.0488
2024-01-12 08:00:00,1102437.4543331,335793.878036,89453.5247,27082.0636,38773.9839,44800.15846,15340.7511,19194.64589,6418.81142,53612.10126
2024-01-12 12:00:00,2515149.1690413,920298.6101095,419712.3972,72557.0543,88494.68649,19144.52955,38424.7787,12715.68962,74440.70078,109067.21566
2024-01-12 16:00:00,4549589.6160962,754038.282736,741953.174,49812.4005,164764.15848,34873.79117,56373.979,17884.28293,94388.31371,38642.29316
2024-01-12 20:00:00,4634248.6512034,1010480.274013,554037.5757,55372.3045,113585.25949,40850.1848,66727.9466,16198.7855,75947.22871,22600.06284
2024-01-13 00:00:00,2955208.9403044,468719.19287,248577.2941,21799.5412,89090.69565,10995.4477,59452.1459,9380.47476,85823.1167,9835.39487
2024-01-13 04:00:00,860704.0903551,98248.744034,21977.9709,23245.0051,16601.84122,10510.73157,14087.0817,3895.46779,3174.77879,7732.25975
2024-01-13 08:00:00,604335.2208079,56367.268471,96743.1112,8168.7269,13386.61541,1771.99084,2852.4484,2625.53055,3432.64846,2708.0059
2024-01-13 12:00:00,809774.3976417,94860.924724,32617.526,41330.6949,25743.39746,4100.18717,20881.1289,2446.30244,3633.87609,1069.45751
2024-01-13 16:00:00,984120.002222,177897.569272,152453.035,28771.6328,43045.30968,5578.20866,14340.8774,4916.92517,11268.89908,3217.47094
2024-01-13 20:00:00,2519233.6553977,240225.032251,1344267.2404,23797.865,23913.71579,4758.57599,14888.4876,5862.62351,6096.73921,3948.08253
2024-01-14 00:00:00,1196830.0125514,126671.25232,216895.2915,15200.0605,15695.39311,2116.39328,13795.9444,4402.27171,46763.94364,28275.76789
2024-01-14 04:00:00,1458548.5020813,118603.408862,391935.0207,32758.5159,5921.90173,5683.3002,67636.7808,24996.21809,106402.78783,4874.92839
2024-01-14 08:00:00,503253.9997886,56008.86708,168610.8609,27247.7131,1785.54853,23713.07996,133408.0321,21195.24675,39254.15805,3386.75814
2024-01-14 12:00:00,767642.288521,63939.427615,118018.5703,19808.448,8272.30059,6264.97315,26685.0652,3804.52909,17442.18678,4692.7263
2024-01-14 16:00:00,1267366.6453978,187621.840875,575885.4184,12981.1049,68549.02487,5871.17838,46871.9178,4117.20861,25372.10718,10295.46396
2024-01-14 20:00:00,3937302.4404517,338333.293511,391085.5593,16741.6526,102594.34742,9676.32256,36426.3257,3340.78082,39804.29137,16745.2471
2024-01-15 00:00:00,1404881.534563,197279.952108,125836.0822,25373.0227,107365.84715,6569.63894,39461.9319,8543.54465,93945.95189,11878.25657
2024-01-15 04:00:00,1134725.6554945,106192.910137,54646.1835,77377.4518,50987.08924,1358.39951,6699.7759,38660.03918,4436.32448,5061.88973
2024-01-15 08:00:00,531142.0385038,44132.345259,132680.3709,29559.7746,21714.35347,3093.85398,6898.2304,1920.77446,14966.78703,1180.20931
2024-01-15 12:00:00,999218.0374953,67982.165123,150156.8909,72740.1093,40822.06889,10803.84668,18128.6447,2524.12641,145188.90648,10674.47724
2024-01-15 16:00:00,2046440.5870342,135610.48916,98432.5927,555682.8512,62538.97643,5339.99552,83796.5933,3583.69508,74817.3211,60255.73521
2024-01-15 20:00:00,1063260.3534588,108828.057996,149219.0762,51810.5152,29355.36706,17138.70826,9171.7044,2718.15381,24906.36918,47766.64143
2024-01-16 00:00:00,1405823.5311393,51136.774413,164186.1321,64752.6812,53587.97071,11333.99847,7630.8165,2535.62651,4986.79145,5490.3495
2024-01-16 04:00:00,818005.4119663,73876.023832,118509.7447,16151.6771,7523.63674,4345.50591,3708.1272,2502.64228,2907.05765,63031.75047
2024-01-16 08:00:00,737491.380542,32929.097498,97675.26,104741.8251,5723.05051,6025.01088,14538.6105,10376.65166,4378.82474,621.1255
2024-01-16 12:00:00,2306984.49675,348543.736684,177677.8874,46271.2116,47970.91884,17304.94309,23450.7388,3372.14558,72051.34942,2633.8558
2024-01-16 16:00:00,1471816.6679217,212523.150293,170473.3457,9951.0658,21632.40319,10693.63951,9640.707,56332.71579,6686.18346,7660.78733
2024-01-16 20:00:00,1604786.811408,232612.630461,240684.1479,44834.1209,7015.51043,23777.95021,11369.8157,21647.99452,8343.99414,15914.59615
2024-01-17 00:00:00,1140322.045656,249345.126489,498112.32,38534.6715,40909.62903,23501.29575,17874.7133,22943.05323,162062.56293,12786.22362
2024-01-17 04:00:00,948596.6497923,98206.252509,300246.8126,19954.7188,16884.31424,7312.95648,13154.3942,51751.66399,28566.76555,6859.27411
2024-01-17 08:00:00,373154.6077777,84511.938936,508783.8107,53989.7709,9641.36521,3365.64325,12269.0077,3914.51847,28771.22727,491.32896
2024-01-17 12:00:00,1229176.1934323,178997.614391,474717.8219,31308.3886,44939.15972,8654.00719,49313.4311,826.24366,36921.54174,5073.01605
2024-01-17 16:00:00,883330.6397764,368917.541718,465876.735,38488.8349,53009.80935,6686.42955,40804.6615,5446.94617,29545.22134,4835.10687
2024-01-17 20:00:00,1373264.4646923,241546.686058,288747.3948,32320.7187,57362.47277,1090.37833,14235.9633,2071.60002,37949.35016,2046.84755
2024-01-18 00:00:00,443576.2733344,238541.317252,506655.4838,24217.6378,50596.13102,5615.48845,24517.8228,2977.16773,19691.60818,11620.01171
2024-01-18 04:00:00,1011306.6465809,121422.382371,96093.0595,23751.2456,26095.08074,2028.78816,5985.0906,17192.88695,5895.02067,2439.90839
2024-01-18 08:00:00,550614.2138762,42924.766078,79724.783,17560.1334,5327.20589,980.50824,26707.7419,2724.0841,7601.76696,1593.1295
2024-01-18 12:00:00,601953.1020788,95228.767665,229020.3344,13208.4267,24674.82693,9646.08355,9517.6725,8044.23958,37493.35755,9713.53295
2024-01-18 16:00:00,4555019.5878415,511176.443428,1012358.1719,76052.07,65326.74656,22759.1427,57396.5766,23737.31386,53357.42243,23830.65109
2024-01-18 20:00:00,4635934.8874321,337912.725205,401543.8394,87646.4602,43167.17537,7352.16641,44597.2273,14745.6312,7051.2947,6973.64864
2024-01-19 00:00:00,1817358.5750636,249985.987249,320619.15,38460.5733,73075.72899,20931.28049,42849.4753,16616.12399,18167.11577,16614.61429
2024-01-19 04:00:00,806352.1489398,47703.476735,189236.0744,8984.607,25684.6987,30572.34717,9700.1816,3554.13765,7491.08372,190696.56078
2024-01-19 08:00:00,410655.3112781,40428.506975,51991.7136,17088.4,14026.53943,1615.12166,40300.2252,81.17761,70721.35625,5744.76233
2024-01-19 12:00:00,1749921.581274,177938.206942,445082.8331,12248.2815,25526.35479,13131.47307,38914.3004,5300.33727,21259.78804,15160.22156
2024-01-19 16:00:00,3806938.341734,450819.027086,787100.2644,44909.6337,82472.22395,53453.30678,50767.7109,30625.43383,63161.62643,37885.70485
2024-01-19 20:00:00,1260608.9550362,223704.787869,254615.1081,23563.6795,47338.68742,21948.49934,44814.5844,5060.67005,123071.83617,50149.65344
2024-01-20 00:00:00,813134.1294203,310512.263416,123285.6474,21759.7508,57933.81556,6915.99296,10463.3425,10152.40975,72089.81623,30720.14011
2024-01-20 04:00:00,279410.0331404,118973.951632,180958.8783,95352.0304,22044.72911,7276.38171,8423.2248,9053.20557,24951.77551,13251.10438
2024-01-20 08:00:00,251104.5669457,17719.113185,37210.5736,7490.7783,35120.10352,570.32567,10028.0824,855.95717,44830.75114,3572.07978
2024-01-20 12:00:00,495160.7755267,25044.713606,108275.8447,12744.153,11653.70339,5264.12254,7123.5954,2129.96713,15079.09931,2899.46767
2024-01-20 16:00:00,503996.462604,47094.170865,50393.3117,20922.5389,6861.4686,62861.22495,7366.5749,456.48066,13282.91613,1938.35119
2024-01-20 20:00:00,809028.4922519,89843.954285,122442.8434,41609.6218,16009.22276,532399.3739,10889.3017,25657.75656,5503.77302,2782.27859
2024-01-21 00:00:00,607155.1487473,95945.734594,307127.6848,106402.3116,11738.51518,184617.79489,10834.9257,1768.87802,8937.8295,2226.41995
2024-01-21 04:00:00,422867.61303,9211.099669,47366.9625,11070.1392,24183.68513,73352.8552,25737.5187,3254.72779,2063.14755,17092.09487
2024-01-21 08:00:00,646311.5868471,8098.200034,67059.5887,9862.7894,10437.99224,17722.71841,5323.7395,721.20881,6125.91572,2209.38035
2024-01-21 12:00:00,677114.2438828,60158.780047,18443.7067,29006.3677,13181.97065,36776.84393,10874.7713,5558.38643,4992.34779,3344.69497
2024-01-21 16:00:00,499101.3348264,54376.553325,61780.9809,222527.1615,12712.25952,34947.07833,8034.3484,6697.81841,43211.35235,10382.48224
2024-01-21 20:00:00,628502.8022973,42421.370758,70630.7327,66398.396,18994.75064,22108.36658,9517.1305,305.54904,4358.69459,6094.25211
2024-01-22 00:00:00,2051366.3053814,216896.207555,129605.4123,30875.8393,21258.55691,53863.27663,18103.6504,6474.1062,21333.18003,18994.21427
2024-01-22 04:00:00,1044705.6981177,217758.269311,268888.1704,26925.1167,12685.44449,32933.45952,20634.5573,1788.89402,15222.90675,5939.87088
2024-01-22 08:00:00,730842.8724104,218298.046369,159256.1717,12721.5462,19427.51229,7198.44767,77521.8512,2800.99741,15149.92769,24723.58306
2024-01-22 12:00:00,1845742.5380777,244072.569071,329145.9682,15835.1948,39988.33979,19880.13621,34879.8333,32290.83291,21325.22298,9703.64825
2024-01-22 16:00:00,3766068.1519076,245404.524441,818936.8598,58538.9779,35181.44155,85144.42385,78732.8053,29052.11996,128075.38238,19023.59137
2024-01-22 20:00:00,1727941.1182978,250703.893193,325868.5149,97383.6222,30627.80908,11984.38787,66488.0348,7518.41297,20312.81876,9228.22156
2024-01-23 00:00:00,1380732.171064,77628.306167,98398.0465,114026.7235,18312.34751,10390.52761,9446.0932,2969.12679,12507.34751,38643.67706
2024-01-23 04:00:00,557807.0022447,62474.420387,60989.8254,10122.8227,13670.43431,60233.72611,5914.3804,8978.86267,7856.20054,5421.14868
2024-01-23 08:00:00,1473786.6150782,343494.01651,578168.288,25333.9484,46821.36547,77471.95163,30247.8586,28073.27805,32686.79177,10815.44451
2024-01-23 12:00:00,2321722.6773569,366795.936766,302564.6234,23237.9455,55843.25485,44342.10945,56575.5205,10596.75124,69283.3306,15574.06635
2024-01-23 16:00:00,1373766.6571053,299337.190806,308353.4662,51934.909,64056.50854,12955.30071,72900.4015,23294.84931,19844.77447,36439.91597
2024-01-23 20:00:00,757931.3487615,70526.555623,212112.304,23490.3149,58503.81351,17641.06935,64205.0581,4568.54598,13564.35883,3846.06228
2024-01-24 00:00:00,950001.9759503,151454.243223,208427.6895,41052.4367,23716.55883,6004.03969,13617.4768,7921.55607,10852.72892,4502.50496
2024-01-24 04:00:00,422475.0317379,55522.193345,201739.4905,39426.6812,13502.83423,65068.88273,11431.6443,17543.28588,2374.6686,4285.273
2024-01-24 08:00:00,332546.9533528,134976.770939,93641.7251,3422.4134,6767.73825,44218.34892,169015.726,64088.96484,3738.28822,1279.687
2024-01-24 12:00:00,776169.7814952,176689.081239,284526.7886,11985.9402,13918.59525,37604.73497,45696.805,16031.51845,5975.65978,33624.95159
2024-01-24 16:00:00,387723.2662913,89637.974024,246380.845,32774.1206,17156.83069,22290.38535,21113.823,26745.43874,15450.80325,6458.44961
2024-01-24 20:00:00,786943.9587675,51883.63669,169467.1605,160983.1433,17414.19168,174995.50614,36686.5022,1313.52591,7228.61744,16709.35464
2024-01-25 00:00:00,207265.9226908,166316.897629,145883.8014,56003.5294,27633.53021,47423.55223,11725.1311,2783.68653,4104.77594,60083.25195
2024-01-25 04:00:00,168554.7675182,30285.815402,116945.5801,9354.4826,6497.84501,8183.14892,8622.5523,619.81031,2763.49469,8128.19393
2024-01-25 08:00:00,98008.1063446,12706.576701,48097.0108,16490.0099,18506.91982,2249.72123,3748.4352,787.54934,3753.49169,1511.30363
2024-01-25 12:00:00,767656.7233956,165198.913615,181297.6339,226794.3129,13490.59812,6211.03664,19451.9437,4169.29499,12304.21703,8025.47948
2024-01-25 16:00:00,628292.3262346,102583.367598,276115.1638,52614.7208,22299.04794,12532.2897,42219.5201,6524.02742,4343.83006,4616.43235
2024-01-25 20:00:00,300500.8136202,144480.790617,94777.7413,28979.7291,35918.15524,1431.21118,3903.7431,465.7492,7389.75426,8359.72805
2024-01-26 00:00:00,577923.2910442,107135.91202,203727.6145,9712.8021,8501.99191,8265.67566,12735.9655,3105.22784,6114.83,7434.08066
2024-01-26 04:00:00,257337.1511145,21654.463783,18659.2018,19514.6118,8418.44771,853.16867,2239.899,1650.44481,3244.57188,1352.16208
2024-01-26 08:00:00,887733.9445327,63543.023362,247695.6891,122112.9724,97792.82622,8162.29274,27475.9935,2639.84958,6830.25941,4956.34305
2024-01-26 12:00:00,1360925.4069707,79167.890327,208529.7183,16633.8762,90063.5744,36465.67747,23953.4063,12984.09512,7656.8924,37643.38718
2024-01-26 16:00:00,1537197.8854475,284724.351218,318666.5598,22019.4136,55538.58394,21825.05926,24558.7612,18255.52617,20146.35076,94055.80972
2024-01-26 20:00:00,678123.7159034,96084.29796,158696.535,25377.9562,45491.65771,67962.83592,8289.7435,1324.11583,2216.50637,136241.59231
2024-01-27 00:00:00,255653.1952837,171145.773963,132356.926,417281.7718,27340.27004,29725.47277,26662.4831,1980.53849,4948.86811,7095.44474
2024-01-27 04:00:00,251274.786363,133433.755392,127166.2906,21374.7487,8913.52607,5908.23385,35730.8099,3647.37805,9365.19247,1739.75604
2024-01-27 08:00:00,184448.2744287,12275.873428,53465.9014,3957.4552,21857.16554,1692.67862,3877.7073,4986.11846,6773.35794,1131.4518
2024-01-27 12:00:00,110959.6012608,10397.093915,36463.8396,13111.4464,3698.16603,5944.78581,14980.3272,1576.06326,1926.55101,1435.3282
2024-01-27 16:00:00,348350.2711653,143905.650426,31774.1277,12312.5007,8420.40463,3606.27945,5421.6404,17352.51055,4179.64208,23970.84628
2024-01-27 20:00:00,306155.1342216,49291.065694,130083.5186,8945.0997,12226.99926,30617.96105,18642.7853,18681.27088,2079.79821,6789.93371
2024-01-28 00:00:00,420107.8628867,50922.778273,258985.888,11975.6089,28840.68703,3360.04535,169427.1879,6248.38554,11342.92567,25089.71289
2024-01-28 04:00:00,687571.4114328,109803.694967,303345.2033,22481.9803,43688.78142,16791.98986,42718.3229,2901.3564,15856.98454,6168.25082
2024-01-28 08:00:00,102692.4802588,11865.572077,168271.3466,6077.2157,13003.98833,18893.32211,67476.4855,1107.39367,4342.26546,273.43288
2024-01-28 12:00:00,575479.4767402,141368.47395,157588.8866,12487.3334,15359.74725,39634.46964,47947.0912,2835.24116,20033.57642,2110.95572
2024-01-28 16:00:00,474749.7053791,114403.55697,337297.4264,9987.3322,10874.58121,48034.50574,45060.0486,17469.31302,7783.16553,11168.84057
2024-01-28 20:00:00,340047.8255313,60496.359299,277867.2697,17707.6775,52288.10486,6854.64646,26813.4062,6324.35414,11095.88509,5053.43552
2024-01-29 00:00:00,672962.0408328,71588.159083,291841.876,10742.5863,66500.07085,9067.34744,23320.4367,6420.04597,20752.35816,3634.41756
2024-01-29 04:00:00,159436.1509022,23758.224839,150096.5041,12037.7709,4646.84639,3068.11887,18344.7639,17823.64633,8675.89648,1899.90991
2024-01-29 08:00:00,98226.2059456,15396.083577,56198.5873,2533.2997,2630.85691,12900.67094,5694.1735,4593.34575,1483.11042,1480.91549
2024-01-29 12:00:00,894479.3559936,165090.228129,248800.7329,60480.0394,11431.99751,114320.34752,43967.8376,8643.55923,17548.61485,1221.39925
2024-01-29 16:00:00,1408340.9444515,248727.63734,551643.5411,41417.3368,192278.11118,62462.50911,54542.155,45361.23334,21006.50213,22985.65006
2024-01-29 20:00:00,421699.0646779,146272.789587,169702.5611,36735.8489,98216.17186,27986.48426,9055.2071,37821.63956,12144.80517,8604.49413
2024-01-30 00:00:00,567889.3737885,52081.265759,366295.0092,518398.3584,57652.84056,18813.70459,41108.8672,10597.66736,13761.87912,4810.81104
2024-01-30 04:00:00,166373.0895993,28889.50862,67261.1339,28784.6262,51536.79667,3745.18633,9699.1318,22926.01444,6559.45954,16962.86558
2024-01-30 08:00:00,131854.7780005,24634.3942,338352.6376,8307.1328,23768.91479,2944.82017,16421.3352,1293.2668,65840.91103,1276.73171
2024-01-30 12:00:00,735998.5578622,312217.919332,698133.422,10214.2265,195845.99547,4813.27099,41675.1554,27512.28364,156586.5284,4365.17083
2024-01-30 16:00:00,440561.1076276,373872.371411,266193.8418,11666.0209,45240.69018,19229.7989,62776.666,31952.51477,51251.84424,21247.54688
2024-01-30 20:00:00,1017571.1589216,134626.991273,312486.9983,13744.9685,26342.11141,20730.22621,27448.7056,3910.8348,10630.26054,33470.32482
2024-01-31 00:00:00,338929.3924063,77243.695143,514430.5374,18420.9803,67405.63306,20648.9435,24575.3066,1759.35923,35704.45741,8480.37598
2024-01-31 04:00:00,245665.2076121,36810.086344,124470.9933,25043.4396,13338.02151,2950.50082,13224.8762,7393.3467,24901.66017,776.81493
2024-01-31 08:00:00,224209.7354324,139256.594739,198768.1192,14179.5629,20526.82628,21592.73165,81802.4981,4930.15528,12764.17241,32279.16282
2024-01-31 12:00:00,779423.1911113,273232.255471,345633.0024,15707.3385,16630.02718,6144.26121,48016.7664,4246.14029,31065.93751,34207.98633
2024-01-31 16:00:00,1044811.2537956,59283.796613,429749.0312,31954.2373,49839.0764,34620.00167,15228.8333,2381.59147,20660.99933,29337.81171
2024-01-31 20:00:00,1498474.6135654,89226.262481,580096.8309,45972.4181,14138.56679,9938.09537,71462.1205,10907.43186,93647.84363,9539.14867
2024-02-01 00:00:00,676148.4204359,146198.167064,610186.4853,29614.2017,149319.54655,26267.86286,28860.0108,3418.52209,17798.72637,3718.941
2024-02-01 04:00:00,337397.4829137,67209.257138,201271.9632,52038.5709,64229.2492,13374.37756,22816.3339,183.23596,21945.04281,3599.40719
2024-02-01 08:00:00,93152.4196401,53006.972578,146244.6381,4674.9816,10336.36894,424.95472,3637.6285,844.30351,4945.44499,17005.80848
2024-02-01 12:00:00,712430.8239579,37726.554358,238988.0522,10458.1695,24170.94367,3344.74995,14313.1512,895.40414,212828.49655,80122.12989
2024-02-01 16:00:00,2546922.8638398,95492.138637,300752.3814,166433.3032,33311.67812,2717.07767,8682.3277,5840.78226,49022.99913,5204.12469
2024-02-01 20:00:00,415824.479041,33397.55929,131630.5497,179025.5677,18405.50333,7931.0396,8515.0379,665.5775,230174.14575,14676.30976
2024-02-02 00:00:00,427934.0265782,46310.094261,428754.5052,94667.2625,21349.00909,3920.9693,30036.9854,8751.08584,384935.43332,3011.24475
2024-02-02 04:00:00,191780.3187808,43638.815916,214705.7737,9370.0198,34641.95944,8334.52118,22718.8196,1369.48587,114488.16789,2269.1903
2024-02-02 08:00:00,83468.7563937,4352.314658,75911.5291,77334.9007,71213.45983,3842.12097,60818.1848,2459.85904,13979.43572,1334.73507
2024-02-02 12:00:00,806411.7539594,66852.728403,314887.1569,24409.4855,30466.28433,5938.21529,49436.7622,12114.39626,281732.95197,18330.96356
2024-02-02 16:00:00,772198.4846468,110870.808154,206924.3563,28779.1888,106654.2287,7506.51729,46959.2214,1775.30445,103615.62259,3114.42034
2024-02-02 20:00:00,257768.8886268,17863.116774,101564.8955,95083.2649,13009.08635,1621.32833,9471.5405,1987.78299,157319.02461,11056.824
2024-02-03 00:00:00,358085.7450498,52059.872391,163361.9048,20653.7022,84716.47965,4828.48005,63336.3656,10976.74539,37927.49227,2060.24729
2024-02-03 04:00:00,63609.5641283,66595.989625,126919.8705,20305.949,14803.3754,1614.98585,6388.8766,2304.71715,9397.15454,3951.70937
2024-02-03 08:00:00,247572.9206128,38857.401198,27144.111,2943.5688,128826.2924,493.19293,13938.2491,1407.33771,15447.35285,6456.75929
2024-02-03 12:00:00,112250.5539404,32126.785791,260682.5617,12094.7799,42609.80863,5519.03705,8609.7165,2344.37067,18449.95902,13330.16232
2024-02-03 16:00:00,275254.2482485,28601.856167,130187.644,4507.7645,8333.01787,1002.07456,14523.5286,3058.53414,30016.15644,2706.02951
2024-02-03 20:00:00,276801.6439312,28049.482757,71588.2373,30931.7009,18892.52677,14629.92618,9520.0777,3562.83525,25683.77653,28348.27866
2024-02-04 00:00:00,112395.0511794,14989.475917,46080.209,21774.329,37410.97255,5832.06249,12023.5938,1896.83673,19704.58587,3208.60897
2024-02-04 04:00:00,100439.7122377,20223.429047,113131.9803,81378.8486,47810.24937,1454.98584,39051.9829,451.34083,5674.98116,833.10529
2024-02-04 08:00:00,102916.1568611,18715.732312,44615.0856,1966.6604,2379.62465,1108.08461,1827.6844,905.24779,104277.6541,29400.40275
2024-02-04 12:00:00,339294.4272364,10405.645591,60482.1385,119295.6294,5665.70615,4395.14248,2766.3083,522.98957,17287.09234,4312.9097
2024-02-04 16:00:00,194713.7775781,52817.731825,52704.8583,10989.5301,17115.71609,2962.70954,13424.5224,1195.95802,35717.58038,3317.88961
2024-02-04 20:00:00,684997.7386464,140048.972099,74871.5976,17336.9174,26844.29117,7193.32498,17123.3097,3601.71483,29402.84081,2356.13451
2024-02-05 00:00:00,441012.1664988,113981.44828,150286.2043,29966.1091,30007.61424,29030.82185,16676.2054,8443.58345,210124.52903,2032.69099
2024-02-05 04:00:00,370254.0220156,107294.39393,162345.0172,13843.4508,31153.14366,5639.40511,11682.163,21005.86359,145680.23641,1884.52348
2024-02-05 08:00:00,226383.1472541,60698.468218,22898.8172,2178.7546,4206.8043,5029.7274,8393.9809,2388.43553,188132.21273,3583.77324
2024-02-05 12:00:00,751426.1900975,66489.918076,301833.5754,6061.3285,22161.90424,4439.70243,19740.1749,11296.41134,114782.53454,11891.72923
2024-02-05 16:00:00,480132.083842,80832.127158,64832.1189,7836.027,14849.62962,7910.57373,18300.8219,8485.84085,105930.5627,5456.70262
2024-02-05 20:00:00,766547.3954137,61356.884281,131345.5428,44915.5635,8211.3204,8260.07519,42030.1854,2324.42984,97378.04524,1831.27226
2024-02-06 00:00:00,493857.8311737,23432.70373,43141.6647,12268.4884,13097.22973,8504.54581,5326.3512,53771.72151,413215.47614,21996.14869
2024-02-06 04:00:00,246579.1782589,27493.095704,38523.6447,5627.374,2404.8588,2245.01124,10804.4756,7960.94718,14456.45661,13296.06565
2024-02-06 08:00:00,313156.6600593,28979.246225,108732.2158,722.0214,5351.40438,1435.46433,9010.197,3269.17322,22456.89386,1582.54258
2024-02-06 12:00:00,753256.8567863,117405.876169,101853.3987,8263.0784,17173.85653,8252.28612,4866.7081,2613.95977,37836.36993,3529.89792
2024-02-06 16:00:00,438072.4678953,102620.707678,151848.6188,18723.2687,20613.38542,4729.60834,10013.1499,5159.4859,21949.76915,2399.70527
2024-02-06 20:00:00,344020.9914714,249532.211418,86460.6983,19288.4975,7189.35109,6324.27398,8141.3099,1338.00944,27092.82041,11365.87499
2024-02-07 00:00:00,446637.9480788,213458.393514,61030.0896,13705.5283,46041.50726,5446.36452,11492.5851,4325.50632,43026.3154,3608.63884
2024-02-07 04:00:00,351903.8734432,46642.227345,88734.6691,24071.1122,71060.44658,16916.09678,13153.8314,2041.90678,12567.35711,109853.36459
2024-02-07 08:00:00,154443.8718557,45553.028257,22569.4503,31696.1707,78263.48473,1910.1048,2391.3888,906.78877,5157.87435,1795.83961
2024-02-07 12:00:00,383077.7451123,38069.865843,37904.2671,9951.7824,6736.74434,611.30773,4011.6356,741.33188,8149.12081,1024.81637
2024-02-07 16:00:00,808396.2085798,392667.680066,192428.8315,127319.971,12802.54004,8644.31035,24140.0,2641.52515,80427.60249,29311.22219
2024-02-07 20:00:00,1919267.0673901,189227.697376,649155.4852,34554.5362,127750.78314,10877.8448,16475.4394,49994.48594,41570.10718,86512.2179
2024-02-08 00:00:00,770690.2814456,83593.966339,477709.7967,236532.0282,38634.21684,4997.74988,9496.7224,3937.37712,34013.5245,32689.10444
2024-02-08 04:00:00,366222.1493722,147715.155004,182557.4551,188516.8877,91772.83786,28093.32381,16158.5768,71469.59762,28514.27541,8539.26977
2024-02-08 08:00:00,188031.6313103,61920.905977,27681.6779,28130.3448,135503.51735,7990.0882,3874.3654,1834.85315,11210.20598,1049.02481
2024-02-08 12:00:00,970642.4312964,310860.837177,565000.5782,20710.2983,69905.48194,8146.44541,24379.6482,6250.73575,81626.7411,11998.03137
2024-02-08 16:00:00,650867.954852,181123.580593,364228.6671,55364.8432,70817.66427,8661.09083,10758.9145,1467.53118,40547.29842,23878.02908
2024-02-08 20:00:00,456075.1751113,117482.89567,148215.1394,37420.7676,47983.59941,7737.72172,15612.5729,17422.4795,59355.43287,36578.943
2024-02-09 00:00:00,1438932.4718669,152895.131372,630822.8602,50653.6615,74635.20304,6877.86956,39541.4431,5103.84569,24483.15684,10026.11261
2024-02-09 04:00:00,337981.160019,67846.648705,424855.0256,8782.3853,20199.28974,11428.28079,23714.4511,788.93499,8491.22545,7630.49716
2024-02-09 08:00:00,840115.3934065,179986.056202,475785.1895,26959.637,147941.83039,3813.19524,11761.6209,4035.15647,12066.90267,7739.89761
2024-02-09 12:00:00,2230072.4033271,307480.102032,722355.2553,35888.0866,90138.68102,10525.50807,80887.702,13357.6982,40924.05654,23648.07651
2024-02-09 16:00:00,1758366.7314048,243534.222503,343455.282,70336.7091,30693.93873,37116.38843,35639.5859,4510.31956,14029.46763,6245.47251
2024-02-09 20:00:00,823993.5218943,72386.514868,700264.2113,22123.3268,32126.62347,5793.5173,29802.6885,4833.60999,63612.9905,10719.31774
2024-02-10 00:00:00,271416.0647032,71407.475827,560675.2997,22313.5228,33503.70196,5252.12576,46069.5231,10314.25546,28340.83417,6892.99018
2024-02-10 04:00:00,115930.8192251,43054.815794,116352.9823,15146.2937,32986.69037,7466.85931,48950.8417,11269.74525,38604.01478,6158.03262
2024-02-10 08:00:00,279832.5479062,56114.18135,245341.3848,5986.9334,24109.42369,6414.01446,60576.9178,7088.82358,23449.79663,2157.41024
2024-02-10 12:00:00,175109.4622148,13453.888299,287051.0615,13269.5724,8443.62386,3934.54345,25808.6125,2182.23058,40865.15906,8580.79693
2024-02-10 16:00:00,319782.0497279,85217.584337,81816.7269,47282.3616,31244.30702,3249.29908,46032.043,7023.87772,27210.06036,2979.52487
2024-02-10 20:00:00,781241.3614413,95062.565816,403816.5849,25957.5601,134491.40859,12163.02668,212499.2131,13367.11337,64720.96191,4066.74894
2024-02-11 00:00:00,1644318.0302238,171015.109258,370832.8279,20951.6864,52796.96357,28391.24749,51151.7108,6129.5331,306065.85511,26883.06115
2024-02-11 04:00:00,588773.1881528,104230.926998,162475.1742,29518.3917,24715.27442,31853.42377,69158.6786,733.38477,159364.61645,14338.75289
2024-02-11 08:00:00,193249.239994,19288.937893,145379.5885,5558.8698,11742.88076,7394.17769,22876.9982,13366.87552,28350.88858,3554.38822
2024-02-11 12:00:00,287857.7310861,28499.739328,208789.8927,26722.7675,93044.53289,5996.22839,28593.114,2765.52081,53705.49461,27132.66096
2024-02-11 16:00:00,279654.3697803,69519.885781,228433.1105,33615.1937,57356.36054,11544.60562,33707.3085,5053.54043,93018.49387,8637.1689
2024-02-11 20:00:00,559785.3678714,97638.187977,150547.2621,30032.8801,74748.54481,9557.13487,29197.4292,18550.03483,20135.21972,21357.7085
2024-02-12 00:00:00,1182319.8699829,87033.105147,609369.1082,24559.3832,61425.10662,11031.2355,60568.0223,13413.38177,69257.40117,14651.39158
2024-02-12 04:00:00,545663.9305997,35528.124919,231174.1025,22561.1625,9050.45281,11248.70451,77264.3977,3693.63108,28088.46255,1629.82142
2024-02-12 08:00:00,266179.6515176,50827.599648,79454.0975,7501.5169,15370.36096,2116.22834,6608.9545,2573.5391,18404.36669,3270.03872
2024-02-12 12:00:00,2072338.2803279,171129.207792,285906.2115,75082.6123,57041.23502,5037.46909,100122.9912,1870.50442,60625.07945,10661.25304
2024-02-12 16:00:00,1672196.3185511,683838.629323,659493.7152,147632.4525,216053.48262,85252.10634,122296.8855,21891.40604,62828.43049,15209.91373
2024-02-12 20:00:00,1619851.0819417,318668.368965,212912.9179,68866.7451,56579.23558,7920.10339,47558.3577,3266.46204,29425.9355,18621.48305
2024-02-13 00:00:00,915672.3941649,197701.604926,705272.7775,23458.7669,92049.30755,17022.17439,76276.7604,11812.99203,62607.88759,12581.77391
2024-02-13 04:00:00,571372.5227685,221031.590592,180626.2699,13082.5227,60657.44048,450.63817,27047.3149,1825.16909,136344.21178,17929.43563
2024-02-13 08:00:00,518720.8580021,97961.696396,322235.6933,17563.0751,12126.72842,7214.16399,26450.5045,2703.2761,91961.993,8989.456
2024-02-13 12:00:00,1997518.7265236,477707.480344,643608.6848,56718.762,60046.92181,112412.85234,75950.1818,7357.10643,105739.347,21517.75699
2024-02-13 16:00:00,1480409.6219802,190686.562434,303008.8701,43699.0406,33936.90602,57693.81326,88801.5838,26330.89341,48470.36745,8473.43882
2024-02-13 20:00:00,981856.6214203,159259.476416,267065.1842,22656.0308,10356.78568,7122.349,14143.016,18265.89585,31747.85455,1969.43724
2024-02-14 00:00:00,796597.2346458,119041.207321,143410.9447,13293.5144,12718.71886,8926.90471,60734.5109,24066.70403,36475.23149,4602.06538
2024-02-14 04:00:00,902409.9923919,113097.346571,108587.1031,8034.5724,28321.23797,17565.64712,59336.9996,34292.35669,9385.33849,3205.06413
2024-02-14 08:00:00,1945236.553702,356387.6626364,338872.2948,34219.2195,144287.79286,20207.53325,116642.9971,8463.56404,38576.90593,14970.16615
2024-02-14 12:00:00,1995888.373129,200673.989447,682627.1116,38258.6322,150523.35447,78654.30285,155247.1636,14860.82638,59799.63773,48030.23991
2024-02-14 16:00:00,1203190.5868857,180979.837121,271609.1282,42673.0193,93824.60734,351163.0492,35518.5836,16937.31479,50210.96534,27690.63696
2024-02-14 20:00:00,589363.0333345,191648.1232418,431592.2488,18893.331,79550.30824,25643.54425,52623.3817,5996.24349,106242.92924,26054.83061
2024-02-15 00:00:00,1938988.2656028,715207.9627239,477206.0628,142508.7004,53492.35265,60083.6464,86155.8656,17193.27236,177364.13101,14517.78989
2024-02-15 04:00:00,594919.6622583,339198.279005,265612.8673,50160.5339,27965.38847,29817.25209,40907.0049,2909.47456,66459.66975,21511.25388
2024-02-15 08:00:00,365164.7919869,46165.35949,110411.9697,34133.5517,70217.64984,18873.73056,107712.9323,23870.50957,6750.35389,5066.33187
2024-02-15 12:00:00,2033867.0560418,422692.4937926,762859.2701,379358.24677,225209.90002,189978.68996,75273.666,14849.15497,39318.45739,22891.24133
2024-02-15 16:00:00,1067243.8044861,194953.385404,429541.1319,125367.7918,103976.66693,83046.88094,51234.6076,11156.31905,140586.59071,89845.15793
2024-02-15 20:00:00,861474.4356963,232581.651703,267725.9931,43026.9328,148888.51628,66468.18498,21598.6981,3567.96908,67478.53153,42184.62001
2024-02-16 00:00:00,617696.2803111,190611.244971,236159.2455,321559.0756,43380.61987,34876.2197,46785.414,842.33563,40142.32919,20102.54229
2024-02-16 04:00:00,595521.2589276,187027.075965,204977.8309,35363.4905,36264.5057,28302.13127,48172.7507,9171.52993,24448.00881,8309.45159
2024-02-16 08:00:00,478851.7944099,72703.06488,265509.9359,30541.0496,30617.7065,8649.04119,32119.6499,909.42383,18886.49727,6761.00395
2024-02-16 12:00:00,737328.1525789,224367.484896,413815.7924,126560.6535,83011.57535,44775.22402,154306.3681,9313.18704,84922.26487,118845.21239
2024-02-16 16:00:00,1793274.8223785,240482.328583,216381.163,78968.4722,53254.89948,179565.69758,61454.2433,8168.53752,14253.77744,14177.78667
2024-02-16 20:00:00,444694.1384257,114724.232575,107338.2703,42154.6583,21922.57908,24367.2716,25793.4501,3605.52356,10524.93444,6930.90835
2024-02-17 00:00:00,274583.2250064,77844.801005,185755.8592,53934.8075,60644.06787,15285.42232,28007.3566,30574.67922,9500.45675,8063.6968
2024-02-17 04:00:00,187478.9639958,152077.430927,61513.8093,23187.1106,24587.7769,1628.4933,18920.0698,5403.18714,27486.95879,8530.8209
2024-02-17 08:00:00,200141.4575015,22663.872813,52861.7489,41049.1425,14258.66824,11339.11008,51248.2183,27343.89945,23090.32867,3178.57451
2024-02-17 12:00:00,1114002.3400974,390222.642038,197480.427,25200.9182,39800.92025,25933.72495,72234.2128,12180.3886,48209.24614,19187.41346
2024-02-17 16:00:00,511914.9030502,74652.629002,98004.5558,36222.2458,43038.66283,9684.67925,35491.248,4497.1652,101023.30061,3293.02036
2024-02-17 20:00:00,463978.5994617,132611.380528,103029.8154,46572.488,123115.66616,11855.66962,12615.8829,10241.96727,96150.39275,17989.17147
2024-02-18 00:00:00,590245.9245026,78733.00238,39527.8456,24530.407,166121.33689,6816.06587,16096.9981,11855.50027,36608.35483,11339.24927
2024-02-18 04:00:00,159987.7700706,88246.257432,83985.6142,22278.8776,66479.61551,3994.0179,22612.6721,1511.75433,8087.5432,5352.59421
2024-02-18 08:00:00,288542.8632171,70436.426315,100418.4922,14395.8556,40722.35589,2518.02077,13317.6265,2301.99616,2536.8719,1543.74794
2024-02-18 12:00:00,208034.6929696,92300.04178,84092.8135,16807.9889,105547.43987,11909.03784,19209.589,1673.38125,11830.94881,2831.06891
2024-02-18 16:00:00,154700.4676477,93512.026638,149207.649,37802.9888,53752.70357,43021.47951,15012.2187,4269.86527,105744.83094,7197.79691
2024-02-18 20:00:00,579262.7995451,552980.0466125,173930.2599,44938.6152,86360.40678,13451.05347,113353.2578,11284.55443,86803.26028,13721.62169
2024-02-19 00:00:00,464406.2076223,179399.691229,142976.7782,43795.2463,98216.74936,23005.03402,20705.8372,17689.88426,17010.25808,28490.02332
2024-02-19 04:00:00,418282.5846433,320022.4303484,100686.3429,29317.4254,34324.74549,20743.32912,29688.453,2241.88172,33582.68006,23289.67829
2024-02-19 08:00:00,419518.7781793,134526.426832,93558.1834,15012.1887,62065.35193,8045.07425,16514.1581,2346.85662,9481.62759,10472.30861
2024-02-19 12:00:00,432256.5435132,696599.802634,535535.7065,32223.0329,152832.4838,48912.29194,66461.3895,1870.38558,57697.17499,12204.37008
2024-02-19 16:00:00,649932.5647108,527167.7540728,207794.5879,74770.9299,46254.36692,225790.91716,47908.5324,8301.26388,55944.86379,68216.48963
2024-02-19 20:00:00,478850.3979373,296972.0022241,239770.1272,100406.2128,171977.35249,118459.46018,14848.5833,33123.12645,39651.59713,12247.83479
2024-02-20 00:00:00,478549.170858,324800.520296,322926.063,156958.0127,103057.7884,111146.37491,36090.3375,17097.18978,31736.46454,48822.0136
2024-02-20 04:00:00,128132.9567729,160721.869986,175688.4348,30655.7466,13468.14474,38649.28999,9967.0576,16198.25255,31789.73824,8837.77103
2024-02-20 08:00:00,576093.331358,224742.643229,160028.6513,21838.9999,39005.43083,32889.61208,74936.0625,7138.49008,34657.1252,12949.7997
2024-02-20 12:00:00,1815768.6614613,950137.7494179,825220.7753,105726.677,174803.84547,175163.85672,115206.6722,73913.93416,74859.08556,57786.5751
2024-02-20 16:00:00,1182741.9422277,470597.018847,317350.8162,102110.1387,99146.20269,26504.11479,89138.7041,17276.8417,70274.9537,71546.75026
2024-02-20 20:00:00,1073097.5969316,954524.2403063,126219.7069,59015.6383,86393.91289,38438.15919,40866.0784,17688.64205,72354.11285,68966.757
2024-02-21 00:00:00,246906.4485496,229822.053077,114427.7893,21103.5415,54470.04345,68798.81831,4295.8975,7928.02384,23487.28935,49228.45149
2024-02-21 04:00:00,261466.9575311,345378.473842,245378.3825,43442.6569,89875.47209,25347.78316,27584.715,55132.82184,12387.36221,8230.03753
2024-02-21 08:00:00,800368.6093261,279164.825905,183865.0523,87182.6765,53694.3284,20439.84541,42212.9002,21025.56218,88321.94525,15643.49594
2024-02-21 12:00:00,606195.618826,364974.704161,208661.2993,132823.23475,14807.9986,15885.50847,76223.2772,4819.70151,31781.91663,8167.46341
2024-02-21 16:00:00,538559.4050062,227218.315962,698067.5023,165695.2818,207707.15718,24247.74976,73186.2912,8962.92689,33304.1894,1651.55009
2024-02-21 20:00:00,887934.7263057,276562.57547,495762.2763,98015.65681,34342.85714,18045.55893,42123.8836,1575.62734,28994.75036,16811.87507
2024-02-22 00:00:00,454976.9904323,198208.047466,346671.5312,98435.65428,34055.62418,11258.89991,22142.1646,11896.20133,23134.14595,14394.20102
2024-02-22 04:00:00,553326.5486345,213537.351759,173779.1487,29213.8881,27133.34906,7150.94915,10233.14,17453.38513,15892.22975,14964.98552
2024-02-22 08:00:00,291884.4057488,407506.4768469,79315.3921,17482.4685,12304.77197,14522.94415,13880.5934,3822.81393,21302.30948,9081.74463
2024-02-22 12:00:00,871910.5042205,227855.896674,376018.1089,92435.7798,20448.74509,12296.37873,20182.9511,6662.27414,14342.41393,11322.36929
2024-02-22 16:00:00,151036.2075317,140716.269496,213127.4777,34933.4399,60349.00307,6786.06667,12387.3877,5914.54259,13468.09584,12916.55262
2024-02-22 20:00:00,707637.9977777,292279.996524,354731.2257,45463.2788,56039.23528,11228.65286,59140.6028,15652.38085,19283.46214,7449.80553
2024-02-23 00:00:00,400510.5640609,222708.277091,357728.3734,50484.6911,94604.73845,11600.13361,25613.2774,7845.07575,36200.0213,6345.67784
2024-02-23 04:00:00,476262.7301706,138243.754381,57513.1745,59384.2663,5458.74704,4761.01973,3861.1574,10728.54475,7681.63815,11650.36233
2024-02-23 08:00:00,99680.178669,42641.189329,36945.5923,17786.3602,15544.79161,7498.62384,7366.1908,1966.24941,28316.98745,2259.0553
2024-02-23 12:00:00,398162.1155519,81399.832448,142252.9339,92505.034,40102.69741,16975.87871,37026.546,5865.23147,11798.45971,4625.68726
2024-02-23 16:00:00,551804.9058469,104681.424883,480130.959,51733.733,84631.52051,19586.3271,36238.4605,20455.97823,13729.62065,3295.91358
2024-02-23 20:00:00,399923.1470849,86675.901295,143406.1352,28295.0947,101735.50477,20344.30629,12223.24,18633.36025,8537.62666,6050.9859
2024-02-24 00:00:00,235085.5043377,62192.950853,261464.0732,19713.4926,16933.62751,24108.97882,13640.4939,3403.19574,7974.52357,24183.85036
2024-02-24 04:00:00,432407.2720537,97296.034129,110558.168,36473.9605,20351.24729,13048.24538,5936.434,20630.6988,7561.46684,1698.83014
2024-02-24 08:00:00,154034.5018579,27455.714164,67202.1761,27199.3043,6508.026,24546.06895,6526.7371,4523.44519,2263.09622,19313.39412
2024-02-24 12:00:00,93318.976453,42616.812607,72446.6898,19063.3222,18107.13433,112474.3961,56033.8933,8691.90572,3394.00065,8446.98534
2024-02-24 16:00:00,639443.6115583,253126.724084,67133.5216,158747.8103,28465.31251,73855.7482,17502.4031,3900.2001,15029.38274,9201.319
2024-02-24 20:00:00,290358.6913524,37234.266689,66396.0038,67822.2162,31565.6963,45654.29901,7774.5859,4551.36121,11650.10777,11962.97668
2024-02-25 00:00:00,518217.9494855,366620.423125,73340.6149,25405.823,99778.46037,19372.81941,57850.988,9895.38027,23377.6402,39498.54478
2024-02-25 04:00:00,110416.0067832,148064.355185,22771.4116,18097.9775,5379.34646,7071.01447,45135.167,122.94913,8974.96905,6150.21309
2024-02-25 08:00:00,25318.5247695,48277.95373,19286.8727,33158.05237,4602.63414,7806.39802,2503.7384,1734.08366,6496.5791,1997.44259
2024-02-25 12:00:00,407144.3902994,161463.8548277,82182.1355,34125.0401,15303.67526,9256.46506,4032.0798,1433.95465,27886.79938,22214.36529
2024-02-25 16:00:00,529318.4255244,377557.0349421,249408.3336,29881.2901,19892.34956,10032.10125,5168.0214,4970.97076,15461.79242,12998.5452
2024-02-25 20:00:00,466481.4861873,290451.6028399,111442.738,48330.0412,38718.07087,7906.75156,12701.7652,16689.22726,9656.59418,23180.13282
2024-02-26 00:00:00,440235.0202238,281534.9473365,183508.6282,211169.7272,73375.17296,26082.22824,9151.9645,8883.67113,22551.43283,17773.76821
2024-02-26 04:00:00,447243.5183928,185670.557896,60429.5874,38783.1184,73579.45535,86867.23819,12643.4921,8014.80449,12676.5828,5448.63172
2024-02-26 08:00:00,242100.1421542,173639.586325,107375.7807,39234.61999,39278.84517,11637.24559,14685.3516,9452.58198,17322.6086,9837.21717
2024-02-26 12:00:00,1358434.639899,286045.010449,168668.31,493225.16553,80229.64008,56546.7252,48799.301,15684.64748,39642.18493,39145.07703
2024-02-26 16:00:00,3189872.1443219,624511.3335279,612308.0824,95568.02864,208849.90738,267856.22843,55846.1813,26490.16627,57613.40877,37284.75769
2024-02-26 20:00:00,1785652.1391944,476940.7189871,351024.8751,345456.20564,75298.77009,180942.99373,51179.7783,19102.88549,46104.45198,79476.03262
2024-02-27 00:00:00,2708131.9998483,683068.4852934,551414.5008,192483.6988,122061.33059,159609.55604,84211.48,30496.07364,74982.41953,65428.03743
2024-02-27 04:00:00,672399.0432386,157275.119582,170201.2091,95168.02,69197.92043,166298.12712,19751.1342,31884.66477,18322.39807,15732.50558
2024-02-27 08:00:00,621394.3376081,181247.7633589,164566.5614,23049.6124,19416.7891,205701.71905,6168.0153,3072.81743,79964.69343,11395.46934
2024-02-27 12:00:00,3067850.7341588,383563.7555573,572036.9964,143389.1583,50825.40526,217724.57345,31788.5355,46130.50183,116108.50865,37077.16174
2024-02-27 16:00:00,2364896.4685938,439869.117565,248638.7464,199978.5817,113433.47798,177222.56263,76779.9998,65734.38299,90786.40411,46388.60178
2024-02-27 20:00:00,969162.4252957,371126.243619,127192.5134,60091.6347,53977.9632,199899.36729,21820.9992,47792.22056,16583.79593,22795.44769
2024-02-28 00:00:00,891253.3427938,166345.992588,210697.421,158852.9028,70573.91676,142105.90262,31367.6274,21963.08499,32097.03643,23243.0091
2024-02-28 04:00:00,1258705.5095234,241775.3967155,62467.4484,28905.0962,17173.76554,11866.95501,7950.9823,2057.05376,21539.01921,9339.0664
2024-02-28 08:00:00,2630110.7641491,794827.8204157,788082.0513,248630.11606,213752.07234,202442.26706,142132.3421,23139.19976,66304.94413,10879.30835
2024-02-28 12:00:00,6151258.2423988,568754.3137948,720633.6158,93074.9259,163271.03105,260592.68913,74260.5718,31811.88742,236834.92688,28480.56431
2024-02-28 16:00:00,8232258.3993347,2185477.3799042,1981904.0656,308249.09828,646943.27474,1531738.582004,287165.9197,147374.54994,224467.90754,98721.34175
2024-02-28 20:00:00,2881727.6235319,811463.374385,1304041.2865,193914.4317,154032.00343,337745.25272,113520.2689,26379.63147,116395.62058,56746.5862
2024-02-29 00:00:00,1716591.0212514,653628.993086,1622808.3463,110744.045,169880.03173,412712.4670626,237623.4171,18204.98321,109807.60617,50710.87021
2024-02-29 04:00:00,2150597.5310123,511401.7489562,520058.4637,93751.6115,487425.609716,436342.731125,61660.2036,37733.14913,119549.78387,123126.76999
2024-02-29 08:00:00,1168497.4665011,497099.0255758,1126083.617597,73378.2483,149453.35187,142426.91552,125848.5299,18789.65445,45809.98975,14202.20327
2024-02-29 12:00:00,2053187.1332699,448827.186053,1244037.536948,117122.3607,154701.24113,473513.173,64776.5601,42246.54801,72219.81282,76167.65684
2024-02-29 16:00:00,3479091.5494519,1072430.318876,1112093.3573,237555.6663,348861.4556,671420.740148,183688.4166,37245.43976,59933.21057,65588.54667
2024-02-29 20:00:00,1282819.8205939,432130.450109,1272432.0481,126901.8474,158626.28935,389497.53068,141300.395,32219.30785,49380.59249,61429.4588
2024-03-01 00:00:00,1138146.282429,285956.874895,1420066.336221,164378.941,178170.936,172634.4335,106655.1272,108710.91444,31065.58308,89148.65768
2024-03-01 04:00:00,453346.8636114,259888.000816,604813.7269,55028.5171,25286.58668,140277.29934,53909.126,8634.92298,85130.29976,30393.20463
2024-03-01 08:00:00,321711.5798314,155048.342055,295543.8186,58421.632,76796.10668,86006.57165,38319.6706,74679.29484,86742.76661,13538.37539
2024-03-01 12:00:00,1723227.4556738,378426.705672,678859.3863,108779.7039,160603.73331,214378.35042,51319.9657,8526.8662,29224.6678,49941.58092
2024-03-01 16:00:00,884193.0034215,374433.865607,682050.3542,99596.0666,230409.99569,722952.5370698,16588.1872,28623.34872,43968.05698,30666.22578
2024-03-01 20:00:00,937484.4175416,348414.882985,235454.5702,75374.2371,261934.16947,569903.4395442,32486.2494,29103.99276,48265.67585,26402.43416
2024-03-02 00:00:00,706430.593927,193294.99562,590150.6506,57009.6583,803119.323382,529475.8273208,82527.333,72977.73131,72659.43736,99149.78309
2024-03-02 04:00:00,448760.0041393,402705.570696,143255.2044,87653.8402,328279.56887,241729.81218,58729.841,30671.03654,144022.39783,31405.44942
2024-03-02 08:00:00,967514.504045,208830.665416,190890.0098,70183.7694,93129.97469,264891.22918,27259.7846,30756.39287,69182.67584,15955.07216
2024-03-02 12:00:00,613149.0556302,170196.43154,295422.8064,77431.6262,65202.70434,170514.38757,53362.4667,46125.04631,54154.45228,43861.96285
2024-03-02 16:00:00,415043.5664318,258874.301888,228473.5112,91932.536,123269.08499,149303.01958,48039.6881,38785.20682,154396.19933,62989.01573
2024-03-02 20:00:00,871144.5700666,216462.756612,206138.7657,115722.0015,64399.76476,278577.02417,146022.2141,24115.06998,25234.90565,40650.50705
2024-03-03 00:00:00,569957.591127,239128.660141,175485.6726,86444.9351,91235.68322,184351.35201,84751.2275,31268.10293,28657.10883,65813.12199
2024-03-03 04:00:00,397429.6221306,192368.009496,240045.2731,58341.8744,190067.31753,204204.93355,104805.2275,39087.31233,63828.29308,90362.46859
2024-03-03 08:00:00,101587.0564324,99035.578643,182227.8115,20071.3571,54558.31325,177165.81631,62098.7264,24931.42279,27764.06296,25267.5205
2024-03-03 12:00:00,729202.4563578,153808.873903,227560.465,50065.8937,36100.70579,113519.63016,11408.2801,17339.64454,10660.06319,10437.80402
2024-03-03 16:00:00,918558.5200977,394293.704806,208046.5352,55385.0818,222457.27079,552642.6417516,32461.3746,89057.86905,30118.66834,22943.99511
2024-03-03 20:00:00,724666.580944,341887.08332,231217.3053,87042.8258,43438.50165,492448.1856275,15494.332,20869.64944,15601.3157,17228.86304
2024-03-04 00:00:00,2460510.7126878,730016.594841,550831.6682,144468.0572,196139.08661,597455.5099844,87134.5696,66646.7879,113914.47184,47194.03806
2024-03-04 04:00:00,774652.1477268,237493.941238,227931.0529,124297.8038,339020.153409,438447.6399337,21795.0703,11520.38227,18822.07108,30183.95088
2024-03-04 08:00:00,1957680.3302348,269629.2558902,464637.9668,133887.2239,146555.466552,197952.630854,74005.8991,71631.89324,46045.38134,30496.95368
2024-03-04 12:00:00,2131114.9415691,705662.1173074,458860.3623,95306.1299,175515.15025,607052.5295623,106827.1914,84031.1766,58476.10192,36229.24875
2024-03-04 16:00:00,2618624.5486002,867040.0350381,877047.6728,189368.3863,242602.09287,1484585.5508714,116191.2033,79592.54763,85014.74381,59818.64582
2024-03-04 20:00:00,2613027.8604895,735611.1546745,346241.765,131613.1837,218920.666062,1025693.29163,67834.3863,57832.45085,62870.47642,48290.65472
2024-03-05 00:00:00,2630124.1037143,826429.3172317,572066.9343,189848.1154,278078.82614,1587368.8191393,78093.1484,28082.21954,64590.06422,69302.07766
2024-03-05 04:00:00,2489451.9525938,1495670.0700483,598851.4937,179662.95078,340197.84263,1036698.40868,159097.2145,171285.92545,114995.31456,58354.91304
2024-03-05 08:00:00,642708.3948084,652977.5477765,115862.6752,54121.5776,63517.29365,353694.68242,36845.6198,24484.85596,37407.86677,14851.04513
2024-03-05 12:00:00,3268439.1468719,1275093.271896,1833977.707341,80548.3509,127942.42882,798244.38987,287736.8033,51489.23792,178212.38933,48232.66131
2024-03-05 16:00:00,7837360.0020327,3167692.164891,1870261.9218,392690.9546,510290.08302,1986914.45904,388527.6849,106201.84471,273666.73641,132436.08441
2024-03-05 20:00:00,3903980.3788419,1617034.939145,994055.6311,181473.6526,276135.16028,971087.31077,254076.7811,61978.85275,143679.63119,144467.54903
2024-03-06 00:00:00,1334252.6929947,459149.599538,372584.8682,74795.7382,120552.48152,426112.05666,79469.1531,23005.6943,43203.59372,19355.27456
2024-03-06 04:00:00,2634614.3192958,1139254.818026,762383.0915,77893.9332,154648.55464,562587.60714,62763.8167,107748.48977,73746.36953,53553.95236
2024-03-06 08:00:00,1165409.1824693,877132.9810112,363516.4112,298247.90296,156641.45275,464572.83883,42211.1653,12788.86228,37531.1766,28862.78456
2024-03-06 12:00:00,1918500.9470334,1098798.16425,430327.4504,118226.6526,127165.86263,457328.23714,88409.9329,36559.47192,36314.45309,44323.84949
2024-03-06 16:00:00,1223770.0631038,513368.735103,373752.3404,129458.2488,134945.31692,337156.78548,98719.9025,39286.65988,137634.21108,48957.31061
2024-03-06 20:00:00,964843.6622031,731679.08609,343774.191,162714.0402,159838.10961,193935.19627,74677.8704,25114.68812,39668.29305,62392.38035
2024-03-07 00:00:00,681413.2296671,534741.593451,1616660.229,116066.924,127027.91722,312261.33691,137997.2509,135619.45744,125116.31282,63905.45822
2024-03-07 04:00:00,388400.7438927,253341.039056,485418.9801,207014.17641,153119.77456,373557.26948,59179.0467,37480.76832,40471.20026,48813.8388
2024-03-07 08:00:00,721402.0781423,307149.636665,1004912.77451,75470.21694,58345.23692,131928.77709,54753.3265,7875.7273,28144.42295,26452.00401
2024-03-07 12:00:00,1862851.3711846,682178.175828,1689754.204423,285509.42532,149156.15258,209184.98746,170885.2007,23814.74224,123460.72582,18630.70708
2024-03-07 16:00:00,1380542.8471926,591807.521713,1696873.3922,352816.52905,253273.69128,178641.401,68978.8174,11192.80035,34655.77345,64279.0136
2024-03-07 20:00:00,1613006.128992,1259949.9319794,500534.3401,251373.2836484,89435.68848,250090.13651,35696.5957,14477.07698,11900.64156,23670.52752
2024-03-08 00:00:00,1111668.9384875,695551.9292192,397722.3501,113982.0405416,131631.2149,573323.79616,63030.6,26874.8921,74144.73372,24305.56816
2024-03-08 04:00:00,985705.2804179,270151.139062,405612.4509,209415.8972,90871.98929,366492.10464,30737.2682,9947.78041,9645.722,38595.57267
2024-03-08 08:00:00,183174.209989,281476.6154543,263119.3659,87486.3313,41801.76939,207304.58871,5562.141,8690.92536,12030.89917,22030.64498
2024-03-08 12:00:00,4192718.1481895,677169.8671834,1489712.898083,453443.46389,296032.40026,692224.72556,99269.6167,52948.52761,124721.13421,27409.15188
2024-03-08 16:00:00,3501001.8192692,1351894.859182,1186997.6832,436931.6822,228690.36729,360583.01239,199728.8117,68051.26088,36578.89603,30233.99277
2024-03-08 20:00:00,2253034.3213635,527262.960046,539672.2544,89136.7257,84576.42395,311713.26587,104622.527,13945.37331,23125.97475,30307.39227
2024-03-09 00:00:00,670213.958992,382975.650841,319880.6843,204336.11801,75875.053,231791.79344,146698.686,22271.10238,71100.44407,47037.80925
2024-03-09 04:00:00,365596.1933613,284852.552701,287657.0586,50266.5609,118925.62095,211414.87984,21920.2004,13640.22002,16781.11334,10549.54186
2024-03-09 08:00:00,164641.1545985,234063.623495,143241.7361,85057.17626,107227.57232,152708.99756,21956.2962,25266.85115,14340.0497,15513.65398
2024-03-09 12:00:00,1082134.9234019,135878.771795,126007.5443,83805.3017,35501.65782,120161.3819,90150.1533,14647.64147,44280.70266,13307.17347
2024-03-09 16:00:00,519732.4764595,313713.098865,499126.2406,135712.1523,99949.97589,955328.20844,112392.1902,19292.2676,45736.38244,43220.73621
2024-03-09 20:00:00,225439.6360693,121335.452822,384822.4426,169946.3558,64861.46331,270361.02911,30905.6429,10051.42025,13166.63903,35969.27761
2024-03-10 00:00:00,2085790.3185716,264146.771905,397664.7702,165097.8469,109923.06939,271031.38399,120846.5642,11476.38972,29142.69643,16449.48479
2024-03-10 04:00:00,854118.1136827,133169.557519,89177.0806,231214.25368,64776.26025,65229.3111,34565.9447,12420.10767,6146.07736,24151.46773
2024-03-10 08:00:00,723696.5576121,191730.72607,128650.1675,302754.46824,74321.96609,266962.23159,47269.6291,11349.61329,15159.10211,12015.27606
2024-03-10 12:00:00,1561715.894923,342484.631745,618403.7448,170223.2395,158643.78784,174783.38389,158090.5663,33881.29535,33251.57102,33544.29514
2024-03-10 16:00:00,715632.0598421,163653.673942,371579.581,149420.5714,75044.74739,217773.8141,35140.1349,13301.77604,170278.80801,16798.79282
2024-03-10 20:00:00,1096999.0465269,515713.285552,911236.4503,107690.3681,122304.27652,363479.03706,66206.869,14779.6497,401436.40591,25448.31192
2024-03-11 00:00:00,1676791.7931968,526691.281854,705066.9293,206762.9775,98039.29441,476676.27784,124433.966,137213.90369,319616.41759,19059.75497
2024-03-11 04:00:00,3129942.1941487,909855.019105,599072.1887,199675.3331,139410.13508,372281.84974,67852.249,43057.32786,117463.23024,35283.90079
2024-03-11 08:00:00,1508314.7254339,671291.6955427,786024.4034,90282.6651,217613.72221,388544.47546,397277.5511,41704.36679,42065.13507,121925.49652
2024-03-11 12:00:00,2715091.4691113,592780.8921037,634526.6278,235110.5808,175084.53974,159727.17763,289338.0258,22502.43826,120314.0219,209408.51752
2024-03-11 16:00:00,1696759.2630641,783931.7574146,367044.9728,332933.0522,242881.2494,243222.4627,146684.059,98490.79359,132727.07682,251427.19852
2024-03-11 20:00:00,948898.2767638,448963.926054,271751.9877,158013.1829,267547.243,511759.9237,212956.6234,46175.4117,24490.98496,85825.87188
2024-03-12 00:00:00,976891.4144924,390165.3131427,954524.29297,165894.9578,240622.26409,210892.56609,382465.4916,72429.81039,51306.59978,198244.8699
2024-03-12 04:00:00,1294394.6511595,414607.170156,387099.1712,204638.66441,157899.2522,420730.44244,151643.7939,16818.32909,33455.32844,72872.77985
2024-03-12 08:00:00,361037.6641634,297702.386764,170954.4747,106549.7109,59754.13641,114847.49542,40620.2467,24552.2668,37352.70633,32082.98972
2024-03-12 12:00:00,1705364.7491019,599088.54997,553110.4572,322112.5358,169628.20307,474218.7532,416213.8641,49251.00327,71540.75116,42676.06285
2024-03-12 16:00:00,3397630.8598841,1044969.009192,1261395.2045,245292.0244,182247.35905,648464.90298,514970.267,80977.41599,152756.66422,58693.21791
2024-03-12 20:00:00,592695.897097,320389.106796,489598.7281,284464.2897,32144.19799,197293.86918,132957.8513,7456.5611,40611.70767,21898.85011
2024-03-13 00:00:00,1000355.3532381,358221.370551,207234.1306,42975.5934,80700.34065,180320.69555,80194.2197,25421.93884,45101.21336,49201.58131
2024-03-13 04:00:00,574008.8686755,370467.791631,184042.4887,290423.32148,135760.22165,82648.83315,64546.2269,14989.11272,56003.01115,36408.97578
2024-03-13 08:00:00,2011019.0345954,193206.57208,197930.1418,482227.875134,78983.84628,122556.40802,178567.1254,30187.10784,29478.33014,29065.09724
2024-03-13 12:00:00,2040006.3367748,939191.501841,1343599.036481,832821.4689,159586.50212,138237.27237,92878.3787,31749.7755,37179.45978,53344.35112
2024-03-13 16:00:00,1150341.3893765,511406.226154,1134396.838589,451967.5952,149558.55365,162069.6329,136098.47,21554.35027,40605.94851,24266.15737
2024-03-13 20:00:00,751881.9863996,323687.381314,1234079.474561,851584.160738,201621.14807,106912.53172,117019.6685,50650.23822,38112.40823,29818.64499
2024-03-14 00:00:00,978508.9968571,483652.804012,1193118.58893,1076665.8239,180874.07303,292478.46949,237903.9025,53135.05971,27141.11316,62081.3051
2024-03-14 04:00:00,1488871.3684678,472887.991544,558261.540652,188941.2788,198040.13099,1606834.96174,49962.1782,14874.19199,29823.88919,12589.21701
2024-03-14 08:00:00,435229.6917968,814897.902331,880244.073889,95541.7497,474140.28782,274960.59945,129633.0052,65954.53706,161583.10371,23040.90214
2024-03-14 12:00:00,2130358.0204941,1342162.897544,1755906.629,193630.6845,296373.08211,811347.15283,174122.8883,76899.19539,167060.98723,49231.96267
2024-03-14 16:00:00,3892878.8850708,1064308.128897,1957546.4758,377678.6665,372948.34036,542747.86463,97394.942,116066.30542,322197.76358,51009.81357
2024-03-14 20:00:00,1540746.198757,577082.412121,1350705.825732,258952.6543,91558.59577,184754.54726,56213.6696,103772.06385,95775.67222,19853.29542
2024-03-15 00:00:00,4183146.8263486,1271307.780526,3122773.540479,195919.8062,232047.31731,634054.29704,369824.6115,64805.23789,227098.22635,55754.39753
2024-03-15 04:00:00,2616098.3548095,813980.096271,1199238.3925,128556.1145,137111.66567,235184.31318,94202.6104,31926.31212,45541.66142,31432.42587
2024-03-15 08:00:00,1858625.2416278,840030.039563,1366997.265,364184.0693,186112.09684,288118.15247,189607.1471,33752.76602,68255.06591,24077.40836
2024-03-15 12:00:00,1385449.3785102,502351.578133,1648821.7911,331000.1769,122456.11832,128326.08657,229058.8088,30534.58077,33015.26064,27115.34485
2024-03-15 16:00:00,1990086.5134802,1124071.80982,1626720.969285,140470.0639,177273.99547,183171.8521,272446.2762,38301.72947,52864.30897,18757.09491
2024-03-15 20:00:00,995247.90862,495967.448889,1194247.5909,392177.3109,70123.74823,158672.26844,170299.6865,27801.5634,38124.83223,20808.79469
2024-03-16 00:00:00,630806.4988818,285922.143238,777704.7788,653663.33,31472.03308,85395.24751,96216.027,11788.41666,24236.19858,17132.02805
2024-03-16 04:00:00,390832.430537,111437.183694,1195815.370292,78007.1331,160474.89037,87986.16259,197988.5195,7942.63295,23971.53213,13682.84256
2024-03-16 08:00:00,409541.0372643,188146.066665,789124.278503,118277.202,39364.11335,61199.33399,86726.4792,9505.32115,16104.99171,6875.40279
2024-03-16 12:00:00,435984.8672997,669996.290486,1565733.1785,102535.1638,81368.36469,254187.07008,68425.0546,20178.46179,35081.90402,21725.76003
2024-03-16 16:00:00,1174828.5367268,823330.006744,1771250.2578,138612.7243,195647.46426,373627.41106,131936.5426,64383.8924,54363.95788,33832.95475
2024-03-16 20:00:00,2282425.3382441,683576.806248,1260854.2974,144983.8123,258788.92331,167328.08388,165451.8004,29652.40948,186131.14495,36109.47551
2024-03-17 00:00:00,1041962.050983,469894.004282,929966.2547,104312.3389,49454.45063,227466.80518,84963.5905,8903.54526,147532.17437,14670.16733
2024-03-17 04:00:00,1095222.2926107,647392.927463,908935.2423,148099.4211,77381.06831,283534.28608,102399.5601,20382.24881,33271.01021,19037.22385
2024-03-17 08:00:00,1035510.4227989,303195.66441,669096.8907,65770.7168,71200.29794,145520.8033,273463.1123,8545.88568,53066.11324,13004.18712
2024-03-17 12:00:00,743805.3171673,340336.164302,1262183.8687,134722.9711,78911.18683,122166.13981,123990.4152,13983.14642,28007.73173,5197.37045
2024-03-17 16:00:00,820185.9537968,333709.519368,1971769.726929,93830.9954,1033889.36286,222131.88098,144498.7192,93502.66437,35393.5572,7269.93932
2024-03-17 20:00:00,635104.3047741,259682.696487,1632779.318892,165367.456,39660.34338,116331.25168,122482.2798,22025.83764,13074.24974,10901.52308
2024-03-18 00:00:00,844651.7946208,251143.936256,1603413.319395,116643.2356,98968.98507,58063.77867,221488.3933,15617.28354,29162.52153,9656.8912
2024-03-18 04:00:00,256646.8394321,195860.059246,910115.697688,102946.9963,81054.2023,52200.70509,137421.0101,31690.85086,45364.60714,26968.27016
2024-03-18 08:00:00,298962.5766094,103882.533559,778051.48258,65398.1715,89662.044,64759.66417,142222.3028,39564.38936,70240.94225,4387.65878
2024-03-18 12:00:00,788355.5711972,318617.624646,2777424.5057,170466.8611,111378.69779,72971.19298,185417.2693,66967.51048,26562.4162,10428.8227
2024-03-18 16:00:00,1280407.2420403,445240.46794,1215562.419,156007.7535,151108.4491,92974.33944,234087.7873,26817.5905,18625.91468,26560.34393
2024-03-18 20:00:00,711840.4552178,335882.483463,705489.5231,65968.4967,58244.40733,48862.62663,178037.3828,8372.88033,259741.26317,46210.22449
2024-03-19 00:00:00,1998058.6553474,1145719.517065,1378630.1204,203003.5726,224284.64077,260539.79703,150897.1651,37092.40905,72705.39446,39633.17212
2024-03-19 04:00:00,1653892.393079,461414.46611,1035367.4844,187298.9654,122484.7346,324343.36733,223622.1219,39469.66077,41995.90307,33417.70173
2024-03-19 08:00:00,2466571.9840317,1128032.041156,1155312.4641,89457.8557,161704.95876,126885.28126,178203.2051,19325.58466,89679.49855,19721.38346
2024-03-19 12:00:00,1754853.2089517,702516.354983,1215747.8261,158640.2753,60909.31398,208265.72751,170978.2679,15335.02495,65599.09068,22068.93935
2024-03-19 16:00:00,1871030.8220993,587783.830021,484545.1025,361022.3168,102551.02409,55842.86094,105268.8213,52204.20489,19676.61241,13701.79669
2024-03-19 20:00:00,3693184.5049137,649351.11547,1014785.5141,123011.283,203239.39326,109630.40153,184058.052,31688.03182,82623.01062,24709.20143
2024-03-20 00:00:00,2423924.9149938,557810.767633,887487.1696,130600.1396,171395.38723,159878.49474,220588.4103,10028.8043,37915.69328,11886.21623
2024-03-20 04:00:00,1428231.9704079,659793.299943,610340.9506,102768.1434,132219.57714,240746.38918,78728.0462,21108.56705,66106.44027,12365.42769
2024-03-20 08:00:00,498716.7210915,133989.376394,249554.812,45635.8618,59996.01252,112923.46346,62591.9089,9089.66284,14737.7552,3653.60168
2024-03-20 12:00:00,1049521.6333809,851297.30542,470706.4279,112297.3003,53859.3532,62603.35508,60955.6296,12967.21504,13674.68443,10564.67879
2024-03-20 16:00:00,2214614.1931123,771708.97437,1501242.482,205273.0783,111235.52188,384047.16856,225752.6894,38784.90924,129292.90082,35111.9525
2024-03-20 20:00:00,2076528.4104651,1116215.00493,1615379.5531,212557.3968,128422.38976,365223.97877,154574.5302,45335.5845,25409.47596,52348.20992
2024-03-21 00:00:00,1050651.8046257,229217.765286,728177.2847,191513.5121,151951.52399,236850.88318,83788.1479,40491.79765,21485.2546,28611.34327
2024-03-21 04:00:00,532877.9490098,266425.628285,745102.5306,71053.1193,45978.05193,133874.8946,93047.2579,6154.20865,21079.06189,12142.33672
2024-03-21 08:00:00,311425.6706674,192577.703972,174389.2183,137655.325,14713.52492,98780.87022,31866.7096,5292.1592,1394.04777,3013.71963
2024-03-21 12:00:00,601939.3077035,369331.327115,550933.5841,70324.9836,109777.79666,253281.86416,64468.2825,5539.1806,48798.33341,8535.28804
2024-03-21 16:00:00,808453.8309785,626784.031264,732190.086,68901.3295,79226.05282,322872.51975,123582.849,44321.24092,39427.97912,11133.21881
2024-03-21 20:00:00,426528.9640382,258874.273946,299259.7598,72761.9806,31158.72881,216703.84021,72003.1563,22676.91944,32472.96085,30158.36327
2024-03-22 00:00:00,334199.8199004,525594.505343,429585.1727,158584.888,54204.55307,318513.18331,73488.8709,5319.44416,10725.16339,15398.29959
2024-03-22 04:00:00,186891.4779066,202760.78337,378329.6478,169426.4299,27040.30595,281486.27117,66486.6626,3093.24242,2472.91543,5711.35194
2024-03-22 08:00:00,393563.4750557,231958.95776,561743.9133,132302.9888,23643.95269,264087.00209,28584.8266,13928.21524,7687.54276,6152.40137
2024-03-22 12:00:00,1392289.3572046,631713.190485,1175235.0134,93031.9141,74262.40876,275221.04763,226744.1665,30842.54031,24077.23122,20018.91925
2024-03-22 16:00:00,933496.6509152,228969.624035,341298.5595,121222.8735,55665.12773,154680.96812,102067.4845,5158.31505,15270.3333,9645.94188
2024-03-22 20:00:00,1309323.6934568,379613.65943,430161.9631,93665.0461,95191.66873,65683.28484,50156.972,10852.21448,60365.74591,15482.002
2024-03-23 00:00:00,443319.2259231,411570.441672,781785.8881,52187.9114,53388.85857,388953.57878,83219.3341,21275.93317,8386.75602,7891.76818
2024-03-23 04:00:00,248948.878274,196375.811712,145723.063,79977.9688,15920.49022,178441.65217,74153.867,41753.40054,22324.07778,17688.07189
2024-03-23 08:00:00,174480.4121502,96776.916579,75260.4486,42904.3462,96953.51517,70266.63004,21904.0261,1701.21276,2942.51748,9352.21612
2024-03-23 12:00:00,717665.8307539,265239.57067,177644.1013,72819.3667,91236.21423,327007.08313,52599.1945,28505.04033,10477.00725,13876.03475
2024-03-23 16:00:00,702715.8779436,179495.805853,236094.3466,69333.3182,67189.05016,429835.29744,21181.3644,23495.68259,103961.96649,18669.62286
2024-03-23 20:00:00,1086206.1182773,216071.68686,255855.2749,49347.9147,56377.98496,210639.52923,94589.9096,12878.33226,28908.19021,6664.61597
2024-03-24 00:00:00,233766.4650188,274628.73105,182635.2146,83003.2301,27969.82432,195822.04477,30842.482,25538.29067,11164.36135,7455.98644
2024-03-24 04:00:00,90850.2482877,57135.970873,68017.4916,65378.2313,47576.26225,243846.94251,11055.8326,17732.86572,49234.81621,11260.81152
2024-03-24 08:00:00,264185.2230519,79214.947182,64958.6679,17830.8004,16459.8445,161840.38592,11071.8663,43543.64802,2853.23169,2793.2978
2024-03-24 12:00:00,504141.5060801,173099.139183,400545.586,62876.4624,18444.34194,266211.45212,21227.2016,3058.56721,5414.31761,25829.283
2024-03-24 16:00:00,385247.9021713,237963.792259,449733.1153,34799.1122,89286.28461,355009.51353,24263.1546,12763.38375,28797.54113,24598.78212
2024-03-24 20:00:00,1148092.7090108,499982.405822,1137457.5261,126347.7571,63271.79417,420157.70727,93928.345,25318.05763,31752.27769,17833.44687
2024-03-25 00:00:00,643795.6866257,208223.173169,679846.1807,148605.4575,52002.51127,440992.22974,61134.2578,6791.0672,16932.929,11754.26901
2024-03-25 04:00:00,753620.2721388,178968.25893,373624.0352,74799.9908,50572.20594,82234.73871,59112.5285,10760.52744,35551.72272,10972.21526
2024-03-25 08:00:00,272536.0291723,106486.787517,338362.4812,42797.9653,12233.41304,66962.80632,77551.163,67710.08709,9651.82345,5186.70998
2024-03-25 12:00:00,2993974.4662587,816067.146764,897063.0013,128773.3306,174581.63868,709950.6046,98018.3738,49411.49596,127203.19371,28179.69804
2024-03-25 16:00:00,1735735.1559477,936518.85352,597368.4808,195569.5919,668184.1589,409414.32614,84741.7814,72260.22326,108408.06723,28447.81065
2024-03-25 20:00:00,2134248.007657,419531.929746,658817.8281,143212.5863,185836.9259,287175.50763,51644.9796,26614.70634,209152.6361,13932.75411
2024-03-26 00:00:00,1240933.2121968,230377.225858,294412.528,253898.8345,109749.60594,141402.44468,80369.9398,9631.28797,67092.39588,16489.34451
2024-03-26 04:00:00,917056.8978238,301683.528088,379987.0042,89997.6031,179855.22117,134307.60538,57468.2094,18368.73786,26500.93771,25494.2349
2024-03-26 08:00:00,119018.791888,131844.697213,632290.7785,89051.8383,52575.91676,328254.45528,29054.0389,9990.53565,48642.97982,9520.65624
2024-03-26 12:00:00,660928.7291033,527638.76875,816957.1069,92642.898,530464.25626,346025.91139,95954.7167,17054.17144,55846.56885,29922.70584
2024-03-26 16:00:00,653181.4278315,332737.703896,521106.5295,109581.7037,107367.07366,249125.62488,58549.0833,16380.77324,33079.33917,104639.64367
2024-03-26 20:00:00,357688.2584428,210584.011975,372859.3709,99871.8448,51236.6654,357963.73165,25959.6117,28575.15684,20152.52475,133089.14682
2024-03-27 00:00:00,736454.3743732,199501.163001,296062.606,50416.3004,76052.73186,325997.79506,32488.158,28213.52033,28111.95851,54128.32941
2024-03-27 04:00:00,668439.9505487,202444.198097,121326.6581,76939.3685,46201.3406,450694.5464,26604.5173,11983.88697,9860.08031,23392.88898
2024-03-27 08:00:00,222491.5657172,173580.54362,345003.7627,44986.1301,27838.5225,98752.0157,29268.4781,25681.99755,10372.29464,86598.24272
2024-03-27 12:00:00,2130218.8295359,800210.754328,793341.9159,116982.8534,124282.10905,371437.01723,93052.182,33849.70445,30636.84032,44680.1469
2024-03-27 16:00:00,803784.0368164,486845.826997,197709.9964,100202.2296,48689.779,488523.77989,32810.531,22751.11866,34792.26348,37259.43509
2024-03-27 20:00:00,301966.6544925,122000.874798,194678.6505,50247.1935,41580.23612,403195.52259,18883.8074,29778.4924,13627.56545,9348.87149
2024-03-28 00:00:00,872284.1650193,316807.120186,318908.9971,84325.6566,33832.58764,1484643.30667,27284.2465,5882.66382,15692.34578,30373.58011
2024-03-28 04:00:00,812772.8230024,206991.342831,153963.7397,57395.4639,14386.37029,265493.45696,13266.8933,11632.83637,2396.67129,7308.02501
2024-03-28 08:00:00,717935.0311683,87130.39205,295958.0733,44880.6374,22144.80252,664911.0793862,15014.1196,4379.46538,27676.23524,5942.34713
2024-03-28 12:00:00,1212987.361278,597882.173846,955023.9792,114770.128,58550.99727,853467.1452314,71104.7159,19218.48931,11108.96819,39835.81545
2024-03-28 16:00:00,748721.9429812,164144.782611,269945.4325,71322.3348,44295.56092,640782.7128543,18822.0298,42291.77645,13623.44995,27909.85768
2024-03-28 20:00:00,211761.5201795,165625.566166,274125.5783,39129.2776,38369.1203,522631.88029,18446.8837,26627.5063,7426.60549,5739.60572
2024-03-29 00:00:00,503943.6260855,272784.255921,294522.883,92676.8824,118671.97745,441008.23235,19413.4114,7920.03851,27748.94168,29420.12475
2024-03-29 04:00:00,391918.4237261,240203.978117,184934.3954,443060.6501,13024.20802,151290.22351,24118.7562,11623.25821,16190.6788,18376.76214
2024-03-29 08:00:00,320896.0892803,76565.364562,89984.0369,101297.4903,13113.21851,97768.17729,17573.1538,2836.91298,4126.03565,150835.00411
2024-03-29 12:00:00,1070311.979903,257846.023749,300157.871,171590.043,45587.34039,386831.75559,35522.1065,26345.05323,16371.86919,135209.06373
2024-03-29 16:00:00,670121.8761927,151092.806086,173650.8067,207656.5752,24418.91023,247872.39218,17162.2796,19573.61508,16430.92907,138324.23716
2024-03-29 20:00:00,463494.6658897,116854.26696,860111.0751,137003.8382,233489.09746,290099.94287,25199.8554,3173.51282,6464.96114,132069.44135
2024-03-30 00:00:00,505854.7687161,52437.570275,333619.5735,61686.9487,33890.80999,211366.70942,24929.5591,10550.98493,8962.85034,44110.70742
2024-03-30 04:00:00,160950.5782776,190188.683857,924053.4985,69887.5935,18840.03445,191509.26354,101092.1482,4031.32869,3564.80342,61263.34613
2024-03-30 08:00:00,133831.4307317,229821.003981,333934.9937,43089.2092,36491.9526,46034.28235,16969.9832,6594.84246,11053.45741,61053.10236
2024-03-30 12:00:00,536296.4265611,276784.329023,401751.547,56217.5236,29380.71682,249204.07801,14052.1836,26053.54299,10427.18546,27724.4909
2024-03-30 16:00:00,302802.1187077,277875.40684,666582.3662,78082.5488,53080.05319,459181.61171,180577.9369,23977.35082,11641.16472,47867.85895
2024-03-30 20:00:00,209002.020762,177480.997377,179562.2034,82888.8793,29800.14821,130792.91841,14442.9069,11357.71715,6775.67717,15185.06813
2024-03-31 00:00:00,255713.6068934,145523.597665,238690.7853,62466.2891,72924.58385,311611.02204,7210.5465,32636.30621,29642.13679,28589.64747
2024-03-31 04:00:00,328873.6219792,401913.187185,98367.8008,125575.7622,25914.85879,411350.30654,9625.2665,3245.9345,24063.7803,8092.85465
2024-03-31 08:00:00,93719.5784377,154575.492601,35315.007,29548.0637,13462.71844,61633.96641,8915.292,3169.23692,32965.56553,5993.8485
2024-03-31 12:00:00,505019.0964627,232975.493818,284869.0444,23913.3943,42845.08406,321332.03536,14685.4613,6952.51924,6868.16382,5430.23828
2024-03-31 16:00:00,539183.0996714,431276.548,377224.1438,54087.1793,135334.12848,578071.50344,57678.4684,43804.6018,15105.79299,42879.8126
2024-03-31 20:00:00,678400.328483,336672.873709,306241.0033,55652.7421,49076.61394,820794.11053,17300.982,14368.01213,33671.89394,143947.27443
2024-04-01 00:00:00,597964.6965436,327355.366132,604134.7476,78850.5706,68283.6077,199476.74214,74696.2805,12603.89224,9502.63107,398614.13503
2024-04-01 04:00:00,1027609.4640337,316747.57774,841166.7218,123176.8675,116147.90665,549498.75243,75592.3693,51688.99053,45420.99186,115474.20902
2024-04-01 08:00:00,355499.2578677,127694.380304,140902.3053,144785.4525,20893.91281,119479.82996,32288.8381,3511.30387,1749.80563,18283.2946
2024-04-01 12:00:00,1259499.8721156,358717.065349,861587.1848,151945.6605,89373.5333,793030.27627,70928.7273,78371.91006,22630.64963,131776.6659
2024-04-01 16:00:00,726161.6061679,1204498.648425,234655.8145,124897.1299,49485.29427,753122.06665,243997.0991,6707.25663,4578.96827,73056.89934
2024-04-01 20:00:00,870150.0043021,210784.570653,128487.6439,199431.771,77388.63352,206299.50288,19208.6433,26060.36298,46671.1297,38498.69842
2024-04-02 00:00:00,1781315.5533017,487948.956476,219317.4478,97803.0475,126771.48469,793034.38392,164998.8023,169395.97751,47031.44365,75557.73845
2024-04-02 04:00:00,490006.428692,355285.570776,119656.596,28678.6186,98557.9253,249946.5967,17267.599,13797.42304,27440.80932,23286.27852
2024-04-02 08:00:00,1200193.5859908,335792.840217,876853.8844,54424.7602,87434.63019,469221.78107,45010.8991,23031.70882,16072.3937,54465.43152
2024-04-02 12:00:00,2460245.1495625,426265.780583,623502.2133,272517.9625,86956.68949,413769.82181,53976.5235,25715.56688,15059.41086,125946.90237
2024-04-02 16:00:00,1984718.8900974,167323.734381,572274.2671,46826.7316,133145.43806,131230.88239,13756.6757,5790.31754,7685.96326,112202.61102
2024-04-02 20:00:00,585440.781129,148761.379322,350058.322,66676.7406,16344.84454,113157.37683,26875.3393,19592.97396,13441.98319,81435.36254
2024-04-03 00:00:00,1515189.3437647,385302.061089,453407.1286,62682.9229,142232.05832,755510.61664,48116.9545,12998.3702,20902.35718,148981.48711
2024-04-03 04:00:00,309775.2284987,61829.095833,365667.359,46190.8927,24359.71753,58580.85694,26113.7867,10917.35197,2592.14133,28145.59863
2024-04-03 08:00:00,571895.0305298,113307.794957,362468.6738,68011.2542,27411.60148,89922.76943,6371.4777,45342.75206,6821.06788,21868.03099
2024-04-03 12:00:00,858700.2693328,171413.590868,293336.4335,83953.4259,46899.32845,289938.31296,16710.4204,27154.93,7878.12711,38492.71603
2024-04-03 16:00:00,310422.1007438,152487.687085,197905.3353,47647.5724,29538.38189,186672.85719,14951.4544,4432.14488,7675.58638,25016.31562
2024-04-03 20:00:00,333006.5434732,82063.883092,290102.4837,36687.0269,32322.968,234096.93794,23137.0767,12522.40521,20691.76003,16390.88476
2024-04-04 00:00:00,495828.8056384,95999.772228,200050.0517,130387.0644,49189.57674,236172.61472,43711.0936,10215.63535,10967.27811,36425.19445
2024-04-04 04:00:00,242341.5780169,135283.488684,213854.8451,20376.9194,80576.66342,156116.63776,28566.315,6676.44157,7541.1234,21966.66662
2024-04-04 08:00:00,107616.5272339,56546.949082,54919.6343,52175.6613,9174.25799,69259.44792,5186.9481,4147.5332,2135.86984,35366.29533
2024-04-04 12:00:00,876221.0635526,115064.14873,341108.7191,31830.6687,105333.45356,335473.78582,23760.9434,8460.06128,5647.06661,35997.10059
2024-04-04 16:00:00,501147.1887984,177104.86255,226822.2999,187369.3515,33154.63409,139246.7352,42018.0346,13631.18728,16853.66238,27141.64356
2024-04-04 20:00:00,1088437.8103267,246035.632178,365554.6044,64295.857,40414.03645,173471.57352,27298.977,6079.84775,17532.2859,35692.54187
2024-04-05 00:00:00,632945.482574,241273.919424,477875.632,208543.4518,70536.89665,97050.89979,23140.4901,6163.31825,56885.40854,18934.05435
2024-04-05 04:00:00,568940.9230333,235470.301387,410356.8408,25711.7015,69213.0082,106015.18147,17316.3655,9679.19321,13207.4103,36979.87015
2024-04-05 08:00:00,395128.9129554,175717.540268,492961.2524,56689.4833,63572.87396,309784.53961,16986.0214,9239.50005,8731.44602,17959.21321
2024-04-05 12:00:00,1551457.1896245,254413.836116,505526.6538,96835.6139,46338.25303,256774.57697,73427.0853,10749.41098,20301.35641,29126.92583
2024-04-05 16:00:00,639339.7500263,184865.610111,520222.7344,72621.8052,35984.38218,149282.81571,59060.8015,3633.2654,3957.29135,22717.02223
2024-04-05 20:00:00,437469.8941203,98568.026525,306016.1928,26598.3505,101490.4173,184561.20896,9316.5986,1713.8207,5090.68793,8674.11228
2024-04-06 00:00:00,237898.0766393,64329.371737,115730.8157,28106.9429,41673.7607,274816.6846,16795.7418,11065.09304,1009.03904,13261.58777
2024-04-06 04:00:00,106780.6204711,43340.571632,113367.7674,22949.6468,12365.65327,294821.65738,20808.5037,9182.043,1099.8584,18922.98028
2024-04-06 08:00:00,22602.2065318,19045.119323,81995.6098,15395.4922,14882.29406,67879.50988,11426.8141,3060.64672,1518.79629,32305.07307
2024-04-06 12:00:00,119517.6319695,71611.47141,89981.6279,31448.9532,9600.89547,119542.33437,15878.6558,5585.64563,875.82988,8914.67056
2024-04-06 16:00:00,95532.5161247,44101.208266,100685.5238,26822.3954,15545.10301,81623.79374,23966.7798,2169.52664,1285.28155,14522.66591
2024-04-06 20:00:00,293004.4719081,125400.18736,166875.2159,127686.8975,78709.04926,194168.45001,66367.942,8935.81376,5274.56829,14447.4189
2024-04-07 00:00:00,383616.3305743,169300.894978,170859.3248,54136.5796,16264.17494,506985.72699,22524.2719,7106.94401,6572.86948,59912.13431
2024-04-07 04:00:00,153308.9891199,102798.745053,313495.5957,24393.2599,8017.63237,405018.68675,21967.2088,1878.35162,1559.32733,18371.58092
2024-04-07 08:00:00,64754.9519495,7311.214008,87142.2572,35756.0605,21261.59381,86685.75556,11455.3789,815.2125,1533.68649,8288.87139
2024-04-07 12:00:00,287264.7910197,81637.720945,102695.6377,56309.4857,99833.45229,354693.30519,12995.4821,9724.68435,9832.32663,10267.02749
2024-04-07 16:00:00,609224.5028778,139817.738535,205122.9751,50840.2822,20763.04371,198836.04461,17162.6579,1953.43239,33063.97728,12251.04552
2024-04-07 20:00:00,695216.7369499,197960.585032,69196.62,36954.1277,15328.46438,167262.07456,10655.9629,2241.37741,2892.67995,8501.8255
2024-04-08 00:00:00,641774.5073632,229688.267277,218307.2913,26995.2019,83586.47138,131134.95372,35889.9565,3407.27368,10195.14474,15484.89295
2024-04-08 04:00:00,516706.7889728,192045.607994,267857.7285,132360.6555,34188.46524,307196.20785,25842.783,7162.27149,3139.04203,10139.58732
2024-04-08 08:00:00,2156011.6176954,600474.217692,496674.8814,311130.4128,169470.5213,166381.124,58361.9608,11780.1865,32888.58957,136026.15718
2024-04-08 12:00:00,1982468.5972183,612124.664477,537716.1777,81735.5262,115947.33652,203028.61907,46621.5279,49644.19016,47081.1796,89874.20849
2024-04-08 16:00:00,1031673.88247,587951.438886,267699.1952,179110.9621,176349.95368,126800.27625,13840.4017,3403.95836,26295.38301,12452.33914
2024-04-08 20:00:00,400962.243557,478126.738519,75590.2146,34109.4559,24250.8657,209690.13793,23343.1434,10619.81131,7819.62427,29696.40536
2024-04-09 00:00:00,567922.5816258,315642.224285,196296.8393,130090.0893,28608.62041,176255.59305,80614.7028,74664.81984,21677.60434,93816.4369
2024-04-09 04:00:00,774542.5631343,320033.832906,216389.2916,78902.7973,23829.51187,114106.74931,30625.2316,16779.54271,8388.77536,15202.22429
2024-04-09 08:00:00,408608.3027161,148919.741311,97093.0742,27973.014,16011.20614,101993.85814,17893.5953,11884.48354,6765.52593,12590.32252
2024-04-09 12:00:00,2309981.5520218,454933.958453,408958.4052,45913.2379,111378.10864,249505.93829,25323.5346,59481.5584,12662.23384,20380.37865
2024-04-09 16:00:00,795472.2153655,295365.176142,236160.6866,29154.9681,31652.184,114230.8059,48198.7012,5693.16991,6012.90761,13141.18738
2024-04-09 20:00:00,703297.9968044,153902.420991,171794.3456,41124.8877,27950.93291,51294.06041,10216.0385,4109.88774,54897.27551,7768.59011
2024-04-10 00:00:00,1172231.7697989,256373.32981,198953.119,36901.9016,35313.00949,141175.26536,25098.3472,16291.62945,5895.87674,26922.29796
2024-04-10 04:00:00,369187.0168212,110646.006843,83643.139,19121.0407,10960.93069,19776.99759,19479.9639,3436.52259,2052.54011,1621.3896
2024-04-10 08:00:00,312062.4666716,39357.536412,188030.14,33541.4866,10719.21239,58931.26543,17707.0645,12421.26719,7323.9123,5645.99101
2024-04-10 12:00:00,906509.686585,338832.178829,545380.1556,98233.2893,46819.84916,470848.14978,29185.1181,18504.19331,11544.51432,99771.67242
2024-04-10 16:00:00,875655.4838776,303596.705812,348657.9989,463883.6024,61126.17104,318049.4372,33097.4754,6189.76079,10001.10394,11775.49989
2024-04-10 20:00:00,1212763.2948608,174947.393873,192040.5649,45779.7178,283667.99491,237518.5485,23673.923,23256.71019,6034.61747,17602.6454
2024-04-11 00:00:00,909563.3975521,200037.695983,162172.4536,368924.2486,64223.20151,95157.34696,8347.2867,14504.76925,1641.95017,11474.0908
2024-04-11 04:00:00,144231.5325659,203475.06248,151490.5139,33012.8024,33490.18809,83648.80394,7099.8265,8668.07157,1949.01158,11060.60011
2024-04-11 08:00:00,341667.6968547,198681.179566,94885.4774,59248.3119,11051.94453,245609.03228,8846.6537,9689.80619,3956.17484,6299.81701
2024-04-11 12:00:00,431772.7712228,193224.841938,274162.8343,52941.4141,20785.35738,132622.98576,36630.3804,21690.73464,10113.1895,13681.08953
2024-04-11 16:00:00,371141.9220116,407060.198748,355017.8307,36477.3556,23725.31181,62626.12979,6431.9775,8974.63955,5246.92265,16950.6673
2024-04-11 20:00:00,347561.1401217,143751.133744,143875.5394,53006.7418,23757.93614,136406.31666,3645.4329,9871.79651,7372.89718,19035.95036
2024-04-12 00:00:00,351611.3978462,146927.771419,41859.1231,66224.7847,31189.31608,88501.7838,10023.0971,13118.44109,23481.78756,11602.92081
2024-04-12 04:00:00,297806.6719117,82571.747456,53134.339,531221.1941,26837.59544,168115.88625,9168.4372,2147.86722,4824.39897,7430.55208
2024-04-12 08:00:00,146267.958894,198338.756682,114689.3226,364024.0291,8555.00921,28514.77746,9701.8695,11879.47264,1467.39514,23210.30641
2024-04-12 12:00:00,1317422.2560678,295890.717483,537910.0219,108922.3897,43141.07895,271404.0813,34183.2583,25328.27177,11783.39472,21679.59464
2024-04-12 16:00:00,3293051.1697969,1482763.527628,1407222.2335,237351.163,390734.27598,882497.84339,227950.2123,123105.50637,137507.92116,197395.64925
2024-04-12 20:00:00,749632.5672175,314619.306017,528421.5132,233813.3702,145969.44114,261191.3211,55475.2982,31793.9733,33708.17329,31646.13265
2024-04-13 00:00:00,843722.6408069,304479.758657,781493.2532,108192.5203,30273.29675,206660.57279,67707.0984,15232.27699,20393.1542,24557.09755
2024-04-13 04:00:00,457720.964073,161568.717844,179339.0438,19938.8513,53178.68364,246195.06464,32814.0912,10171.87269,6269.23277,4703.45111
2024-04-13 08:00:00,57633.7218821,93655.677739,54939.6551,96876.483,8878.49219,42139.64872,31252.9586,2091.47603,12535.4748,13941.25922
2024-04-13 12:00:00,203259.6631006,135881.193308,127150.2814,27789.9259,24011.0839,32924.12036,10338.9566,7604.65461,8348.31637,8777.2427
2024-04-13 16:00:00,1656683.0659821,782890.886725,1816238.5921,144585.2924,201158.75428,539988.6047,130961.1329,54745.78245,75021.74634,124450.95746
2024-04-13 20:00:00,5396257.1000522,1505980.648282,2185270.2385,316046.0234,226680.89042,719767.10602,282484.8691,69579.89507,105353.69014,118328.09248
2024-04-14 00:00:00,958342.5343706,178694.855637,610864.0326,82126.8945,62105.68239,247084.98071,53699.4711,11389.63665,20947.64393,27355.29154
2024-04-14 04:00:00,420820.8790349,119245.802935,421318.5378,54800.2933,21457.66919,185179.1197,45974.2345,10657.31856,14737.71771,18266.53853
2024-04-14 08:00:00,438769.7426242,44967.570808,265797.7601,55604.0611,8979.46494,65179.59771,18760.1533,5177.04294,10638.3453,8645.95856
2024-04-14 12:00:00,283156.9144178,46767.504124,367987.1489,50583.2708,15406.26873,84748.01343,20174.3885,4425.69613,6784.39839,8544.87382
2024-04-14 16:00:00,689156.9750613,230027.523662,437395.4066,38616.5921,86796.31825,325894.43747,38774.7305,35434.88371,8967.56344,17125.28623
2024-04-14 20:00:00,826251.6903508,381921.428743,713261.3288,45702.9159,77237.1929,547395.85653,55924.7899,30446.28997,13780.11852,11977.90809
2024-04-15 00:00:00,402884.7751286,192213.845525,313834.4199,31863.4704,12993.93469,186580.99097,59568.6929,2778.61413,99185.41618,13411.35527
2024-04-15 04:00:00,627839.3990766,137943.337437,343748.8067,35041.4489,30172.18241,162408.66616,15000.1285,13010.4363,30215.50532,17062.61219
2024-04-15 08:00:00,151724.2569528,106786.583114,339934.9833,57804.5459,25014.94521,129745.84462,7300.0602,150701.62456,13353.23722,7358.51796
2024-04-15 12:00:00,826996.386454,258880.545019,420559.66,36910.8292,34018.11578,224399.78287,21560.9942,60264.4649,21231.21327,75431.59311
2024-04-15 16:00:00,1726747.1840447,447069.609577,654532.8611,73062.6431,38280.05175,515278.36366,82068.6059,25254.26916,36362.45378,17771.98052
2024-04-15 20:00:00,632012.9444281,101610.053756,226616.0003,29011.6963,80160.67046,172463.74274,10292.0141,16222.67103,10510.99519,2859.29034
2024-04-16 00:00:00,411902.7969669,105377.4243,497697.666,58349.9369,35257.39731,248515.32728,24025.1694,13926.30499,4189.71698,20107.26919
2024-04-16 04:00:00,929659.1542736,125051.508492,495710.2528,32036.6745,15049.65469,78738.52848,14449.0038,12198.14253,11772.60753,21642.91841
2024-04-16 08:00:00,1201466.3986896,148532.60427,199325.5339,82063.7743,17136.49576,100816.56961,16672.9492,6309.44234,8281.24581,9431.93005
2024-04-16 12:00:00,1785951.9553137,588383.087652,388524.3038,470878.5486,78025.29425,161616.77742,34750.7949,114691.40561,24444.96708,3635.44182
2024-04-16 16:00:00,596573.1829914,160916.579556,682979.6117,37469.5072,38363.36152,285789.96454,27672.057,9300.74169,26426.12934,12044.00131
2024-04-16 20:00:00,810333.9442811,123711.038414,190918.4983,78181.1691,14563.84891,94343.14051,19799.4314,2778.32705,11500.16063,17889.86152
2024-04-17 00:00:00,500879.7494911,78329.508856,327564.2663,22957.5092,5864.99109,61097.7944,51859.2479,4406.53148,8274.07077,16655.08362
2024-04-17 04:00:00,342776.9703269,83955.42925,391347.812,70778.8088,8891.58922,56225.42447,8618.0459,2779.05294,976.04857,21420.43709
2024-04-17 08:00:00,156645.4845203,45996.020855,175093.6273,48134.581,5637.83368,50803.90514,7653.2922,1076.12948,2101.77115,2510.53343
2024-04-17 12:00:00,2338346.6396649,381681.30335,629431.1393,169478.6565,112367.79993,181433.21261,133205.36,28208.52647,28074.61163,18655.62376
2024-04-17 16:00:00,1862220.5913473,261077.696637,623152.533,85396.3641,32704.44407,187976.93945,27029.9041,31184.72039,9313.7793,14648.63346
2024-04-17 20:00:00,542424.5916509,29614.822221,251688.5871,66788.2886,17232.36148,111744.4064,13075.0497,17366.28361,2439.968,11624.5579
2024-04-18 00:00:00,242752.2638614,59131.238838,289795.1866,72671.3229,15308.14757,75639.93831,20502.1875,8139.74264,4111.43008,7167.97739
2024-04-18 04:00:00,307079.3187814,42513.310064,186493.2688,121029.5087,23566.97316,178763.77693,6519.6465,33974.53779,7724.41011,5805.81118
2024-04-18 08:00:00,401749.6671672,108758.424939,194680.2526,48769.9014,13647.60715,136732.8751,19210.2153,2810.10327,3857.23466,12306.93262
2024-04-18 12:00:00,889641.6760845,91901.533748,466169.6622,81835.6316,45004.42002,178947.61477,29506.6147,2620.23996,13317.66114,5209.47655
2024-04-18 16:00:00,522136.7808386,116814.285096,463410.0798,58564.0147,22826.62826,69709.64682,41521.1457,48155.8408,8675.8468,10346.9917
2024-04-18 20:00:00,309833.7354598,48543.329642,296201.8941,18358.6958,28620.52405,139739.00968,6787.9017,2443.36219,30107.79137,1967.6694
2024-04-19 00:00:00,1677074.741838,437271.915807,888136.0103,102623.3836,86035.07336,391416.2141,34214.6719,81359.95654,27863.49339,21155.23732
2024-04-19 04:00:00,1425486.9145519,189493.182461,445605.0084,50979.9864,24503.18528,226443.46847,66504.5214,21345.55954,15899.05286,25605.59503
2024-04-19 08:00:00,723634.5074965,108199.447764,351964.3892,22885.6445,6215.99127,131791.87207,38258.6004,2919.62424,6624.76791,4220.5418
2024-04-19 12:00:00,748379.5091879,121222.084617,195428.0573,47528.4731,26616.1555,148589.23822,24892.4275,29819.02456,41474.17177,9491.58746
2024-04-19 16:00:00,857192.6164611,77202.326828,170078.4229,40125.2836,50273.72089,99960.95651,1997.597,2723.34222,3148.98074,7899.42254
2024-04-19 20:00:00,1414575.1047134,175564.47791,376644.4606,34773.2853,49562.43536,162840.79425,26309.6363,38987.2071,7955.07985,10139.95446
2024-04-20 00:00:00,625761.3488104,72942.570242,291267.953,51745.2576,115354.30781,183104.74013,24187.5415,18555.25484,5747.29559,7071.38444
2024-04-20 04:00:00,225491.6612043,108358.067228,37210.4283,34125.5732,56006.74559,107019.38367,9551.6585,6544.53739,704.34887,7195.9449
2024-04-20 08:00:00,141563.9250272,24834.407438,81737.9027,46140.2936,30442.91084,80875.58047,4316.374,4122.60446,15543.50426,8782.83513
2024-04-20 12:00:00,1066356.6694068,111304.947359,223853.544,124535.143,33572.0866,201705.84085,18509.4224,4762.57723,22908.68378,9706.70785
2024-04-20 16:00:00,1530688.0274111,273909.457134,424834.8717,34411.494,62112.97651,325162.47358,86803.2168,16804.25827,37431.24963,11708.19548
2024-04-20 20:00:00,413093.3760719,118849.512018,168741.901,42042.1789,21424.65332,105056.5687,16731.8312,6488.32224,9755.55011,7736.49849
2024-04-21 00:00:00,283372.9688183,64976.047734,288016.5278,70531.4215,36656.37361,299766.09897,16216.7461,45857.15673,9279.9095,18730.30206
2024-04-21 04:00:00,159555.3255737,55729.736804,69754.4712,61116.3566,33781.6927,93960.77475,4278.7459,2983.83371,7979.3114,2823.65389
2024-04-21 08:00:00,156146.0169681,17571.185801,99448.608,75552.3695,7652.00937,12223.07419,7731.6832,433.78451,680.224,8563.37479
2024-04-21 12:00:00,173534.5574773,46872.14251,188322.5052,19822.6678,13664.36392,119045.82843,29001.0066,1876.11685,3068.64374,3512.14685
2024-04-21 16:00:00,436614.0878578,86515.87228,362955.1789,150671.6364,51475.62098,275969.06857,13706.9829,8361.54067,13086.23901,144874.55971
2024-04-21 20:00:00,197817.2437741,37113.03888,156030.4744,50556.8114,46092.96588,152242.73182,13874.4882,3709.46545,23854.74773,27205.05198
2024-04-22 00:00:00,558635.5692842,88373.411848,408511.5255,229758.2624,39678.94451,168059.53775,33789.0616,20947.86754,42535.70108,43718.41196
2024-04-22 04:00:00,427722.8722636,131775.945322,313381.9263,210780.8903,44145.77776,141519.15831,16551.9867,26683.14759,6436.68709,3535.2783
2024-04-22 08:00:00,302995.6834211,35635.485271,191976.4545,60821.714,28394.41723,54574.2247,57297.9554,10009.82129,7769.87914,5845.43396
2024-04-22 12:00:00,386575.6282711,152875.472551,237194.8905,140083.0684,54626.50903,52364.89199,16690.4613,29797.91186,4106.68919,4402.62466
2024-04-22 16:00:00,465389.7109544,86019.370257,262803.9791,155682.0258,33823.29205,82804.20855,12247.0283,19035.66403,19237.2902,9842.82789
2024-04-22 20:00:00,425459.0209892,143668.682608,276462.5447,106916.1473,42556.19853,170081.26659,15874.2029,21872.25749,7178.65382,11996.65757
2024-04-23 00:00:00,346984.2787668,116724.20516,228915.6645,94113.2075,18121.39827,105304.15825,14985.6413,2438.23848,6909.13993,15075.79214
2024-04-23 04:00:00,208234.591384,31275.713073,180562.7109,47623.6527,10028.91599,44444.90231,10813.872,21513.66578,7841.87362,2827.83033
2024-04-23 08:00:00,158196.5526276,173817.482709,93354.6952,279449.2244,31326.27072,15195.40696,15406.5153,4487.35344,1463.44467,3782.18552
2024-04-23 12:00:00,528532.8868601,355427.748722,251679.3269,51249.8272,48987.65858,70927.92046,15147.8651,22365.29774,2341.44792,17571.47004
2024-04-23 16:00:00,270071.3929775,163666.725226,278649.5442,191733.8754,83171.90186,113317.18671,5984.2305,9099.19544,4442.0322,24792.60451
2024-04-23 20:00:00,351923.3756432,78489.301083,249362.8452,78480.6348,48095.81515,41479.39077,15166.6504,10128.26553,766.62504,32967.25191
2024-04-24 00:00:00,470595.3283655,124367.824264,302576.3211,71055.5227,30569.43288,121687.14618,28619.2361,5168.00835,1116.88968,11663.61899
2024-04-24 04:00:00,347908.0787059,125195.328316,139713.9848,33690.9793,14757.87812,62497.49236,12350.6526,10837.73548,5123.12681,3494.74636
2024-04-24 08:00:00,135675.9196019,190621.790925,106506.0533,172099.2674,13746.48715,40324.33282,2004.9221,2925.71557,3760.08373,5363.29725
2024-04-24 12:00:00,796774.0833527,503987.263556,753541.2588,86070.4699,73593.49451,229789.35959,38718.8993,34214.61844,12981.56837,35973.32032
2024-04-24 16:00:00,1002383.9698249,136019.157243,383578.9932,318781.118,55552.44669,467705.97567,31099.3965,7998.8432,20346.12505,46914.62071
2024-04-24 20:00:00,252683.905694,111186.815113,155272.488,109516.9039,155146.62035,120240.41564,16880.3776,11072.22302,18014.13882,14822.41803
2024-04-25 00:00:00,472942.432437,95897.542805,350205.028,62280.6444,28271.12575,76109.45085,20355.3153,14447.43974,10310.87699,12342.9898
2024-04-25 04:00:00,172140.6595092,52529.236179,41274.8342,303338.4433,15132.97418,47693.19663,14728.6417,1660.03952,6620.17578,11415.91105
2024-04-25 08:00:00,241025.3234971,106095.724977,137589.1027,40171.8017,31443.18489,44545.23368,8911.6038,3422.05075,7401.65491,7532.59344
2024-04-25 12:00:00,397891.8724089,174462.29721,259826.4791,140761.5274,76901.91133,39537.16846,6295.9502,6376.977,7443.89487,11488.36579
2024-04-25 16:00:00,593553.6810402,323919.187086,288767.3044,297483.3624,10892.60294,57117.9959,7294.0044,2436.04997,3300.23396,8352.8646
2024-04-25 20:00:00,355295.9158145,89829.797479,312335.5033,65916.4631,18841.4683,75978.57796,5334.1198,1243.71008,2194.58117,8625.91364
2024-04-26 00:00:00,245125.2196496,83931.593634,520988.4798,82641.7411,44336.28486,70018.71443,14735.9086,7144.79582,3514.11144,15792.88025
2024-04-26 04:00:00,80692.6236492,37289.521644,43088.8931,41151.4601,8588.79237,9739.34788,3115.3401,561.39546,4675.39579,7466.27524
2024-04-26 08:00:00,157634.5167398,61157.694361,24523.3371,24065.4745,12491.08689,15699.8255,17075.4115,7783.41021,2313.02786,2177.85547
2024-04-26 12:00:00,763279.7724519,77471.028822,662934.8436,92994.8174,33123.46018,114541.66839,21033.0739,11714.73788,8741.88535,79674.29959
2024-04-26 16:00:00,260886.7211754,55504.415526,179523.8831,239710.6049,9170.95252,16945.53839,7540.2789,9282.06033,11254.28815,15852.78636
2024-04-26 20:00:00,115345.8236696,40685.505379,152376.532,28549.615,7417.49075,30496.65198,5553.3462,26704.24934,2324.61022,11834.82982
2024-04-27 00:00:00,429718.8168168,143486.889346,529433.1494,53735.9015,78212.27852,103148.05073,32823.5764,8194.54267,17881.45123,13428.47637
2024-04-27 04:00:00,283601.4071102,25953.094523,32589.9628,7798.347,9152.17346,13291.24255,6549.0045,1740.12909,693.69046,4904.03179
2024-04-27 08:00:00,104414.0542289,13531.830904,23108.5082,24313.4761,9278.56039,36649.52448,9648.587,2278.48441,1463.32608,8694.4106
2024-04-27 12:00:00,276569.567549,72011.376321,217693.8336,25324.2929,31839.6335,35920.35118,3241.7252,685.63838,1907.44917,3518.27693
2024-04-27 16:00:00,479402.7126065,272644.483565,195646.4922,29169.9884,35086.37862,37598.65001,46458.021,2699.87835,10312.54464,8912.04949
2024-04-27 20:00:00,81969.2910502,208422.252883,338219.8632,18079.8331,1497.1542,70282.88003,3122.7777,6800.46062,2039.71618,8460.5264
2024-04-28 00:00:00,278425.6464796,319650.748715,279979.6704,35180.0201,29559.72098,102558.45694,8709.0002,4207.35338,858.42516,2741.06289
2024-04-28 04:00:00,90358.5863295,287654.828343,224174.021,174972.9097,5880.14792,15350.63085,5499.6061,1178.0295,1532.68883,3656.91757
2024-04-28 08:00:00,79259.4397485,34452.429114,74545.9615,23988.7716,28516.20268,12214.49284,11814.6366,1320.60846,4626.40893,5119.27525
2024-04-28 12:00:00,110668.0171203,126350.571456,127058.6021,139614.2419,33934.79591,55562.79444,3855.8883,5649.33505,3407.70615,8655.95979
2024-04-28 16:00:00,238188.6443276,141497.026209,43404.1077,21425.7873,20963.41924,23390.71904,6699.2909,1569.73477,902.18218,1830.44027
2024-04-28 20:00:00,181611.7159314,183941.11313,351960.1284,86197.8482,27766.476,30393.73113,19312.2747,6736.38488,5314.38543,46665.40004
2024-04-29 00:00:00,262795.0700796,166807.124634,315336.1961,61253.6975,22237.35467,79427.36269,5578.3511,6953.59863,7496.70762,8939.79712
2024-04-29 04:00:00,210290.3085144,95174.1859,164460.0774,56599.5079,44630.55595,82321.42526,11235.5624,20856.89046,4713.02232,19314.12806
2024-04-29 08:00:00,69918.9156649,184417.892063,156512.0761,21849.8714,11735.06536,120033.08363,12702.4468,1481.53813,9667.78859,11024.5094
2024-04-29 12:00:00,390941.1594489,165527.796425,295148.6194,91403.046,50390.10697,66115.01888,49088.0379,37259.75532,4729.91557,31640.56444
2024-04-29 16:00:00,338567.0342059,96759.656861,240519.6769,31062.8435,7460.71083,118556.53654,22334.4192,18947.97893,3537.95389,17186.20068
2024-04-29 20:00:00,250041.0691764,64519.638705,204690.1363,30905.4128,19973.94942,70648.95038,17646.7643,1831.92925,3474.73312,25119.69596
2024-04-30 00:00:00,544901.0779371,75141.704605,238074.6574,37343.4846,21471.01456,118560.25462,22055.3046,4818.74511,5713.47679,28479.57799
2024-04-30 04:00:00,92465.4678091,13987.990505,49900.67162,55308.5991,4492.76641,25638.71673,3421.0744,1080.46229,1988.36551,2985.77151
2024-04-30 08:00:00,1004223.8327759,357508.602021,294604.9899,98607.901,19826.22159,203312.13155,18826.0931,6971.98559,12655.54803,15266.55118
2024-04-30 12:00:00,895222.7839205,264226.462188,288187.57273,180081.0975,46574.49666,131180.97409,13401.7113,15242.93969,6906.91114,16441.37412
2024-04-30 16:00:00,1071320.460996,722442.320541,460672.58587,587536.2487,45506.09304,130740.46157,26984.4842,12856.19595,22445.13229,12069.29564
2024-04-30 20:00:00,358910.757853,304003.598367,210269.37223,35246.0239,49534.17077,129968.0786,7933.6036,13479.54798,7017.62539,8841.02488
2024-05-01 00:00:00,208017.2513676,214768.164646,189014.7315,52644.393,16682.32956,205289.31142,13674.2531,6226.44379,12732.67487,14938.91455
2024-05-01 04:00:00,1161617.8017464,232864.3539,192848.51985,110848.6676,35511.25557,229986.06758,16072.768,11077.71689,6441.29826,11807.63075
2024-05-01 08:00:00,1417438.3341625,146665.263352,237984.99533,86915.1798,20906.03873,100081.28816,13011.3088,9359.13414,12990.28968,6830.19668
2024-05-01 12:00:00,919430.9553966,115668.020457,325896.62894,96633.2383,33484.66836,124698.59921,18377.3918,16320.90495,21254.85569,78635.84124
2024-05-01 16:00:00,1803391.5747966,246062.406215,760030.3795,83985.0351,67640.87209,302085.55547,28859.7313,23173.17604,85399.34701,18328.20393
2024-05-01 20:00:00,682787.9551522,87917.151043,287154.99663,43629.8843,24987.53729,108449.98434,94980.7032,2016.5856,16245.50531,7859.7198
2024-05-02 00:00:00,577957.521313,96856.937971,268661.74144,59953.6686,7016.25756,77878.36445,11247.8511,6149.8867,17394.11975,5949.46073
2024-05-02 04:00:00,232362.6473017,22553.933838,145861.29166,36025.4241,6781.48678,28080.88975,6380.3441,6081.97046,3954.03987,11609.70115
2024-05-02 08:00:00,218178.5285022,61028.588656,296270.11829,60183.9974,7487.3767,78296.06202,5623.6438,7450.71003,18793.28142,8400.56782
2024-05-02 12:00:00,702250.5336097,52150.105541,477551.72154,59143.3142,30956.63937,93952.02914,49252.5231,8170.78772,7550.46742,23271.42085
2024-05-02 16:00:00,573544.6313156,123870.327161,292943.58792,15465.2195,11016.90805,98101.4461,6542.5243,16144.36571,12326.79415,8979.92886
2024-05-02 20:00:00,363400.0166286,78518.683666,243481.38889,69808.3727,60394.71283,41320.22502,3072.445,2472.07991,9869.76676,10370.29553
2024-05-03 00:00:00,456919.2174469,113062.02285,258663.18661,51374.4858,16415.40861,104523.83771,5826.058,4113.09501,2454.91908,8029.59018
2024-05-03 04:00:00,122458.0160782,52205.730035,111446.56108,27967.5541,20468.07138,73498.55664,8764.7708,6962.33828,5389.25032,13284.95658
2024-05-03 08:00:00,184303.6343569,22207.766301,98612.65713,22764.9889,10387.15935,25658.40539,13570.3238,1620.23974,2504.48072,9350.93252
2024-05-03 12:00:00,1838392.3758837,173349.854447,417626.08813,448911.5924,41203.46348,276182.93118,23433.5089,4171.73539,27264.45248,20940.17843
2024-05-03 16:00:00,670497.954493,84488.132111,89621.34333,199576.3492,8158.64003,160429.04695,4304.6493,5096.58117,3643.79562,7245.98855
2024-05-03 20:00:00,956063.0551717,116001.691056,81460.12633,32944.4386,19112.66043,235861.93553,31336.7808,5466.76343,8524.13222,10668.24383
2024-05-04 00:00:00,590220.082105,77943.636083,86153.95537,41015.9119,26590.73468,192382.79209,7743.5977,7699.98338,10273.94436,5383.4057
2024-05-04 04:00:00,147524.3007173,77055.198712,79408.64958,49326.8449,7121.92984,140030.96346,20181.4271,11595.86592,1187.42727,2609.83346
2024-05-04 08:00:00,489445.6791022,135510.930574,106475.69706,35290.2324,13340.62745,323886.77859,13405.8677,1189.42935,5167.2772,7593.78952
2024-05-04 12:00:00,322727.9255297,59636.73862,185786.02707,37400.9407,25372.72217,552999.48082,2312.6205,656.47886,2543.38301,21495.51853
2024-05-04 16:00:00,647176.0249437,41649.790457,143914.8618,16687.2551,15856.18289,161067.62636,44807.9092,4093.66881,1542.97172,2560.18913
2024-05-04 20:00:00,521924.4173718,104588.334671,180200.52531,12249.1231,14661.96635,212446.02275,6380.3498,2391.39056,2587.52295,21748.40796
2024-05-05 00:00:00,437352.505134,114185.267569,202290.73768,15094.7699,29781.34249,514042.4451,31543.4724,1755.87082,6728.17194,34125.63035
2024-05-05 04:00:00,75434.1995525,23897.196136,53194.4498,11110.1681,5151.1875,72436.3937,8370.5809,2049.94049,302.25829,2524.31291
2024-05-05 08:00:00,86927.1035711,70925.468104,10877.84861,12039.5057,4142.80236,36982.10361,10335.0953,778.62023,2464.23261,5511.96951
2024-05-05 12:00:00,271455.7226006,99797.987182,256765.37873,44784.6002,13289.63432,45395.28436,5345.6085,8411.99934,1932.15424,6995.02902
2024-05-05 16:00:00,354302.1821544,32523.198753,229033.00096,40838.0122,9365.78673,125110.75258,40331.7679,8094.74577,3407.04459,4889.19535
2024-05-05 20:00:00,130436.4277614,36189.236881,41051.36236,31389.4736,10292.25534,58839.87165,12001.6035,10674.85512,1116.60144,15682.08997
2024-05-06 00:00:00,253485.6263797,94234.96808,256455.1214,69095.8864,11848.85416,211640.08147,92054.578,44758.98426,61504.79867,3297.03728
2024-05-06 04:00:00,305121.9544084,183114.634241,81465.22123,53728.3494,7648.98037,11817.58877,15572.4215,11171.27581,3272.48863,13222.98145
2024-05-06 08:00:00,917706.7986088,96403.647555,543665.31722,85307.4733,18271.56416,254240.79449,30081.0583,7830.76868,10951.358,5574.70985
2024-05-06 12:00:00,800288.634052,383975.514544,540813.78642,74478.9927,47916.53157,276644.57302,37734.5159,48625.06191,14837.06489,5795.61482
2024-05-06 16:00:00,361955.8577566,117465.680849,128531.19029,17555.5572,27800.07905,194370.99611,19157.5778,33784.33577,6616.70674,7955.67938
2024-05-06 20:00:00,224356.9999322,32306.05571,240173.02607,20979.5139,10191.99862,150642.4014,4943.3587,1913.89445,3552.24966,4929.39536
2024-05-07 00:00:00,554102.1354596,133828.806471,492716.57983,39507.5561,10202.44358,91307.10574,17934.3464,1588.22554,6428.1864,12905.22597
2024-05-07 04:00:00,146493.9334873,18414.735382,84237.5783,24983.3775,8171.67481,73945.14308,4000.9344,5639.42258,1017.5663,4462.44786
2024-05-07 08:00:00,120388.505714,46220.580057,231447.71099,47640.6102,6378.92043,58959.5475,55430.1895,2231.51346,7147.03878,1666.60045
2024-05-07 12:00:00,495099.330087,55433.474112,271545.85311,47502.9842,7700.32886,30499.56216,30630.6063,2561.49756,5168.13689,47244.94292
2024-05-07 16:00:00,242389.488364,48217.368613,325755.67599,22286.7116,18868.17203,55697.72435,28139.3393,2136.08536,5291.98722,6625.12397
2024-05-07 20:00:00,607395.1158131,63893.189224,768249.87277,25529.5647,23927.60244,62307.31132,20180.6635,3269.37206,8350.04985,6563.45936
2024-05-08 00:00:00,115136.7048398,204267.097607,211957.80083,18075.1345,16735.49323,46107.88583,11030.7707,11741.63917,2852.19937,5715.78548
2024-05-08 04:00:00,104592.8212914,144383.459868,183271.17604,33622.3114,5281.98189,50473.99038,14078.4083,44118.67195,5650.15446,18999.92093
2024-05-08 08:00:00,197274.1621301,27548.89443,103188.27787,24973.7595,2583.07298,35270.52142,8780.3154,820.24816,501.39235,6167.42062
2024-05-08 12:00:00,520533.0401,125814.515491,463802.23818,69213.5302,81262.62506,54009.89171,20053.3301,5343.07908,4990.34556,10506.64159
2024-05-08 16:00:00,329700.4115841,89928.990349,274610.19234,20631.5694,32566.96327,47425.72348,25611.5893,1145.77019,1637.6835,20233.54613
2024-05-08 20:00:00,628283.0259218,184644.682341,424459.26243,32383.6526,10874.16842,114686.55968,8838.3067,1392.87039,5726.87897,14133.3548
2024-05-09 00:00:00,636224.3948438,45748.096662,150117.63805,67459.6436,15915.80971,54219.84247,21809.0534,24288.02915,4344.07053,24836.07527
2024-05-09 04:00:00,188477.3354641,73620.989694,48613.87651,36263.7709,20528.57109,75238.95367,5538.9474,2846.62238,5529.11641,3470.44085
2024-05-09 08:00:00,185049.1465268,57675.433391,156466.73226,14360.9926,17596.20182,39744.52453,4400.1129,5799.24275,13110.34892,7564.45607
2024-05-09 12:00:00,307994.5244526,63230.880382,385127.77527,103473.8959,4547.99026,117173.7834,2896.8834,1359.49687,6335.17146,6674.7369
2024-05-09 16:00:00,572882.8871272,72952.313623,183514.1229,96833.3835,30879.04867,56651.88188,5382.6543,3065.3206,6659.54452,2130.9051
2024-05-09 20:00:00,788667.8218625,39285.636188,517381.78951,28945.219,30460.27735,105811.31908,12556.788,3580.19749,9343.53772,5484.6954
2024-05-10 00:00:00,436987.1770746,87317.274147,105037.94087,25355.4758,23595.77445,103419.26825,54753.2611,1352.89621,630.00238,6859.07587
2024-05-10 04:00:00,185700.6932909,18676.717159,112802.55896,14998.2483,9583.76091,62353.14474,10654.8342,708.3229,7171.10848,8289.03056
2024-05-10 08:00:00,111449.7107862,20109.741763,96994.97912,35239.6034,2908.75086,40778.84891,12662.505,1399.7339,7343.89623,3807.32289
2024-05-10 12:00:00,1775873.3031118,273497.506096,719927.47553,35747.8918,50584.7021,245443.51044,15553.4933,12464.86076,8151.1493,10607.18892
2024-05-10 16:00:00,572392.5080471,197460.765317,149180.36448,41705.4864,31419.93334,51634.21665,6218.5834,6281.49279,6934.12181,34999.61261
2024-05-10 20:00:00,215951.8506159,39447.212863,334242.83332,143737.3424,25148.4216,38904.82185,29268.5887,9361.51065,3945.27939,25246.47223
2024-05-11 00:00:00,236715.5479799,45344.485112,128819.10882,67769.1405,1950.58621,48262.72995,2145.5135,541.91295,10061.01201,13653.9893
2024-05-11 04:00:00,139551.8809544,37647.986279,61923.62643,27175.0362,7184.39544,8777.89728,4983.9297,2202.92624,282.05912,2722.32883
2024-05-11 08:00:00,41927.4465909,18976.622686,27270.93945,10863.6623,4534.86012,36368.893,8757.3075,1610.27265,3744.78332,1659.31962
2024-05-11 12:00:00,273037.9480163,37468.746855,139266.27756,32945.9035,23702.02587,21989.96459,4652.4779,14969.93809,2359.22455,10982.70764
2024-05-11 16:00:00,99021.9498854,17712.063217,117559.91583,33209.4624,25894.58555,46781.56593,3442.7369,3753.22889,1309.6351,10169.40341
2024-05-11 20:00:00,149384.5358273,42325.633321,44788.85421,44021.6003,10025.84879,24240.37173,876.294,2040.48843,3804.1404,12187.33583
2024-05-12 00:00:00,56372.0542846,14642.367067,27151.7765,10184.138,5234.47021,11702.25836,1337.629,9665.67005,1881.92884,9059.51704
2024-05-12 04:00:00,262015.4979807,12335.544264,45284.38485,203622.8169,49846.28812,65024.78849,3571.4902,17733.38128,15006.32085,608.40457
2024-05-12 08:00:00,77221.1441857,24059.913738,16231.81838,12269.6928,15442.01111,29627.02731,2777.4943,473.33174,805.24775,2698.01965
2024-05-12 12:00:00,202205.7210867,16511.38626,68432.66666,40255.6857,1476.56326,10133.58378,1210.3012,788.6695,20841.51476,4990.14573
2024-05-12 16:00:00,152608.9926346,13819.445885,26529.39813,31704.9005,5184.45776,13216.2985,1456.4126,3359.89342,105507.25269,23649.6895
2024-05-12 20:00:00,40742.9128797,100472.896525,63700.51019,187858.9045,3573.01984,20756.94436,4957.7245,2311.3895,3813.329,6161.32721
2024-05-13 00:00:00,365892.9331755,132543.326055,222088.70881,46413.3105,18165.29688,93195.8002,18287.7615,4519.53885,8863.76223,52476.88526
2024-05-13 04:00:00,163033.9358571,62661.012036,61139.97452,43390.0432,9073.25291,56004.2466,4167.1668,1699.0439,6171.01283,1439.70059
2024-05-13 08:00:00,690931.5781215,74975.797438,230342.78899,340158.3343,6418.60164,92568.48591,5817.3262,2707.00335,2610.60999,17205.41725
2024-05-13 12:00:00,806848.7949688,93237.92614,187282.42123,66185.1402,13984.10517,237745.32218,8109.7167,3058.37833,129749.50858,2614.91453
2024-05-13 16:00:00,441527.7172752,66087.349824,370866.19551,45219.6067,8335.12789,349368.22552,12972.3163,2890.21849,8713.77674,19878.95297
2024-05-13 20:00:00,185209.1766561,75741.79634,221329.05966,35064.7717,7194.11504,67528.3209,4470.1836,12556.13098,4235.36669,4468.23038
2024-05-14 00:00:00,227268.3402978,75394.864197,65210.50934,25882.8153,22082.99586,54228.82689,23992.1817,2124.21747,5442.61537,15566.81775
2024-05-14 04:00:00,228139.9808966,28182.495803,87358.60351,40757.5257,9430.33277,124325.33881,11556.6555,3709.63546,6496.8096,5992.33582
2024-05-14 08:00:00,402123.8634022,18112.048941,21487.862,20327.4243,13686.73493,69420.33463,50635.6838,11834.58969,2202.63327,14770.25652
2024-05-14 12:00:00,398163.6550806,148958.458468,258840.69437,133615.9844,10676.79727,150984.84714,15219.2761,2485.81938,5216.87232,14876.27227
2024-05-14 16:00:00,219718.6558317,60615.269136,82625.01107,64272.144,11427.62965,102987.04045,10880.6162,1398.06619,10439.96967,13474.51674
2024-05-14 20:00:00,57364.1924012,80990.450267,72108.89508,49991.8567,3412.80563,68115.34997,3646.7659,1563.80095,988.04442,1939.29973
2024-05-15 00:00:00,144496.6840512,47685.598594,27070.88053,47317.1853,4858.97543,39991.23795,42173.1642,502.72523,2926.84598,18892.51051
2024-05-15 04:00:00,63721.0534527,14261.859504,13074.989,14395.0411,8890.82132,90359.12028,4493.8148,163.247,1607.03918,1318.93248
2024-05-15 08:00:00,312100.3641144,52106.56539,37021.83151,21108.2455,5465.55498,86395.42693,4545.6248,9796.87789,1272.87634,15099.21654
2024-05-15 12:00:00,2101633.9546551,157980.987785,826335.54873,60357.7273,20052.04858,196934.4767,28764.7639,14677.66986,8578.76003,7854.38907
2024-05-15 16:00:00,1590302.3210832,200528.892974,306945.52379,38180.4026,81107.11608,97063.93681,10995.0952,1913.73892,14371.68536,13825.40521
2024-05-15 20:00:00,446528.7535124,259483.761449,403619.26927,33383.5071,40683.41148,296236.03821,20268.8665,9202.51992,12018.02346,16283.5861
2024-05-16 00:00:00,453564.0763836,119699.376914,791765.18509,36926.5565,43331.97486,118927.57046,18202.8226,11729.95783,2353.52619,3970.05493
2024-05-16 04:00:00,112326.9529893,37405.169255,292190.11789,11291.1381,18645.96329,43619.97476,1636.6969,3135.61995,2652.189,3038.00948
2024-05-16 08:00:00,229022.003927,38892.934646,172969.57752,15574.6377,13801.36342,38898.51252,21910.408,2316.78188,1098.84174,2705.16743
2024-05-16 12:00:00,890155.2285008,110331.534396,674100.3331,59618.9397,50114.91842,97139.73221,15129.8113,26350.89572,10838.08716,16025.78844
2024-05-16 16:00:00,774469.1477466,88186.282311,741235.55176,155066.4558,37599.85301,64924.85254,4307.8027,1656.61686,52547.63037,15486.24829
2024-05-16 20:00:00,159562.7067914,56508.83265,287596.52831,26103.4922,36313.27034,18816.504,3061.4383,1989.81297,64019.03389,6821.81801
2024-05-17 00:00:00,228240.8524963,55733.409483,279422.15947,69960.0164,8688.6868,60794.18643,13771.5987,2952.12391,63074.40834,1752.84138
2024-05-17 04:00:00,203166.610155,103933.431433,560702.14382,37169.5304,84209.5478,148927.86456,47152.3235,17945.19541,30624.24755,5398.32154
2024-05-17 08:00:00,503550.1122337,55862.214998,735221.1247,27320.1859,94814.22238,37177.24039,12395.8252,3428.80551,41051.52376,3238.63018
2024-05-17 12:00:00,858524.358602,224111.189368,645960.65471,51387.0495,25785.55422,44411.39995,9272.8948,3653.19875,44985.84561,13717.51464
2024-05-17 16:00:00,786721.6809914,150541.351681,613338.31027,51786.9426,36330.81451,104026.14856,13673.6245,1522.36657,12721.10674,17024.85978
2024-05-17 20:00:00,89291.8959085,78085.968411,298914.09957,13716.2372,6397.81329,78462.6029,4495.4559,993.7755,11035.31661,3322.1702
2024-05-18 00:00:00,110988.2641659,129133.386174,317108.70293,8980.3539,6527.01582,38974.72905,11536.8931,1945.792,11434.18499,4112.19515
2024-05-18 04:00:00,152575.4290546,66894.702094,93581.54966,24649.5225,2909.10839,18313.49622,5397.7379,553.33565,3266.11771,3746.56843
2024-05-18 08:00:00,301794.5042312,86191.969308,169173.33824,9319.7653,12235.12086,18579.21429,9421.8742,1143.34911,11312.04942,11148.23978
2024-05-18 12:00:00,348439.4693069,43252.48923,145436.78191,48319.9272,25879.71019,93349.35517,19979.3254,4140.23594,40894.11006,2385.56223
2024-05-18 16:00:00,72337.9147692,59374.78919,149713.48772,40384.6865,34641.78926,15991.39525,7876.2487,3078.94746,3905.12695,9137.85516
2024-05-18 20:00:00,106502.4820661,30808.78966,147989.18935,15360.9541,86809.54993,40533.81656,11108.2147,2008.72499,5789.96397,1726.46523
2024-05-19 00:00:00,199910.4110813,85453.590702,137704.96484,24311.8231,4469.41187,121218.39926,23293.8613,77.48324,7608.32982,5769.57715
2024-05-19 04:00:00,52402.2793404,9567.244286,77406.17694,17939.0036,1983.65408,46703.60293,5670.8599,825.70759,25777.76528,544.76633
2024-05-19 08:00:00,222599.5785704,23860.415965,209121.51709,8686.1773,5432.98245,40943.22242,4426.1329,1141.96744,15817.55997,5646.79448
2024-05-19 12:00:00,523128.3579422,87985.460412,384901.19451,28387.8007,49232.50794,36499.47438,6926.7155,8145.13325,26032.3552,12790.71834
2024-05-19 16:00:00,227117.41077,60792.132514,370361.17286,17748.9697,7367.78885,30940.25686,13212.7243,2724.20938,40213.907,3107.09047
2024-05-19 20:00:00,549100.2577475,59070.777538,153593.60782,61086.0983,5506.66011,74870.34555,3953.5431,1251.99226,17493.82013,3650.44574
2024-05-20 00:00:00,151351.064318,53738.40891,465647.85418,26376.5852,9230.69345,39518.9513,13806.1787,2542.32673,19459.60755,3002.37725
2024-05-20 04:00:00,139962.0965833,50949.38087,664210.73527,9659.7443,10499.81437,116196.69933,16180.7281,2515.33338,11450.52403,4233.28412
2024-05-20 08:00:00,89145.1445727,22440.774119,140987.30816,17694.0904,2183.53906,99046.8837,28124.1202,977.35676,3788.74153,1624.37316
2024-05-20 12:00:00,835913.6242001,82068.746205,201841.93518,42025.4877,19372.15963,58682.04679,8407.2442,5066.18038,13604.01987,769.78573
2024-05-20 16:00:00,2684557.4147246,1081655.83682,654564.64188,151747.1664,94244.21456,161826.82954,66070.6053,30152.9171,31789.82014,19000.91211
2024-05-20 20:00:00,2433626.2331719,1895922.915707,848169.46725,239632.3281,88954.90452,421850.50027,51950.159,18119.36153,32597.12612,17790.0779
2024-05-21 00:00:00,1512552.8300456,1724086.538931,693932.81778,189259.5485,116849.98581,123452.73448,28277.2267,23353.46806,20146.90462,31745.68818
2024-05-21 04:00:00,261268.2521621,200906.028519,173549.4302,482385.229,11838.72722,44198.57286,24720.0913,4697.3151,24642.64598,4240.77735
2024-05-21 08:00:00,279844.6903851,1548855.300919,113890.4732,247108.9885,7577.89683,51968.8285,2986.4103,3450.56846,2004.16716,16153.61417
2024-05-21 12:00:00,1593063.1924708,4001817.748485,677912.60509,265714.9645,96657.9047,482245.61084,55841.224,7008.77844,19568.02788,11017.62808
2024-05-21 16:00:00,693783.2216914,518815.704627,369083.2994,61606.314,27920.20541,266761.14243,22941.0371,24564.84517,37350.71396,8481.10714
2024-05-21 20:00:00,433439.669308,450257.144692,428470.82155,201446.8163,46265.50643,139166.09711,7246.3195,938.18096,5071.99036,13928.67304
2024-05-22 00:00:00,1106741.1460869,192464.842101,219805.89767,289243.2671,12078.85061,211952.33218,21114.441,6945.72117,10693.78421,6814.00153
2024-05-22 04:00:00,690550.5145971,797468.085405,213375.4452,88722.5452,20471.82277,41450.56704,19797.8466,5990.14838,6411.80973,5028.54796
2024-05-22 08:00:00,259670.0964281,339864.546028,138680.65818,144111.2762,7764.36038,23141.40145,12691.7346,4046.13451,2733.01641,4077.27651
2024-05-22 12:00:00,714757.4072136,439693.122253,217206.93155,91120.1444,195550.22588,106181.00612,20997.7717,6933.70413,25020.82475,15754.73599
2024-05-22 16:00:00,342059.7473456,287879.030681,253129.53275,61730.6184,22486.68014,71447.04416,10214.7579,4497.17546,8805.75286,3098.63343
2024-05-22 20:00:00,443140.3951273,270220.881518,191776.76284,53544.3097,53012.57097,23815.82997,8487.4107,4288.36391,5026.9366,5012.76081
2024-05-23 00:00:00,145012.5840334,240649.910316,214142.95788,14891.9526,9747.13791,65292.02105,5869.5941,7328.28812,2875.04887,6721.26926
2024-05-23 04:00:00,94726.7324352,196687.848521,52011.30369,25949.0696,2349.89722,34673.78821,2518.9361,912.28196,6555.5297,1051.55371
2024-05-23 08:00:00,236337.1222045,1207070.195615,206799.88601,35057.073,16687.21439,32371.64381,19026.9694,18451.18469,5146.28915,17476.51868
2024-05-23 12:00:00,1179177.2932718,1497196.092185,468534.23576,271725.1274,106988.99257,208512.92376,51151.7471,21345.06917,32246.2052,36707.17783
2024-05-23 16:00:00,708655.077805,1316552.088435,204701.39587,123218.5008,29548.13177,110803.24854,16521.0355,13248.42356,16179.10793,19778.4819
2024-05-23 20:00:00,797909.0923909,2409726.748317,1180318.00939,191236.7919,42249.28501,290963.6346,34892.1772,12230.01519,28608.41971,42728.68004
2024-05-24 00:00:00,223206.3728655,320481.735571,347951.53118,23051.5651,7045.34224,26324.94193,5018.8975,1213.48286,42707.88316,59480.6669
2024-05-24 04:00:00,340572.6947977,545023.458292,274848.52584,23945.7855,6370.30814,466423.09942,14292.9527,3147.13269,30691.90189,42693.03493
2024-05-24 08:00:00,133534.2288117,115289.187204,199642.74913,27498.1212,6362.44777,30796.37515,4407.2091,3065.14624,24333.99226,5682.35859
2024-05-24 12:00:00,485694.823027,241488.563118,292655.31094,27305.4163,8484.06719,375207.31016,7780.3382,8942.96782,22086.34784,2795.12752
2024-05-24 16:00:00,577575.1073916,367956.724068,168082.88977,48869.0348,10586.82445,59681.68368,15660.0683,5052.43289,19995.1412,26896.83327
2024-05-24 20:00:00,146616.8386999,125561.928415,136355.40015,62864.3015,3659.69544,117362.76498,3831.3962,1387.92645,9376.91338,7218.41709
2024-05-25 00:00:00,158023.1280831,80968.879985,103441.36922,71273.0234,2788.78518,30453.94072,2156.2766,3016.55498,3719.42824,3545.78907
2024-05-25 04:00:00,212887.9485382,206083.191028,67262.11099,21620.7248,4539.42399,6725.43162,1956.3236,1229.71857,955.6162,732.47441
2024-05-25 08:00:00,229198.4121168,65872.935945,41500.59154,32157.2751,5930.29011,106968.07135,1017.4468,885.39349,738.80406,4525.36627
2024-05-25 12:00:00,129124.8658562,100289.580143,46330.96004,17160.1183,23590.38577,84951.24352,19613.3546,1940.57417,4527.81632,5151.62615
2024-05-25 16:00:00,334142.407031,31231.988286,47640.65178,28963.6443,4345.97917,109212.73082,3374.9293,1469.14739,4165.05797,2873.28382
2024-05-25 20:00:00,127412.3176717,59761.155415,83009.28371,23356.6041,10481.93472,45564.70359,677.141,5398.5222,7608.2318,1473.22698
2024-05-26 00:00:00,99270.5694025,82943.311923,93641.54196,17338.5474,11955.65249,83961.454,7772.8881,9420.88215,23474.77104,2848.67074
2024-05-26 04:00:00,68519.9592688,116049.572666,69585.50785,7979.0859,1931.3111,27082.93468,1695.6146,430.55238,8258.43231,7899.63618
2024-05-26 08:00:00,91017.8971285,124715.217628,83110.39336,38980.5901,1431.35035,20933.39717,6030.1205,721.61603,7582.48657,1819.5892
2024-05-26 12:00:00,152748.5848756,393507.00606,93139.3095,76908.4418,41834.03322,68863.11653,13356.2747,4398.63104,4942.87728,655.59886
2024-05-26 16:00:00,156895.2830454,209257.032153,149541.96981,29772.7903,33121.19813,9639.23021,8930.5415,1851.944,942.04294,2347.06731
2024-05-26 20:00:00,171155.9430261,199785.619876,167982.23074,94064.4319,18147.82232,62576.11107,15056.2998,3239.98016,14509.64404,15948.56807
2024-05-27 00:00:00,189791.6453979,446401.264567,42397.45117,39346.0712,8050.73515,44976.8916,12860.577,1064.15369,17719.97992,5831.06368
2024-05-27 04:00:00,75071.0360937,255131.523408,68560.78783,32726.0621,12302.17487,43540.44418,7366.4995,5758.05464,4093.75951,6487.04247
2024-05-27 08:00:00,107947.3401037,117633.417453,145652.69415,7777.6975,46894.53584,16917.89141,3287.4715,1868.33429,1997.34513,3379.12996
2024-05-27 12:00:00,686866.7428528,373755.552907,237245.43588,33278.8643,23993.30962,119438.6874,13841.4146,7331.18093,18882.35969,16943.95829
2024-05-27 16:00:00,760832.5797924,181550.02832,552557.80274,49379.5612,93560.95507,73450.45704,26121.7441,16226.96644,64798.73359,16548.3396
2024-05-27 20:00:00,606909.1636909,201258.721468,65227.73175,13887.2638,12922.61925,92915.99188,11688.655,2595.20931,16405.9124,3394.3822
2024-05-28 00:00:00,862700.0067368,439341.503938,254883.25565,69196.4455,43603.36945,99013.04298,21469.2769,3268.01025,32285.87912,43125.2687
2024-05-28 04:00:00,398556.7723144,161575.362752,105922.01342,14358.8342,11524.73386,84499.9434,15220.6457,4092.23025,5136.53964,7358.85752
2024-05-28 08:00:00,147109.6479454,199287.371913,118581.86581,22487.1171,6149.77553,39094.54331,3111.6912,2474.98619,2853.11133,3328.68833
2024-05-28 12:00:00,497319.9365628,232268.229773,309289.96535,37142.3511,11108.08715,125822.65424,7728.0461,5736.10343,13171.88234,6640.63069
2024-05-28 16:00:00,861582.1309038,625503.459144,153881.20143,28371.8483,29017.61631,42294.79253,12281.5867,11943.95627,21479.68332,4738.0235
2024-05-28 20:00:00,182081.2473691,121060.898122,115840.60886,19177.3236,2082.02541,107646.26979,4266.2651,3225.66523,17069.96325,4443.18322
2024-05-29 00:00:00,172641.2228606,90014.587523,98917.15349,20233.8618,4963.56597,126060.65638,5051.9908,2184.2698,10084.32705,19445.4533
2024-05-29 04:00:00,192909.0786154,123472.25818,180269.07359,34396.5345,4022.30338,54542.63248,4410.7343,2578.08727,3780.79786,30498.15594
2024-05-29 08:00:00,173123.3250288,118611.261285,58628.87181,27683.0205,22211.52337,87281.40656,8516.6467,9949.90819,18254.0425,7252.16525
2024-05-29 12:00:00,463267.0096383,291539.714534,188401.92695,56308.2753,14045.84396,100093.50457,28260.7909,9450.48237,114582.02506,2372.42659
2024-05-29 16:00:00,265961.2998609,143723.316429,128288.56304,36505.7915,40708.33179,29317.86064,32604.3676,10111.92712,30020.87607,5395.12528
2024-05-29 20:00:00,180672.2612488,143742.742123,124287.83683,19832.8243,43806.9497,115437.06279,8625.5746,2696.18913,13210.05678,2698.90179
2024-05-30 00:00:00,188736.3808577,187591.66055,116826.12359,32208.6678,21617.74165,28701.4961,14235.4562,1636.9695,16117.24859,5158.31127
2024-05-30 04:00:00,171250.3848826,146097.941259,171554.04814,14730.1091,47937.99918,202315.98179,23363.0291,10802.92861,26797.35237,6383.16365
2024-05-30 08:00:00,109709.7731917,44007.600337,60402.55722,47332.4672,11584.89093,31214.62581,14309.5447,6112.24707,5934.52701,2905.09942
2024-05-30 12:00:00,411081.1716511,137305.168338,130625.37654,26853.6839,14859.26738,124040.17978,24431.8764,4024.93031,3710.74053,9378.82693
2024-05-30 16:00:00,512119.1041818,245879.14832,140578.35158,29029.4698,35679.43724,81361.36929,13345.9577,5434.15424,4638.42677,13480.65091
2024-05-30 20:00:00,497727.9809953,98893.353914,220437.10714,8374.1418,36013.43178,110248.81912,26059.2332,951.83842,4580.04693,11512.36035
2024-05-31 00:00:00,172734.3544806,107605.855835,101778.48718,16035.4997,11328.30085,3181.59424,3759.5177,3834.95115,11089.18636,4449.64678
2024-05-31 04:00:00,81776.5025789,131420.363664,40121.9501,83414.9826,3304.32577,16503.48091,31576.0133,8679.16822,1775.1281,45743.95918
2024-05-31 08:00:00,117299.6356505,139504.122427,41708.02685,15411.8745,20583.28297,18590.23006,3301.5064,582.87019,2282.51339,6585.08314
2024-05-31 12:00:00,700639.3819851,305856.455473,196094.40611,39119.5204,69556.98431,62188.65919,14632.5004,3258.97409,23350.62186,12640.72735
2024-05-31 16:00:00,584876.058313,217921.120187,232389.38496,54657.6614,36029.71657,95832.22624,22076.6521,8068.35464,18442.8906,3326.31082
2024-05-31 20:00:00,180366.7303581,76363.687387,52455.78126,48978.8393,14705.44356,72528.08938,3668.8531,575.61381,29997.68633,4050.99052
2024-06-01 00:00:00,53037.2631684,53273.037132,39288.73188,13353.998,12929.22446,14842.2263,7134.7287,224.86028,3259.87463,2832.49
2024-06-01 04:00:00,59200.6545288,28346.652289,23154.15259,17150.1931,5481.80716,11274.31377,730.5079,1493.45152,6024.73433,2015.67801
2024-06-01 08:00:00,9152.6305051,83593.227513,35636.28959,10038.2927,8985.83824,4791.13501,1605.4605,1264.43802,2182.08019,1874.82872
2024-06-01 12:00:00,99827.7791728,92758.638772,105483.21214,43278.8115,27831.67986,40030.8154,7006.9272,983.62937,1286.53209,2431.07567
2024-06-01 16:00:00,67884.3961761,64395.703779,54411.42455,62681.485,12371.404,10196.46534,707.0626,7442.35038,1019.08687,11086.17717
2024-06-01 20:00:00,133970.8444315,131320.259005,139176.54723,278325.6415,34194.58989,21727.66396,8654.0795,1082.89886,4738.50847,2186.70334
2024-06-02 00:00:00,149360.3347161,97062.094337,64983.64422,121853.2497,12228.87251,79758.10331,1872.4462,1236.19825,2599.28491,2559.54383
2024-06-02 04:00:00,122675.2241228,69321.026725,32736.50494,43866.0379,958.70403,6058.63142,2171.3433,459.34975,9465.00161,2240.81278
2024-06-02 08:00:00,97850.1409788,120874.628702,26443.16672,26077.3163,7125.50231,67451.32153,5215.8116,1079.86437,2697.54987,7509.2965
2024-06-02 12:00:00,284008.798015,45465.578189,56843.6981,10241.7393,4236.54593,14945.49363,2761.5134,13768.78507,4804.74452,4298.91924
2024-06-02 16:00:00,298687.8696682,169360.823669,180519.97564,21167.8739,16302.41212,68563.74722,42169.6157,21133.79594,2851.36724,3741.94256
2024-06-02 20:00:00,186677.0101148,38927.822575,70785.61634,34553.7351,1548.50083,5272.69532,3235.6496,3764.26782,2960.97783,862.26474
2024-06-03 00:00:00,396913.2125529,140426.170095,116639.93027,59789.8165,66048.26578,81721.52193,5237.0958,11718.63229,26910.2706,3586.48991
2024-06-03 04:00:00,222354.1476242,120172.093856,62524.03529,292551.0982,4512.80243,38472.80658,38070.8705,2839.63328,7619.87579,2830.80596
2024-06-03 08:00:00,82120.2518333,22558.17844,73722.28805,185112.489,4995.54646,62339.23276,2806.3749,452.37393,2299.34044,2688.90131
2024-06-03 12:00:00,979165.950879,285534.589376,212626.34549,232358.1993,31615.91037,95912.07284,13708.0208,6769.78355,6276.37769,4360.26747
2024-06-03 16:00:00,294087.4501888,106085.235857,148024.63588,45222.6789,60581.48055,19084.52064,3864.7916,1833.39381,4609.53555,7343.26467
2024-06-03 20:00:00,498195.4464825,325505.427153,169156.91898,52188.3653,10686.65797,32670.6254,4876.3954,1579.01783,7133.39419,5073.70921
2024-06-04 00:00:00,190080.6984467,80540.154378,45083.88071,84008.0163,54092.09518,22057.02691,19922.5136,9927.89415,4443.11396,26253.20047
2024-06-04 04:00:00,144797.4272805,54313.275384,50958.00015,228933.1938,11453.52876,27206.78116,2141.3568,259.92238,2437.23434,7431.59077
2024-06-04 08:00:00,98344.1042841,86175.997092,25033.03978,312108.937084,11703.41465,15300.87709,2962.7803,1096.03252,7929.8602,3732.11619
2024-06-04 12:00:00,1371400.602791,189274.590342,289009.73012,580393.475661,36911.45313,37176.10238,10883.884,12398.98267,2236.45756,4432.79213
2024-06-04 16:00:00,1189415.1515116,369981.178274,307051.87157,261007.763705,30517.78263,62187.60972,18576.6842,6360.57093,6681.01392,7442.96718
2024-06-04 20:00:00,499268.9685247,474580.20307,116274.97905,805651.883955,26985.96835,71046.72569,11623.4852,3571.61916,14675.08122,32055.10279
2024-06-05 00:00:00,944706.2122664,507236.07852,316913.95368,752360.3822,36631.59398,77344.11108,14474.2272,4062.04571,4757.7222,14306.16033
2024-06-05 04:00:00,299692.201763,297008.476643,66085.77251,344653.824,19418.13501,86191.44985,9843.5324,1695.58215,43721.80421,17697.71577
2024-06-05 08:00:00,122836.2132595,311140.599322,23869.69598,134472.6832,4247.79844,217157.96856,1722.2469,1894.89567,3853.23933,16532.47784
2024-06-05 12:00:00,601846.4177253,105373.600078,180965.03431,90246.2565,101873.10458,86849.7738,4696.1018,305.20881,6411.12959,27741.01027
2024-06-05 16:00:00,591675.5765131,425722.112504,148744.53128,138977.2931,15897.39719,60923.25551,12481.6631,6558.63342,8431.47039,6835.28203
2024-06-05 20:00:00,481576.3550774,473411.988438,71115.60176,288549.6831,14528.97075,61979.22347,16373.0827,3918.08065,6346.43075,16457.1006
2024-06-06 00:00:00,141370.2759412,258356.078246,103058.18772,180520.3349,9181.89257,52371.30544,10642.3287,8033.21177,3145.90009,11232.78933
2024-06-06 04:00:00,103773.7302618,187154.079719,63202.62081,109816.7173,16789.67125,77894.59709,3526.8822,1021.69704,17489.94228,3924.27221
2024-06-06 08:00:00,370323.1141467,20144.074935,42254.83069,85103.5572,1949.02365,32661.3532,8225.034,542.60164,4463.93318,21768.68574
2024-06-06 12:00:00,466808.325187,105387.449608,50209.57376,188865.9465,11588.32408,62732.40756,7336.9805,6572.88804,4414.06392,4885.8822
2024-06-06 16:00:00,548268.9101528,245403.858119,154082.69831,53853.1617,24873.27455,98555.75651,11234.219,13969.53814,5890.72474,13103.54422
2024-06-06 20:00:00,443061.6806909,278194.324913,121848.44631,64150.2695,23659.14738,91074.48392,12586.0486,8984.09073,6766.03714,1834.48627
2024-06-07 00:00:00,274743.8796729,94555.031227,49820.37946,94910.4907,25891.06365,15426.87516,7041.6223,9492.14915,1200.84208,46108.18778
2024-06-07 04:00:00,322409.1659355,149597.984457,54936.16778,15798.1291,17883.10802,101232.95088,2041.2898,1387.87835,4217.33584,3625.54453
2024-06-07 08:00:00,143781.3272789,78995.061604,23596.68786,14621.2571,101873.98211,40212.59042,3325.9674,1500.00878,912.61731,3653.89045
2024-06-07 12:00:00,668160.2984978,247534.025919,83234.22037,88220.1257,86740.81801,157516.63473,42213.0885,6166.27491,8327.40942,6268.84958
2024-06-07 16:00:00,1789868.7493965,1331504.66925,746352.21838,254028.2679,159809.54984,512583.10567,110284.3438,51452.08901,57590.57343,61303.67654
2024-06-07 20:00:00,363772.789623,99664.818441,227823.0347,107846.2108,8876.20969,66317.61401,13352.9711,6495.54327,7682.13161,5618.41472
2024-06-08 00:00:00,135430.6508921,91141.142944,66880.33455,78035.3929,8722.85492,43071.52585,6732.4936,6098.85474,4144.98345,7159.60847
2024-06-08 04:00:00,34938.7390746,26390.832824,58280.21853,17762.2429,6340.48528,39349.78677,3815.075,20564.02382,19375.17453,305.17086
2024-06-08 08:00:00,37112.3422188,15973.753985,75116.80482,11378.1335,17760.5236,38000.69179,5906.4434,2832.09898,8945.60151,1384.2342
2024-06-08 12:00:00,240066.1539085,58863.814204,332904.72187,29136.1659,13593.90712,38999.73808,21356.3571,7391.29675,9266.58536,4198.6385
2024-06-08 16:00:00,116442.0333564,28559.160572,338616.61905,16746.9074,25640.49572,55492.1692,5937.412,1853.17717,7355.42575,6808.4152
2024-06-08 20:00:00,143474.796446,75954.609938,558984.19952,113639.0128,18187.81296,8996.69365,8659.0535,4974.25331,1356.32804,4137.63934
2024-06-09 00:00:00,253682.2922352,27800.367196,208630.74119,63042.4483,6342.5043,57701.12486,1617.7087,2787.21322,5453.43138,4862.02159
2024-06-09 04:00:00,31015.7650792,11208.86712,119350.89794,26395.3914,2134.47979,15355.42234,427.2081,146.19138,2481.38119,794.91145
2024-06-09 08:00:00,55266.2446408,51758.921613,79412.24275,10146.6952,23477.48741,17986.85614,1092.1497,570.95341,1112.9419,1187.81711
2024-06-09 12:00:00,145111.0199156,68947.531457,52767.92547,46169.9715,7466.01423,31357.77821,1654.5094,10395.73583,2513.32599,3806.32411
2024-06-09 16:00:00,153900.8749817,27131.651037,120936.41564,25282.9002,6795.2369,12394.37296,12409.1906,1176.71732,1888.17136,804.35691
2024-06-09 20:00:00,22245.4649547,105257.126604,12090.83129,20404.4396,50298.56977,20032.19924,2823.2051,556.62887,5546.20472,2295.0517
2024-06-10 00:00:00,93579.2544771,58556.411445,70151.72306,93624.7937,9702.32884,10653.81476,7380.9719,1298.39899,11765.93892,4418.72213
2024-06-10 04:00:00,139469.707681,82018.562911,61830.87581,121059.944,88478.57977,67362.91184,10006.4312,3818.45496,5838.94103,4615.40675
2024-06-10 08:00:00,46424.3522779,63610.37343,35535.797,50582.9573,18885.26092,15747.27329,2879.9586,1904.44368,1694.02029,668.21049
2024-06-10 12:00:00,120855.635167,40771.634567,101592.86485,226265.9482,80437.56947,10930.3726,3609.7302,23114.93884,5505.45114,2529.29681
2024-06-10 16:00:00,322421.3160275,128533.164983,69225.3334,70985.8844,10238.82718,54709.18153,4339.7829,3209.71539,9045.99387,5091.73075
2024-06-10 20:00:00,123501.6862905,99359.814157,33153.2155,230757.6903,9193.14391,22211.81984,2805.0388,1485.56718,2786.64519,5234.89356
2024-06-11 00:00:00,691517.7916768,273815.843944,174562.50674,103085.6989,107619.60608,101408.03192,32802.7326,4690.93752,20065.11361,15627.65374
2024-06-11 04:00:00,836674.4443653,212398.43111,273281.59817,117983.9875,49390.81615,101952.14409,7539.3766,4482.92175,8325.46882,24000.80862
2024-06-11 08:00:00,661313.6104513,80420.413041,71319.30116,32319.3145,55014.01534,17013.66286,6741.9624,2530.53738,15700.58875,3435.13129
2024-06-11 12:00:00,695200.6040218,316298.132609,699526.77453,806073.7452,69299.41727,123621.07708,20179.0459,9478.08804,19539.83156,19222.33832
2024-06-11 16:00:00,302649.2030666,263218.721242,409161.87813,32640.8378,66598.54321,151050.164,11002.8169,3178.89736,20814.15261,6493.82718
2024-06-11 20:00:00,103206.8056962,103302.301622,39281.12402,38353.7672,7075.35032,34943.36969,1750.4827,51943.52688,1487.24001,4115.99334
2024-06-12 00:00:00,155213.4033441,142175.237338,154235.70311,59025.5996,3909.56165,119498.24484,7826.4457,2041.24096,5093.00528,5307.69493
2024-06-12 04:00:00,203409.7992205,68981.736627,81197.10704,18360.0846,3062.37417,63394.32616,6783.7699,2791.94071,1822.16891,706.50326
2024-06-12 08:00:00,175771.5603182,81873.37327,201916.30492,47978.5713,5195.20994,12384.87703,2833.5396,1139.22979,6990.47357,1954.98835
2024-06-12 12:00:00,911964.5744094,662064.626411,450019.73987,109760.1825,81650.37568,216000.23989,19756.0421,6473.27608,17683.0774,7643.68182
2024-06-12 16:00:00,652976.9344025,240550.701663,179524.36736,50520.8592,53661.08597,156646.09198,28150.4913,24374.7952,24898.66147,17887.09492
2024-06-12 20:00:00,438584.1659381,137191.999934,101669.6279,27948.7551,36489.98756,82630.03513,12437.5949,3631.33555,6903.17601,12507.90298
2024-06-13 00:00:00,198434.22246,126886.028831,103153.23447,44494.253,8979.29498,187215.63155,50261.6198,3736.22942,6655.50392,3679.82239
2024-06-13 04:00:00,75454.2279007,96453.821241,37990.04923,24284.279,6686.03054,20887.95194,2524.7502,3404.68329,966.81043,640.11238
2024-06-13 08:00:00,105336.9285876,40767.38638,47274.89037,29546.3163,9486.36178,15566.56208,4481.5541,1350.25605,5764.75194,3025.4449
2024-06-13 12:00:00,805715.5462914,220893.402662,221724.32351,64206.7227,42902.45284,52074.0435,20533.5633,17511.00495,9430.76719,4169.71156
2024-06-13 16:00:00,205495.229622,94255.938106,207900.99528,68951.9395,39643.23871,5337.89756,2843.5961,8451.71423,3961.58452,17116.36424
2024-06-13 20:00:00,189702.2596551,68107.887923,342128.69313,113894.1951,5250.79455,190965.30754,14880.2096,1726.35753,2738.2463,5474.15295
2024-06-14 00:00:00,89576.7826062,49218.463472,109746.77896,97644.6034,17258.2693,18913.14479,26395.9705,1372.5961,3485.37719,2182.68351
2024-06-14 04:00:00,127216.2633067,64488.807657,62969.93783,209277.0709,20734.15141,2942.71523,6637.9575,10346.52252,2863.20971,4089.06511
2024-06-14 08:00:00,100221.6998754,53043.059248,32608.99413,24159.514,9862.80164,12962.44366,10897.8884,8112.82256,931.25716,5146.04531
2024-06-14 12:00:00,292285.3850474,67876.116873,269493.79435,12750.2178,5833.41379,27154.15212,10521.0941,7025.15782,4364.86841,3668.29534
2024-06-14 16:00:00,1632965.4380936,372611.244812,700848.95482,245293.6855,47570.57022,240611.43102,44604.5889,9066.31633,27451.23189,12497.71617
2024-06-14 20:00:00,161369.0648813,351433.749024,173243.44899,36282.5124,13791.96521,90102.87582,51545.1664,4602.26002,62309.08796,3406.12624
2024-06-15 00:00:00,178163.2709085,120119.873777,76091.80472,17931.9758,76145.23863,8228.88369,4790.9756,1328.14614,6755.98314,5555.7716
2024-06-15 04:00:00,158782.2138619,485599.056502,147532.68979,13755.661,7586.74574,24896.16027,1222.8215,2304.3595,6126.08399,1218.63454
2024-06-15 08:00:00,46233.8097118,29123.023328,8372.00963,9487.5001,3853.8481,5761.19694,2121.4859,1855.22269,18531.87633,645.90148
2024-06-15 12:00:00,111809.489051,221761.873894,85644.97255,17875.4145,3330.16519,2398.65831,1334.9276,781.34835,2153.43637,1238.43101
2024-06-15 16:00:00,107900.0884307,115586.224912,60662.10518,12753.8875,6542.16806,106298.40618,1353.5183,3123.67874,555.69897,3321.6333
2024-06-15 20:00:00,66938.3416076,102006.619898,18374.86875,21540.8106,2741.35221,8318.75515,2072.2103,6018.52443,846.62527,3651.58631
2024-06-16 00:00:00,50386.7417059,24188.446772,12762.27354,50274.5764,3560.52117,48605.79864,4597.3589,583.20407,2184.11911,2525.10534
2024-06-16 04:00:00,32946.6301641,29832.630441,20428.03146,4105.9394,3246.3583,2989.86627,655.0359,4337.17913,5056.061,2451.51755
2024-06-16 08:00:00,43712.8245682,7190.597487,25793.44353,5793.6986,49740.09246,3231.52425,2587.9189,2545.42978,915.62125,819.9002
2024-06-16 12:00:00,87446.2484729,55332.494231,73112.78142,25594.3851,5836.75755,5540.19603,1165.29,4477.25036,31888.25659,2789.78433
2024-06-16 16:00:00,89434.3339031,48463.064649,119882.81611,115605.7675,3127.52944,21199.37502,21092.3289,1384.04024,396.85582,23375.35969
2024-06-16 20:00:00,65182.7164117,125109.87335,70809.53016,7738.561,3974.90495,30322.7074,3734.8316,1196.11515,12896.53391,40546.88965
2024-06-17 00:00:00,190406.9137959,83524.9492,165019.62538,24994.7242,6060.20329,17353.76988,8654.1444,4326.76635,3939.80327,43388.66573
2024-06-17 04:00:00,152501.1638505,49785.872797,41388.01566,108496.3532,74350.56747,18495.18436,10199.0996,3660.52293,5711.0148,3961.23369
2024-06-17 08:00:00,201407.8181861,211083.614994,179750.83198,18022.5971,5731.02906,80099.12182,7123.3765,4843.53903,16192.30144,3315.04472
2024-06-17 12:00:00,502249.0664246,408206.792257,74653.01457,46853.8807,13126.79055,64917.95767,107536.2317,6115.30854,5080.43807,9013.18208
2024-06-17 16:00:00,367702.2818883,175799.564744,98675.46448,30676.0361,31580.83577,67306.6144,38503.5957,25132.39468,52444.33344,14326.14091
2024-06-17 20:00:00,163352.0679281,28158.32172,66526.19783,9568.2983,10498.78059,24064.23525,10800.0353,8313.77225,22745.17321,78147.3325
2024-06-18 00:00:00,1071429.0729747,441251.78979,378588.58656,280695.8101,84626.105,293319.33215,37445.4635,38050.03024,74805.82708,58750.22276
2024-06-18 04:00:00,40956.3967133,42615.164543,71588.77747,65331.5525,6452.63626,31413.44176,3103.8444,8157.70101,4110.0284,1716.04618
2024-06-18 08:00:00,72534.5203806,146027.558002,128669.69483,30373.6971,119897.20688,56229.32419,6119.4852,10693.64665,4118.39174,1586.55343
2024-06-18 12:00:00,489514.1628803,139274.396719,249163.44724,30302.3349,115752.91188,34899.64681,7778.4514,17367.07494,13932.80915,26854.19241
2024-06-18 16:00:00,928127.4345198,202814.214076,168523.55239,32605.1755,66176.00309,58875.77934,11444.3434,9564.08679,6549.02737,10652.51514
2024-06-18 20:00:00,382749.5557662,171514.161577,202791.94105,109766.2542,84122.4596,36063.19552,4059.6272,4143.07372,67636.98516,7382.09227
2024-06-19 00:00:00,538391.9748782,294637.721425,102991.90003,94111.6849,13756.87704,87817.20997,22546.7345,2846.58965,37621.12066,9510.61064
2024-06-19 04:00:00,148143.3665813,135703.021023,41919.42201,58314.0416,11483.68582,18862.4241,2047.8275,1399.68319,23204.65857,1358.44076
2024-06-19 08:00:00,29204.4105559,38825.597326,36099.28994,23623.3794,5053.78963,7437.9335,861.8512,17655.01109,4888.10162,2104.69891
2024-06-19 12:00:00,280901.2686276,61168.114112,41719.35716,33434.4169,4631.1046,15783.50109,3683.8384,3927.43568,27512.68815,1807.5313
2024-06-19 16:00:00,155899.510229,130770.556967,99632.508,44258.5325,8005.36013,58741.95069,14138.6369,4165.64181,58845.25182,1991.83501
2024-06-19 20:00:00,91803.1364759,55502.782533,65159.08813,120558.4349,7265.93896,61377.75077,1911.4096,923.88599,38321.31387,927.09449
2024-06-20 00:00:00,251105.1897818,33253.775452,112225.12268,24041.4412,11102.06907,13066.74933,9048.2909,1605.23752,11374.03183,3301.58203
2024-06-20 04:00:00,113966.1292276,56427.8236,45371.16622,29712.6798,2485.75373,19605.27618,9356.8575,3697.57652,8606.10449,1922.6244
2024-06-20 08:00:00,243558.2249909,39780.550064,55565.81905,19143.9355,3116.6819,50982.88864,6515.4603,1461.23307,3733.63187,3052.28776
2024-06-20 12:00:00,505376.4066169,216167.129676,145249.92054,19671.9562,116239.29006,31931.87099,13153.6273,6209.21077,25870.37133,6076.01534
2024-06-20 16:00:00,109509.7882538,96770.883963,74434.09114,14450.0779,11091.92011,37199.58275,4193.3902,1623.93783,19510.93392,2910.77552
2024-06-20 20:00:00,143242.0891375,46264.881148,39834.81561,24171.113,7180.0235,2378.68987,4185.7765,10312.22125,1472.21138,11739.13424
2024-06-21 00:00:00,63183.4801559,39652.676572,68970.10432,27479.2411,29021.07473,19000.00297,2722.7433,2682.7627,6769.06002,1257.59579
2024-06-21 04:00:00,173466.8173474,49391.392527,69914.16488,10144.7288,17633.00953,715.11384,3941.7382,1258.02337,6292.22615,2271.56831
2024-06-21 08:00:00,251600.1302575,106402.965804,80686.82657,32203.5291,2173.32475,23182.99522,6400.6859,4222.94234,9905.29194,2610.90628
2024-06-21 12:00:00,331423.713731,158020.548862,149794.40551,20852.9641,7341.6818,23765.34903,12899.88,18128.41217,15820.52284,8541.59313
2024-06-21 16:00:00,131714.1630407,199581.577741,67772.63047,32549.0395,7284.48111,19415.14782,7234.1869,1586.14653,25050.42313,11544.19092
2024-06-21 20:00:00,101809.8661107,86212.515891,213432.75855,64986.0227,12772.1777,17979.93306,2575.6378,3051.0143,8378.7398,7187.33963
2024-06-22 00:00:00,46211.6334883,18705.724393,147984.14676,33223.4344,7389.11696,4132.38105,10626.675,4876.32116,20170.99308,2432.62931
2024-06-22 04:00:00,99581.3261971,12190.546604,64874.24047,19570.0564,2966.81833,8003.85003,94254.4918,4509.18607,4661.04513,821.75059
2024-06-22 08:00:00,7449.6578461,13183.931137,16321.35157,18484.5356,2110.24435,2351.01707,2610.0972,1741.31851,3509.73604,1434.72958
2024-06-22 12:00:00,65638.8693198,25966.783656,83879.16408,9812.2554,29188.68129,5067.22878,10064.7665,2479.58303,11183.35858,6285.31312
2024-06-22 16:00:00,51576.0824761,28598.922,33112.77127,17260.0201,12916.26909,6146.19411,5623.9439,718.78725,1739.5332,2837.06154
2024-06-22 20:00:00,60578.199533,50983.656814,9492.52312,42743.4612,10163.92971,9769.58686,1883.6411,135.10265,15888.26011,4194.12753
2024-06-23 00:00:00,53698.7279478,29496.504719,16365.99991,27265.687,8421.4625,7450.85791,2415.9916,1188.06422,2623.50278,1441.94916
2024-06-23 04:00:00,40142.8277278,18027.473465,6795.68801,14517.4703,3026.36302,7504.5274,10273.9417,27384.85184,2436.4129,1266.41408
2024-06-23 08:00:00,7302.2582109,9736.378924,9863.43391,7989.3734,3758.90728,3386.85326,6050.0727,5969.92452,3194.67877,5024.44494
2024-06-23 12:00:00,35139.9487568,58197.342179,66966.88554,9908.7326,3918.18217,7072.23662,17739.7353,14909.15844,4112.06035,762.80269
2024-06-23 16:00:00,87165.3564986,32575.288083,174930.90681,25791.7086,7442.42544,8040.03119,49896.8636,2252.19978,23225.04693,7737.85313
2024-06-23 20:00:00,296560.5126379,141089.455495,154730.61086,7697.7065,11064.26856,86296.02044,15588.2621,1568.82823,4622.19748,4536.14951
2024-06-24 00:00:00,521412.6023273,99394.201143,274318.40339,36907.9872,14652.11202,41916.85193,7008.432,2711.37219,7201.57935,15322.53354
2024-06-24 04:00:00,245754.1080429,116911.132456,161004.13725,42568.5864,21420.0389,38982.77261,11458.9288,9318.82116,7860.92103,8762.8477
2024-06-24 08:00:00,772659.844,487523.403192,108838.96032,42753.2706,14610.50059,62234.24992,35930.4495,10424.64609,7807.52097,16946.18577
2024-06-24 12:00:00,355732.7596271,164213.960392,100354.5065,26006.1428,14097.8173,14439.51829,15687.8794,3533.3516,19583.9766,5061.77892
2024-06-24 16:00:00,861925.3146357,163020.121791,319952.18365,55545.6213,18820.37445,90515.20943,22951.1564,5690.35319,4820.15752,29413.39287
2024-06-24 20:00:00,699248.0343076,463735.178933,169855.22943,107089.5669,24314.89536,47239.10739,57736.9438,5036.85272,25847.8567,12582.99769
2024-06-25 00:00:00,352688.806118,105597.293972,137412.19846,96736.3536,15228.41297,60575.4175,36845.0809,2893.89676,9625.83321,10947.93582
2024-06-25 04:00:00,140878.9617901,111326.206033,75355.42079,68321.1503,29788.29236,28583.92118,16788.5035,4521.44781,4212.08418,2604.11529
2024-06-25 08:00:00,143946.4113797,56708.905958,65190.30857,60679.8726,9582.86327,18691.00792,3277.4564,1960.3238,1823.84294,5152.08619
2024-06-25 12:00:00,366633.0831636,96623.496264,171389.36563,40338.9219,11715.90891,44874.64232,16201.6914,17159.70114,3367.42897,4415.99202
2024-06-25 16:00:00,275648.3871352,50458.729351,142511.3955,17683.8391,18587.05943,47877.17221,2142.437,1094.99134,43465.41136,3775.51602
2024-06-25 20:00:00,296479.4133184,69339.145146,74178.84128,25224.5317,9958.83751,18763.34088,1300.439,868.59832,10579.47181,1513.73862
2024-06-26 00:00:00,184516.8016233,90676.637601,183474.85097,20472.8736,11574.86968,5157.0306,3691.605,4172.88087,14953.44088,2464.87492
2024-06-26 04:00:00,206766.6189278,12777.279535,204739.50507,50402.9038,9935.27127,3017.05671,3031.5313,735.13906,3334.63127,1238.37279
2024-06-26 08:00:00,64786.6108295,18479.337899,14864.53071,7082.5647,2281.09665,5142.16653,16157.7767,923.48029,1613.71493,1148.32455
2024-06-26 12:00:00,202544.4320922,50181.481461,115058.44795,13973.9388,23736.00745,8751.95897,40411.5309,2739.09125,12808.5017,2615.94527
2024-06-26 16:00:00,305967.5347045,192688.286226,40650.75424,15292.041,17375.73575,16302.40457,8752.4952,9024.40336,2061.53079,2159.47909
2024-06-26 20:00:00,146657.8845856,94499.369261,207959.21903,100094.28,1891.54315,8763.26077,34268.4854,957.66398,1989.73886,320.31986
2024-06-27 00:00:00,178414.0130156,50159.416937,52927.60473,46497.1336,9329.92448,12924.34998,8175.252,2851.09803,1813.99193,1652.96642
2024-06-27 04:00:00,164244.7722561,16695.330657,21963.74813,8116.6702,5299.50006,4825.04654,3694.58,5257.85685,5893.25993,1707.12037
2024-06-27 08:00:00,182092.6815022,6861.123839,105894.01239,9794.694,3262.89182,29837.02822,8807.6132,4363.53199,2899.81641,961.56017
2024-06-27 12:00:00,413312.0172558,179864.044085,769161.69547,39817.0632,28954.54457,62080.27289,24365.8248,23177.14717,5829.70752,2071.49234
2024-06-27 16:00:00,268074.5444832,60661.107226,282660.60121,109699.8349,6174.50563,36963.83254,12348.3249,1982.41546,75681.27526,9702.4857
2024-06-27 20:00:00,98381.9534933,43192.621093,257807.49706,28224.2231,26975.69851,89217.90815,7898.1904,4218.13901,1438.31728,6418.6685
2024-06-28 00:00:00,354904.716023,68857.33319,351681.22248,44289.3219,6554.63873,6190.19604,5720.8065,1141.26948,40212.22565,8427.84994
2024-06-28 04:00:00,275921.4651518,41501.801482,47148.32149,21292.0551,4844.86396,11449.94186,4964.7914,6177.08533,23315.6453,1622.71067
2024-06-28 08:00:00,67125.7773279,12113.308999,144043.08893,8897.327,3457.33949,16009.75087,11384.2304,2696.24457,1518.07291,6752.27223
2024-06-28 12:00:00,289985.0735308,117995.633653,128185.93159,20749.3728,54936.6773,30933.18785,10864.4215,2986.8294,9931.68967,5456.08999
2024-06-28 16:00:00,329025.5128794,119949.493181,175314.60812,45430.7617,16710.79936,34732.7037,2953.9672,6242.74328,20855.27345,5033.13641
2024-06-28 20:00:00,383771.1116305,157083.558546,76261.23667,50450.6487,3803.22218,10245.48596,6333.2317,2011.8017,7714.86929,10076.32024
2024-06-29 00:00:00,239972.7350025,32760.590725,151839.16116,117457.2005,21788.29043,5703.32414,40986.2331,1579.96091,3779.66351,1469.7994
2024-06-29 04:00:00,28295.6472687,48729.148583,97331.50137,120303.0552,6739.41396,2565.66151,26942.6657,1150.72894,473.94151,8199.23974
2024-06-29 08:00:00,103996.46604,13556.853282,47250.95185,9360.8398,3496.36437,2176.06955,2775.5801,617.51854,3523.88157,44654.29062
2024-06-29 12:00:00,136962.4906754,54330.703615,16906.19784,2555.303,5338.45181,4508.33601,5770.8491,825.77902,9156.3709,48057.61651
2024-06-29 16:00:00,37765.7708743,6364.36678,21502.90789,9096.5712,6546.64812,7027.37705,1819.8309,873.50799,41444.86999,23169.05454
2024-06-29 20:00:00,65103.9253507,29108.029138,52165.90757,35292.4827,5123.77942,4034.15781,11658.3808,38.55446,3695.55556,18322.57563
2024-06-30 00:00:00,148791.9594122,100982.259154,25731.36665,24857.3973,14238.49356,15777.388,3300.2021,1351.09851,1636.13524,6750.82041
2024-06-30 04:00:00,72701.6226643,18282.698112,55352.63606,38480.1244,2532.53832,18631.83187,12330.8534,5274.17967,1746.47129,11650.02477
2024-06-30 08:00:00,21341.7858286,5954.046535,118096.34032,5257.559,1175.85502,3462.2256,2568.0,1920.93303,6112.88907,10539.32919
2024-06-30 12:00:00,117394.3410369,26733.604827,298653.81661,4380.044,14286.7907,7167.15234,5458.886,126.5068,491.64997,5019.75967
2024-06-30 16:00:00,210286.5065691,36610.313789,234930.17762,49219.1172,3625.22241,19678.76052,2798.6683,2936.69605,30127.63137,10933.25128
2024-06-30 20:00:00,219641.5507775,172582.94578,142078.87176,23858.2429,5590.88184,67302.691,17074.973,1132.36222,68892.04884,9250.22903
2024-07-01 00:00:00,410638.5026882,173963.187743,566660.94912,12057.5811,14452.83122,72506.82401,24819.9923,4047.87948,28144.66917,23790.4917
2024-07-01 04:00:00,57914.9804268,32442.174217,34338.53278,47675.7757,3166.35124,98328.36513,1205.8491,8732.87056,583.60219,6896.18092
2024-07-01 08:00:00,85399.2474028,14467.815086,162811.84885,340165.3474,7024.64049,8398.63288,4134.7188,2076.81275,1084.80508,3778.58195
2024-07-01 12:00:00,195900.1954266,34734.340393,61994.99113,16573.6738,85083.30298,20719.06991,20887.9117,5239.94786,18839.49662,7090.20413
2024-07-01 16:00:00,301533.9019294,40567.666747,376639.36543,27987.8766,20440.39581,28748.2804,41183.5099,6071.62437,4098.40472,5994.8762
2024-07-01 20:00:00,110852.2550414,95911.934817,45964.04564,17943.1028,31093.09669,36410.52738,9760.4679,26128.87744,40226.54922,9906.83118
2024-07-02 00:00:00,76267.3122605,29016.607091,87763.80197,8878.2946,14216.0657,69260.75072,7674.0529,10987.5997,1174.63535,3267.53508
2024-07-02 04:00:00,91534.356789,49365.922118,93682.70972,11565.6161,23123.35183,9786.64652,5002.0052,7415.2291,10998.52945,11249.38517
2024-07-02 08:00:00,41836.7867104,6476.366439,44721.93847,6705.4881,66155.17026,12310.30126,11818.24,9276.78002,7584.31488,5757.36071
2024-07-02 12:00:00,357632.9531929,93061.61361,361244.70215,21970.9058,25722.02044,26780.31487,22701.0058,2074.44976,39951.27411,2018.27299
2024-07-02 16:00:00,253619.5132395,218773.569845,277019.1755,26133.7446,16254.95651,21159.10817,4466.5702,6450.16648,16893.70611,5496.31489
2024-07-02 20:00:00,104244.073843,10313.94955,572592.60216,21755.8386,5337.69817,5382.37368,6274.9409,6398.38819,16148.3169,13112.09645
2024-07-03 00:00:00,345673.6780882,119712.160592,348687.12772,23239.7589,67522.68486,26149.51364,24478.1319,3107.85435,3515.09269,24502.31053
2024-07-03 04:00:00,57376.3695274,47604.426365,133789.48733,9338.721,19524.81498,14144.94851,1123.0782,1175.17266,5399.35097,1562.16599
2024-07-03 08:00:00,314750.6941187,167783.245887,384275.6385,35054.2466,11165.64208,44782.46404,6571.6415,16899.32747,7869.63399,8677.64453
2024-07-03 12:00:00,426459.2344105,88679.950806,225167.23049,78021.0324,11743.68104,49375.52347,9236.1566,13032.90614,31870.16037,2822.43922
2024-07-03 16:00:00,245398.927434,97024.168843,148915.32471,29256.0814,13370.3973,13063.7771,5235.1887,5488.97463,94952.88959,9037.36864
2024-07-03 20:00:00,223056.2506523,134089.813397,216136.71295,70196.1054,6966.70016,2860.79427,88322.8123,2443.1882,10914.80801,10720.16513
2024-07-04 00:00:00,1116226.3140128,319525.647508,480008.12931,95166.6115,20955.2653,47832.92518,21775.7605,7198.18392,23052.23356,14698.67034
2024-07-04 04:00:00,216454.8540463,38287.799495,140795.69284,26964.1801,11141.06512,11444.85822,3732.4297,2819.40016,3810.6072,7755.69766
2024-07-04 08:00:00,490814.3703916,188557.188962,69945.76061,43354.775,5851.68577,45472.71418,37500.5743,3547.67871,3136.64058,3213.15762
2024-07-04 12:00:00,615332.6209452,540350.337863,296081.64204,64199.4398,85469.46652,217709.51512,45597.4499,9385.60236,52203.58537,12574.704
2024-07-04 16:00:00,352828.7969125,216218.175777,71925.89111,11839.2669,33385.93078,50043.67706,1557.3679,1108.1714,2705.25981,6538.09735
2024-07-04 20:00:00,427735.1820342,170249.962796,141213.9035,36733.6693,57686.48702,66064.41461,12015.4877,15888.68549,20210.40548,16745.33623
2024-07-05 00:00:00,796249.5464516,424219.999252,413624.83771,276789.633,118716.1779,231704.19329,40426.2313,26400.22299,58314.90947,124990.28047
2024-07-05 04:00:00,627422.139626,335194.821151,244484.56555,247813.6506,47588.61292,78247.87707,16196.7621,13623.76266,22606.51498,13852.10522
2024-07-05 08:00:00,274099.5594253,148589.111772,281229.37892,121289.2558,12741.96517,21109.33788,8247.9165,10436.8022,11455.65099,8928.45032
2024-07-05 12:00:00,764488.299177,220719.666141,323386.64048,58560.4128,9037.30558,98854.94728,30265.3831,40532.76801,15971.332,35249.93147
2024-07-05 16:00:00,377626.6919905,145391.744549,185118.16481,15672.928,5557.35742,35539.41759,3556.7149,5078.14207,32387.95431,27723.223
2024-07-05 20:00:00,112697.901684,31854.427857,77827.52168,8197.447,2274.09043,23859.71071,4479.5824,2152.62225,749.07667,3863.70448
2024-07-06 00:00:00,88871.623278,48548.677489,100602.94346,14628.0374,7526.59403,93810.44808,8177.7106,7068.25943,4439.83294,8595.26617
2024-07-06 04:00:00,56171.2633062,25819.64307,40605.00502,7154.1874,5417.10997,11918.71522,5569.1267,7651.05782,1783.11968,789.14206
2024-07-06 08:00:00,86566.3479716,49466.438734,148948.99535,17307.0661,5007.74365,5412.81509,7109.4359,2850.64536,2226.89722,3672.49283
2024-07-06 12:00:00,212281.7212111,44788.339617,187258.25088,22836.4061,17820.73373,24327.66218,9363.0565,5725.80785,5075.89801,20611.0952
2024-07-06 16:00:00,291365.5743934,36253.598197,266980.90238,74205.1221,65416.18877,93719.42901,6696.8703,5275.61944,4187.33134,9205.85292
2024-07-06 20:00:00,427578.9897868,77262.602231,158221.13628,42160.972,8013.34304,25176.03927,5410.6339,1288.84477,31978.06169,5182.97822
2024-07-07 00:00:00,192066.7853011,29343.093568,226009.45014,57785.7554,5932.44478,20812.58247,91706.3922,1503.25715,15043.76647,90801.72954
2024-07-07 04:00:00,216256.2145322,51562.41007,74711.8607,16626.0827,1992.13919,6428.29129,8551.2278,3323.58618,3189.39126,3553.00255
2024-07-07 08:00:00,162053.705119,37394.542258,88359.82657,5750.7804,2089.10759,7812.20713,1103.1697,1342.65575,873.7782,1394.35813
2024-07-07 12:00:00,305596.6968481,138160.65259,93314.37774,41178.3865,76656.22391,39663.70517,11735.0146,5011.28408,8991.43764,11888.169
2024-07-07 16:00:00,141086.132134,47938.412814,47751.91391,19047.6013,7387.71274,35586.21031,4840.6489,746.11788,2013.25927,2134.28993
2024-07-07 20:00:00,290873.6330769,96025.922165,73536.10588,10160.0178,9993.05854,34489.53999,3633.3609,3956.71027,13573.86027,14071.58743
2024-07-08 00:00:00,640496.3143425,178044.667933,303344.7024,22377.0873,33168.07506,78932.47636,18871.9141,7534.81962,8471.36869,9714.85768
2024-07-08 04:00:00,141864.7822489,14390.558297,76032.84991,58987.5773,8233.17218,26571.75667,3107.196,3573.47188,59238.57135,7045.87694
2024-07-08 08:00:00,626425.2205911,112197.564147,250135.06039,18906.2134,50883.84593,70612.5576,6847.1308,12762.34002,6923.7543,13357.79405
2024-07-08 12:00:00,780272.0823795,252720.842396,300382.74825,41452.6354,19184.02059,54205.53128,10240.5083,12300.8367,12399.07199,15948.01131
2024-07-08 16:00:00,173806.4575217,133779.263428,149137.83631,36548.7512,4767.23114,15233.10259,3168.5161,266.51979,24794.34802,21902.12106
2024-07-08 20:00:00,239820.6362858,114554.184378,305259.1667,29710.5394,1950.87277,22421.7247,1496.4489,3368.64292,8429.1405,11800.82244
2024-07-09 00:00:00,151275.7473744,66457.038226,241876.63924,11968.843,9944.40227,41132.21403,10885.9183,16470.08079,7422.25824,5440.81002
2024-07-09 04:00:00,226953.6175089,36403.990999,196582.57889,9991.3385,2183.65114,3217.08041,5675.9762,24345.23414,1218.21747,5799.37615
2024-07-09 08:00:00,85616.7193979,72629.065514,76879.09572,11050.5537,29278.95085,16991.95251,6633.957,6403.84876,1812.67763,1161.26505
2024-07-09 12:00:00,393470.4460442,57917.186987,304170.82881,29850.3829,8553.0406,56353.92624,5601.8939,3395.59146,4845.45662,19906.60728
2024-07-09 16:00:00,287576.9812149,85879.13444,212738.09859,38090.9366,26325.03345,21118.76272,1827.3309,1688.69545,14441.56495,10410.2452
2024-07-09 20:00:00,249087.0492321,69293.722608,94120.23476,19552.7355,20498.00146,5167.4208,4636.2994,724.03551,42004.74401,1535.6977
2024-07-10 00:00:00,61798.6344599,29222.495858,226400.50846,24131.3917,3466.90358,55184.23134,3543.8681,861.63726,15762.56134,18985.88825
2024-07-10 04:00:00,263270.1422753,72912.420367,404482.99275,31284.4675,21450.79036,34235.52166,5689.3904,3783.81964,17456.92495,1265.03958
2024-07-10 08:00:00,105993.8553305,22609.994459,42685.21931,26793.0088,1043.78597,2635.19687,2235.3785,2049.39208,2095.29613,9527.05994
2024-07-10 12:00:00,293692.2717435,154534.038108,268143.01825,43355.6833,1267.02295,5483.1503,3531.7692,4466.72442,23848.19275,4010.76494
2024-07-10 16:00:00,203423.7751025,169542.92052,175268.56597,14884.3281,95056.76399,17792.3537,3413.3758,5879.30068,26000.63731,3067.98202
2024-07-10 20:00:00,218500.9511142,116230.826908,425817.18449,25299.851,15655.43139,65716.24677,2367.9006,196.238,38650.32576,1348.10895
2024-07-11 00:00:00,349741.2937349,72161.353421,140966.85013,82148.2612,55699.39077,25939.41363,4901.0407,1248.90575,9096.33737,19039.63088
2024-07-11 04:00:00,42808.4088735,21971.414927,23478.70403,2038.0627,19069.95188,2893.03085,14197.097,220.14418,8517.14822,2284.47209
2024-07-11 08:00:00,62723.1892429,34558.982947,26337.92734,19856.928,13182.46425,4847.72333,9995.7954,2010.89336,1594.46164,3234.97155
2024-07-11 12:00:00,517324.2308848,190140.191999,290530.1101,92520.0859,20647.92497,41651.64834,24315.1837,3973.71933,38368.26164,9291.18414
2024-07-11 16:00:00,146170.2565432,66505.205765,149744.1598,15912.68,7960.3016,7122.19582,3001.1817,1881.40996,15470.75805,6341.81267
2024-07-11 20:00:00,98746.2591992,204666.350641,144747.40199,23168.8713,69307.22905,7084.6257,1630.6167,745.76842,24827.63585,40563.09793
2024-07-12 00:00:00,240898.3807537,51203.97411,65456.18091,61982.7428,76560.76259,44547.71538,5185.7758,8119.66531,2858.54421,37213.02293
2024-07-12 04:00:00,62752.2766328,69778.547793,88642.98224,21240.6167,3389.64116,3949.60497,1646.9823,757.71972,3288.28713,1778.62775
2024-07-12 08:00:00,24413.6411021,46624.508018,91885.15836,5470.9858,3975.09693,2708.60026,1091.6329,1221.13674,1799.35991,13131.5071
2024-07-12 12:00:00,135267.3775121,117033.952293,109230.61917,24362.6042,22430.50107,7862.33638,6032.2991,1974.9299,35402.13922,7400.94799
2024-07-12 16:00:00,454321.5105851,125286.633571,163486.30112,16951.4617,30327.10217,37003.2482,16865.7743,1882.41865,25103.00063,10589.99619
2024-07-12 20:00:00,144159.5323122,99325.309777,198705.75069,32118.2501,31580.00213,29438.52034,5881.9931,2520.21641,6522.78618,10069.66176
2024-07-13 00:00:00,65342.8314623,39112.27005,88371.60238,28963.826,4837.71954,13165.61598,1011.9196,4128.7024,2364.36157,6946.00771
2024-07-13 04:00:00,23049.0001194,16873.522597,32893.09869,26057.18,13234.65243,5910.50133,1658.7017,2906.60904,3238.9929,4041.51667
2024-07-13 08:00:00,160247.7549886,29630.683439,33781.53576,40734.4985,4572.3463,5733.07051,2606.9513,2297.9285,1277.00129,1432.91687
2024-07-13 12:00:00,672814.3566618,74593.890585,38537.91579,37891.9969,83805.90228,9013.81663,7515.1232,10578.00031,12017.41899,4785.06406
2024-07-13 16:00:00,199323.9481537,66922.372837,43781.51217,48762.4544,34564.62358,78000.28321,4479.3933,9374.0336,8537.31625,8364.0111
2024-07-13 20:00:00,576247.0044468,231751.879601,119001.62543,21693.5625,85964.00324,72123.74898,5057.7407,3384.35301,27619.19797,13751.93887
2024-07-14 00:00:00,636441.9822393,144931.640792,192670.8684,30454.8493,26103.54514,39126.32436,4555.3851,4298.72662,3752.16017,4074.76823
2024-07-14 04:00:00,189524.5338367,76461.472695,87039.30863,18670.0168,8347.31071,2024.52438,4733.2121,514.24907,1061.62689,1858.05449
2024-07-14 08:00:00,113085.5808242,95114.760134,94244.57273,8332.8758,5891.64929,3530.6428,2716.7707,1047.89228,3371.94675,2192.4057
2024-07-14 12:00:00,125673.9197079,24520.149328,100101.93865,13232.0889,140792.38655,6318.16165,1719.8136,955.77058,22391.99522,1389.71693
2024-07-14 16:00:00,69325.7991591,44288.966132,90210.67763,20803.059,10594.86046,7173.70654,401.4219,1184.17067,2088.86069,4469.71351
2024-07-14 20:00:00,784922.8268754,181612.276644,230180.43341,45791.4591,8327.9604,40236.63384,15654.6272,3120.98765,56399.81889,2031.06789
2024-07-15 00:00:00,1064100.3153629,278501.048113,752929.66444,127975.5728,10667.41632,47746.79271,34834.6108,6699.75096,7328.51413,58793.39525
2024-07-15 04:00:00,280536.4629354,111315.319906,140254.00663,24649.8691,34214.20503,10665.69808,1308.4135,1633.06983,1995.72243,2001.95707
2024-07-15 08:00:00,119090.0001479,112321.861356,61845.5279,14442.2845,4953.57886,63034.66845,3304.4784,12009.68462,2267.81703,11891.0105
2024-07-15 12:00:00,267660.9520036,103488.147371,118184.44525,143868.647,29703.77679,35912.29072,5687.7102,2104.02057,2028.91026,2572.79738
2024-07-15 16:00:00,857170.9719683,101488.312145,389637.22169,49944.2082,23436.87977,80355.96055,6544.8367,711.33658,18419.94094,7493.25514
2024-07-15 20:00:00,742668.3667288,134284.386344,350534.36333,91019.3927,26773.04363,85411.87716,5085.0328,8386.19961,31570.7708,6684.93149
2024-07-16 00:00:00,298200.7577592,77376.790738,364230.55033,71414.2024,37652.3901,27247.1595,8836.1661,1852.11812,122831.45588,5505.7647
2024-07-16 04:00:00,973492.0476156,102174.13165,375845.22049,20763.7946,29686.58124,44577.21284,14304.9771,25073.70918,10458.12795,10378.8614
2024-07-16 08:00:00,283946.8088423,98532.953803,173888.7529,38752.913,14899.34182,14891.16308,7856.8013,16099.5249,4246.88489,1955.07238
2024-07-16 12:00:00,970662.7008302,491916.525685,170207.01602,60069.5717,29643.58957,50255.97973,21382.9101,24798.62987,29573.28434,10078.853
2024-07-16 16:00:00,410276.8685671,273201.174874,116849.72818,39465.7403,56238.56959,28745.38634,26669.0525,11791.62924,10197.85331,22149.08942
2024-07-16 20:00:00,364265.4020874,121765.974211,104037.75845,19632.4463,8963.40015,11142.53347,6891.602,3339.72133,15251.11142,3741.13707
2024-07-17 00:00:00,701845.3749262,198075.957605,216740.63161,31563.8466,89689.78855,35157.91062,15480.2921,4195.48926,30385.16067,7019.10984
2024-07-17 04:00:00,112295.7032215,91825.52334,41130.16824,42753.0757,9564.13116,10539.62908,2896.7213,1287.85311,4751.85169,924.70002
2024-07-17 08:00:00,161175.6180991,48193.030459,167011.24243,43030.4545,5579.37767,8308.24617,4218.991,1601.50087,2038.10658,1959.03131
2024-07-17 12:00:00,404207.7013113,91756.642197,212663.51809,25434.049,42053.24072,18790.01431,21855.8777,12378.88422,38288.67881,2260.16772
2024-07-17 16:00:00,734047.5628747,258188.508834,293577.45469,39228.9549,28402.40827,50552.25221,5547.1464,8633.82975,37748.68905,4122.45743
2024-07-17 20:00:00,257978.131589,55123.885366,97980.70994,45038.7314,14137.99473,30333.56084,5636.3376,5043.66791,8587.07875,4960.16997
2024-07-18 00:00:00,568100.654001,65779.850677,56840.59291,18037.6318,62154.0892,12943.96671,4326.9716,1894.96184,2423.73342,4666.8032
2024-07-18 04:00:00,350520.4384891,166246.301461,55313.8626,11705.255,12432.86784,11571.97161,1078.5126,1623.51347,6957.2841,2387.79718
2024-07-18 08:00:00,49408.1317483,48724.892317,114653.03155,12338.455,5072.96386,14392.83189,426.032,26745.2826,6421.16656,2850.70553
2024-07-18 12:00:00,500828.8956738,299804.854392,177585.92621,359669.8634,158661.10282,26128.72057,9741.2021,3262.74051,23587.74189,11674.5444
2024-07-18 16:00:00,218804.7939283,105855.826689,123365.16056,234688.5655,25639.63099,31601.47099,3714.3934,2364.77193,3626.33884,3504.39993
2024-07-18 20:00:00,92069.390658,68902.396037,161463.80416,49900.9659,22125.56928,10035.71498,4688.6685,17809.75049,12968.67068,5939.03887
2024-07-19 00:00:00,622082.74625,125896.045878,73355.39869,23824.305,13070.25828,34761.67013,2669.4095,7763.86175,3063.08134,7531.79148
2024-07-19 04:00:00,69012.9250357,78407.079965,166443.78006,19028.8806,12655.22893,4817.29645,2821.8703,2053.2324,9251.55278,5290.70816
2024-07-19 08:00:00,118880.8226018,78918.430965,84997.10273,12674.1625,3197.78114,8224.38856,2654.7227,636.12154,330.90083,5215.71527
2024-07-19 12:00:00,482347.1325981,129580.931046,453454.65378,77965.0684,44212.74181,20067.91867,9185.6508,10992.21061,3673.51397,3533.74366
2024-07-19 16:00:00,1320234.3402015,374648.378872,309907.18339,89927.0897,73732.47055,63731.37509,7668.6654,12026.79018,11655.51646,10838.31015
2024-07-19 20:00:00,350898.3837531,190271.759198,318997.59658,229795.6363,24705.4412,31262.59931,2249.785,1044.02489,17690.30137,30328.04701
2024-07-20 00:00:00,428934.7779266,21082.569537,140234.87173,30992.7522,37635.14144,21885.70451,1409.8845,11387.28481,2113.95434,5712.06153
2024-07-20 04:00:00,87886.2684231,27477.211914,17913.70361,20803.7998,3270.62779,47852.05516,5533.9019,375.63199,1068.16144,10730.54827
2024-07-20 08:00:00,20737.9999749,90509.889839,51783.2378,28244.3508,5182.70871,12346.79124,1863.3366,743.46164,4408.37871,1000.90981
2024-07-20 12:00:00,130054.8493973,44409.080301,55732.58581,19114.8413,12669.93836,99191.95554,2321.9148,1019.12306,1820.44348,980.27651
2024-07-20 16:00:00,1015085.2036659,184446.55363,279164.4801,54788.3198,38743.19386,142073.28939,13982.6783,1696.58158,2473.53268,2642.97676
2024-07-20 20:00:00,70671.5796264,40456.487777,256053.92268,33961.3262,44807.14693,46276.82127,5960.094,9392.23458,9065.47856,1673.12899
2024-07-21 00:00:00,43238.2936371,52764.679981,73759.49676,39965.0007,25373.76105,33787.13122,9740.7054,2296.06698,3129.76656,5724.49184
2024-07-21 04:00:00,32022.1453105,35091.193704,123893.39569,11434.523,8874.75328,14584.99394,6248.855,3481.06002,4012.09387,797.73633
2024-07-21 08:00:00,10701.9808332,9234.724054,14706.49593,6480.7823,3353.48011,5319.93318,5270.9905,176.62035,3644.61488,1274.77595
2024-07-21 12:00:00,242765.2944267,65843.971481,187696.58135,39064.1653,23518.49114,28072.30448,52715.2298,1743.25753,11195.96585,5922.58922
2024-07-21 16:00:00,382786.0983942,307681.596783,362202.3979,56481.937,33745.01579,125343.90367,57055.5987,4603.13,14051.60455,17006.03244
2024-07-21 20:00:00,922094.9800137,195196.855371,421766.84256,57838.2766,37105.86612,276425.75,34134.4871,7404.93929,15662.84648,2302.2442
2024-07-22 00:00:00,410613.4927688,90231.722921,260369.53016,39054.4163,10152.68324,78466.15143,6372.1894,2449.45581,9219.7257,3680.11186
2024-07-22 04:00:00,198747.2929176,107161.857157,272142.49226,59329.9345,5137.7872,69575.00918,8646.3888,2717.53162,4837.83344,6563.57024
2024-07-22 08:00:00,584432.5801829,41260.341325,98826.59588,10865.8449,2706.65528,22851.14325,4467.8965,1099.67081,433.54166,682.09161
2024-07-22 12:00:00,307542.9618576,151702.214306,240866.8556,35512.6153,19220.78707,71231.54206,6961.2174,2172.28869,5923.22394,6482.26411
2024-07-22 16:00:00,484167.6243306,117104.966703,130777.99855,25529.1977,6951.71259,81507.36492,30566.3755,993.00577,7802.64668,6200.44997
2024-07-22 20:00:00,293202.5713613,154286.034904,65380.48322,89118.5323,9385.33742,96868.05289,7641.1383,3728.87398,5627.18725,3889.68358
2024-07-23 00:00:00,175676.2919765,100398.047691,182055.73972,56095.8706,21783.96704,14388.78614,8730.028,12797.00627,9584.22658,8390.72006
2024-07-23 04:00:00,468217.8659823,47272.834097,180442.89379,22997.2426,72718.45801,33784.04905,17075.4696,3729.54558,7432.40822,4242.69173
2024-07-23 08:00:00,54265.6161489,369872.151404,200985.39239,26545.7029,62219.45465,36584.04638,6939.2625,1917.26721,10225.09396,3836.44158
2024-07-23 12:00:00,390307.1227582,217227.401918,304105.19495,47082.6764,24968.37468,44485.66145,8320.4424,8602.37017,19854.9432,14195.76693
2024-07-23 16:00:00,395810.3811319,166843.679558,202531.59342,35776.9157,28973.12061,78380.95471,11701.3807,7379.25135,3715.61996,11678.06788
2024-07-23 20:00:00,89337.3297705,96709.921294,182322.48449,15617.9536,31360.51541,30104.34081,4583.8698,3188.31619,1512.41129,5060.01745
2024-07-24 00:00:00,247059.4861206,94620.453476,232174.55974,32556.6384,7573.45464,8876.0822,11843.622,1599.95108,630.71458,4415.30366
2024-07-24 04:00:00,112876.0956018,19112.555762,60046.51529,27236.008,8167.57762,2338.82215,6727.2665,111.30234,1025.34792,16595.59568
2024-07-24 08:00:00,71913.4007759,41965.134582,293568.91903,14169.7577,6456.85766,29980.57137,15375.148,13215.39168,737.3683,45516.19238
2024-07-24 12:00:00,443373.6649201,195565.274043,254492.74414,15281.5759,18456.77993,33757.49855,7963.5414,1567.20439,1154.64568,11437.31465
2024-07-24 16:00:00,471574.1336962,448297.883729,332742.00446,93378.7301,14614.03086,78702.26807,10231.1981,1581.90632,2950.72759,5103.84618
2024-07-24 20:00:00,315657.3457957,366795.066556,353906.84319,96655.6962,38886.58405,91983.43756,7670.9749,5942.11102,7822.44342,52886.45259
2024-07-25 00:00:00,692842.5588879,525842.52859,646483.35646,85824.3015,33033.57058,137132.22062,110262.345,42297.79281,11919.48332,97096.79562
2024-07-25 04:00:00,154446.9381955,178997.020697,163539.92395,18841.8905,17649.47646,16640.99678,16945.3214,1998.32937,8866.13806,2366.43156
2024-07-25 08:00:00,79082.8707994,44743.650936,200507.96296,15634.2761,9338.4322,20151.18505,2199.0561,1174.49833,1588.08728,4278.64065
2024-07-25 12:00:00,412985.6922688,231977.48952,250821.30417,33582.3922,34515.88757,29657.58718,27346.2703,3087.50591,4365.59741,3875.58472
2024-07-25 16:00:00,165319.5211852,247829.434872,396265.10513,18872.2778,18034.06998,61529.07054,15118.1604,3845.48498,4099.32325,3860.62821
2024-07-25 20:00:00,650022.631395,84996.839395,283627.92427,21522.9246,16264.28699,21054.10265,8731.6824,4461.10262,3219.63079,2878.66644
2024-07-26 00:00:00,750685.3364884,255448.418199,335440.56986,43440.9291,22120.59064,103065.85672,3730.9753,8930.59355,2687.7699,48514.40501
2024-07-26 04:00:00,232828.072864,121273.156154,84818.77503,43976.8241,28101.16458,78201.37652,71188.3457,497.11729,1392.60305,4369.91981
2024-07-26 08:00:00,111222.5737342,53930.756799,198181.67087,16469.4628,2770.35403,8603.99752,2207.8765,1170.06584,26483.80399,2436.2831
2024-07-26 12:00:00,593211.4493925,60330.956476,356310.03205,20195.342,14745.90449,66083.57782,10387.4813,1081.32135,6654.6182,1839.51884
2024-07-26 16:00:00,343162.9169926,73658.159565,168531.8214,11704.1398,17407.98036,69242.52058,3527.6905,11271.94186,2485.58336,3648.46001
2024-07-26 20:00:00,127698.5812243,68610.006807,139200.14988,24187.8395,10651.19339,48146.20581,29232.3274,7477.3592,1577.01852,2457.99442
2024-07-27 00:00:00,158326.24465,70514.048917,109941.0682,20738.6302,14145.13941,40443.26251,1871.3061,891.81231,3410.36367,8164.77789
2024-07-27 04:00:00,97540.4336695,59149.063842,231868.2424,12040.5295,15656.93879,9514.94682,125.183,10105.93414,5523.42971,2699.92199
2024-07-27 08:00:00,55424.3066685,52727.849714,76039.83516,24991.6851,1002.35421,22287.72441,274.9637,1311.66443,1091.07803,2156.85771
2024-07-27 12:00:00,873354.8326149,190108.868317,408818.14637,27620.1025,50844.67747,123519.36637,14429.6608,23017.67693,38315.07432,5032.0376
2024-07-27 16:00:00,676945.1465947,55778.960476,345297.87221,96426.5959,16370.46659,140431.12703,11129.4924,8561.24479,18365.87355,2707.25561
2024-07-27 20:00:00,1429285.5012369,334886.77028,519226.98593,83291.205,18425.94631,166357.85417,101243.3468,2463.69831,3816.63643,5814.24601
2024-07-28 00:00:00,142143.9516234,39320.884759,166305.00773,12061.0792,14697.99168,73942.91576,3913.5804,1781.50994,908.09851,4056.94981
2024-07-28 04:00:00,313420.4652869,93192.922129,47204.81855,1998.7398,7248.97958,30352.66582,23142.267,766.6767,1369.49592,10243.73968
2024-07-28 08:00:00,92361.4989011,14851.918151,42420.79812,6137.0509,6535.85508,27968.35794,1950.9987,191.2037,3535.10296,1406.92943
2024-07-28 12:00:00,71892.2418346,31700.149476,61590.99141,33519.4985,5626.60861,44797.19884,28614.4141,248.95272,2207.44934,506.11195
2024-07-28 16:00:00,56918.4941758,80505.740836,79026.41103,32831.1131,2395.13688,50340.13344,18878.8493,831.41439,1753.49493,3023.51054
2024-07-28 20:00:00,125424.8505014,24270.439467,27570.22716,18628.43,43102.45931,98220.0061,5436.3405,6087.14994,1809.56619,1948.0064
2024-07-29 00:00:00,1250310.7661282,145434.264278,761672.67936,103486.3588,31923.30407,56522.06857,10987.7624,2925.44764,12867.03415,14441.53299
2024-07-29 04:00:00,166965.3521494,182776.535797,362103.1372,19618.67,11004.57268,11111.54231,4698.9118,249.35557,4783.71621,17626.23262
2024-07-29 08:00:00,55473.1416134,55144.085512,75727.14262,12163.4816,3086.36681,3545.83259,6033.7131,3181.32447,1377.88324,3610.10891
2024-07-29 12:00:00,1211639.0682215,148506.781489,458899.48149,34861.9564,23456.71596,38922.20482,23508.134,15121.6272,2700.94741,13187.60492
2024-07-29 16:00:00,364034.8277063,114983.584063,535398.66974,196133.481,20147.45248,10081.07533,9593.1757,11600.5437,3179.76595,11525.44442
2024-07-29 20:00:00,220312.4815076,99389.602316,323715.70718,31920.2553,7460.16153,9992.6149,3780.1582,4309.86966,655.71924,6849.76804
2024-07-30 00:00:00,442192.5500948,79371.268165,131059.49105,51056.6287,25023.81535,30267.0059,5661.1887,8452.7194,2533.94363,3614.16423
2024-07-30 04:00:00,144271.1970475,25032.400212,56315.22165,3431.2806,8429.12115,10378.17036,2861.4001,930.7519,4866.60287,34877.92817
2024-07-30 08:00:00,34779.7872214,59370.736512,48992.30087,12437.4684,8880.55021,2071.0884,2274.7354,792.13172,2192.9737,1838.79751
2024-07-30 12:00:00,474559.1571913,124688.117685,252884.55053,22373.0853,53563.76537,36414.90254,16279.9829,9498.86315,4091.43043,17792.20428
2024-07-30 16:00:00,273437.0446501,130749.637445,380914.40767,33949.9569,59704.96908,53792.77205,2417.1853,5098.96084,10782.78269,17283.76135
2024-07-30 20:00:00,245696.0974085,67572.316088,133687.71998,27411.1757,22712.17216,57542.4508,10264.0801,2590.24759,7372.17329,7674.86313
2024-07-31 00:00:00,98615.0022772,54185.965512,137771.11714,18932.7947,85593.77234,39845.49084,3642.5443,2377.638,1714.13177,17167.82296
2024-07-31 04:00:00,70984.9264386,48399.877252,120342.96266,15533.9162,14009.58109,22727.4116,42392.8017,861.40348,3390.69185,38749.25742
2024-07-31 08:00:00,36628.5427809,8079.520847,124483.98087,21041.6259,26943.25092,5325.21344,5161.1607,241.3673,759.03466,1219.59167
2024-07-31 12:00:00,138035.6254628,106404.767375,118242.94662,25622.66,14951.20328,21935.91332,2851.2008,2093.91263,1454.77023,1580.43194
2024-07-31 16:00:00,381747.0922256,183468.782486,335516.23159,17652.2024,51139.58625,85519.38718,9123.7026,3217.00702,4990.71386,47006.62014
2024-07-31 20:00:00,946328.3792334,79115.466497,344583.85405,58761.0108,15704.07385,22323.74672,8381.5937,2545.0302,4808.06878,17302.08853
2024-08-01 00:00:00,903374.1703727,192743.798914,269112.20723,39792.6392,14141.01045,78848.72475,8632.5448,11643.68891,9482.14897,5542.63643
2024-08-01 04:00:00,139628.1931137,73284.866909,398892.0367,27735.8408,13560.2024,41571.41816,92639.2077,2261.83347,1831.97881,4413.35422
2024-08-01 08:00:00,128190.8125157,18484.956975,111983.53684,15889.0969,5174.91527,15562.48519,1827.1641,212.03104,23860.6306,1073.87528
2024-08-01 12:00:00,632880.6232367,153219.335624,478709.60215,91493.1212,59313.99377,42375.38068,21419.7657,7730.21039,2829.18518,6965.89117
2024-08-01 16:00:00,391048.7833046,152832.566725,1674505.6199,534702.7328,33523.83006,70539.52187,28984.3347,19015.11132,9233.79748,24575.63364
2024-08-01 20:00:00,505594.0627898,125776.610267,309297.20098,37238.8737,26602.25964,116588.11041,7216.8839,3739.58321,21009.28344,7607.09191
2024-08-02 00:00:00,189261.9245453,42603.053455,484428.41967,292650.2804,9964.55061,42389.6653,2376.4459,823.61623,1888.49176,10502.65554
2024-08-02 04:00:00,270309.8870093,17051.953453,308094.33271,4945.9208,6968.4864,20614.6724,18580.3519,8017.68961,2854.41399,8196.15902
2024-08-02 08:00:00,88979.2360902,39283.390691,75963.39577,8193.7502,9835.59546,34879.8918,1239.9941,1477.87937,820.87027,3226.01536
2024-08-02 12:00:00,1826873.8782061,388876.039264,425759.63277,43563.6492,79295.0902,103472.26101,23119.1028,10968.15199,10719.36963,35014.51269
2024-08-02 16:00:00,426880.8608158,262673.844214,392679.69676,39646.2269,13141.48004,16767.13151,10883.8588,1581.01591,3657.6815,6536.40116
2024-08-02 20:00:00,932181.9290842,293317.908838,302945.49387,239558.7025,9296.23214,19401.3203,12975.85,1644.75847,1298.52209,10509.09487
2024-08-03 00:00:00,416089.4856431,132698.322997,104843.4038,34182.1051,31342.07931,55863.91984,5369.3917,5645.94687,7450.40864,47232.88045
2024-08-03 04:00:00,370330.3567597,496465.545915,23597.04854,4783.7403,5526.24658,33655.22612,3483.9369,1125.46445,1095.45615,9543.0781
2024-08-03 08:00:00,60808.1949645,26785.088713,64215.32165,18726.5147,1154.22461,11440.45533,2055.6803,585.04245,900.72574,5439.69139
2024-08-03 12:00:00,542621.29949,96050.922279,142659.73944,14675.6849,7250.12376,19246.1774,5770.8478,2100.94503,1059.25879,2344.76879
2024-08-03 16:00:00,1117658.8011787,168660.263182,410391.04795,11504.1657,28262.48264,63235.94368,12734.802,36269.64771,10539.01956,21013.47824
2024-08-03 20:00:00,377161.7187808,83956.613406,193789.15807,9766.8137,22302.07959,89969.08913,25024.9988,2064.53781,10328.31031,8525.39753
2024-08-04 00:00:00,109085.5522887,35782.637518,91159.82852,5069.9016,4687.66119,22149.03225,2896.3591,5116.60189,1643.3528,6547.53341
2024-08-04 04:00:00,97831.5714426,25472.722012,92667.00599,2002.7394,18253.80166,6397.40574,1356.2396,694.37017,455.42679,17059.06823
2024-08-04 08:00:00,25716.497621,17933.559046,107627.2823,6920.1385,2613.72737,5707.16018,372.431,7861.63444,175.68281,8320.02906
2024-08-04 12:00:00,470527.8634108,102783.909258,384992.29884,21939.871,21070.68346,61371.85706,14678.4086,9971.10504,18020.06388,9545.43941
2024-08-04 16:00:00,1329567.7499949,699207.225739,630547.45789,68106.3076,140695.18949,53080.08418,17736.4474,20052.08491,26029.05023,32508.7792
2024-08-04 20:00:00,579778.8994148,144171.700366,316996.77144,35017.9069,15039.7525,38737.78103,13825.3284,1016.12693,13332.13893,8826.35603
2024-08-05 00:00:00,3188423.3243328,909673.859947,1127070.57124,167563.2881,237004.501,201945.68109,123776.2203,20699.95037,67138.68513,138954.57245
2024-08-05 04:00:00,2155230.5265527,314001.56388,1438996.00024,123427.3614,73354.21201,134220.62183,69229.9888,19174.96624,49243.65426,111035.89675
2024-08-05 08:00:00,542699.32003,93535.47133,469257.18684,23943.5234,19834.03755,37537.12197,10108.3368,4813.49872,18710.84839,4264.11196
2024-08-05 12:00:00,2476975.2968357,581232.025888,1056626.33889,119631.4488,98517.31017,187630.97666,71498.1499,6070.3921,11670.60252,33677.66302
2024-08-05 16:00:00,1261768.1663461,186947.557993,494265.01065,104723.903,36313.03169,38656.81966,62576.0854,6185.36166,17557.24113,7719.4235
2024-08-05 20:00:00,508651.7334825,128965.857119,710486.17083,24632.6937,23269.25246,36425.09997,20895.6609,2193.78612,8652.40214,3961.5204
2024-08-06 00:00:00,1276831.4243719,219883.394265,461431.40658,43382.3583,18188.32974,35980.47037,10019.4696,2602.62988,6066.60119,37974.52601
2024-08-06 04:00:00,359934.2312936,65040.805871,413692.20578,126571.1801,6703.45849,33070.41448,62973.2009,5641.9912,4000.04175,4013.47538
2024-08-06 08:00:00,193074.7672615,70641.519976,174937.45375,18508.0014,6084.2783,36043.77212,5752.8597,2582.21974,4377.0104,19808.98814
2024-08-06 12:00:00,599876.5633562,114682.529471,484958.03278,53339.839,11016.97258,22445.9841,6301.9939,7306.79012,12891.74681,3077.02882
2024-08-06 16:00:00,353409.2403796,92645.684839,490321.25023,53974.8488,8255.79721,66375.68881,5416.3253,5011.46359,6513.49432,2147.84704
2024-08-06 20:00:00,282512.9159542,99044.186259,545540.88828,20381.6091,8920.4265,6577.79991,1629.6838,928.42822,18344.41695,1813.05202
2024-08-07 00:00:00,632236.5810552,73355.345767,560168.59044,46803.2452,33393.03963,69742.13432,6243.9676,9142.67747,4117.98308,38338.16534
2024-08-07 04:00:00,230607.4331697,513658.814664,739438.79999,10735.6652,6225.06075,27589.68843,2817.3645,2496.99238,9066.21622,1800.52516
2024-08-07 08:00:00,220559.0585684,135755.13997,136986.27121,19258.4458,2924.17038,11632.54905,1042.7868,926.09415,1045.6411,1645.69237
2024-08-07 12:00:00,749544.1770721,236170.147295,449717.19479,40161.7774,3636.82567,68694.03548,10972.843,25508.28237,3026.48394,46744.24428
2024-08-07 16:00:00,1165605.0726015,221812.91548,744299.72989,40183.4843,9073.09185,54152.40332,4102.1838,17320.43138,4220.82509,14687.85926
2024-08-07 20:00:00,181659.984337,167440.418036,255368.16871,34237.9681,32769.37665,30237.27277,4743.5869,18203.3205,1333.91954,3209.11149
2024-08-08 00:00:00,660634.6041495,125828.791341,598549.45791,34917.7288,7331.44185,35371.99539,23035.5341,24972.08822,5052.60316,14127.01918
2024-08-08 04:00:00,138009.7406678,20058.960863,224378.39461,8641.1609,1959.02896,6564.08586,19662.194,1356.31581,838.32497,37012.6505
2024-08-08 08:00:00,66690.6752404,33523.869211,152052.33478,25405.3988,1845.87112,2523.33866,4329.2,660.11957,770.4385,852.43684
2024-08-08 12:00:00,1892077.9885677,292435.611696,717194.55973,10676.236,23472.54571,53019.27544,16698.7215,9578.49798,3180.50606,17236.7484
2024-08-08 16:00:00,619101.271057,224534.010627,532926.99947,1320080.3873,31619.05437,107055.79289,7267.1133,2449.20681,15222.87466,8752.81339
2024-08-08 20:00:00,1427862.0215621,313967.530165,665916.82549,53741.437,23876.6958,64038.38784,12418.6798,16477.0757,7311.6457,7117.17228
2024-08-09 00:00:00,1012307.103314,157959.760161,220241.93088,23289.9137,22705.15407,33120.36863,8185.9668,5173.94902,3294.46918,4928.3909
2024-08-09 04:00:00,173911.0254069,79246.652209,252026.25381,3849.7817,4957.26695,12721.85451,5535.9841,788.93099,497.67037,1427.948
2024-08-09 08:00:00,58852.88177,70442.508515,38573.12366,9921.041,4068.36456,11356.75252,6069.0558,2405.8512,4115.85276,1938.63706
2024-08-09 12:00:00,1055772.3772867,138822.197449,177058.31991,25075.0797,5832.06392,19171.696,5390.2175,2010.54167,4086.32229,1570.90706
2024-08-09 16:00:00,486533.355712,46518.449336,110247.73242,17067.5783,16304.84455,8358.11913,7051.1775,1863.39034,4256.31274,23485.58482
2024-08-09 20:00:00,312768.7145123,100330.301126,245547.44169,14000.6642,5597.4834,8060.03534,5971.0525,783.39078,3925.01923,8062.96912
2024-08-10 00:00:00,116990.8390077,51220.354689,108954.21223,19397.433,11537.09969,6899.48397,5383.3256,3486.08936,2391.50005,1065.70447
2024-08-10 04:00:00,77763.7242701,59399.3211,39087.93376,10264.0528,948.29819,4519.4642,39846.8349,1421.15908,639.42041,1240.23701
2024-08-10 08:00:00,44494.7476035,27647.191468,22851.39225,79465.5896,1121.82412,3386.3773,151.0676,629.64564,1535.14481,740.02278
2024-08-10 12:00:00,185679.4817337,32322.138499,64546.38471,12168.1072,8124.70109,3819.55796,2888.9112,164.16382,3886.22057,3512.65924
2024-08-10 16:00:00,115321.5230419,70171.871817,26936.59229,59807.3429,7962.47208,11171.89133,2639.2022,200.3108,1100.00477,1762.83691
2024-08-10 20:00:00,151164.7413988,59446.656938,129447.21243,99842.6203,11314.44825,6538.04086,681.0741,335.01982,1181.52314,2581.74025
2024-08-11 00:00:00,201645.0402689,89214.430211,87655.73211,54456.0438,12579.7126,51889.84014,3773.5973,4440.45426,1717.49621,4667.6553
2024-08-11 04:00:00,105167.6050753,49142.994663,16109.68835,12865.4315,11330.51402,9526.01346,1581.7022,302.28532,3550.19621,388.29292
2024-08-11 08:00:00,209385.8301324,75136.563288,107092.11819,12912.1641,8497.32849,5544.04391,4185.3618,763.89816,2746.40196,18021.83927
2024-08-11 12:00:00,398602.2333618,169787.158915,481212.11636,8818.9357,13709.23721,48825.71745,10671.9918,1287.49854,2579.42803,21631.59775
2024-08-11 16:00:00,259239.2036315,154526.640888,138200.39681,12302.2005,23993.42898,58495.86898,6560.3272,1079.67433,2520.24105,5854.88962
2024-08-11 20:00:00,882509.518994,209159.020889,213784.11095,24282.5771,25725.20214,28471.27483,2500.6225,1422.46204,5740.14009,11068.11062
2024-08-12 00:00:00,322875.0922663,105610.658632,199410.62092,30713.3804,14431.02652,10547.48142,8431.4688,1079.5029,3081.20663,3524.64817
2024-08-12 04:00:00,134822.2916478,19697.774299,111293.9744,4267.4727,9956.50987,9773.80293,7624.8759,1288.77631,5618.3887,3300.55268
2024-08-12 08:00:00,276860.1481177,79728.741565,215061.18628,19437.2398,27145.84643,34500.28304,5898.7576,3119.40991,6645.57728,2838.2801
2024-08-12 12:00:00,752396.029893,269375.386516,422778.09787,78073.3277,25211.02889,31573.33379,14103.2265,1950.61785,5401.19741,9838.64658
2024-08-12 16:00:00,276852.6381919,62533.213755,131697.42078,15661.4103,41993.91116,59382.76888,7116.8341,2493.45967,5891.63442,2737.70127
2024-08-12 20:00:00,118229.1334334,148315.324048,240520.15041,12063.1647,12257.6674,88826.59392,2254.3519,1037.859,2691.66298,3673.94741
2024-08-13 00:00:00,577707.0247761,145689.051747,96379.09084,14712.2291,5650.03565,35454.24939,4740.5799,6927.70755,1504.52556,4848.82105
2024-08-13 04:00:00,109321.6407397,62242.318471,30248.96757,12324.0444,5616.86607,49349.50113,2580.6893,5868.52206,361.56178,16456.71208
2024-08-13 08:00:00,133127.9447121,42320.295113,112225.08871,36748.3337,5487.446,3254.24797,3358.6507,2922.84479,1769.19316,2659.15616
2024-08-13 12:00:00,522611.830668,271966.277722,89013.83053,15045.8676,6832.96954,26940.73007,17711.6625,2298.63827,13096.36858,41338.32073
2024-08-13 16:00:00,859690.9231572,463365.05981,182659.30799,87123.3784,22441.3627,123092.99153,7919.1287,37455.30708,8852.502,17291.20016
2024-08-13 20:00:00,223134.4032793,119871.69434,121247.512,94975.3655,25664.85694,58846.47703,11889.9982,11506.5611,1930.79907,2214.27032
2024-08-14 00:00:00,459525.8880448,68003.108324,99648.72154,34593.4681,3999.34366,14262.65133,8410.0419,3073.91099,302.53492,9686.35462
2024-08-14 04:00:00,223847.6492258,120493.277902,126954.15359,16812.4893,66820.31777,2764.50297,3206.1699,4454.34181,5957.76853,1260.91329
2024-08-14 08:00:00,94483.0154259,43585.161445,48313.15682,7286.8859,5614.35026,6413.96284,6428.4902,323.89541,789.29133,1624.39592
2024-08-14 12:00:00,1378303.7505753,402499.364647,708211.79216,38425.5204,40436.26132,41573.60265,21778.5578,11807.66428,3065.42821,6148.64899
2024-08-14 16:00:00,388844.9865901,214686.388811,204761.23444,24530.7021,5330.41259,12648.20043,3112.9721,2205.05464,409.2096,46722.83071
2024-08-14 20:00:00,289980.2634023,67040.800416,235950.74876,37306.4213,4210.3331,14677.4734,1673.2147,3681.64624,691.77617,5330.11605
2024-08-15 00:00:00,284664.925544,86093.039211,147362.54454,48057.6402,4854.99372,14486.15758,13137.9326,1322.70142,598.0292,32642.01237
2024-08-15 04:00:00,335727.8256373,142587.160702,134318.18753,32583.5115,4323.79123,64711.55595,4703.6437,1062.21796,850.19102,6706.83635
2024-08-15 08:00:00,75321.6028224,8322.711057,71298.79792,7628.2025,2264.92612,19726.81566,2814.7789,3365.51964,654.47138,5949.83831
2024-08-15 12:00:00,237124.9415155,81818.897312,183565.07294,16970.2832,6704.28154,28000.1845,5896.3218,926.43474,2081.4242,4438.68029
2024-08-15 16:00:00,923516.4589675,181150.501784,543024.57321,32825.9769,21223.08195,81239.41487,23179.6057,2084.88516,3459.8787,15692.55488
2024-08-15 20:00:00,286916.7719279,77761.869858,185950.64453,16275.1487,16327.42345,62319.20732,5517.9567,5264.77825,14046.23595,11042.89927
2024-08-16 00:00:00,106019.9264514,79373.861967,83693.5021,13050.7186,10982.97945,11684.05469,4376.3355,22383.03163,2799.52231,3908.72616
2024-08-16 04:00:00,377784.6622267,93936.760951,86610.73277,12919.7942,9008.53889,1775.35136,2546.7092,1601.10752,1062.7156,2708.59543
2024-08-16 08:00:00,52421.9478238,5147.174433,53160.08208,12954.7821,49318.83084,2608.14165,245.6727,411.14521,14985.63461,1855.95303
2024-08-16 12:00:00,997181.6910492,173552.655939,270706.1881,15457.1136,16982.1918,17747.36908,18337.5785,16421.97165,6520.8856,5657.0645
2024-08-16 16:00:00,390239.8132126,71233.393378,177189.34393,18430.5184,41701.25266,13982.53348,5784.0515,6255.74603,2202.65854,4104.69205
2024-08-16 20:00:00,338289.5652984,176229.204797,53211.07041,8308.0719,275422.43674,6505.36196,5811.8115,448.90696,580.53416,2929.0553
2024-08-17 00:00:00,110428.400297,77956.693227,65564.86893,15779.6618,5832.3866,27581.43935,8288.0707,371.11292,7457.72685,3461.7784
2024-08-17 04:00:00,26302.7052918,33329.924129,38222.77796,16450.0905,4368.51203,25959.95613,152.0598,107.12871,1495.90187,2794.60799
2024-08-17 08:00:00,254253.7654949,28737.850218,21826.02416,19915.4804,2100.35185,1794.99629,2133.1241,725.19603,545.0992,2503.18215
2024-08-17 12:00:00,585225.7678849,56247.470142,85829.52869,82256.2126,10336.47198,5786.62271,4703.4669,14754.13277,507.87425,3661.2142
2024-08-17 16:00:00,118210.5578028,71251.344665,46442.11759,58354.7005,26378.3391,7548.41243,533.9169,5890.2955,1100.2667,30788.79323
2024-08-17 20:00:00,287731.7734268,72285.101269,89013.77357,19158.3384,7689.9635,2327.24494,1222.959,972.39021,581.59532,12825.22528
2024-08-18 00:00:00,390407.8395143,25244.938493,60009.27927,12953.577,10344.50403,2312.90584,7034.1004,14275.05658,1945.59714,14839.65729
2024-08-18 04:00:00,397020.1705197,58158.767497,6454.73867,110704.7633,3835.22039,13102.10618,2126.3976,2009.84909,2258.04996,1502.54235
2024-08-18 08:00:00,46652.289146,190726.516282,150329.61978,12672.786,1257.57388,10759.61875,951.6737,829.6812,1993.18248,3054.29003
2024-08-18 12:00:00,158757.2502992,46293.090101,111276.3033,15097.0392,6088.45487,28251.32336,2335.0814,1602.0484,2637.47338,3189.6005
2024-08-18 16:00:00,72120.2838203,72580.437146,119193.72853,6245.7687,23734.37957,68958.74986,727.8328,3344.58799,1973.49796,18475.64811
2024-08-18 20:00:00,666940.7566046,109540.314723,213846.00163,84246.474,11889.20359,52144.92427,4286.8701,2034.20355,1934.89602,4194.95534
2024-08-19 00:00:00,400907.1123234,53149.331296,114235.50309,44862.5212,33771.44566,13233.67372,2767.8457,1700.78256,4586.45783,22280.64447
2024-08-19 04:00:00,314018.6873609,56820.695068,48836.84088,220990.9202,5046.10634,40771.31014,2311.61,1654.53856,2325.30289,6894.08712
2024-08-19 08:00:00,207377.8926886,28932.285712,42459.11172,12077.8332,16880.74945,39226.73674,1507.1421,1266.17323,2510.25581,5214.71335
2024-08-19 12:00:00,250798.4863085,56919.805074,116251.24389,24436.9583,9011.40246,9987.37523,4078.9158,3449.68267,1405.24528,10071.38725
2024-08-19 16:00:00,201472.8822311,53146.901028,134642.06638,237731.044,21154.69484,14946.84118,7248.8915,2430.19467,3352.18514,4577.15262
2024-08-19 20:00:00,127165.52115,85596.264719,89530.81958,48886.8139,14088.02236,11371.80361,20113.4257,208.17071,1742.78703,9938.76468
2024-08-20 00:00:00,966581.4336083,199401.136187,160205.61818,243987.5718,23374.77032,81749.1196,15077.8783,1992.26073,1607.26592,5660.66344
2024-08-20 04:00:00,778784.1063398,105817.854479,133895.49822,213213.5128,7404.06675,18989.47795,1475.911,1277.39444,4701.77997,3523.6456
2024-08-20 08:00:00,92179.4393268,33421.444773,170060.69546,9123.1351,9355.97458,2341.15131,20243.2184,304.23963,761.03632,1546.55321
2024-08-20 12:00:00,998870.1976625,111484.843821,152021.28806,50001.5184,27107.6584,21975.99394,4761.7275,1439.00535,1947.07753,18097.89965
2024-08-20 16:00:00,269916.6258099,110248.629865,57225.21905,70389.8633,16624.39931,8466.91982,70539.4561,519.16963,1146.82547,6986.28674
2024-08-20 20:00:00,105719.3972009,80266.920753,42946.78564,21173.6401,9236.44503,35282.98944,31054.248,2031.01521,2699.08914,2046.86936
2024-08-21 00:00:00,106309.2132264,142913.586113,51645.76665,27384.1768,23425.88173,24940.71354,6945.7234,63261.99233,3646.45719,2666.91672
2024-08-21 04:00:00,81578.7090595,15918.623029,10800.6496,12067.6171,35665.65143,2412.24949,26039.6538,1069.4701,262.25561,14644.8489
2024-08-21 08:00:00,56373.3037931,34054.62468,58008.12418,19182.0833,19328.85258,6893.24074,3823.857,1565.23047,2425.48111,6514.23333
2024-08-21 12:00:00,484704.73487,159883.459526,120476.10554,69266.6844,24675.64021,12439.21094,12060.9903,8859.57916,3113.30128,6190.71394
2024-08-21 16:00:00,477839.9404378,90809.45484,83298.73231,70217.9722,57328.37069,56801.50176,7924.9094,5971.17435,7298.60362,9880.69447
2024-08-21 20:00:00,606092.7749648,43171.595529,72688.80916,59589.0526,18043.30073,17032.58029,8199.5331,1570.85749,6746.09706,1455.01085
2024-08-22 00:00:00,404446.2959876,54475.266642,152009.4751,18937.275,19712.50263,10768.93261,4386.1643,2874.64623,2915.09431,5635.61019
2024-08-22 04:00:00,123484.8739591,30534.417449,56359.56101,10529.4442,12320.17714,891.44486,1542.1806,18.58786,5451.58023,9518.1187
2024-08-22 08:00:00,40645.8235801,23501.961302,85504.4988,32249.9728,6527.31168,4432.80702,1612.583,817.36134,713.18642,1622.20395
2024-08-22 12:00:00,220966.8607881,68582.959115,137138.01988,56682.183,8377.49547,67158.85007,36299.7482,1188.05447,4183.47287,1950.67143
2024-08-22 16:00:00,108737.8315542,54143.412594,20908.39643,48945.918,7347.10998,4059.7381,38587.801,1416.96812,3054.89942,3234.41329
2024-08-22 20:00:00,60362.795525,37095.678771,87112.93466,23364.9611,10520.16079,2451.59729,22677.3359,1506.90937,3134.39986,19462.63177
2024-08-23 00:00:00,87689.4314786,38949.452575,85589.53271,27095.4212,13021.8095,4910.07461,31269.064,1370.49497,739.04243,3491.25663
2024-08-23 04:00:00,198663.8814042,51110.907728,21582.46671,11060.3852,15929.1863,6783.38339,12815.5104,2021.01317,4303.24092,1909.69018
2024-08-23 08:00:00,47820.6564335,15682.746494,19893.88338,7480.7637,21116.6268,5700.91355,13571.2702,2086.10996,1457.01118,3061.80033
2024-08-23 12:00:00,638599.0127341,112506.738978,115636.40132,53154.8811,32344.1539,90740.38702,18099.7221,5071.13834,10393.99767,6124.21194
2024-08-23 16:00:00,1023014.0088672,195693.288588,512454.71453,140957.0743,22303.37499,25013.17463,22919.8968,19385.06417,7480.79796,24264.59313
2024-08-23 20:00:00,871602.9442967,239067.904767,435988.68108,51715.4141,14298.3778,93778.89757,20469.2526,2237.56059,3303.86743,14555.16694
2024-08-24 00:00:00,348241.8264675,67274.688518,227780.45377,41634.4965,11776.98582,22603.12689,3214.5766,3004.97117,1184.95956,13822.67947
2024-08-24 04:00:00,192796.058451,11423.462908,163407.02698,23183.8433,3435.25304,2946.75903,2149.7807,439.15525,788.13043,1212.14271
2024-08-24 08:00:00,49620.2057922,18826.209657,108073.28964,27025.1465,4834.7025,6382.47012,10186.5353,1034.39588,984.75507,3659.42814
2024-08-24 12:00:00,178402.1551831,37283.209393,317058.61487,15419.6961,14626.05722,27495.17307,12496.6552,2443.36757,1897.34317,4913.87989
2024-08-24 16:00:00,339713.3321143,322259.924836,560034.4996,52974.6199,47054.81659,125354.86685,8099.5957,7315.88865,4022.46209,5841.94302
2024-08-24 20:00:00,157172.2458455,126426.768627,572867.66063,27530.8102,28084.01331,33668.51426,41027.2886,3867.18756,3552.11657,7990.78442
2024-08-25 00:00:00,148115.6122684,33890.525988,164710.31828,20394.0166,13103.08454,75363.00855,3396.0529,1720.28333,4772.10667,6725.81754
2024-08-25 04:00:00,39805.9463657,20714.544028,160025.70662,17084.6842,31203.00024,57248.82694,5456.7858,1200.10849,2012.44944,36624.83758
2024-08-25 08:00:00,48097.8440984,11159.192773,209426.82938,11880.3478,3774.09117,2031.65316,1590.1697,475.09669,13094.80995,658.54068
2024-08-25 12:00:00,61762.2367453,10662.113103,296190.1213,11008.4663,11998.33892,7111.83051,1454.3924,2680.73411,2572.96081,1398.87091
2024-08-25 16:00:00,104650.2221976,17130.122899,29425.34019,14112.2863,5173.8701,34023.3839,5036.0029,1496.85683,3056.22702,7715.57898
2024-08-25 20:00:00,193620.6881617,127900.499793,271409.69222,30458.5932,23241.62308,32501.15633,16254.2004,8198.01344,2546.77536,3235.90155
2024-08-26 00:00:00,192809.8821905,37334.035657,66211.96001,15733.6786,23474.50541,62681.3185,8623.9865,3877.46719,1975.45836,4071.627
2024-08-26 04:00:00,185523.1788249,25520.095285,62917.6584,21899.773,11154.93313,28806.61808,4111.1315,813.04867,9272.69456,1541.46368
2024-08-26 08:00:00,217668.6491521,14119.960414,45406.70755,13600.7195,20359.61264,19915.13014,3356.9998,904.06397,9561.10688,3831.83029
2024-08-26 12:00:00,200376.1015317,25789.989822,341743.92599,60773.7938,11595.91334,23837.61122,3244.2308,1954.59452,3005.53239,9061.96231
2024-08-26 16:00:00,179497.661678,62660.302552,203856.64436,22606.973,17465.77308,18532.09744,2504.9594,4656.87782,5690.43522,7553.37761
2024-08-26 20:00:00,182206.1850673,22406.420031,93639.04798,22279.323,10827.09794,17064.57171,4545.1252,3609.20447,1562.18985,1778.67824
2024-08-27 00:00:00,333252.687145,35990.321592,92663.71609,23025.9564,3724.98771,22883.02385,6137.5336,2563.39032,9070.56895,11999.95546
2024-08-27 04:00:00,106477.9581888,10523.866225,48597.36474,13246.9223,11317.46199,6709.99023,2130.8265,2087.94268,6512.47958,9526.86364
2024-08-27 08:00:00,177902.1821736,116926.287452,90081.0823,30979.1765,13533.92014,13883.16236,7034.6915,1524.29616,26361.77296,2078.26872
2024-08-27 12:00:00,461949.6472885,118977.764127,61247.82422,35010.9622,20174.57184,13418.64047,9844.9687,7554.87978,5126.02251,9404.1921
2024-08-27 16:00:00,405084.3613689,66809.91355,50497.3349,22760.2381,18392.66531,60751.39795,5438.677,3962.11379,2019.23217,2827.57183
2024-08-27 20:00:00,1006458.5536809,494524.87819,541610.54367,58085.5055,52645.91994,55930.59288,35385.1653,10791.36623,9666.56978,16393.99343
2024-08-28 00:00:00,374193.0071931,69343.485005,230034.64151,27298.451,14519.28135,31355.03236,13117.6596,2428.85551,8459.25578,11037.59939
2024-08-28 04:00:00,119423.8149708,77212.710963,131049.09866,34490.9839,13226.9114,13871.60172,4162.5701,237.27481,9359.47247,959.86908
2024-08-28 08:00:00,204414.2780075,61344.316576,209252.77131,138689.8153,27045.84688,16470.36388,9169.7866,7238.4845,2725.26161,4730.54682
2024-08-28 12:00:00,261591.9217706,158248.425398,260687.38532,44819.6005,11830.66746,11460.83739,7768.9866,2141.42888,5110.17528,10508.46209
2024-08-28 16:00:00,588655.4931195,111791.359826,181292.89254,75359.7848,47402.45118,44410.78467,10614.5898,5099.54963,3621.39186,6386.59181
2024-08-28 20:00:00,138071.583359,73257.882893,241749.96715,26382.4729,15122.51954,11905.03679,36334.883,2426.33262,3339.20687,6062.5126
2024-08-29 00:00:00,57019.2428571,43177.060302,18187.44428,16890.1701,15028.95072,61662.26657,4596.1827,1865.61745,4182.39291,1384.97747
2024-08-29 04:00:00,45902.2246104,19342.115293,54934.74995,10396.6979,4051.63199,5350.34333,903.795,446.9115,168.32466,2790.47019
2024-08-29 08:00:00,93238.8987818,10923.819115,29065.00563,8827.3704,11856.71394,2712.65887,665.7034,2444.60699,2283.71116,2471.5014
2024-08-29 12:00:00,400970.4317673,82898.974454,193329.90571,16699.0507,28569.91292,36545.57878,10957.3539,2033.58732,1090.00156,8590.866
2024-08-29 16:00:00,440572.8066723,72883.895296,187728.99945,166260.4935,34787.59983,26677.52834,22575.6491,4363.96811,2811.52121,23078.56753
2024-08-29 20:00:00,313175.9270078,59627.825852,217998.34508,36761.2285,11856.3257,14454.74188,4142.7632,12797.4433,743.27791,4938.59691
2024-08-30 00:00:00,226798.0741044,51821.196245,92860.28098,15748.9431,3847.89017,7556.29353,8311.343,656.0001,1380.50523,2348.32209
2024-08-30 04:00:00,148294.1713912,10884.66549,74192.86627,3058.4839,4323.0625,19113.87001,2267.2498,1800.97682,933.73395,4476.18931
2024-08-30 08:00:00,112546.1679402,4199.861563,12601.03531,7066.9566,5965.55459,13541.12144,1077.2684,662.07202,622.36194,1854.76612
2024-08-30 12:00:00,467656.1286446,165964.709061,351086.66312,34627.402,47141.24164,62380.56202,9429.4754,5495.13767,6790.39905,6697.656
2024-08-30 16:00:00,550774.6697653,84270.814495,137487.24184,11543.7092,16337.25952,8091.13337,8627.3654,3397.84964,4698.03714,44715.57932
2024-08-30 20:00:00,98120.0202687,43858.925355,72787.00709,33674.5691,5064.04466,27375.99317,597.9962,7581.7462,1231.43061,5442.11934
2024-08-31 00:00:00,103520.5921264,42233.535464,69755.15893,14090.8637,3825.47781,7727.01202,631.473,2044.55024,1365.36153,6726.27169
2024-08-31 04:00:00,28688.1463578,9573.133017,11273.16058,3719.1855,1561.6327,4341.95949,3012.6148,280.11686,241.29036,3117.69254
2024-08-31 08:00:00,48271.8710346,2556.585684,28063.27435,6348.2867,3010.9405,8077.18645,863.5981,250.23418,895.04081,2615.767
2024-08-31 12:00:00,73857.7880913,43971.472411,37016.87264,19387.0974,6003.16025,5539.09361,1547.8635,1616.94959,851.25699,1530.16866
2024-08-31 16:00:00,96547.6062885,28347.99538,20286.91719,5116.4982,4547.94832,23639.88478,4347.6934,869.53911,1730.66098,2756.33325
2024-08-31 20:00:00,108601.7561885,16308.943754,26908.90875,5312.0735,8561.66679,12153.21587,1337.8777,196.40861,181.33871,1771.07386
2024-09-01 00:00:00,271409.498124,40727.612875,47812.75171,6577.9824,8438.54366,8047.9563,2589.9164,1552.12517,758.3965,14511.47549
2024-09-01 04:00:00,121692.799744,264540.561734,192876.37793,10279.5139,7958.51872,2719.17718,187873.2095,1101.43799,503.18178,1569.05987
2024-09-01 08:00:00,49821.1625175,31743.255928,82599.74588,16168.2867,3170.3458,3303.63572,5268.9236,487.55537,805.42669,915.25366
2024-09-01 12:00:00,368821.9147514,81642.861679,102399.06774,50305.3814,39768.57066,8983.26456,6900.0553,2405.62489,3385.41915,6491.8169
2024-09-01 16:00:00,53135.0713114,45173.132402,61091.09581,6454.3879,12128.47788,8346.67148,5924.9963,3166.54239,1104.49733,940.31261
2024-09-01 20:00:00,160664.8578938,79190.073378,259241.21815,19654.336,32642.10086,37938.35451,17798.3578,5169.744,9603.20286,5718.9593
2024-09-02 00:00:00,293349.1782762,35993.222038,70996.09742,33103.5342,10095.87245,8554.75274,2807.6818,1087.71464,1836.7021,1499.48225
2024-09-02 04:00:00,51212.6229586,32266.694774,85546.85317,23705.0105,8708.12079,2841.25008,17510.8832,1545.27355,1445.38327,429.04367
2024-09-02 08:00:00,341589.0506348,80474.350302,35748.25338,107488.6978,16959.02958,17877.27374,2242.6875,933.71996,1810.00213,2736.59896
2024-09-02 12:00:00,70768.9576928,43546.761153,58489.4365,12546.8743,5369.46442,14626.47192,5543.2365,1627.39979,2496.9675,2218.34813
2024-09-02 16:00:00,98780.1835233,60766.173009,19623.98309,19608.5443,11829.02792,3306.14002,3151.1082,3401.73188,476.16584,1436.21084
2024-09-02 20:00:00,285604.259227,61641.702331,52189.22995,30496.489,9490.82885,13702.2963,4959.6816,2000.59255,2733.09928,9890.79938
2024-09-03 00:00:00,176508.7781416,88169.229049,87101.20204,16165.8925,6605.92681,8209.21824,7801.5607,3147.39494,3647.9015,3032.47645
2024-09-03 04:00:00,27860.9006071,23185.818455,29497.32553,5645.6759,5229.52623,941.67492,3023.9815,2777.03902,1025.34993,220.33473
2024-09-03 08:00:00,252074.436143,14780.30604,17451.44517,18868.1205,13214.03466,2699.51501,5485.8664,1361.34814,766.24113,1828.38309
2024-09-03 12:00:00,397932.2028366,83354.740217,212072.66028,166317.1038,25600.39626,17985.75942,11890.4511,2379.84548,1463.14772,14018.50988
2024-09-03 16:00:00,150698.5154689,52967.271258,60907.42547,35161.3746,18829.46666,30961.51335,925.3501,2274.81948,4505.02092,16406.76692
2024-09-03 20:00:00,207633.527143,74485.19966,270801.44888,13567.2365,14425.09075,12191.76428,8413.026,1214.69872,2547.7603,6546.53034
2024-09-04 00:00:00,1139912.1707111,307211.012829,363807.58568,55171.7273,78279.92846,52941.95634,15300.6841,5082.23623,4902.13045,23895.43665
2024-09-04 04:00:00,95866.1883449,84981.4334,117067.48731,3852.7735,7781.49975,14195.40842,1279.9548,1668.52223,976.3421,2111.7185
2024-09-04 08:00:00,48314.5262068,51908.198943,17311.21339,31209.7669,2629.75569,5181.01998,551.516,629.21359,693.0692,1789.54499
2024-09-04 12:00:00,303571.2753672,113657.701298,132693.21787,37054.3,13030.83359,20294.46885,3873.7714,10830.64531,5007.3537,8328.04554
2024-09-04 16:00:00,125894.4569131,48216.678106,132718.21912,14847.6965,7206.70439,16637.62283,10047.6961,3453.9306,1688.3218,5955.79684
2024-09-04 20:00:00,227036.0081119,36062.344549,65320.27293,9299.975,4734.71379,10745.7121,3199.7819,577.94049,1007.9311,4696.92671
2024-09-05 00:00:00,152525.8972261,80093.307412,747675.64603,25698.6603,8308.82235,14989.17993,3245.0788,2072.91227,1137.4225,8326.72192
2024-09-05 04:00:00,63801.2275289,38488.108223,22089.75149,17698.2414,2318.49956,3086.55486,3790.8077,549.23669,399.1816,8501.39494
2024-09-05 08:00:00,219149.5755575,41921.090774,9682.24101,37789.5719,10790.25039,3325.26999,2201.1677,1044.04838,2261.0756,9298.70224
2024-09-05 12:00:00,243110.5625014,109667.296979,434571.26088,36523.912,27673.76984,52895.35679,3332.9717,551.22802,6069.8295,3198.17281
2024-09-05 16:00:00,248146.555531,71207.315199,165336.0728,86051.9384,9690.1588,27819.43906,2002.2924,705.89689,3190.2304,15447.13184
2024-09-05 20:00:00,96508.2313224,41554.21467,74473.69045,12940.7534,12260.17566,7944.44148,4424.1309,13378.24763,5567.0385,6733.97946
2024-09-06 00:00:00,410557.0573094,48937.861009,27654.50847,22049.0963,13175.41768,20817.25003,1047.5278,1292.6276,4791.0586,4155.66186
2024-09-06 04:00:00,162071.4356934,68873.62784,35382.92634,12081.7778,18039.56155,11392.64813,5757.9854,3678.28012,2192.7877,7814.91862
2024-09-06 08:00:00,67242.4109557,32322.584799,13675.31067,12927.2948,6067.65467,2679.64379,1258.228,3538.25129,1298.5382,1807.08407
2024-09-06 12:00:00,1017771.3395522,236688.429128,208408.46319,93164.1101,35930.58805,47022.78435,18950.5705,5855.34266,9651.40334,10643.99523
2024-09-06 16:00:00,588807.9871886,251239.291187,422330.86331,53608.2011,27139.96773,54270.41535,16848.8146,4060.91302,7693.84988,5998.82469
2024-09-06 20:00:00,1180850.9994779,224521.750007,587905.81653,26230.2514,42036.99088,66521.6579,10544.4937,5484.97938,9606.85236,7939.53863
2024-09-07 00:00:00,94840.9062096,67012.788184,20407.44466,54552.7945,11714.80377,11320.36227,896.432,1056.70912,2914.2559,13344.23499
2024-09-07 04:00:00,541429.8821631,49023.417396,41464.8417,377864.852,19260.66926,5294.91636,4523.9053,526.39556,2243.3232,420.77804
2024-09-07 08:00:00,290907.716888,31479.432719,19324.93653,125393.2767,2367.57262,10990.34576,1310.9094,328.97671,601.5487,1606.09714
2024-09-07 12:00:00,174713.7766561,53707.420886,43220.8649,25066.2657,7624.59524,9451.37392,3106.8689,1336.37991,946.7319,3111.56547
2024-09-07 16:00:00,121695.5610428,64391.021909,95666.77313,10205.81,19805.24132,28236.45211,4510.6302,908.0033,2532.4108,11396.371
2024-09-07 20:00:00,190447.6782885,18703.219255,16642.23693,18338.979,14204.01663,25412.62709,903.6512,7330.26368,402.9597,6734.12698
2024-09-08 00:00:00,137404.6472874,40773.413879,7508.95638,24282.9416,51882.91338,64011.61096,5675.9345,104.54193,1592.0487,15616.53191
2024-09-08 04:00:00,42078.9805217,19069.158013,14689.22292,52641.413,28831.26784,43587.28248,22245.1164,107.59476,1409.364,1062.96781
2024-09-08 08:00:00,46016.6073314,16554.102407,58285.78114,7889.7235,16429.49867,6083.73516,685.9654,1223.19819,10298.3412,2049.0196
2024-09-08 12:00:00,105400.8634274,119339.001494,64172.84073,14314.7118,10026.72256,23578.21353,3962.579,918.60812,2202.6222,4669.40163
2024-09-08 16:00:00,273283.3068091,71128.002109,16593.82545,10694.0008,21221.28153,15115.80674,4547.8603,217.67939,2843.7933,31166.04304
2024-09-08 20:00:00,474285.9212615,174378.479518,296506.77603,18447.0481,11301.87931,26550.94926,12090.6431,1799.50739,14770.7201,45218.8079
2024-09-09 00:00:00,160406.6631889,90941.008412,328806.15151,36020.5861,22093.79403,52252.64851,8025.7668,1030.37335,4734.0163,9241.29245
2024-09-09 04:00:00,137680.9628354,19536.470867,15171.97186,16589.4014,18634.58676,7920.45485,8284.6407,883.29495,3948.8001,3340.00351
2024-09-09 08:00:00,59153.893181,14654.602335,64347.30361,9601.9059,4336.64071,16601.97809,9413.1489,987.60913,2641.754,3935.99505
2024-09-09 12:00:00,184340.0942679,176483.019481,135251.07127,22296.2802,93544.7252,15265.82696,6905.0422,2194.52662,6481.2472,27486.16203
2024-09-09 16:00:00,859969.607956,267995.319444,538864.03981,58111.0997,28265.76812,94790.74096,14978.4324,3179.7512,7799.173,24041.20014
2024-09-09 20:00:00,493268.9690866,257827.429719,144621.53048,88856.8838,19316.60554,62661.49683,13411.3347,5951.77954,9471.9778,30856.52964
2024-09-10 00:00:00,134191.8489566,112454.155873,62289.17936,26546.0785,20793.09,15717.73356,10118.1172,7494.75636,9073.7885,55770.65452
2024-09-10 04:00:00,90262.4709213,129629.394952,47392.28451,8820.0169,643.81424,5582.46715,1178.5541,739.17783,493.4628,6723.55036
2024-09-10 08:00:00,59790.2066257,65667.903398,12344.84708,11412.875,6002.48581,13224.20515,2813.1796,1106.27481,439.4354,3646.42348
2024-09-10 12:00:00,288633.4976358,302470.071072,146293.39204,99175.8625,42456.97162,96113.77021,6187.7475,2439.51601,3718.9325,4910.28837
2024-09-10 16:00:00,128869.3742927,139998.164205,166099.54653,71476.5996,8663.87767,24146.54294,10796.4336,782.9713,1100.0325,1227.97412
2024-09-10 20:00:00,66733.0351227,118094.402514,19970.27952,16521.7868,10311.34746,5368.03044,6079.5198,1295.49618,3870.6349,3196.1965
2024-09-11 00:00:00,174220.8094076,177370.726479,80136.76807,57010.6676,11815.67881,13102.60461,7999.2256,7442.11892,2517.061,1836.64901
2024-09-11 04:00:00,162194.1583864,83551.929819,69017.03484,45871.9756,22767.58204,9501.34142,3668.9287,7519.84685,980.9107,2098.94439
2024-09-11 08:00:00,21326.8151151,35208.019066,25873.52815,7800.3072,3017.07136,11063.12234,2024.4038,274.19362,1827.9747,1455.09686
2024-09-11 12:00:00,403732.7028196,187694.429784,124997.76441,19994.3244,17918.73479,40001.84845,4621.3767,3375.46877,5176.0751,7381.10016
2024-09-11 16:00:00,638801.2794614,95075.237617,39862.17411,59570.9445,13011.60508,17755.63093,1137.7606,5290.5072,2124.8027,21233.70671
2024-09-11 20:00:00,347189.0494964,12884.443523,197970.96733,22640.421,24355.96173,10665.23119,6091.142,454.45774,1481.0947,1606.57103
2024-09-12 00:00:00,699905.0223593,89505.07723,181273.33038,49723.8342,9188.1649,70283.82276,4609.1257,671.18195,2928.1256,1443.17795
2024-09-12 04:00:00,154364.046763,118521.809857,12952.38276,5640.3186,3881.30166,7791.7877,805.8435,118.22453,1644.0096,992.06407
2024-09-12 08:00:00,23973.9558471,78248.888555,5598.92458,9466.9046,10744.40509,4666.062,141.9833,141.47717,2132.8471,9666.30139
2024-09-12 12:00:00,650171.214033,88258.544,94748.25122,33474.8155,15130.57087,8532.68822,1727.994,1047.87615,1875.2895,2498.35004
2024-09-12 16:00:00,281085.307196,49698.090306,22597.16823,27846.7315,7321.42795,7010.89248,4587.8319,1461.66158,836.8227,4559.70882
2024-09-12 20:00:00,146308.1728705,42945.387748,152131.21773,12643.4305,28856.97971,18021.13335,4266.1508,2972.1399,1043.3408,1151.13322
2024-09-13 00:00:00,58093.9119045,44861.786555,21891.45258,29261.1653,1482.9435,11625.65892,1446.0088,1617.42798,1578.28926,1300.08555
2024-09-13 04:00:00,12593.8093444,5328.397497,10814.75517,685.4306,3082.45667,6423.29988,3098.7304,681.09865,660.6127,2638.23079
2024-09-13 08:00:00,143096.4289944,35205.287013,305346.47857,12394.4865,1560.42309,87261.336,1918.7424,286.72149,2610.52242,2063.17488
2024-09-13 12:00:00,573255.1340222,226395.874414,125145.50491,17707.0022,12469.99718,113625.85296,11667.4792,7805.06226,5508.73707,4197.76594
2024-09-13 16:00:00,306426.8395262,164888.387783,295104.83412,17528.6869,5968.44335,26378.56266,4833.0998,6841.1839,4007.7876,2124.91359
2024-09-13 20:00:00,313434.6790231,61976.644707,73126.18439,27849.8756,5006.44483,33878.90748,4456.2077,5632.74153,5173.13952,11682.73792
2024-09-14 00:00:00,139559.9716153,59654.287396,58597.11116,16250.5751,6353.71421,13825.38555,1757.3887,4997.11118,327.0849,5404.61734
2024-09-14 04:00:00,101662.3922129,77075.682728,29318.65508,2620.4035,3548.89817,9512.24439,5335.2032,1656.76984,477.7432,4373.36278
2024-09-14 08:00:00,63886.3247775,27442.333683,36377.29589,6891.8937,5173.57445,8245.42333,2253.2409,1080.8413,726.2153,2338.42097
2024-09-14 12:00:00,89126.4935914,29809.574876,13041.81752,8504.8212,5647.39041,9225.64309,19144.4009,24227.89278,13826.97,6003.62492
2024-09-14 16:00:00,270351.8863513,68137.95226,43684.85942,5322.3191,7138.87715,14063.02186,34118.1605,1137.52554,1583.4343,9086.71773
2024-09-14 20:00:00,167292.1867795,38053.980151,10142.22516,13180.9798,4112.52798,2224.54623,4231.4061,1172.49274,5523.0435,9285.44839
2024-09-15 00:00:00,210610.6350068,17625.251783,10281.85626,8204.8667,12716.01172,31002.3739,4518.9366,17183.12433,592.5121,1629.66217
2024-09-15 04:00:00,165152.9442581,75368.644854,4966.69737,1871.8899,4476.49047,15305.62034,3185.459,2762.51214,3846.3216,3760.08586
2024-09-15 08:00:00,65034.1847428,30383.975093,20224.69117,7988.0225,7458.85779,5297.85602,2080.3033,2126.80344,505.7924,1998.92363
2024-09-15 12:00:00,448872.1202558,46805.558781,31124.33112,5019.0789,6432.38013,8094.42172,4004.2123,2420.07794,3132.7107,2589.75126
2024-09-15 16:00:00,125671.586768,357398.098058,87663.30925,4649.4471,35428.6531,15721.22399,8963.3841,8241.94442,6603.5401,14371.29336
2024-09-15 20:00:00,513112.4711767,135747.534926,446878.61309,28323.7168,18896.13515,27239.28636,13829.0974,15145.88278,4929.1578,25249.86568
2024-09-16 00:00:00,724773.6364938,310561.557634,183445.49809,12167.2235,20781.94073,19001.53492,2154.357,1922.43102,3414.789,5698.76049
2024-09-16 04:00:00,31374.2429994,19048.801754,136581.92954,4810.0041,941.70524,9501.17669,4488.5667,458.76661,359.6006,1033.68729
2024-09-16 08:00:00,21496.5476129,60279.784264,9740.5958,6483.2593,5193.38408,3196.35223,1243.7233,2677.17318,1847.064,3799.20716
2024-09-16 12:00:00,200547.0282864,64515.52125,16619.30557,17455.5306,9842.20499,10733.09499,2033.2814,2262.10114,4539.753,2618.67808
2024-09-16 16:00:00,246659.0130059,55353.624993,172928.37517,12999.7689,11643.65961,6575.12002,4057.4467,2244.01501,1176.7571,1990.86524
2024-09-16 20:00:00,162149.8320121,43691.29735,71794.06374,15412.1429,6357.5102,6617.71385,3353.8078,3353.16087,690.6549,3291.33239
2024-09-17 00:00:00,103108.3715944,32598.76148,19055.48092,3130.8078,2080.93913,8122.99253,725.2242,5516.41473,1209.3362,2293.17959
2024-09-17 04:00:00,41223.0303568,9641.968281,8962.28465,5971.174,13404.44288,3996.32435,3204.2914,1626.34214,598.1186,2117.60469
2024-09-17 08:00:00,52792.1520942,27121.752865,13408.34859,12343.3364,750.68981,1222.08674,241.0395,1189.75616,1120.0394,4569.63
2024-09-17 12:00:00,1331759.3865107,358096.103147,189034.1271,20897.7569,19778.42164,41908.9479,16406.0619,7587.07488,12485.3094,8359.03265
2024-09-17 16:00:00,908628.5703423,177340.126218,370874.25728,12639.8129,20399.34087,18080.49911,18366.5687,16320.42256,2522.073,23392.42376
2024-09-17 20:00:00,140083.1267699,10473.003317,36919.5398,24918.2165,9790.13575,7463.64963,1286.2055,1170.82478,1394.8727,20828.57245
2024-09-18 00:00:00,229207.3538325,58358.831163,149379.18587,10146.683,4641.48191,5221.15962,1069.4947,2794.81319,1679.9167,13706.24431
2024-09-18 04:00:00,176681.4188369,452393.228587,104338.1347,4824.4086,3004.94193,17122.18297,1165.587,7600.93087,2005.2367,824.23202
2024-09-18 08:00:00,534958.9548254,89508.991623,133085.20193,11624.708,4388.96881,3527.99278,5878.7863,4861.35389,2257.056,2029.30015
2024-09-18 12:00:00,272971.0175146,32619.692032,192795.42673,12283.51,4703.74238,6843.49471,4603.7149,6685.52391,957.5571,7433.28478
2024-09-18 16:00:00,746408.8757283,178485.193345,204563.97603,22717.635,11164.46812,72552.06425,9051.9997,6273.8024,4432.3359,12266.44648
2024-09-18 20:00:00,424928.7440023,108115.219153,46334.83326,42165.4499,10798.57686,14127.94849,10175.7949,11719.35581,1434.4614,2384.30131
2024-09-19 00:00:00,1173005.0481027,195896.246466,638125.25344,346407.7185,40619.47086,26058.67957,74282.2842,16380.62646,12312.9182,5136.06464
2024-09-19 04:00:00,323536.9586873,146350.770586,304200.66552,8393.6469,5786.29936,32596.97324,427202.0729,9828.1706,1297.8882,301.827
2024-09-19 08:00:00,497382.3300695,63619.839502,58909.34245,45855.9735,3803.10123,9443.01919,2427.1952,9113.69379,2168.4157,2643.10722
2024-09-19 12:00:00,622845.2511108,323739.749612,79906.19085,67268.4393,11158.831,71582.69669,9712.6916,2879.97198,3346.7237,42472.90869
2024-09-19 16:00:00,289755.6089259,244108.909454,235171.0581,441975.7859,13443.84775,176484.60858,3943.324,82692.9906,2376.8875,8301.9361
2024-09-19 20:00:00,411241.7096205,102333.407253,86941.16325,36884.3274,6903.63135,28706.42687,35254.3758,10787.75432,9402.9396,7905.92131
2024-09-20 00:00:00,388857.4502845,79764.651731,118693.5107,43376.9836,11114.55304,18828.98868,33623.4612,23917.86305,2471.7608,4742.47765
2024-09-20 04:00:00,841841.0945922,337047.995342,554567.15038,37026.1236,8002.37693,51325.69987,34809.4162,17353.98929,10145.66647,816.73577
2024-09-20 08:00:00,139610.2957671,13823.378233,87572.24033,23457.4699,2720.17407,4139.8867,6773.4206,2873.51187,1586.65605,4211.81843
2024-09-20 12:00:00,295465.8227615,556134.847098,336450.45005,30133.9016,11201.73475,44906.83421,99577.5571,2354.36254,9166.2646,1418.08643
2024-09-20 16:00:00,248617.1022718,96207.756942,95301.83205,44641.2599,7414.14799,43859.80214,23852.7075,414.85212,1634.4755,5289.55151
2024-09-20 20:00:00,109628.7554429,76183.583193,34764.12892,33641.8084,2380.96304,19384.87983,5334.4334,3613.54513,701.3124,3612.59236
2024-09-21 00:00:00,167841.0595228,59709.97213,237581.65686,81536.886,34604.54356,13607.04969,7974.4466,722.87721,2125.5503,2016.60757
2024-09-21 04:00:00,39596.8847218,144065.49125,163303.40726,56128.0059,1901.5037,3354.94553,3297.409,382.00906,1020.1493,1161.06331
2024-09-21 08:00:00,75766.1589028,12582.900113,91678.36788,25955.4081,1044.39912,4183.22561,811.1005,221.95246,277.4864,1693.16359
2024-09-21 12:00:00,93487.7397514,46668.663593,90580.60644,14325.3047,8066.06244,24229.89155,6196.9945,1101.09758,11261.3164,1514.9907
2024-09-21 16:00:00,69278.6013917,61150.706354,188208.69307,151119.241,6864.9638,11145.70228,2361.6353,6255.11387,950.3979,12139.19715
2024-09-21 20:00:00,168128.0796623,91672.34187,107262.77759,45761.2506,5498.60154,45087.44727,2080.2599,1034.32445,3537.1305,9480.41005
2024-09-22 00:00:00,191806.6513981,138848.91983,290700.46975,19058.856,24305.4747,39416.51961,3615.3867,2483.60303,2107.9609,3531.76199
2024-09-22 04:00:00,45077.7646859,55412.340342,47844.5365,3452.902,1390.49015,26421.48715,1332.3737,681.68759,2282.3857,944.69648
2024-09-22 08:00:00,123655.7720135,32434.827508,64588.76621,13516.9262,2192.76976,9347.40608,1330.8425,2069.12448,1524.9099,7304.75361
2024-09-22 12:00:00,316413.9734559,40740.502871,86896.27387,10152.3227,13086.55859,5818.09006,3747.8491,1949.28769,10221.8599,2164.78094
2024-09-22 16:00:00,290640.9948383,96209.883774,101499.59068,22829.9482,8791.00608,31932.86724,2728.0761,10857.10627,914.6142,15199.33326
2024-09-22 20:00:00,213179.0965023,79339.02219,143023.83058,54174.0395,9937.48327,21974.76074,6684.3633,1977.48028,4036.1872,22172.32507
2024-09-23 00:00:00,816283.3786145,242812.354772,275735.68179,81649.1569,16553.49315,35974.7028,15049.4136,2431.39548,4578.0285,3666.37568
2024-09-23 04:00:00,358411.2605533,66065.637197,207663.08126,58447.5682,9197.88021,3452.93186,5430.6937,1553.08186,2061.4093,3513.03849
2024-09-23 08:00:00,50159.4345576,249199.411482,21805.22207,9868.2022,3122.06265,4464.38008,2487.0854,444.63598,4400.7395,913.85512
2024-09-23 12:00:00,221177.0180561,78799.149728,332906.75703,95876.8672,7842.80898,22689.28101,7563.1834,6442.24722,3585.4302,1943.79319
2024-09-23 16:00:00,160785.0311076,95785.379097,155451.21817,599430.1205,15373.55399,10818.57797,1926.3346,4190.18705,11113.1419,2385.37071
2024-09-23 20:00:00,98791.8032377,53118.801778,79868.58971,18371.6215,10485.26818,9268.10162,2938.8922,1006.98667,2657.3341,7976.2834
2024-09-24 00:00:00,190519.1330796,162763.193608,315385.33383,28247.7496,12431.35759,13960.25289,3756.0287,2207.62418,1796.803,21456.22095
2024-09-24 04:00:00,46036.8224654,53546.32178,65577.98676,14438.984,12950.45585,3741.30767,841.077,2309.86318,895.0442,2706.89194
2024-09-24 08:00:00,193364.6784163,161903.120913,83690.17277,3841.5855,36683.32783,6366.09418,1701.9278,1435.4178,1508.9572,709.74187
2024-09-24 12:00:00,218948.7434677,225991.153736,380523.2574,78317.6265,39275.86985,24751.75951,9422.0232,6494.59377,5576.7888,10683.01617
2024-09-24 16:00:00,690994.1241384,131250.407217,764941.09078,19837.3917,48060.81187,20895.18828,9322.9192,3322.57643,8337.10352,2248.61056
2024-09-24 20:00:00,416585.5599612,100263.717058,298258.99833,41217.5764,21061.92252,14047.35059,8252.9994,12679.25576,16436.1382,7241.7778
2024-09-25 00:00:00,155168.4760637,92752.365602,137831.37394,69384.6143,18259.07173,18954.65777,11389.6191,1462.59813,2431.39727,5259.67053
2024-09-25 04:00:00,108573.6635471,78106.347078,131312.52041,19800.7982,19855.90274,21166.86391,5740.0246,526.42971,851.8697,387.58553
2024-09-25 08:00:00,105239.64581,17999.76731,17059.33198,6843.5783,3390.75479,13130.38122,3122.6501,866.73055,6204.69068,1786.68722
2024-09-25 12:00:00,155071.8788257,35412.530082,94168.84293,15559.4586,12563.30834,12709.73033,13018.9975,2457.95605,7711.63032,14368.7896
2024-09-25 16:00:00,257265.1026473,66040.954508,28953.49477,27232.6633,17678.70296,7504.97714,10598.605,7225.09414,2873.41628,4881.83665
2024-09-25 20:00:00,177958.4144309,166283.706991,150189.5211,56473.7467,22350.29859,44181.0749,3406.8037,2841.59263,1310.9882,1597.16685
2024-09-26 00:00:00,168221.6945101,202113.063022,128788.25787,16280.0979,5026.14309,78761.97141,2198.348,1773.18496,5842.354,825.87947
2024-09-26 04:00:00,36757.5018414,24009.754947,43506.64878,12486.0509,15002.16456,126127.44232,16577.2675,1508.10857,2455.8058,1134.61981
2024-09-26 08:00:00,300997.6832483,8022.715719,35035.16909,7153.5111,20874.49264,97559.4492,3405.8978,444.58323,1479.1963,5330.27237
2024-09-26 12:00:00,994729.5831969,140371.751871,404553.04464,31280.6797,49960.18105,118373.36263,25080.0092,20008.57826,28266.71243,4529.7375
2024-09-26 16:00:00,460436.3563964,293531.392711,484691.72962,33337.5955,28472.88352,220245.18422,38145.4989,5247.47014,15024.46582,14086.79732
2024-09-26 20:00:00,224956.1644004,116938.293285,213626.84013,6062.0129,14724.90207,105096.10528,29671.0632,907.2001,2382.0588,10287.82779
2024-09-27 00:00:00,262909.839481,44949.780182,117983.40479,43369.6162,21679.03365,49790.2202,2079.6713,14249.05951,1271.9093,10762.76567
2024-09-27 04:00:00,183124.5225495,31834.520917,85299.32255,22153.8776,26917.65673,154636.96687,6540.0896,2740.63691,94410.88043,5510.26034
2024-09-27 08:00:00,88424.9845203,31055.616622,71631.32752,41213.6555,8061.78863,39439.03309,8217.7696,558.66326,4168.0124,4408.86701
2024-09-27 12:00:00,428560.5256852,88463.414777,295960.74042,55496.3778,7394.83186,185256.37586,12957.8552,3967.6039,4867.1325,19311.07961
2024-09-27 16:00:00,156309.5243314,133350.580228,128560.9554,63307.4937,12629.10041,65204.02239,12733.2068,3153.20729,6118.7504,1979.55406
2024-09-27 20:00:00,99608.7841222,42062.74168,86664.1004,26486.5329,9102.84851,22363.98481,2751.1831,3765.28125,2042.7242,2702.24164
2024-09-28 00:00:00,138944.5448105,34668.480042,47057.36538,50069.0585,9523.83178,44323.0693,7730.7453,2545.21979,1491.5079,7969.53578
2024-09-28 04:00:00,27314.3011617,33776.526706,71370.48254,29913.2848,13846.65251,41126.54204,29048.4376,6307.76152,1052.3233,17104.1931
2024-09-28 08:00:00,148946.8564829,22834.84262,33237.82814,18085.477,9824.66555,26265.20212,2894.0337,1310.40361,2726.6224,4525.42352
2024-09-28 12:00:00,47055.699315,31243.689821,33587.85243,39304.7616,3137.38559,230786.96803,9195.0007,1756.35139,3973.0402,5573.50438
2024-09-28 16:00:00,31578.6775902,66099.04341,83304.54013,49743.308,23481.82619,22376.38433,2899.5406,3036.49905,2530.84787,4673.22007
2024-09-28 20:00:00,195791.9579096,31037.729716,17060.77524,9946.8897,5789.2173,38135.68391,1080.9969,653.19485,9287.7592,2101.78598
2024-09-29 00:00:00,47352.8991044,19253.566624,110193.44987,25053.0962,8841.79902,70910.34652,1423.5942,181.76568,3253.5601,2582.90698
2024-09-29 04:00:00,23850.0779435,78645.334568,44367.51935,14521.6083,15745.45605,29566.5725,23818.9972,1953.94376,8387.1377,18363.60436
2024-09-29 08:00:00,36262.367783,11660.714339,62605.05661,36690.062,1884.07344,5689.02662,6939.7049,852.11222,1558.0513,2745.77354
2024-09-29 12:00:00,36027.0044461,61336.202606,29778.88056,35685.6563,4865.37928,29537.10355,62507.5012,233.82149,4089.596,1828.56659
2024-09-29 16:00:00,122569.4788478,30210.548152,201918.34573,13311.8942,8171.27528,15996.9617,54052.7138,6559.44268,7186.8541,11074.79121
2024-09-29 20:00:00,128730.2620841,28830.158104,368518.3234,13927.5077,7960.9895,74545.80657,15146.7482,10547.32204,2000.1376,4575.08289
2024-09-30 00:00:00,533374.8169774,143360.131586,166830.65333,48413.6722,19534.02046,62901.00657,61090.8783,3894.10691,7303.958,11254.65385
2024-09-30 04:00:00,25571.1507398,64594.383055,142276.16359,9285.7629,3708.83615,7651.02585,2279.7027,842.68932,29490.7238,4124.7294
2024-09-30 08:00:00,814976.7734545,177516.485798,61761.80459,67397.3951,24274.23674,65755.45571,10718.1134,3567.37012,2682.711,3369.34126
2024-09-30 12:00:00,103867.8878049,36172.036063,74231.22381,30567.4307,12329.26925,97810.80366,7136.1129,1795.61384,2264.4282,3761.2127
2024-09-30 16:00:00,191382.4215775,80153.890606,278552.88283,13674.3377,7552.12657,31039.77902,8112.972,6270.48302,1458.7361,5938.54957
2024-09-30 20:00:00,185148.8547985,66625.541243,91426.13962,27477.4865,27719.10887,51794.69823,21949.8814,8931.20052,2667.892,4774.19492
2024-10-01 00:00:00,178056.1406711,93626.616613,149674.20743,24482.2176,16356.14819,29107.52899,5629.9103,3273.49603,5186.5988,8083.20097
2024-10-01 04:00:00,38630.4835772,54314.455184,12131.40734,27179.09,3899.42707,16065.25899,21299.5985,924.24569,5383.0469,17862.86348
2024-10-01 08:00:00,88771.9629903,26518.691555,51269.38753,11196.6732,7433.2696,17647.42898,4477.9354,2948.62965,2836.206,3035.43131
2024-10-01 12:00:00,706111.2501929,342719.097745,359883.67236,64845.1516,44326.72443,158728.95876,76860.9863,15144.13182,12561.4631,35464.95283
2024-10-01 16:00:00,876030.0482834,421354.57059,219890.97547,87743.5116,38532.78901,137031.71318,39628.3283,27717.02788,26048.3647,28029.53088
2024-10-01 20:00:00,1122044.0249381,125182.41318,175972.55252,53105.2202,14943.7223,125131.84997,15925.8524,3501.42922,4072.4923,8451.10952
2024-10-02 00:00:00,192862.3320571,142110.132964,46711.29591,70579.2728,10348.26477,58607.58165,6364.2078,10420.37214,3565.8738,20557.40215
2024-10-02 04:00:00,172782.8785484,10309.802477,140292.43111,10524.0018,3197.35096,34500.47658,2270.8145,1394.02018,577.397,1656.01254
2024-10-02 08:00:00,91761.6300499,155504.861935,20687.77138,13502.3127,8068.79767,17528.38944,3255.5213,1442.49472,2395.0479,3261.00157
2024-10-02 12:00:00,134879.3733415,37931.934744,433732.829,22811.0128,18791.38502,40820.40286,7201.5685,7212.64209,5242.6286,4476.32993
2024-10-02 16:00:00,578824.7547805,149994.057868,232879.13266,34348.5508,55936.01924,62314.38705,10226.5168,6723.47464,6562.4863,5451.5959
2024-10-02 20:00:00,360078.5329633,43365.744772,91712.68745,14773.3565,17712.3849,21555.39462,1718.6843,1187.75665,1895.5207,4364.55459
2024-10-03 00:00:00,106414.3508931,70362.062748,76044.53362,17575.4531,5657.32946,77714.91731,1036.3074,990.44181,963.2062,4263.90439
2024-10-03 04:00:00,128939.9045967,25541.248423,18512.66619,9101.2982,39942.20225,5366.52738,1712.8386,590.40148,1699.06,905.29682
2024-10-03 08:00:00,86602.0665339,40564.419744,152641.78544,13318.7238,26357.06123,30794.74363,10947.6804,3213.63291,12300.3489,7146.06183
2024-10-03 12:00:00,290105.7700393,54382.411116,241851.09869,29449.996,36616.08559,120630.1849,8435.7769,3010.34749,3824.8153,10481.13699
2024-10-03 16:00:00,139972.2488838,50005.773346,157385.07335,18215.4822,8576.12463,37549.47304,5860.3976,2080.52628,13170.8601,2481.50309
2024-10-03 20:00:00,89207.4117115,51914.757489,156062.82469,59708.1235,24535.46254,7128.9641,1155.073,982.0331,1444.0942,1519.22166
2024-10-04 00:00:00,209736.5263636,36605.477729,31684.7074,8425.0279,75963.92796,25117.36904,6389.0789,1299.88709,2437.8733,2566.04148
2024-10-04 04:00:00,38962.5975503,14764.355662,61912.41236,3342.0026,2903.90372,27691.95504,5733.5296,231.44875,931.9626,489.86925
2024-10-04 08:00:00,40560.4958646,12755.009842,89357.29224,15695.0606,13918.30596,46300.97287,6674.9849,692.11959,948.9551,830.34063
2024-10-04 12:00:00,494462.4998742,62470.531078,121288.9601,18281.168,19566.92825,90852.80457,8607.6363,1166.66396,2389.9769,5520.80903
2024-10-04 16:00:00,315316.3766618,61687.048948,93124.19964,94386.6155,5217.61487,46006.33535,13311.3526,2504.40777,1996.6704,945.61729
2024-10-04 20:00:00,94479.0180008,23220.170362,88078.39287,5497.2579,1087.3346,33891.52493,688.0726,934.9042,1244.9364,4203.29482
2024-10-05 00:00:00,47160.9282037,35484.973871,42338.98126,9260.058,7202.63665,12881.68198,2670.8931,767.65261,450.2123,3694.51049
2024-10-05 04:00:00,113166.4060358,89155.025674,163396.09417,19551.0279,3506.40779,9749.55168,5927.9654,1556.48038,1523.7783,1299.10188
2024-10-05 08:00:00,15166.1813052,748.53379,12554.54663,7953.0436,1970.00386,3515.49293,1119.9183,1203.1828,1275.4522,861.69782
2024-10-05 12:00:00,88073.9196622,49858.133433,55724.82373,10008.2744,1519.58753,4189.54407,1937.4543,2586.0109,165.9176,3511.08962
2024-10-05 16:00:00,44070.7775372,14880.003494,91601.80139,11834.8077,55623.10588,7570.66009,7637.1825,2842.65777,1784.7075,3116.83135
2024-10-05 20:00:00,59692.6413047,21052.431639,34942.49868,8455.3069,11580.66234,36665.87133,3800.987,4398.38154,1121.4324,3324.33832
2024-10-06 00:00:00,41509.0086666,23411.181615,34513.74661,13047.2245,1871.45554,23110.58176,1441.0314,2515.91184,1586.6016,35539.53819
2024-10-06 04:00:00,50557.1736165,15484.253241,13497.90296,4962.4472,1420.49567,3146.34361,2857.8423,312.37723,1636.6837,1150.29584
2024-10-06 08:00:00,30847.1904194,10133.926048,35194.08724,2266.3649,1561.48275,3097.18941,1048.2201,141.15602,353.9002,7052.32185
2024-10-06 12:00:00,288075.5131328,53057.743185,172750.8661,21136.8554,14065.77084,97607.49811,13997.2114,1124.58,614.7476,2418.78153
2024-10-06 16:00:00,191861.0878204,40636.777611,32114.32493,9895.4227,21991.43487,72563.05156,4729.8152,1122.72714,1902.5006,16434.128
2024-10-06 20:00:00,88734.4699869,31044.083302,58077.27683,22950.6311,23892.10492,17402.54089,9110.2765,1376.8576,1157.8171,3374.48634
2024-10-07 00:00:00,306922.6788927,116652.833863,152868.31683,38503.038,41537.15637,52246.20002,3452.4262,5567.73892,4056.4008,10263.71472
2024-10-07 04:00:00,38535.2500004,68085.52479,51791.44388,6595.0006,2597.28421,16589.3612,2418.4165,5894.78578,463.9255,2403.90837
2024-10-07 08:00:00,181604.1117265,131442.533883,40153.62023,9673.149,22285.78613,51412.56534,3052.6484,3520.11238,3486.8545,7082.65277
2024-10-07 12:00:00,401647.2805719,81830.192326,327655.50745,37346.1203,11755.69449,46709.46208,8112.0268,2151.25169,2981.519,20117.51299
2024-10-07 16:00:00,600562.5044038,182978.863519,101017.56009,17646.4629,12955.17326,127641.08455,5185.9744,4544.32421,2665.0006,17399.74077
2024-10-07 20:00:00,291078.8063118,72539.589868,254056.45407,17031.8386,8013.92367,48159.88342,2145.2485,2113.59383,2967.7242,1982.5958
2024-10-08 00:00:00,193351.0410691,164475.504051,55905.59419,12883.3335,17973.45608,8566.10235,1777.0359,2164.35139,2294.5784,12280.32165
2024-10-08 04:00:00,139323.5434844,28416.572622,31950.6539,4894.6856,8962.09181,21466.46632,4386.1678,1481.15199,1447.5817,2690.39233
2024-10-08 08:00:00,18922.4566857,7645.975579,59246.10996,25424.2465,2538.91205,28906.20416,1330.046,195.23898,2334.0958,1153.76681
2024-10-08 12:00:00,679706.5726489,66128.850223,72361.17888,24592.9082,27380.10761,22803.37243,6241.7676,4608.53578,3704.1027,2642.27252
2024-10-08 16:00:00,252832.0725174,22944.528704,20676.83752,55227.1212,16630.45449,12522.33876,2103.8312,2836.54554,2087.6103,7959.91272
2024-10-08 20:00:00,100934.2176354,22811.666689,57066.41893,28406.1183,11027.23881,13168.53186,824.6208,467.95049,5047.2429,9229.18625
2024-10-09 00:00:00,141517.7500539,98975.534413,20347.25047,31972.1536,16715.29429,13419.89104,2485.0351,287.68791,2277.7379,4608.25462
2024-10-09 04:00:00,36463.0050759,23437.204894,98691.23975,3834.9529,1587.69122,8218.2883,3079.177,1318.32464,379.5697,1083.78366
2024-10-09 08:00:00,28564.7270615,9995.42476,7651.50478,9877.1406,3790.68811,11038.44345,149.6124,1518.39003,1819.1317,1570.5139
2024-10-09 12:00:00,216417.7183435,49019.641562,179770.47707,12224.9671,28183.01086,24772.12729,15245.0117,2259.50096,3637.7503,2382.31136
2024-10-09 16:00:00,362839.9986323,40748.143518,106180.06753,11938.9132,6128.5588,46369.00087,3043.3237,1471.61634,3078.1151,1971.06707
2024-10-09 20:00:00,321291.669078,100602.594577,145533.72887,16716.7683,17961.43659,53094.80575,3990.1497,5976.23101,2767.1757,3153.69039
2024-10-10 00:00:00,83174.8889713,11946.94884,46266.36846,21676.157,6595.9116,2914.0011,7709.7107,1238.34791,567.7168,559.841
2024-10-10 04:00:00,67316.7249816,21040.211011,15150.63026,1751.8295,2306.57153,10436.65,715.808,173.53811,1060.4397,399.95576
2024-10-10 08:00:00,138428.0220927,57980.296201,25417.31088,7197.9463,3264.85663,10912.04806,1015.0049,1263.27543,950.074,1340.29408
2024-10-10 12:00:00,112251.6015615,95400.551454,147530.64453,41067.1211,31966.18843,96445.88566,7570.8358,2708.14109,1458.3625,1921.29674
2024-10-10 16:00:00,599566.4794582,96425.723041,56813.55048,45891.2941,19235.35272,89515.30734,27404.3571,3217.92384,3362.8686,65123.43323
2024-10-10 20:00:00,47063.1352666,23957.726614,29431.49092,14299.0872,15336.92152,43440.11771,1481.5621,1522.40186,1525.6515,4443.63754
2024-10-11 00:00:00,70436.0288231,37361.451844,43708.56348,14645.2357,5380.23898,41463.74972,3575.9967,1136.42225,1292.049,2059.181
2024-10-11 04:00:00,163983.2066676,7752.34948,28130.8579,4410.9904,24341.50017,43390.98136,1223.3741,1568.0997,743.3031,282.3845
2024-10-11 08:00:00,118603.3507221,10312.027981,16070.03738,4811.5913,14797.55405,25091.65595,5439.8503,268.34866,755.6088,2660.7776
2024-10-11 12:00:00,691791.9720255,54366.732415,131478.43897,19500.4648,10948.91535,72121.4248,5663.3628,769.25822,4003.2174,1697.69408
2024-10-11 16:00:00,762567.7249814,159669.741443,67506.85086,34044.0818,27616.877,104197.01583,22695.2456,3694.21764,8616.5464,3138.79135
2024-10-11 20:00:00,192057.5112609,101222.897907,29257.36606,23189.7032,5485.86417,20683.05546,2778.0976,767.59147,298.8445,8434.74703
2024-10-12 00:00:00,161083.4961719,100672.326112,91002.89439,35825.0112,5867.79958,26102.06505,17515.0917,2858.32483,618.0614,4455.83812
2024-10-12 04:00:00,40295.2168234,8626.018778,19377.57301,53531.1437,1333.52959,57236.00643,2436.1282,2849.81242,253.1749,8724.58758
2024-10-12 08:00:00,34940.2330659,45696.645237,19555.95461,3792.631,8115.05494,16295.15167,1218.9768,1227.88486,1094.582,759.24408
2024-10-12 12:00:00,126667.3068154,34665.659746,154709.26872,10039.5567,4031.63256,42397.02355,6524.3825,1672.85549,1738.549,1162.17208
2024-10-12 16:00:00,245530.3581219,14697.329228,42204.86564,11343.2059,13569.87357,16593.98485,4443.4724,1749.71654,2045.4449,1249.1489
2024-10-12 20:00:00,159695.654857,240576.533595,86178.39348,5914.7033,5097.88634,38789.45228,28413.116,731.97037,2793.5284,1200.08237
2024-10-13 00:00:00,57921.9259447,61339.529009,20747.00155,40149.8645,12761.76593,39525.48324,3613.0197,1797.09245,4699.6135,2711.69081
2024-10-13 04:00:00,29817.3649436,7584.86267,9523.62726,10858.6211,7467.70219,13101.814,2216.3686,4.93476,329.6018,1877.29448
2024-10-13 08:00:00,31115.9131815,3601.712482,157881.39972,10528.6744,2538.49758,3093.24078,3213.3715,1553.61673,2900.377,336.16093
2024-10-13 12:00:00,145103.8030997,19653.040678,23725.30941,53490.7329,105491.23921,20141.2635,19359.1592,1658.98339,2353.0495,3052.09118
2024-10-13 16:00:00,119902.9526858,26587.493923,14636.66265,13790.8814,23423.00164,24577.11076,2822.7329,3488.88256,272.0044,4200.04572
2024-10-13 20:00:00,75576.8707823,18126.516179,57596.24514,5450.2423,4568.42981,24135.53615,17257.4917,287.72486,6098.7022,1669.76562
2024-10-14 00:00:00,378733.7519285,46441.872234,521256.29741,15598.5034,28668.48074,13453.92097,54782.464,2323.22833,10825.5777,5478.75296
2024-10-14 04:00:00,327787.1899179,173866.742385,108069.38454,40049.5177,5437.02658,40774.67967,4834.5048,2645.04457,754.9036,2289.19248
2024-10-14 08:00:00,91293.8805113,19720.567503,41670.73858,16601.4047,13606.28173,51086.3936,1672.8208,438.82074,333.0093,2065.25656
2024-10-14 12:00:00,834736.8609445,301889.04808,266188.27823,40583.7755,119509.86189,144852.50072,13308.1269,18118.22566,6737.3031,18936.25831
2024-10-14 16:00:00,701677.7297713,72572.729446,91909.0447,109234.1579,12345.03205,70876.3358,8080.6308,785.60259,3079.01,8169.7028
2024-10-14 20:00:00,398896.3394212,165007.076277,92308.98585,27912.6397,14513.84658,63261.80345,14183.6635,624.3391,3678.9352,5540.88056
2024-10-15 00:00:00,151353.6106606,67277.491334,62810.87629,7736.4433,24130.88607,110936.12077,6096.0172,6207.07456,4760.4886,9157.57347
2024-10-15 04:00:00,55749.7087841,41674.998937,33679.46796,3503.3583,5629.32907,10026.7396,17009.7899,89.05956,1112.9706,4947.2387
2024-10-15 08:00:00,42809.1056445,12504.559694,62534.15047,5711.1448,78219.56455,47093.48483,11667.6995,8761.09254,3454.9207,37194.90387
2024-10-15 12:00:00,1441695.8252684,396638.279525,275178.24675,125479.7614,37745.31246,249761.04296,37642.8387,8532.63,13789.5026,16996.91991
2024-10-15 16:00:00,559151.5423611,121612.371522,103274.37925,46958.1608,31324.43871,257866.18526,21014.5106,13939.12957,9303.6097,23579.1352
2024-10-15 20:00:00,302766.4521565,52102.038906,54476.58398,14989.9202,18163.35823,42764.01156,11899.3562,5070.03388,11568.0805,10950.75391
2024-10-16 00:00:00,213343.9192543,29420.768167,65873.92423,32021.1433,2230.47768,57047.83069,8278.0204,139.40254,1746.7978,24594.03851
2024-10-16 04:00:00,94968.4881465,14206.949362,33196.62985,2162.6603,5975.69122,151542.86998,26081.1284,339.34173,1700.0914,3052.23965
2024-10-16 08:00:00,331529.988383,14498.76642,64289.39747,24275.4155,3803.545,243361.14603,6673.0671,286.07315,2494.4278,3358.3853
2024-10-16 12:00:00,466649.5096486,97109.216413,85006.26431,19297.8831,8738.02814,74459.49076,38079.077,45201.00536,3090.4631,12284.4935
2024-10-16 16:00:00,179854.7295867,19033.600087,30073.17271,806704.4474,46763.07716,56464.60195,13470.811,847.00433,2601.8838,1592.15484
2024-10-16 20:00:00,286703.8752299,13779.104826,20040.30935,22588.1424,7041.31136,114108.07726,3551.1709,1915.95178,1287.5699,1190.03092
2024-10-17 00:00:00,167131.345299,53301.960478,28809.73746,75473.3332,43028.11765,134415.2634,1726.8552,918.23538,8521.7921,13857.46992
2024-10-17 04:00:00,238121.7335239,24842.827055,74828.74554,11210.3515,30447.44465,27923.57254,14368.1758,1113.82592,10414.7053,22270.12301
2024-10-17 08:00:00,130850.8896853,42556.408275,73974.52418,12158.8616,19634.24134,10965.63047,7069.7468,6379.15234,1502.7094,5473.66227
2024-10-17 12:00:00,520926.8356806,99056.730228,107295.35157,107911.7754,13742.51082,50066.0258,26625.4178,2400.12469,2865.2728,8537.01142
2024-10-17 16:00:00,216335.3032284,35948.649568,146758.56537,12268.9643,13695.85265,57327.12187,14096.3172,1043.00527,5093.0654,7710.06787
2024-10-17 20:00:00,54668.6381335,35733.016079,55464.24287,4409.1512,5966.68354,194938.74651,1447.9243,1691.8109,525.7907,12829.85048
2024-10-18 00:00:00,180901.0630382,43205.033637,111198.56292,8078.3983,8761.82819,241267.96881,31126.6632,773.83981,1400.6065,54912.43966
2024-10-18 04:00:00,171004.481439,50545.532855,38170.74048,5289.083,2064.73556,85855.04239,3770.5266,176.1951,3458.538,740.77212
2024-10-18 08:00:00,40466.0990332,49188.31342,17597.19697,23010.8759,2794.87035,47119.81912,2350.3477,2064.98635,1790.3789,3794.33824
2024-10-18 12:00:00,818698.2548991,86837.780588,121793.67797,16589.2011,7515.42869,157394.79444,7229.5313,1310.15093,4020.6675,4698.63134
2024-10-18 16:00:00,342139.9050102,104619.658304,260761.33424,38460.1988,6673.20606,128119.18958,57465.5019,642.20228,3224.7708,9117.27609
2024-10-18 20:00:00,118991.9956316,28452.07402,33991.48473,11482.4676,8122.20255,66794.99278,2048.6223,391.5331,1479.9241,3142.38227
2024-10-19 00:00:00,49503.1585031,74014.213733,38436.17204,17596.823,20135.3362,379020.948,6298.3565,6610.69335,15792.0383,5386.6528
2024-10-19 04:00:00,27802.381411,13074.834058,21286.73172,4608.5383,8620.2959,227593.4621,2701.7057,720.16593,1744.7085,2435.14175
2024-10-19 08:00:00,39624.4972142,18188.211292,22021.42136,2719.2912,4886.93772,37261.87572,19511.717,447.18111,1512.2737,25117.95036
2024-10-19 12:00:00,65938.1027691,16716.040614,108612.17648,9446.8974,6940.79811,47321.61342,3515.2735,736.84853,408.9893,1844.86126
2024-10-19 16:00:00,97166.3107813,62697.305132,40028.26938,20565.1745,5394.01603,48473.83119,4416.426,1642.47878,1655.1188,17557.93891
2024-10-19 20:00:00,41568.4791323,23859.301122,283901.89671,11382.2274,63476.56435,93117.37559,381.5488,1905.46497,2234.2698,1503.41441
2024-10-20 00:00:00,107889.8272448,40219.163463,140758.14786,12430.2897,40694.1805,27959.25102,5679.6891,518.9397,39102.81375,3713.90326
2024-10-20 04:00:00,24473.1814532,31493.162422,81663.30362,5628.1051,3962.76798,17181.32391,1368.4348,3211.31504,2015.0263,2533.7893
2024-10-20 08:00:00,8052.4911845,45583.329407,55152.19076,2888.1344,2226.8544,13487.10739,1813.447,121.53932,6304.4707,2676.30982
2024-10-20 12:00:00,96665.2633591,99280.517933,198923.8521,14403.957,28880.53489,49298.23012,9184.1266,3900.58064,5283.8795,2610.80593
2024-10-20 16:00:00,235397.1286537,159214.384585,61849.95298,20627.2555,67695.43371,37344.77894,10428.9077,1933.80302,4452.4139,2878.05689
2024-10-20 20:00:00,336941.6530911,170460.749355,490037.55508,142953.0342,18713.93182,90016.08288,42244.5005,3109.49766,2613.5164,8186.53996
2024-10-21 00:00:00,348024.9372708,120713.122933,355150.23989,17827.365,29328.21263,189431.85482,16654.1635,3184.28964,48621.2615,41046.73581
2024-10-21 04:00:00,92632.0184782,36616.575231,203024.7601,3876.7491,51523.73759,160866.51283,10687.2612,928.72974,2589.4,3711.56082
2024-10-21 08:00:00,455900.2923673,29843.79032,52219.02827,47656.6868,5136.72353,45828.48725,11261.7027,822.7789,1760.7472,4852.91237
2024-10-21 12:00:00,403622.4958062,193219.494112,128313.37804,25786.8351,21381.94538,129135.44686,27574.5831,9306.29294,6022.1657,13140.35838
2024-10-21 16:00:00,229531.6102064,55587.871619,193036.51269,15309.4694,6215.2544,96013.00164,24195.0756,15897.69335,15348.9321,31057.58928
2024-10-21 20:00:00,722655.74406,33295.802504,67944.27382,38317.8227,8583.00896,96157.70017,936.5807,1880.01693,2370.2822,5580.75943
2024-10-22 00:00:00,794726.8919424,268213.805221,295276.84381,27414.6294,18269.70523,207665.86643,15575.0439,2927.74064,2724.7593,23802.59188
2024-10-22 04:00:00,213953.6982628,73943.849178,150656.59827,1751.5416,3068.95009,30823.36616,4879.9811,218.85546,18561.1384,15000.92918
2024-10-22 08:00:00,130971.8625922,164139.83042,65006.5967,16905.733,6491.61416,32839.11683,23600.8985,1850.15424,13444.1007,8697.70447
2024-10-22 12:00:00,465823.0959986,273620.756945,291583.19512,9051.9705,29940.77319,129805.5673,6425.5573,2573.71363,3317.6856,5555.77
2024-10-22 16:00:00,64702.3204741,156465.547774,34556.55266,6802.9663,22440.45933,105274.13105,4708.1231,1312.77228,2318.555,2249.81863
2024-10-22 20:00:00,59369.1747277,132780.567918,33317.62303,6036.3915,8311.00191,62072.84949,3477.7907,248.04217,1758.5851,5631.66629
2024-10-23 00:00:00,44919.7162853,113709.184928,86720.82364,5697.3179,75454.47576,68863.31165,4749.4999,2408.43457,7580.6118,7692.98195
2024-10-23 04:00:00,77484.1972472,95677.600062,30975.12975,20437.306,8973.74002,19615.49393,5630.8489,574.7345,1652.7713,4533.73857
2024-10-23 08:00:00,164934.888305,176692.572961,37484.89011,12112.2952,14886.25672,26602.30927,16344.6229,3569.48216,6617.3884,2494.81307
2024-10-23 12:00:00,295965.2632786,251968.838879,259874.11161,15402.3938,21625.4894,19730.09127,8407.4678,2724.45087,1783.6761,1737.18985
2024-10-23 16:00:00,808703.4273939,518149.805169,360909.83658,18514.0984,16544.63058,116045.27345,13638.1025,1814.90182,5805.4045,17026.39382
2024-10-23 20:00:00,153482.850483,198239.071606,232516.02756,34662.9819,3077.57467,18698.05045,9811.3968,467.96811,5602.9163,1482.85575
2024-10-24 00:00:00,218080.0995136,174612.081684,209426.09828,10746.3318,9206.56929,70989.54638,12739.8766,1710.10479,3759.5349,39844.30561
2024-10-24 04:00:00,175741.0920922,101574.448624,117225.16826,10270.096,9862.15354,43040.28187,4003.4253,1255.5576,931.7241,687.77933
2024-10-24 08:00:00,140281.7686257,103142.843293,80463.66178,12174.066,17879.68864,13145.3346,6645.224,649.6881,1736.0533,3213.06088
2024-10-24 12:00:00,1308650.118921,195187.120279,247232.61106,33370.0791,19060.6768,69589.45652,11405.6371,3785.64632,545.7612,5039.65221
2024-10-24 16:00:00,680709.1767448,125649.564697,104011.93979,62889.1149,21105.28398,63925.33145,5868.5658,2921.99071,467.8754,19733.31685
2024-10-24 20:00:00,139201.4836796,245322.427759,253217.3441,5843.8656,2894.52236,29373.20165,2748.6254,2659.77295,3534.0909,14580.12438
2024-10-25 00:00:00,79756.7735162,87364.73593,81894.89919,7340.1765,9879.81458,62833.49345,4504.011,836.54669,18792.2957,2920.29951
2024-10-25 04:00:00,241643.4236039,278427.955035,64971.47645,3471.6605,28124.08026,14798.27942,7026.6788,498.67825,2418.9582,2330.42316
2024-10-25 08:00:00,65809.8395495,162932.67764,44167.14007,4542.4756,6431.49302,63401.16677,2876.4096,2178.93769,2614.7849,2670.86306
2024-10-25 12:00:00,573838.6097042,197143.24889,138159.34839,25726.9649,28029.98052,98825.86338,5272.2586,3534.06301,2284.5875,4568.21696
2024-10-25 16:00:00,995798.1404359,317146.823954,727623.46029,25557.2224,46924.6104,149545.71935,31384.4915,3823.63225,7073.5153,13389.52509
2024-10-25 20:00:00,474555.9018903,441210.44393,464474.83695,25786.7975,64943.85675,66379.82164,34623.02,368531.88521,14586.6428,21446.20388
2024-10-26 00:00:00,79881.6601097,277130.604979,57900.24399,12711.4796,32037.08633,38753.15921,15795.0144,9643.38786,3960.576,7092.75234
2024-10-26 04:00:00,44410.5840844,88750.765903,122374.81557,3056.0807,1741.57818,6427.29344,1162.3331,1276.51609,555.3037,878.51737
2024-10-26 08:00:00,41233.5732388,73452.48522,31136.21952,5700.6235,3734.25521,28965.86429,791.1741,2528.57497,532.5199,810.21389
2024-10-26 12:00:00,31684.1701608,86044.077269,199390.01058,250010.6829,2436.2473,33924.03208,8928.3136,3177.8974,2299.6748,3980.02209
2024-10-26 16:00:00,133150.7687119,133133.93022,79390.42228,8499.07,9961.04728,55238.98655,11620.1741,820.96699,717.4342,6890.83011
2024-10-26 20:00:00,60191.3522954,104002.09873,92857.96168,17486.8727,3384.55441,17938.01343,2374.7025,2019.64839,2713.1782,947.20978
2024-10-27 00:00:00,41830.8932573,62897.607737,48005.20047,10579.3636,1812.48091,15445.36596,4647.8299,424.8508,409.0013,28587.30257
2024-10-27 04:00:00,76723.9553276,80046.35771,25616.7086,10824.6933,1426.71143,3207.95702,36.1787,575.24388,365.2296,750.5747
2024-10-27 08:00:00,14316.2302898,17343.173165,88444.44346,5572.108,629.71271,4412.89639,391.1209,223.03263,1977.0041,1177.01566
2024-10-27 12:00:00,368264.815506,65215.057528,118201.78897,54838.6436,19270.62117,55497.04233,3759.4254,1633.68019,8082.0805,3265.4385
2024-10-27 16:00:00,146942.6927087,150676.369778,106348.73298,9883.2828,17618.45995,104416.27005,5893.9799,746.8874,9904.514,2188.04821
2024-10-27 20:00:00,218990.5106421,43779.142765,139831.93596,38602.9424,7618.422,73476.25865,1756.6678,1277.44446,1812.3197,3679.59633
2024-10-28 00:00:00,179969.3621225,70766.540444,137609.04704,9321.6696,4314.17606,65905.15134,10653.425,1308.23456,2215.4635,107763.51382
2024-10-28 04:00:00,223593.7570036,229333.430855,135345.74182,8160.2512,8437.5041,112807.39194,10697.0945,1413.97525,1269.7492,3728.28786
2024-10-28 08:00:00,524788.8582858,70651.391633,43871.33835,8115.6789,2045.7594,43126.2069,4919.9502,1524.74687,958.0458,6224.53544
2024-10-28 12:00:00,816364.2986096,97097.578418,218992.75265,9882.7621,11059.34433,220589.5231,13306.3515,2210.28356,2068.1533,7582.12919
2024-10-28 16:00:00,974673.3634347,130583.976499,252371.57514,30132.4184,15883.62913,533772.12031,10937.796,23190.4533,7433.1953,5659.62709
2024-10-28 20:00:00,606153.8486685,156399.750353,209933.49253,34667.3274,18725.66861,115332.9624,9155.2911,910.67753,3634.7252,2972.54133
2024-10-29 00:00:00,1455709.3590201,206284.746147,461167.30259,129542.3254,28334.14412,550736.59898,14454.4986,10517.96337,31173.9706,5950.21627
2024-10-29 04:00:00,565115.8779158,104961.986086,121182.87282,7357.7538,10933.97145,76950.22935,2155.3691,1081.27648,2894.1206,2316.99473
2024-10-29 08:00:00,219943.058348,90329.660824,130048.34224,2484.8452,5462.25319,44517.89972,1381.0902,1268.12449,4848.3894,882.27924
2024-10-29 12:00:00,1234992.3465574,197936.367495,124821.95234,25613.9567,13092.31121,138019.50238,11128.76,276.91729,11531.9266,3853.04121
2024-10-29 16:00:00,2451368.0879003,346465.304605,350925.07029,49248.504,35729.84939,389152.2655,17203.115,7974.88045,18093.7764,23403.01776
2024-10-29 20:00:00,700292.9569944,255833.853573,105933.17538,15654.1657,9587.20642,223574.03893,3929.8107,1025.76029,13380.6522,13028.19048
2024-10-30 00:00:00,656406.310322,232920.979626,116361.09933,35094.1828,75232.53204,125018.9533,16714.8409,4804.36483,4268.2679,14400.37975
2024-10-30 04:00:00,173340.6742412,111685.142816,87958.79193,20214.1502,12459.56055,49353.64036,1969.7731,797.35026,3084.0266,5990.43796
2024-10-30 08:00:00,142103.1020978,33666.341393,38638.88536,3234.6019,5540.91712,40882.12962,13466.2142,861.41021,1890.5071,12478.83618
2024-10-30 12:00:00,857511.7124614,360283.607643,311227.14316,30333.8839,64529.06501,93602.03024,7762.5771,3811.39693,14486.4326,5108.00397
2024-10-30 16:00:00,240114.3661229,247329.384763,90221.25499,18946.6071,26505.55912,63103.20566,8720.4495,2289.47551,7062.0129,4509.39454
2024-10-30 20:00:00,273728.0747188,180999.922971,56293.97952,13735.8151,56900.25771,74561.87973,4810.3099,886.5823,3686.1004,5123.67089
2024-10-31 00:00:00,121655.9267783,41761.976532,217691.66298,188225.45004,4347.69423,60895.8853,4719.2866,2741.84529,7297.1947,3940.4436
2024-10-31 04:00:00,79410.9279935,53053.206118,62243.64502,26848.0167,6184.50186,10828.74896,9594.3582,2453.19141,4324.794,4161.30198
2024-10-31 08:00:00,56073.7963038,15524.519664,30968.90335,7043.0523,12199.66387,33238.06093,3200.5441,2985.94751,1226.0429,7307.30058
2024-10-31 12:00:00,798865.6218966,203810.066516,447628.59877,50717.8796,27520.07818,154676.16122,27798.3363,7640.22711,19941.4331,8402.62533
2024-10-31 16:00:00,383046.0264883,351167.19142,143578.3252,59762.30025,12916.81423,95354.98365,22430.9197,4842.58455,62032.3448,11280.39035
2024-10-31 20:00:00,552117.5710366,75093.276719,168669.62146,49649.32555,60293.81475,248428.02432,3955.5466,2876.46272,13162.261,24519.65774
2024-11-01 00:00:00,949639.2762863,240699.080648,102171.41082,30903.44664,19637.90058,96117.29534,9233.293,4697.23914,2118.9677,8207.25681
2024-11-01 04:00:00,63426.3499989,30088.76687,68576.41127,6022.89648,50717.73605,78456.90878,11513.3776,1061.98036,1449.1341,2197.99704
2024-11-01 08:00:00,37226.1617113,27031.245234,27600.97221,3355.44448,7778.38904,18713.72925,6853.8629,1074.80194,1346.851,2502.20983
2024-11-01 12:00:00,698497.6132564,181155.447111,276137.8446,15099.17397,30785.09421,178909.37782,34662.8839,8421.47851,18786.9869,8690.32488
2024-11-01 16:00:00,476798.8694757,100266.009792,107891.8967,18505.46868,28758.50845,18129.4322,10629.9005,515.07619,3435.5343,12686.36361
2024-11-01 20:00:00,171292.8784866,42098.749739,53818.43192,39230.0738,60531.10288,68640.95144,7716.303,1611.84738,9598.5469,10592.39272
2024-11-02 00:00:00,76540.6238497,24886.808963,22672.33293,14746.39931,48563.41801,117308.52982,1652.551,6288.6737,7210.2825,1152.52877
2024-11-02 04:00:00,83665.8703785,9792.263398,23760.09873,2613.09836,8941.60783,22458.78819,5342.8801,31.2074,767.5886,1260.1079
2024-11-02 08:00:00,39174.5498225,12533.270526,43043.50552,5593.7833,12196.82825,5697.41534,851.7297,1320.4565,568.5319,999.98937
2024-11-02 12:00:00,429284.6497263,69867.138781,122849.55103,15754.59821,10677.7955,31890.22957,13649.2023,2365.46571,7511.951,6734.123
2024-11-02 16:00:00,67076.7169949,61037.219159,26973.30982,3675.16315,4089.32853,10247.81488,4503.7228,243.86588,1071.5046,3986.29681
2024-11-02 20:00:00,79160.9406217,41805.285971,26925.23279,3185.32973,20374.75896,8263.47996,8157.7777,471.07211,1413.7091,3629.31296
2024-11-03 00:00:00,659182.1276581,197618.575185,182318.03434,46854.74459,52498.09277,160323.07579,27192.2742,14684.84928,4800.0863,5996.27011
2024-11-03 04:00:00,288958.5241962,36980.67164,33029.90944,3209.79949,3208.13114,9254.61947,4374.8539,1022.64888,1302.6151,3410.77403
2024-11-03 08:00:00,20923.4561163,25275.492152,18333.62238,7657.48794,4200.49921,66554.07819,4845.2801,792.64821,817.9645,1443.56295
2024-11-03 12:00:00,590006.2547411,65121.555003,139725.67178,63695.65981,17973.92115,121780.00178,17658.6584,4623.22169,9662.1179,8035.08763
2024-11-03 16:00:00,273258.5818712,166550.350434,192869.09933,37786.77995,21572.61471,37934.07853,6098.7295,1662.63986,5677.3044,21794.81604
2024-11-03 20:00:00,634335.9898681,20482.841491,163736.97809,10255.29719,6631.20293,44475.27662,10471.8313,460.77761,1241.5349,3018.22787
2024-11-04 00:00:00,133089.6255829,64736.512992,86708.05967,23374.20757,4089.91057,58578.48056,6547.6172,714.64956,2971.1824,3136.17142
2024-11-04 04:00:00,67464.1553663,13410.130773,29081.31976,12711.32326,5009.35405,27759.54213,846.3104,8067.738,1808.5067,3926.12304
2024-11-04 08:00:00,22086.819944,17044.914798,94982.3517,7029.1402,1921.17168,63208.18214,2653.3662,692.56649,472.1218,3335.73197
2024-11-04 12:00:00,299257.2383148,78006.458483,43831.76678,7301.11733,6763.97482,61491.91531,4838.1315,1211.29571,4951.2787,3801.71254
2024-11-04 16:00:00,625999.2667244,91466.862186,184931.10555,11426.31608,7399.93282,123805.5056,7518.3383,1357.903,4893.195,8635.46901
2024-11-04 20:00:00,322675.1192912,210739.944035,412285.54422,98678.51161,18952.4141,83692.10158,19394.7699,4178.68422,11619.0461,8075.24185
2024-11-05 00:00:00,311068.9818123,68145.157214,96345.71056,9083.35699,5462.63098,114967.16602,5656.8086,1156.81153,9431.6151,14537.96694
2024-11-05 04:00:00,300747.8602252,117994.410435,169457.88567,24369.12278,481.83814,107732.24582,1214.5845,1047.85094,698.29,5326.20969
2024-11-05 08:00:00,258919.264249,6052.745064,19911.14539,8051.01877,2009.75273,40815.36816,4984.7541,693.49149,630.3024,4597.13913
2024-11-05 12:00:00,428752.0548711,87038.663846,251232.51331,21334.22991,15640.11475,214494.0209,16461.8262,1669.7932,6139.0451,10830.91105
2024-11-05 16:00:00,359209.3821473,196851.496128,160038.21107,22883.33765,26869.01353,173180.14765,17685.9875,11513.32815,8194.8726,9042.98258
2024-11-05 20:00:00,175230.2754139,55574.661965,50688.13649,17855.43714,6633.04978,323657.18308,9411.7446,1214.35384,1925.2505,8746.5521
2024-11-06 00:00:00,3542305.8883719,530853.562488,1226255.64334,100507.1602,128203.56849,1928274.2223,40716.5057,7177.12589,36137.33,30360.76494
2024-11-06 04:00:00,2159473.6438818,321663.721466,824515.84846,162628.35392,380078.91305,1624931.37397,23148.5568,5378.36056,12345.968,27527.86214
2024-11-06 08:00:00,649740.3983686,133924.017095,455393.09616,20320.97107,24344.294,512896.75021,20455.5023,1087.94978,25213.1618,7015.34745
2024-11-06 12:00:00,1075461.5202038,248871.916006,242772.76025,13388.5783,20402.63772,393578.27624,23993.5144,13512.71562,16969.6103,6940.17413
2024-11-06 16:00:00,1328644.6908216,159240.633771,371705.38553,32232.91143,18807.26706,295285.15486,7463.0172,11462.18915,5202.8339,4521.86688
2024-11-06 20:00:00,1581029.6397739,210116.665318,286236.11086,34429.96048,44219.20231,142783.49936,15187.4765,839.40749,6456.7413,19951.6404
2024-11-07 00:00:00,706356.9381902,545847.646656,341385.8693,58633.89307,92279.77186,211996.5202,22159.4609,13067.73597,17332.1157,13536.30321
2024-11-07 04:00:00,484180.6517404,180138.638452,238221.89457,29887.58365,20843.89775,105646.70086,10899.0648,2158.45803,7757.8384,20026.34351
2024-11-07 08:00:00,396260.8507182,139673.621439,94022.62309,10187.24613,10324.98078,37571.42961,5950.2172,490.74894,1086.76,2057.97708
2024-11-07 12:00:00,112738.8634579,98916.433153,249839.72182,21666.41864,56187.98053,163727.62331,7694.6887,1434.22252,2866.8681,6365.68214
2024-11-07 16:00:00,567892.5475401,220933.182224,517923.59876,116630.71244,63588.12528,181243.78953,13869.7248,5426.86257,4515.1992,11163.41606
2024-11-07 20:00:00,1083068.5483179,322360.38802,146459.7169,34890.9694,65492.92133,149265.05252,18047.8415,2295.30651,7599.1539,10560.10278
2024-11-08 00:00:00,339087.8142401,263569.024249,408797.63925,40868.98767,86798.53636,202771.8666,51316.3462,4533.1543,9303.8052,44309.07442
2024-11-08 04:00:00,183382.2133926,43122.906162,242156.96987,17039.80963,61109.61216,86304.4436,6123.2976,4766.59463,1269.814,8178.49848
2024-11-08 08:00:00,278637.3245063,122603.891651,494818.66071,13706.66202,75503.18997,62655.60851,10191.2198,1621.36942,6550.12831,27956.86133
2024-11-08 12:00:00,175094.315025,285384.838676,736764.48632,18344.07386,105640.81522,175726.93183,18715.4569,68873.98628,93308.79062,48972.56603
2024-11-08 16:00:00,497393.4889048,237647.155427,379882.50193,45811.36689,91815.61645,137745.23057,30729.4649,13519.85169,43694.51967,14262.41597
2024-11-08 20:00:00,195790.5402521,141518.881333,123408.70698,108670.31279,117526.97291,447633.19004,9077.2735,1704.73511,12682.20523,8197.71992
2024-11-09 00:00:00,138919.0013489,324536.414763,60929.63216,296138.48544,134353.27185,153951.8496,44714.258,4222.37497,7571.4976,13648.08846
2024-11-09 04:00:00,113181.9537214,298142.736034,164814.26533,50323.7387,24977.38663,194031.32589,25994.0725,3871.88367,20948.2875,4882.72477
2024-11-09 08:00:00,189465.8679398,69527.623428,104893.25983,16446.64455,10767.68026,414979.92955,5330.0369,11515.7303,1337.2575,3394.69176
2024-11-09 12:00:00,168529.2460207,66687.502051,135541.6659,16945.17412,30516.18347,99907.98787,23071.742,14208.35023,12403.5847,9302.93136
2024-11-09 16:00:00,627844.2944644,237696.412055,144176.98041,25239.33479,88788.02816,131015.89589,12835.8931,12024.3707,7537.3914,18919.30872
2024-11-09 20:00:00,242200.1127579,421791.464899,336846.25889,22611.85838,197752.97006,458380.02634,45199.1494,14993.43159,15224.05206,11805.56796
2024-11-10 00:00:00,647298.9729582,249182.054354,286821.37721,20653.80357,256949.98669,759449.77591,44033.1468,14837.76151,13423.27984,53242.0031
2024-11-10 04:00:00,1508093.6033569,449786.749897,669303.01449,99917.2709,271957.64661,503120.0913056,55039.0214,17798.19336,24000.87995,62743.53691
2024-11-10 08:00:00,336242.7459901,121487.318198,83453.76294,34469.69473,179521.02416,452944.6303011,44646.7398,12719.16775,39759.8987,9215.83116
2024-11-10 12:00:00,766893.9640189,288928.423715,487068.281447,69485.08625,884882.15152,528529.1217722,64030.3799,22193.74746,25393.31715,28544.26677
2024-11-10 16:00:00,2449432.8726612,824964.927087,694344.715113,91230.63257,618954.19119,3082228.7105587,72568.1084,45107.94535,44847.86421,91854.39696
2024-11-10 20:00:00,1311079.6425012,630902.601765,951386.04029,109919.67924,491747.47964,1380158.9741,358117.7723,17102.83161,22875.4505,23674.10244
2024-11-11 00:00:00,723869.7525591,214296.867561,279267.87858,64393.35797,361533.76992,1292478.3191619,15670.1872,71943.57778,17091.5487,54513.12027
2024-11-11 04:00:00,404647.4303272,184343.744919,296148.48457,55444.77403,129133.73406,600370.81124,19893.5475,18939.59055,8914.8079,25042.00269
2024-11-11 08:00:00,885322.2856233,125161.844226,448514.493473,24950.36668,83273.15584,270729.53444,10386.3388,1275.9834,7226.8993,10759.86437
2024-11-11 12:00:00,3019114.4999742,366122.820121,955166.839028,105312.23537,259873.90347,1358531.1751591,39501.0598,12771.44081,28839.8886,25705.75338
2024-11-11 16:00:00,3313021.1055208,891273.603758,821391.154826,161511.05183,283587.41329,1942975.0576233,146336.0821,6473.84984,26434.8045,52370.00171
2024-11-11 20:00:00,4604904.7198954,730833.975509,696590.603468,562431.31075,349375.70494,2389776.3151848,102597.8555,55116.88647,84118.83442,82257.54632
2024-11-12 00:00:00,2328510.407703,534989.546005,996000.27532,427410.06454,198760.76922,2639349.8762552,114817.6982,129309.06071,56229.9595,53044.82634
2024-11-12 04:00:00,3338431.8135806,529177.233004,801207.45228,140133.07818,219022.7227,4564355.1466281,132386.7203,298298.01037,36919.7694,78175.26242
2024-11-12 08:00:00,1673378.8559118,590154.477429,972561.794818,156435.74877,200916.14727,2521929.1674132,100771.5075,101419.80719,65744.36486,57950.99622
2024-11-12 12:00:00,3154009.2189489,661712.847576,796983.62836,289248.4013,113438.88924,2802807.00916,52374.2487,365969.81942,23658.9204,84138.98379
2024-11-12 16:00:00,1154367.5282956,451041.597204,420921.77346,118300.57811,114164.54138,1697160.14239,53991.6808,73428.33427,36207.1306,63438.52723
2024-11-12 20:00:00,1198916.2133442,490705.308013,213351.21346,120925.82894,69191.51063,1055474.45513,37671.3226,3581.96579,17417.1505,30473.82677
2024-11-13 00:00:00,660354.7738197,216983.697244,341105.48138,73071.66033,151574.89073,2293432.75213,54485.6144,19743.1095,18635.7059,26408.73882
2024-11-13 04:00:00,688352.0414125,470727.754407,181539.67431,48861.03862,104381.55744,1324323.77292,38793.1256,6052.35151,7080.8337,21474.35329
2024-11-13 08:00:00,498013.1759146,75587.184258,74703.9297,19228.61882,43252.12877,781013.63879,14378.0058,2672.15977,6867.8648,10378.80798
2024-11-13 12:00:00,3634175.5120703,572958.452224,491819.90068,92853.70822,171711.38875,2696061.92164,82903.7941,19593.13382,36710.8503,39018.30029
2024-11-13 16:00:00,2271344.8022082,755860.051574,990595.21787,166306.11182,115459.23362,1647251.44797,89642.8013,19616.02303,37584.2,34859.0948
2024-11-13 20:00:00,1225774.9136307,299439.407318,564054.45234,77030.94137,75647.81054,938137.75976,38307.0107,3246.36155,11401.6524,24472.14015
2024-11-14 00:00:00,391904.702574,152705.191528,168165.33197,94780.55014,123739.77156,623346.84842,24971.2391,4620.73707,5398.3785,79521.87222
2024-11-14 04:00:00,528771.2315515,99750.489669,217417.07328,158746.02842,59835.97844,380187.41841,53733.3126,18433.42434,17282.438,73131.79729
2024-11-14 08:00:00,273254.7047901,160450.451974,243796.32265,33337.73164,28060.45567,526329.61247,14347.4533,2656.59784,7458.8395,19169.5719
2024-11-14 12:00:00,1321819.4713769,441443.365796,281217.48129,399435.62014,195663.01653,1350867.18098,155073.9257,156958.42829,63508.7379,114104.53463
2024-11-14 16:00:00,627821.0868295,1123238.634407,641375.61348,890132.32848,515016.61403,536814.82749,85618.6506,26432.36682,36566.1215,86315.47684
2024-11-14 20:00:00,2683759.5277803,391484.02099,337788.59691,148764.8201,142485.00833,1395206.46911,36914.298,29619.73029,11006.8975,37360.97781
2024-11-15 00:00:00,582935.8930669,318943.181616,152097.50439,115982.69667,135885.74635,560979.59531,14189.2647,9939.57852,8782.4145,33724.70109
2024-11-15 04:00:00,309187.8144902,178898.461989,184196.52944,37406.18854,172445.67058,555657.15636,57558.4201,1553.15674,4624.9306,26411.50045
2024-11-15 08:00:00,888141.5428998,61771.309511,143733.9453,15242.55527,69398.63465,275831.47859,16822.8643,3056.07613,3269.2388,19328.64546
2024-11-15 12:00:00,1518552.9380689,693062.822449,370812.08266,38488.92292,843298.71739,1384945.10326,30454.9286,6777.17247,15870.9083,46748.48012
2024-11-15 16:00:00,729698.3589009,594594.043504,363823.71135,102948.36858,315739.9888,835545.01047,28336.9083,5022.69513,16723.6171,19094.72526
2024-11-15 20:00:00,1066715.7002382,250959.314907,442637.97955,166257.91357,388288.97042,768401.94875,43562.837,27583.27616,14565.945,70565.1183
2024-11-16 00:00:00,776129.2439062,345434.942346,398851.45724,42021.87676,588239.85424,500540.35027,57806.5249,11580.83819,10508.6396,35428.35725
2024-11-16 04:00:00,206643.9622213,206091.467495,101491.5286,58201.42395,301140.98333,718676.24523,41842.1897,18798.42736,33822.9758,70794.40174
2024-11-16 08:00:00,216565.4201654,158108.062792,125210.64586,33555.92032,309748.29665,153833.69026,14954.9838,7998.62128,47463.2973,47775.82285
2024-11-16 12:00:00,1035433.2691726,307302.223036,599154.75637,100916.22054,847528.75907,438437.82167,64699.2059,15652.25758,45863.0106,127913.50426
2024-11-16 16:00:00,228739.5992474,225254.940867,302249.55218,114247.02774,235884.93737,343966.59005,339675.29,11040.12246,39095.9996,162808.21987
2024-11-16 20:00:00,154024.3268307,117042.666254,131044.98013,28959.90025,235219.47888,357561.04756,23479.6471,31799.57188,46622.6752,69425.5236
2024-11-17 00:00:00,394812.1127617,406639.462604,463356.95891,149047.84127,366913.31797,1377682.17367,37806.0037,33807.45172,24160.3131,40653.80551
2024-11-17 04:00:00,285101.808237,155300.602398,1714010.951979,90009.09576,72462.42504,288514.54634,89969.7359,44937.87507,11314.0879,34889.38687
2024-11-17 08:00:00,116547.7946904,72766.210783,697373.524844,176767.42064,66391.99655,506397.71701,49401.0396,9095.69306,6505.156,13686.8378
2024-11-17 12:00:00,306188.6964122,170561.411287,428079.75581,74375.7353,70604.12088,295231.85316,14105.6124,5708.45313,8688.9592,19367.20002
2024-11-17 16:00:00,199107.582018,141877.380181,203102.74957,47999.72738,129893.65356,317374.58505,33121.8423,7223.9286,10211.469,20979.72626
2024-11-17 20:00:00,503874.2923718,207380.779114,292884.32311,87890.68139,192396.25885,306562.95114,17281.0478,13520.89556,5668.0328,24835.34005
2024-11-18 00:00:00,278877.1125879,133791.401538,508211.339524,49057.89666,183491.34776,508984.3031,12338.5786,23824.78886,6207.9076,61177.41826
2024-11-18 04:00:00,659644.1108942,228133.782272,337122.525514,36634.96997,247802.95645,568666.80592,25828.6304,29351.06513,44992.1625,62188.37578
2024-11-18 08:00:00,214437.9340718,140363.948641,219838.090452,49662.78701,184468.52781,310876.44133,28285.4417,4952.46618,19698.3467,22899.61937
2024-11-18 12:00:00,1651422.2425214,291780.149994,654610.0264,463452.67569,136508.65958,406030.83567,35249.5698,21780.44233,47944.7538,58857.58309
2024-11-18 16:00:00,1019584.443961,459289.552031,335627.41263,136176.12321,160111.16293,369189.87959,68297.0915,42029.33001,113264.8067,33451.38164
2024-11-18 20:00:00,774879.7164889,269945.545632,218595.60433,51681.81018,137945.88751,392976.5979,14129.4745,8542.49072,11887.1986,25199.73848
2024-11-19 00:00:00,487331.4179087,178911.473252,251993.2556,20618.75984,57073.74722,257759.18746,8430.337,5884.93908,42844.2432,37482.97848
2024-11-19 04:00:00,218202.5300475,205242.447268,196865.06616,56807.19506,66822.40039,1039010.6971,16775.9391,63005.97086,12937.0857,14301.56386
2024-11-19 08:00:00,125360.2173253,289491.454813,175307.7342,14966.53893,26608.19909,214806.5123,9265.518,9515.74073,5621.9274,11548.60009
2024-11-19 12:00:00,1329786.4796451,208642.074385,209165.85564,65178.56557,105986.43628,897378.62103,18575.1142,5377.37586,10875.7161,9944.30853
2024-11-19 16:00:00,1568325.7986016,302914.86854,190630.5756,26618.54852,150062.49076,1976452.88434,13642.5869,3897.53652,12189.1249,86993.94672
2024-11-19 20:00:00,1228143.5825867,430756.443452,435191.72527,73845.33923,251399.28382,748047.57298,48150.6648,834878.14502,10526.6997,23758.61104
2024-11-20 00:00:00,827969.7332512,301257.278809,559151.06683,31727.23979,245121.62075,411171.92806,10712.0493,4301.77317,8283.4593,25109.60407
2024-11-20 04:00:00,241588.6974758,80342.010153,70621.5155,51641.72125,503602.1493,456817.39154,8567.0732,65203.48807,1680.806,83407.8815
2024-11-20 08:00:00,594526.3137925,48370.556496,178460.78484,15108.18165,370211.341012,399037.08175,42771.5551,888582.5594,14599.1944,6888.21081
2024-11-20 12:00:00,1317926.9558641,275777.940157,641039.52275,54044.46861,209409.41833,620382.58228,89291.4637,140748.42594,21719.5706,12777.71307
2024-11-20 16:00:00,1096116.5207627,349836.819487,580050.92288,85564.12104,297386.34897,1042894.35216,51920.4381,205693.589,17645.7024,118221.99627
2024-11-20 20:00:00,264678.7540069,284392.607651,243113.6091,38070.18378,86280.63371,463760.88162,10554.3136,51444.68046,7287.9225,10028.68082
2024-11-21 00:00:00,2155999.9127646,180587.731738,508850.62134,51358.97686,210390.87607,761229.00969,30180.5456,18492.71803,14630.9885,55308.13958
2024-11-21 04:00:00,3213825.4312239,296289.6657,661075.34187,114304.74487,119152.89397,589400.12425,81041.8738,14403.06328,11384.1188,139410.1764
2024-11-21 08:00:00,1059635.8137262,378809.468063,166575.38245,34014.23251,61761.98156,68776.97401,17463.8364,3629.70523,3601.6276,14274.28542
2024-11-21 12:00:00,1912668.3272053,1423834.008182,598538.3754096,228531.81123,202116.98329,640878.67849,77705.1419,11346.10993,43232.1007,44516.3735
2024-11-21 16:00:00,1805255.9321856,784745.935686,1163131.1260004,132681.92715,216395.0781,472068.0902,15964.7601,7306.89605,22828.1878,18866.89573
2024-11-21 20:00:00,596506.8638605,190872.977601,808930.20588,52732.16345,165821.574332,437282.64962,18115.7574,10927.6642,26720.5729,7929.66064
2024-11-22 00:00:00,1386982.7960991,302349.382945,869458.446186,159525.16428,604553.721156,1045600.22976,65629.6951,305494.46879,23540.592,42590.57705
2024-11-22 04:00:00,909059.8368541,265861.901546,280788.52459,47180.47364,382835.872577,641983.40001,21122.9653,25927.02075,15410.7192,29039.52865
2024-11-22 08:00:00,243430.7686995,111567.12278,136290.86688,42077.01546,285580.945592,213105.9707,64219.1723,8469.08005,42539.5603,18420.14207
2024-11-22 12:00:00,1117749.8538426,194896.958387,701816.92627,77135.84063,433600.591509,1502129.62992,121425.4703,19496.02585,35289.997,41231.38882
2024-11-22 16:00:00,915041.369274,374732.802852,380329.39486,122499.52906,738879.685278,1124437.76186,58627.692,21791.70692,49916.6735,42249.80452
2024-11-22 20:00:00,508488.6159151,269977.827947,220405.27929,95072.65622,1163102.055043,942131.12904,336510.5797,37219.51654,54156.52695,62327.04275
2024-11-23 00:00:00,565656.2347718,316347.913755,331034.44502,270220.57167,1865817.356766,1345975.3061,195375.7837,66735.32929,90773.10474,400192.9718
2024-11-23 04:00:00,704431.5022391,215218.852929,860252.0421,185317.77443,458263.75858,2747231.4709863,138678.689,68413.23469,13443.56,158201.85967
2024-11-23 08:00:00,123400.4376058,225959.883934,120684.63314,88808.60592,171839.6078,642606.87778,94606.1855,59073.40234,25755.42984,31372.90255
2024-11-23 12:00:00,865354.1657399,504976.103678,280858.07755,467860.36674,426254.867259,692695.42278,60817.6065,144561.93371,78468.50865,87074.638
2024-11-23 16:00:00,1445432.6838238,883619.721636,573885.45862,173761.86279,679249.21884,1082574.38499,177238.4425,128394.72839,119594.0061,162877.2631
2024-11-23 20:00:00,210110.108051,326662.498476,191926.36451,383947.66348,233841.88463,663395.63954,93819.3984,39710.25955,65490.2371,57149.88951
2024-11-24 00:00:00,200076.1766049,220438.850558,435349.72842,150591.89913,298578.24497,1008613.56058,39463.1399,172817.8338,114447.7463,52463.88136
2024-11-24 04:00:00,595825.5765891,148367.080605,416122.28106,95246.47563,121396.23506,353311.68519,28125.2115,29652.46377,22387.7916,27060.71753
2024-11-24 08:00:00,213329.7747456,189754.720698,216640.03065,129708.84757,248999.36746,320921.63742,43519.3584,32561.52452,27098.9278,77641.40388
2024-11-24 12:00:00,617509.1832383,251125.107056,734824.46972,73635.30574,516506.29893,849548.47384,65561.7081,76953.2158,40048.5916,117773.48796
2024-11-24 16:00:00,742791.5626494,267446.470135,164562.68923,79310.97763,191291.69845,328955.77279,120011.6157,8827.60112,24576.1923,19411.29401
2024-11-24 20:00:00,830648.2553208,686440.063503,254009.51239,62649.21802,204196.20744,511357.45352,74442.7385,27960.92951,60335.1731,25418.54342
2024-11-25 00:00:00,303937.1689629,213786.303201,244359.32689,54091.22697,179842.71567,492874.41294,207514.8724,24998.12095,62556.2753,219576.72652
2024-11-25 04:00:00,604136.9416277,141287.019291,167703.45342,36582.91444,209562.15657,218016.04602,79315.9339,29502.81357,32670.4853,15960.48537
2024-11-25 08:00:00,182755.1095839,386029.91298,135366.80112,53740.21951,105816.8575,224445.42634,173438.0481,34930.03779,35502.89234,16199.89275
2024-11-25 12:00:00,2562367.0593953,1601526.362846,567875.78408,95236.49947,282756.78679,915005.14604,78666.3215,29943.60763,53703.8344,102904.45316
2024-11-25 16:00:00,641771.3852628,604883.426663,616030.8445,44771.96502,167643.51477,687398.99962,59653.9791,31394.22428,36626.4741,28865.81183
2024-11-25 20:00:00,1156624.3669029,497031.245076,491568.63851,115202.17668,307274.46343,923014.56564,129565.0865,35949.92911,31231.3811,39597.32786
2024-11-26 00:00:00,805734.2857126,418145.142872,251562.1735,49916.56036,228334.74187,473388.39709,49333.4051,3221.32671,13849.584,26720.12162
2024-11-26 04:00:00,213701.4646595,118246.656601,170260.74533,89564.58121,93612.5544,254955.02241,16873.5163,11109.92677,135074.273,67155.46901
2024-11-26 08:00:00,737136.4256691,414344.335437,363687.14633,57513.84886,504223.56996,679510.52289,57958.7356,35047.29505,38815.8484,45141.45468
2024-11-26 12:00:00,767843.3949798,176754.179821,334604.72975,42914.41932,235612.72838,428000.09152,49471.5466,18417.83416,73387.4081,37977.97924
2024-11-26 16:00:00,386244.353247,330756.581079,187034.50945,57355.34282,224026.77428,336263.47162,34441.613,7319.13154,25457.6633,22569.16289
2024-11-26 20:00:00,805363.9772107,111168.179371,141258.10289,48663.74853,165136.26168,189939.22696,146133.6107,24302.36394,10628.9832,16714.81039
2024-11-27 00:00:00,373703.1500784,150153.538433,83963.17089,87294.614,140625.9256,285090.8898,24839.6191,19629.40647,11018.2478,25624.23605
2024-11-27 04:00:00,551425.465933,649109.52029,320542.63358,33626.09565,169518.50426,242754.13728,249324.2684,13871.69972,113868.786,59599.74633
2024-11-27 08:00:00,315016.3324038,179527.92581,114598.2706,32370.27047,186946.88839,190754.05219,26605.7508,13379.64946,14280.8831,53851.66288
2024-11-27 12:00:00,774961.547555,520079.906638,239950.07387,53720.12828,313180.83759,319689.0846,38324.6154,16192.6574,57405.4018,36680.92295
2024-11-27 16:00:00,1170965.5085936,554684.903662,176573.27607,56394.39077,746503.97959,287675.39476,20981.4841,38194.29318,15017.4169,14510.22361
2024-11-27 20:00:00,505394.0594533,540533.935067,344435.59477,136310.14527,328694.61237,289362.55394,17848.0588,16933.053,57932.8378,21455.43293
2024-11-28 00:00:00,267447.3961677,394845.338486,191212.80876,175096.32046,129633.39316,1031932.84296,43120.904,22105.86197,18923.1199,14098.76409
2024-11-28 04:00:00,113994.4714134,144848.451992,142282.51535,64899.5453,137964.1541,235930.64584,39662.1103,3348.97461,31185.7199,7355.43542
2024-11-28 08:00:00,61419.7219369,104361.637543,61374.74889,22296.81291,151647.41105,208465.34797,12545.4816,1177.17281,5934.4608,15176.62637
2024-11-28 12:00:00,151788.0183045,365196.562978,141325.43632,40729.75144,314503.72181,184361.38476,38933.1191,52755.20469,17234.39,11709.25584
2024-11-28 16:00:00,109835.2106596,167452.94209,202698.95346,100058.41143,31621.7914,134737.94422,28547.2379,48846.14846,104559.8276,14872.30336
2024-11-28 20:00:00,458790.0622354,95175.715048,43604.35501,37988.7803,216062.85141,77504.00782,126367.5381,9446.45816,43149.9671,14115.16078
2024-11-29 00:00:00,450609.5560655,136192.063708,144599.71095,86993.67706,254685.55875,147656.71943,53879.8519,10016.40906,29948.5853,14823.80263
2024-11-29 04:00:00,227343.9617874,123151.88372,53995.60958,21318.50111,178969.42089,97518.42102,8342.5844,6685.56572,14884.9541,12606.52353
2024-11-29 08:00:00,141655.2720363,70928.25567,53563.63374,18445.29501,249929.28293,125807.4707,6449.1873,6829.08053,5819.8707,6701.46255
2024-11-29 12:00:00,526804.6180193,237915.510717,312054.25462,27537.42986,283130.99817,433636.75206,28354.0921,30566.2494,38683.9124,59176.05913
2024-11-29 16:00:00,1699362.9189225,264406.415163,237343.70379,118140.48869,274801.66919,717690.47194,54089.1222,39797.97619,73067.5424,34498.1684
2024-11-29 20:00:00,1407186.2933287,244456.520449,167254.03991,94613.13289,166884.03688,485783.94279,67293.4531,13878.34961,22167.5089,27515.95408
2024-11-30 00:00:00,536043.6939267,328500.819729,290238.83287,68516.04456,294781.09271,292190.9116,24658.2247,38082.04932,26698.6463,160878.94432
2024-11-30 04:00:00,503301.4859644,451524.031675,145610.24392,308140.49096,690485.56294,283975.22527,26677.9686,7783.42909,19851.3991,56215.38294
2024-11-30 08:00:00,155926.467582,218215.776428,77295.03972,54794.78223,413033.62033,156719.83683,29469.6285,14443.58545,9962.8365,43353.14263
2024-11-30 12:00:00,228370.6736251,117081.626445,365530.21327,79078.82618,102972.66739,145801.33798,105062.2676,4364.9879,35286.9343,29022.60075
2024-11-30 16:00:00,479503.1233482,221819.094631,114096.15805,64852.175,83037.42138,276282.65335,30914.6788,9337.29326,36565.84105,47023.77634
2024-11-30 20:00:00,329440.9014842,284785.702497,337589.52129,56490.10323,182066.43634,163625.46771,11341.8383,46131.74388,54499.80353,57900.61937
2024-12-01 00:00:00,317775.2457151,332283.609696,528587.15673,40975.81903,305390.89664,806422.24344,59481.5439,18719.95123,182060.865,47620.85466
2024-12-01 04:00:00,84085.1261329,76374.552281,75478.65163,17612.63181,188116.40715,154054.7646,203195.184,3092.17421,39834.2926,4205.16858
2024-12-01 08:00:00,58467.8098885,57175.610023,107315.13404,10032.87702,115545.50182,92442.60455,214091.7495,12537.23986,4491.9708,21179.27104
2024-12-01 12:00:00,133165.7382632,195484.958278,307438.75211,45092.4606,122716.87392,183471.65351,39791.9915,19518.03597,64993.9403,111153.29931
2024-12-01 16:00:00,299556.565449,210687.845372,433960.53053,82707.29869,204723.8609,1356479.3256,33144.9068,27261.14954,86328.3816,46733.75007
2024-12-01 20:00:00,680202.5321629,142179.294151,337490.46895,77454.73887,1122476.337663,902299.13244,35286.369,15151.92151,35612.322,293284.2516516
2024-12-02 00:00:00,1127925.2657846,483905.98623,1136672.92859,155232.85033,1062479.109136,1315857.1778,236288.1348,51689.86458,118339.85051,547228.0765052
2024-12-02 04:00:00,401301.062375,392995.473945,643868.75793,67717.54169,407115.53771,1053701.12807,241746.2192,51587.40599,61217.91766,117177.52256
2024-12-02 08:00:00,655913.2408455,287880.861069,1000085.66152,176510.77947,515857.2216,543630.23059,107801.2031,28772.49793,139291.66388,107637.31292
2024-12-02 12:00:00,973967.3517671,457947.834678,328519.71603,282614.2732,865536.740869,540788.28741,73496.4385,31609.94185,316924.56343,113556.86172
2024-12-02 16:00:00,683974.3973865,530759.711767,753535.62217,70280.19098,1021283.572375,425731.32919,68827.0242,19877.23898,343867.28756,166043.3883976
2024-12-02 20:00:00,550355.5022348,492788.328298,483797.61712,68687.37262,591948.86634,317687.68513,356779.8142,73927.37482,428158.37335,152284.7639256
2024-12-03 00:00:00,562217.2305873,420399.083719,429919.64703,142663.39613,1841462.254082,403720.0083,132106.1199,59718.48962,132847.6663,130114.33434
2024-12-03 04:00:00,360788.0710398,211044.911121,706133.65349,126813.58991,447575.147,339804.14558,89705.7027,139716.68537,88475.9637,34708.54892
2024-12-03 08:00:00,313253.1623964,108375.666541,298800.99736,16830.4295,245403.31831,156076.86956,17304.0956,111785.00316,132549.2105,28498.58375
2024-12-03 12:00:00,671535.0055621,451476.129642,440074.84979,114136.98016,1039783.92314,611402.39496,226079.6987,33111.41204,138981.7549,78521.7365
2024-12-03 16:00:00,417572.8843325,243052.396499,288360.9909,653447.4295,464649.19317,336075.8949,39265.3425,22600.06706,45799.4226,26404.6249
2024-12-03 20:00:00,623110.1243756,182819.142066,720966.55798,1477126.434452,343733.5722,385008.35849,54649.5983,34274.71391,97925.6226,77812.68014
2024-12-04 00:00:00,521713.6821283,402103.550953,657305.74276,929003.90957,270062.38907,412591.9963,73323.5027,16432.29263,96586.6103,86924.2416
2024-12-04 04:00:00,879541.1444681,408161.498517,204876.66714,654359.029442,177137.69542,164506.27371,118097.5858,13176.60844,18036.898,60079.15226
2024-12-04 08:00:00,199379.7975145,270332.180406,90699.96034,244366.21473,178503.55379,179455.59167,44146.0545,87381.92273,47409.042,33942.97657
2024-12-04 12:00:00,547775.5616858,562316.473612,267072.32978,174424.16568,483522.79188,192704.10575,160690.2437,160658.65409,209753.3382,60561.4994
2024-12-04 16:00:00,1271665.3596934,559623.803669,483970.48005,398445.62453,541027.95967,780696.11715,153653.8958,98154.47581,127074.9546,139415.29766
2024-12-04 20:00:00,1861052.4138428,947849.677148,596800.87643,103025.09365,377961.58883,816321.29326,50691.883,85340.66678,86974.0111,117491.35213
2024-12-05 00:00:00,5465905.4119774,958027.751262,1122237.49579,236468.46627,785250.61911,1675576.94164,77710.4224,141916.08298,90174.9178,139207.63447
2024-12-05 04:00:00,941774.5917048,238047.007984,266295.58799,159386.79647,176637.50215,1402500.97538,47889.8036,38849.29259,24543.7358,105407.84837
2024-12-05 08:00:00,427596.418231,269935.865243,497818.94516,119206.97913,93475.0768,558251.83805,26529.5547,32793.97777,15184.0191,112039.28504
2024-12-05 12:00:00,1038540.7867261,356798.124833,570846.80886,202874.81667,108505.10812,1580753.28865,39827.056,27434.37698,31290.401,130790.0940256
2024-12-05 16:00:00,1042552.3312878,310048.453398,460434.27151,137859.79465,316125.4778,635302.48882,35588.3698,66045.82626,45915.9437,103645.3944
2024-12-05 20:00:00,3127822.5396402,1023317.622913,625552.11558,105765.93562,299949.0175,503698.32076,72204.2221,64343.28759,82862.3168,74712.07777
2024-12-06 00:00:00,762392.5583808,344973.999959,620040.86879,94746.8748,252746.93638,248100.56333,23313.916,18193.72047,31748.4939,49556.4264
2024-12-06 04:00:00,140998.4267995,216719.029812,71487.69728,40200.21043,71003.27985,112047.6074,39851.5879,11361.40816,7670.1897,17487.54116
2024-12-06 08:00:00,103224.0966295,84846.809492,75961.56908,27222.50766,102077.27323,245683.62034,33539.3173,7975.1716,13580.647,16525.20329
2024-12-06 12:00:00,579755.3317604,1551858.604397,225131.34506,125688.24434,835806.64955,270575.56259,101026.7908,72968.71089,34858.2101,45005.58237
2024-12-06 16:00:00,1641520.0342052,591678.385467,121514.12034,178566.89155,326809.38943,334736.67233,141216.8921,23431.79397,64089.1252,35248.94961
2024-12-06 20:00:00,654257.4906346,316617.93872,142631.43519,75374.48426,261059.76994,252852.60909,41465.643,64307.52701,119989.3234,13466.41288
2024-12-07 00:00:00,223824.2936535,261413.059063,130966.11714,42282.85483,185217.92974,211297.10812,14240.8237,43181.98474,105965.725,18233.18403
2024-12-07 04:00:00,354378.5641662,112662.228654,101207.24659,135272.89807,88014.67923,596365.21834,261476.2807,47618.23007,89478.381,31462.0921
2024-12-07 08:00:00,37455.1864905,55517.066374,41548.39743,78837.59894,71961.59965,248214.4906,12559.3506,254694.94163,18392.8283,28701.86886
2024-12-07 12:00:00,262761.9106049,77996.262202,91114.59931,92560.26352,241158.38693,431139.12422,29719.059,16942.68883,79793.2832,33227.29417
2024-12-07 16:00:00,174882.1345626,158743.600896,125508.36192,110721.57489,144765.32165,1107074.6339,96185.0366,34938.32849,39505.0957,50832.0644
2024-12-07 20:00:00,238592.7376174,237431.993896,147933.12244,78334.55505,83911.87568,378174.48858,24223.797,17508.30361,52249.2606,10741.35129
2024-12-08 00:00:00,508229.3752747,340769.971023,185146.55158,62307.5605,173482.11654,268961.41613,13261.6907,13807.056,13295.3005,51418.16197
2024-12-08 04:00:00,143371.4040211,112964.503101,155330.26208,28354.22811,356106.08685,1005802.4663,22164.5306,23854.71172,62413.0903,19499.02809
2024-12-08 08:00:00,163728.5723758,96463.009748,86804.86589,63875.96128,224226.982,286348.66846,15400.045,24145.99812,101036.1937,77275.47724
2024-12-08 12:00:00,423334.1345605,251129.845997,48691.66805,64778.1799,238676.50744,300140.08189,37241.9955,8459.14965,268485.7075,24896.52992
2024-12-08 16:00:00,230769.3992193,191354.652325,338441.79239,50474.19203,117912.35203,322806.71226,29911.1483,11077.72895,26412.0618,26680.77905
2024-12-08 20:00:00,324881.1443456,168221.302271,113892.12133,61440.21775,212686.22023,147479.91558,82455.9076,4095.38105,20392.834,14190.73522
2024-12-09 00:00:00,747538.2089189,534866.022179,431113.60665,124022.27986,286569.91695,419339.73255,159952.9699,15902.92223,102229.374,88979.48521
2024-12-09 04:00:00,611464.8755495,241253.797743,101368.03345,62447.05786,127702.17397,511970.01282,54471.9965,22023.91711,108760.0002,41465.3379
2024-12-09 08:00:00,236233.006526,301669.748869,480846.71953,46857.11238,251201.73435,260552.82824,63685.6451,16175.0262,43742.1951,36047.16055
2024-12-09 12:00:00,1002699.1932303,603424.358781,281578.65651,45408.08197,394847.14065,695326.99563,259407.7784,24744.22274,40440.7051,35923.31028
2024-12-09 16:00:00,940357.0281858,308566.809565,276711.9783,54343.07315,88145.76904,312490.49891,28058.9384,12875.52974,62462.8548,12945.44483
2024-12-09 20:00:00,2182016.8875982,1579796.34213,1098874.91632,297503.9185,1095768.74672,1297191.17656,229367.5217,140100.68744,218708.4695,318202.65609
2024-12-10 00:00:00,658723.0246219,393862.515567,408915.1353,124809.13442,462028.31131,593104.09916,50756.6694,29462.95129,157300.4638,100895.44653
2024-12-10 04:00:00,651162.8489486,407915.674221,93075.9134,49025.36274,173255.9091,204974.72956,15044.6154,37274.90268,51559.6958,47836.93862
2024-12-10 08:00:00,111838.9509147,79150.729985,94072.6616,37090.00851,179376.45542,88581.49894,27787.7379,4427.64459,12525.8906,10969.24557
2024-12-10 12:00:00,821458.6635568,418354.372528,431717.46736,96980.59435,306140.78181,494424.87553,94985.0929,52486.45542,78564.9746,46030.76279
2024-12-10 16:00:00,1190583.9626675,510628.767497,577951.69751,76966.38901,377368.1982,740230.38447,104679.5823,75995.70564,44518.8339,68469.73746
2024-12-10 20:00:00,358500.0634754,119073.484698,221680.74163,122732.78813,424270.09886,706970.4558,18597.6304,191691.16204,22541.6489,34741.59754
2024-12-11 00:00:00,370608.7132314,97670.859091,96190.71487,37633.39016,200103.67417,515570.46875,19232.9737,57085.00866,32868.8258,31508.41122
2024-12-11 04:00:00,142449.8417506,78684.302729,187696.58958,9559.65215,40909.19621,30851.61356,7656.6659,145742.32999,3339.0855,11562.92943
2024-12-11 08:00:00,130521.8659702,225587.108666,81575.80894,37654.83946,66389.4357,94992.02996,17677.993,5224.40296,14082.2676,14922.58165
2024-12-11 12:00:00,1196957.0150168,238093.922633,659208.40264,53900.9912,1193818.99186,977553.34984,101701.3213,189447.46481,104540.9482,84148.57935
2024-12-11 16:00:00,1109485.3558284,126355.380369,443588.23577,66448.31653,296145.79141,743774.55584,20412.9268,10404.36729,34430.5013,39308.05828
2024-12-11 20:00:00,869384.7479533,221288.314348,207943.55063,57181.27608,71493.8125,474478.54708,18436.7162,8868.85327,40199.3316,34372.19416
2024-12-12 00:00:00,626425.4485335,396557.158771,287776.90407,99078.6231,506136.72354,657964.30822,78875.2525,262519.37935,209063.7403,74749.53237
2024-12-12 04:00:00,364238.8172092,207434.892824,77887.3639,20904.79506,334240.07546,472787.69492,24980.1456,40708.90571,257533.06952,58020.66359
2024-12-12 08:00:00,244085.8479401,108785.724815,100034.66647,63976.68343,51990.94054,244267.74953,32656.3685,26911.02649,53704.1945,25512.85338
2024-12-12 12:00:00,632240.9239331,443656.530714,180670.86881,68022.16228,147279.47131,410899.54222,84366.0838,17315.25852,285630.8909,30972.87486
2024-12-12 16:00:00,1427966.2113243,477561.103555,157249.13616,197063.20296,183912.16836,533359.08096,502662.0701,14329.22564,60845.798,25931.51641
2024-12-12 20:00:00,706114.2879158,478235.547489,95773.80306,113984.04438,98237.88956,339955.60507,37760.2881,11222.04812,235707.2191,48371.3291
2024-12-13 00:00:00,228482.9759515,157746.422467,185386.2749,53361.18607,97101.2842,272669.79196,41313.9205,22551.1987,317697.79681,20545.54784
2024-12-13 04:00:00,238473.1434425,328252.112187,112417.25072,23882.21857,290087.9809,164728.03874,30079.2561,37116.62939,179709.3039,19247.2419
2024-12-13 08:00:00,130526.990491,311276.017751,91287.91015,44369.64487,22312.73797,46351.70613,12158.0921,6695.78787,26290.2569,10675.96662
2024-12-13 12:00:00,380801.5288938,118744.515499,331067.48723,107149.29874,290756.51202,221238.8396,25725.6979,9268.02099,112763.5252,10551.4543
2024-12-13 16:00:00,516964.1260989,359130.238134,277419.57978,53133.76556,146532.80349,75249.11907,38871.8803,15434.92504,33292.2576,15889.17517
2024-12-13 20:00:00,276684.5918701,95240.109141,115877.35285,33907.96557,34364.38069,168406.52321,22321.912,52441.33332,69943.0748,43386.17083
2024-12-14 00:00:00,464005.1052495,151068.438547,158284.60154,45968.62137,110092.75877,325906.46767,30282.2077,140488.05743,89690.0745,24014.18869
2024-12-14 04:00:00,42629.4786522,68365.307407,24497.73734,27345.04959,95228.64787,53644.98233,14048.5016,35307.98294,27347.9904,2189.24075
2024-12-14 08:00:00,75302.2866021,32274.145996,68532.69491,20157.32333,68068.17279,21640.05589,51983.5388,9971.395,59001.4682,11800.01579
2024-12-14 12:00:00,264308.5855623,122868.317157,144579.70379,41625.39908,197927.76645,206924.62978,55331.1125,17206.3043,103611.7901,31099.70561
2024-12-14 16:00:00,180702.3406289,104284.631075,153690.23393,34124.7317,172356.94439,382431.70855,69991.4904,3936.06772,176082.8731,25676.63244
2024-12-14 20:00:00,100805.6011963,119193.994773,197310.63531,17576.68546,73201.70885,310290.77092,21384.8782,3719.19359,27571.3644,14375.38887
2024-12-15 00:00:00,225494.4959726,105792.503117,39651.07225,30442.31274,60715.2892,70054.98724,82376.0504,17920.84928,30501.6887,9385.73992
2024-12-15 04:00:00,477472.1012817,210226.62608,133685.15276,17279.00306,121029.12003,67736.07807,48125.8917,8380.14147,29154.7224,17136.29268
2024-12-15 08:00:00,169859.933376,52973.805063,143553.0259,659396.73217,45911.31414,97752.15265,20186.3834,3032.05493,4973.129,3570.50152
2024-12-15 12:00:00,803507.7986741,123369.3627,26017.81064,21165.16898,83018.71706,73756.38554,32388.804,21408.0931,21742.7135,8479.51673
2024-12-15 16:00:00,491057.3540154,47721.828708,219540.62222,48895.72122,187475.87224,38019.91261,26644.1582,16882.99295,23351.1303,2298.00837
2024-12-15 20:00:00,1416448.834657,426027.923605,528104.19315,138606.96561,164246.79196,193689.03647,117078.5163,64516.86763,86497.766,16878.19546
2024-12-16 00:00:00,2003647.6468305,812731.304537,343787.6582,52423.44638,152470.18612,267281.45982,59747.269,50386.57739,111429.4538,15863.95066
2024-12-16 04:00:00,189954.4990907,108635.292774,55772.79866,39085.80617,27948.38886,40609.02421,3742.2343,5638.27357,45895.6144,16727.22272
2024-12-16 08:00:00,229774.1134569,115015.299516,136408.35236,47698.99087,103744.5343,82599.81528,18177.3372,17955.68766,176110.4519,8764.20262
2024-12-16 12:00:00,615971.2924463,337454.437511,435528.25488,30366.84008,49205.46416,48263.86903,12076.7412,87308.04088,51868.5225,10406.93306
2024-12-16 16:00:00,965445.0959335,603585.404663,181523.16924,123271.59092,185472.69429,140665.6615,17301.8423,173051.09544,46265.1462,18993.15895
2024-12-16 20:00:00,365912.59358,97840.638004,167934.7696,26019.28295,73048.02654,145373.28079,19661.8395,17641.83949,21968.3734,28554.23277
2024-12-17 00:00:00,449688.24266,175163.836128,259872.04954,44915.71856,164477.41945,93561.14353,36851.1302,92305.24982,43227.7561,31492.97435
2024-12-17 04:00:00,315654.9312781,143545.376285,181760.45867,38352.12689,30270.50305,131156.90512,13284.9347,4127.51812,154381.1868,15670.0222
2024-12-17 08:00:00,79173.9871107,53218.541922,136594.37582,195656.56637,138040.30816,485039.5445,26099.7781,9744.88326,23511.2762,34004.41666
2024-12-17 12:00:00,745694.2034248,391936.200424,460133.15,72308.9725,182220.80266,980405.7678,34850.5383,11663.14903,57118.3813,34991.86222
2024-12-17 16:00:00,439928.123265,206874.558402,414415.89104,56424.93817,142904.70718,133824.19109,14895.2855,62161.49419,30817.2215,170784.57713
2024-12-17 20:00:00,359818.6621522,309432.47821,467376.6091,59389.72886,194854.33742,97324.16841,119540.3344,288636.83511,44816.8226,41969.07842
2024-12-18 00:00:00,377184.8766694,353951.306813,450488.79801,68770.58374,276196.34797,175567.95916,33137.1113,19531.39113,20002.7859,64836.51635
2024-12-18 04:00:00,638436.8303505,158144.989853,397102.80677,44145.88677,274367.62338,218278.10798,45604.0807,14384.66401,38140.788,52916.05249
2024-12-18 08:00:00,462775.5002902,17403.542822,148179.00813,20475.86919,32503.59932,19960.20685,9726.7469,5346.86054,4052.2008,7716.37791
2024-12-18 12:00:00,513033.0716858,356301.96795,204588.38284,24879.62306,102574.80525,81198.53141,40640.0659,70225.52647,32094.4303,26288.40244
2024-12-18 16:00:00,384707.6668797,1438082.741565,561668.22857,43637.04086,250056.46519,71856.92365,95515.807,79735.17395,84439.9066,43385.06104
2024-12-18 20:00:00,1403501.4552709,2830454.76513,644978.39101,104813.66034,773202.32582,575877.50014,90431.1042,54900.54439,105436.4258,60160.4307
2024-12-19 00:00:00,1106684.4610367,638250.073142,778709.41295,288399.98103,367327.79644,529246.82071,76918.6314,78766.26938,131974.0403,77806.22211
2024-12-19 04:00:00,209363.7055509,109120.626095,61409.95473,20540.19995,115392.71722,106703.75449,18129.9198,3160.00043,10484.0675,6008.00946
2024-12-19 08:00:00,79665.9086275,53472.841872,9122.41735,15346.32526,55861.01029,43847.6965,8785.8775,3496.66294,22367.7134,6339.08726
2024-12-19 12:00:00,875522.42935,477073.126644,195679.70888,71644.78532,224826.36086,209814.56426,28824.8287,9732.96157,45963.0234,25171.51239
2024-12-19 16:00:00,1434948.1874454,706959.291337,580350.59153,192002.71891,455271.10255,756232.00199,127484.2228,64372.53317,100046.1612,152704.02432
2024-12-19 20:00:00,873487.883556,405000.134988,235384.59342,64043.6021,138231.61378,415944.68309,55481.6703,13851.23393,57307.4721,21562.98562
2024-12-20 00:00:00,379473.0456956,158995.855115,132607.67007,18046.28636,148207.76802,192023.73719,32671.2778,8101.94019,14641.3576,8331.18548
2024-12-20 04:00:00,219774.5729153,176697.507536,52880.59998,19457.9649,96733.18146,113342.65114,19492.3822,4438.3514,14871.6435,14825.88711
2024-12-20 08:00:00,1044501.2863279,468124.275152,755506.03779,144534.33685,420057.3084,722361.12906,122894.9034,42531.00587,124036.0922,51266.312
2024-12-20 12:00:00,880306.1831725,212638.844814,336607.57843,199368.8088,263745.20207,390076.21858,42115.6138,43592.65586,103683.6398,12999.49193
2024-12-20 16:00:00,384945.538603,240080.843781,463000.15519,94276.75912,429945.45309,195870.9381,28271.2251,13093.55627,27731.6059,7454.77651
2024-12-20 20:00:00,187538.4219624,171552.801558,191920.82027,21695.35585,178354.41277,103650.16363,18058.1539,7385.1391,51310.5001,15841.9998
2024-12-21 00:00:00,184263.5441168,56675.340009,149746.40287,29932.59046,35337.95438,161209.05794,1472.9518,6726.06336,50914.0041,7980.26016
2024-12-21 04:00:00,198075.3513794,120881.506434,120203.68322,43241.49764,196024.75952,516061.28742,25006.9742,34862.45715,18438.0385,70524.11838
2024-12-21 08:00:00,322373.6533575,31105.83468,55423.01861,17742.29522,72201.71176,276426.29301,9023.6113,4997.97549,63071.7003,4175.44464
2024-12-21 12:00:00,389107.6026721,72931.427023,147127.59806,40573.55094,180632.61909,329428.58848,81197.6427,62351.38941,126532.1808,10419.86983
2024-12-21 16:00:00,152545.0816388,81496.575758,164329.91594,16029.12078,178846.06743,63627.98392,19708.1402,2556.99302,21666.0121,19889.47854
2024-12-21 20:00:00,252412.278033,209327.706128,142029.57676,56833.43287,88318.82551,76351.99769,13936.7433,1459.18152,18622.3163,5371.40994
2024-12-22 00:00:00,305864.5586042,21082.922266,42093.59923,27463.64406,40604.96876,172546.69743,19432.4375,11021.77662,34156.644,10058.81299
2024-12-22 04:00:00,173520.1370269,24534.216033,29796.07348,12169.20508,100395.51307,257908.00788,12127.8118,2510.2165,26687.4287,8098.81443
2024-12-22 08:00:00,30412.4351758,14537.461413,114558.37365,9232.79078,47604.99984,62370.8504,11332.9598,4044.16902,8674.2204,2303.64456
2024-12-22 12:00:00,186330.9157287,156601.416473,54048.43583,12724.02461,79007.31056,400501.93856,8938.4131,2153.90661,25746.0297,6343.87537
2024-12-22 16:00:00,246674.7055722,74379.926816,78489.8776,33008.91776,51798.27572,283967.6863,24713.5731,11062.89811,16847.9022,8520.93004
2024-12-22 20:00:00,511974.282854,183730.5623,43885.32793,226347.20414,233088.69695,227528.53368,23858.9791,40027.60433,34957.8955,9722.58418
2024-12-23 00:00:00,465628.9788417,72391.208931,150317.40724,75547.75649,160539.02056,538965.06501,55084.3539,7513.04213,14070.8549,14744.20458
2024-12-23 04:00:00,534376.7316482,112949.685522,873195.78675,37304.00389,73930.01643,292517.60366,33265.0207,5895.42839,22597.2035,19682.38988
2024-12-23 08:00:00,34200.3465666,20788.060108,11661.10615,18699.23489,21887.17461,217112.00369,5379.1267,901.82669,8879.1271,6108.70295
2024-12-23 12:00:00,225880.8688981,84579.37535,110968.45047,22689.58185,106671.82415,12438.96365,11436.9973,1538.11023,41792.4286,13983.52404
2024-12-23 16:00:00,371787.0014739,76833.10373,79058.72973,86372.20376,47825.22851,128522.97619,13802.1602,5185.16737,108266.7308,7827.6476
2024-12-23 20:00:00,559794.3666791,660999.313192,564140.26069,251722.36653,312120.23116,624440.13284,38143.2046,32673.51431,72559.1605,40821.85952
2024-12-24 00:00:00,216453.1608917,47665.189839,508986.14521,51036.63592,42628.18037,487468.93026,18768.8702,7794.2806,10396.6719,38581.90863
2024-12-24 04:00:00,79582.5518638,23622.809427,62955.81131,15977.95723,168906.47748,78239.7701,4339.1304,3503.02968,4485.4451,9696.72595
2024-12-24 08:00:00,85639.2328293,37936.282539,139278.67264,8372.05599,20181.05244,10660.29902,10305.9213,932.82242,22366.8826,24627.17537
2024-12-24 12:00:00,3003416.6357745,150777.955343,265473.53699,44458.55565,180633.85742,555695.76055,51153.7516,26574.72795,80334.8675,9709.53104
2024-12-24 16:00:00,581189.8803994,173811.127047,499576.74313,156300.40241,85858.30898,772322.57512,35917.8672,15234.71078,81630.6108,7737.374
2024-12-24 20:00:00,104442.1158104,61010.491295,73110.50299,36346.30401,85179.37062,340465.31085,6857.7002,14861.63816,120378.722,8228.71114
2024-12-25 00:00:00,116948.0309772,95478.829033,191156.95481,46087.16462,70643.05194,386366.10963,5682.989,2773.565,38721.543,5595.35379
2024-12-25 04:00:00,77771.0081357,23908.664858,102792.4777,28220.9038,14913.34316,3975.72515,14515.7516,5212.51436,5732.4444,14516.56858
2024-12-25 08:00:00,130329.1413636,67601.282785,86066.52229,79932.63132,39502.12556,48710.19285,18556.9295,9370.88652,33625.8516,18182.37282
2024-12-25 12:00:00,452713.5244875,171749.153099,11357.91795,35709.03286,36940.00478,42428.61599,4936.3657,5769.50984,26707.4862,3817.76696
2024-12-25 16:00:00,463725.0248359,35265.770857,29627.67807,25200.41286,12950.62089,23749.42934,8519.6234,3443.14115,24432.3163,3103.62591
2024-12-25 20:00:00,131567.9765453,105011.950923,108704.71049,27223.2083,57741.63481,30065.8515,7246.841,4500.80367,2217.5739,4006.31302
2024-12-26 00:00:00,133198.2615361,74600.043786,39134.7403,21472.08455,107442.9498,64353.15389,33628.137,7648.65045,78581.4214,5882.11269
2024-12-26 04:00:00,79212.6862454,73236.403924,88665.12784,45791.59413,35535.46542,24334.05875,11218.2772,22429.1652,13695.9076,16623.90069
2024-12-26 08:00:00,448947.2015015,433182.455956,188876.31524,181966.17296,24664.30233,39415.78394,29718.4885,5836.14022,5504.1648,11657.06585
2024-12-26 12:00:00,82693.7501333,14322.015964,109477.20481,73250.29672,59179.70271,73176.62791,8074.1055,1168.94815,8399.3827,5554.28637
2024-12-26 16:00:00,170713.6214944,154536.656669,74062.93297,115155.14703,98093.16909,48442.38086,7301.117,3226.17948,30482.5625,20412.95652
2024-12-26 20:00:00,65412.9942489,129360.822705,243662.55865,92966.79153,75599.29304,28577.92784,7026.2957,3156.34165,29992.4793,16617.57007
2024-12-27 00:00:00,324704.7693057,148267.564702,69119.42182,21554.99017,13612.88284,22570.64899,7439.6523,5501.90931,15393.9778,5340.79114
2024-12-27 04:00:00,2660443.0118936,207328.503475,86418.88215,26524.39268,59790.18998,283206.53441,13770.5544,2482.11929,9938.4859,13227.79293
2024-12-27 08:00:00,219702.5068491,26437.549064,377838.99256,449869.0647,59491.41723,100556.29703,24855.5343,8941.10446,8508.7293,12573.53992
2024-12-27 12:00:00,134121.7260255,40031.160761,257474.93884,210849.73829,35832.57611,40967.856,34495.1261,4878.64312,9773.996,6377.87579
2024-12-27 16:00:00,154994.4946853,56247.892179,92292.89016,355039.34595,75003.165,272677.58477,16872.9166,9266.93335,25150.3721,3592.77739
2024-12-27 20:00:00,119267.1427416,88735.087565,93695.33009,9379.82697,23902.49928,258982.19889,3881.6073,5376.42714,12746.3768,10422.58963
2024-12-28 00:00:00,125794.6500426,23600.988858,31634.17077,10297.36995,59206.30909,130159.96754,4314.6598,3513.42435,7899.3715,7570.13021
2024-12-28 04:00:00,36182.2476784,43251.93203,15447.18464,32413.72088,14446.42029,41404.48732,4016.8336,462.39614,15181.7386,3788.58491
2024-12-28 08:00:00,145299.5963366,9316.71168,15457.46233,33292.88107,5915.56939,26144.87312,1685.2354,617.05024,3614.4545,10947.13612
2024-12-28 12:00:00,148215.515446,32544.594488,74441.60476,97644.75257,41448.714,33434.23972,6307.4388,6116.39874,6634.7856,9224.79224
2024-12-28 16:00:00,663761.8625509,278111.396457,1536440.62829,119495.2643,23702.16014,76719.16175,12367.1931,2877.39308,28642.8632,5634.52531
2024-12-28 20:00:00,469411.0142676,68356.478318,543249.01302,42342.90859,43665.71797,215288.47321,7227.7723,2225.29001,11231.2053,12513.11051
2024-12-29 00:00:00,213399.9767638,49848.565761,13378.98819,28190.24703,13931.95171,380283.59429,14932.719,2470.63099,7999.5345,15566.43514
2024-12-29 04:00:00,21905.9293491,36072.234819,62458.04913,40970.70562,21565.63331,29316.43541,2233.0937,773.02318,4285.3757,9379.89795
2024-12-29 08:00:00,39455.3105997,29804.999488,21263.88417,25290.8352,14484.45294,33259.53777,5170.0436,92.93681,1107.3196,3209.45913
2024-12-29 12:00:00,171258.6697745,84817.334924,770973.98394,14960.08769,19394.48655,39427.51329,14042.8069,1324.01551,4066.6055,11062.78184
2024-12-29 16:00:00,186723.6545047,51911.744827,60173.73733,31184.64595,98824.09125,233578.57681,17818.7914,663.55273,10961.3081,21194.48468
2024-12-29 20:00:00,283784.0082987,70540.939842,642773.65869,78562.30878,121770.04188,94446.77684,13826.8547,2950.41157,28331.8081,29214.60923
2024-12-30 00:00:00,107804.8123719,94671.857833,58607.78837,21402.20075,108778.19691,150586.39845,14146.9021,5228.74392,9880.6548,14960.05671
2024-12-30 04:00:00,154276.4952887,102379.13808,164130.08784,19856.82123,116303.28611,330425.86438,24647.921,2406.88006,1189.6832,8697.23251
2024-12-30 08:00:00,48412.2692598,48320.294178,10566.37413,12782.07758,7155.51109,98951.82325,61773.6788,2364.02519,1751.2166,4164.81358
2024-12-30 12:00:00,1015065.6418657,291244.529289,258563.47465,22194.98137,263278.17783,160009.60467,39107.8325,25849.54316,43666.8017,32626.46874
2024-12-30 16:00:00,301662.160107,297332.091432,265682.10317,91434.31301,36554.42272,93849.44388,30172.9435,49613.49323,43960.5546,28608.77635
2024-12-30 20:00:00,547445.4752583,96272.808359,280031.0064,44270.80314,132264.34412,91432.75,63173.8603,4492.29931,7252.306,18020.02799
2024-12-31 00:00:00,120388.6597007,102766.081853,219332.27707,92345.42512,41280.70663,23096.04926,6552.4618,4259.73291,20129.6503,5328.47687
2024-12-31 04:00:00,141464.4965676,70620.396133,42738.03419,46402.39126,63216.27217,215001.94809,5388.5193,1612.87881,3776.0791,10078.53767
