,BTCUSDT,ETHUSDT,SOLUSDT,BNBUSDT,ADAUSDT,DOGEUSDT,AVAXUSDT,DOTUSDT,LINKUSDT,LTCUSDT
2022-01-01 08:00:00,46789.92,3692.08,171.5763,514.1481,1.32047,0.1704611,109.09,27.07,25.2,147.33
2022-01-01 12:00:00,47222.79,3724.27,173.1409,518.4019,1.33446,0.1719048,109.4,27.56,25.2,149.15
2022-01-01 16:00:00,47355.71,3748.57,177.2889,524.3095,1.34739,0.1722826,112.59,27.98,25.2,149.91
2022-01-01 20:00:00,47737.6,3766.29,179.0661,527.5299,1.37935,0.1731473,114.17,28.62,25.2,150.65
2022-01-02 00:00:00,47331.28,3758.37,177.5903,523.0693,1.35514,0.1724487,117.49,28.18,25.2,150.17
2022-01-02 04:00:00,47131.28,3748.62,175.682,521.7987,1.35513,0.1716582,115.77,28.29,25.2,149.24
2022-01-02 08:00:00,47228.35,3744.38,175.9515,523.2999,1.36344,0.1728331,115.8,28.89,25.2,149.46
2022-01-02 12:00:00,47335.57,3780.49,176.1979,526.3914,1.36942,0.1744989,114.34,29.74,25.2,151.43
2022-01-02 16:00:00,46920.0,3799.2,175.4714,529.4749,1.36221,0.1733031,112.6,29.94,25.2,151.38
2022-01-02 20:00:00,47339.15,3828.92,176.64,531.8167,1.37783,0.1742176,113.06,29.62,25.2,151.4
2022-01-03 00:00:00,46796.0,3784.45,172.9343,524.4702,1.35041,0.1718115,110.9,28.82,25.2,149.86
2022-01-03 04:00:00,47059.96,3808.61,172.9382,525.6646,1.35203,0.1721738,111.86,28.92,25.2,149.73
2022-01-03 08:00:00,47415.64,3838.52,174.9,531.0083,1.37145,0.173117,111.97,29.98,25.2,150.88
2022-01-03 12:00:00,46680.61,3785.0,171.0625,527.4469,1.35401,0.1703275,111.03,30.15,25.2,148.86
2022-01-03 16:00:00,46368.67,3739.64,170.025,514.8294,1.32852,0.1692753,108.06,29.91,25.2,148.06
2022-01-03 20:00:00,46438.64,3762.33,170.0258,511.8392,1.31915,0.1697482,108.03,30.07,25.2,148.25
2022-01-04 00:00:00,46319.87,3744.8,167.9267,509.4975,1.3134,0.1697997,105.75,29.92,25.2,147.61
2022-01-04 04:00:00,46490.79,3763.18,169.1067,512.2952,1.32465,0.1715437,106.17,29.8,25.2,148.62
2022-01-04 08:00:00,46698.29,3839.29,171.7549,515.4904,1.34123,0.1715137,107.6,30.01,25.2,150.0
2022-01-04 12:00:00,46890.02,3848.88,172.1038,515.4828,1.33497,0.1709051,107.87,29.68,25.2,150.26
2022-01-04 16:00:00,46040.05,3806.8,168.3578,509.3635,1.3164,0.1682294,103.68,29.1,25.2,146.91
2022-01-04 20:00:00,45849.98,3783.48,167.5292,506.8824,1.30979,0.1679891,103.03,28.7,25.2,146.59
2022-01-05 00:00:00,46429.01,3810.34,169.15,512.0358,1.33087,0.1697917,105.87,29.42,25.2,148.48
2022-01-05 04:00:00,46397.36,3815.3,169.9291,513.5893,1.33975,0.1698113,105.85,29.68,25.2,148.53
2022-01-05 08:00:00,46264.62,3790.67,168.5104,511.9716,1.32932,0.1688869,104.7,29.8,25.2,147.94
2022-01-05 12:00:00,46615.55,3821.02,168.2983,512.5996,1.3276,0.1695107,105.12,30.06,25.2,149.17
2022-01-05 16:00:00,44667.37,3660.89,158.7951,492.7478,1.25462,0.1596042,98.23,27.89,25.2,142.63
2022-01-05 20:00:00,43438.22,3539.83,154.4327,473.8422,1.23027,0.1588953,97.47,26.7,25.2,135.27
2022-01-06 00:00:00,42827.69,3449.28,148.0718,465.3164,1.20318,0.1547241,92.6,25.57,25.2,134.0
2022-01-06 04:00:00,43237.26,3452.5,150.7093,471.8416,1.22266,0.1577874,95.27,26.42,25.2,136.76
2022-01-06 08:00:00,42865.49,3347.95,147.6835,462.0613,1.20437,0.1566817,92.11,26.01,25.2,133.88
2022-01-06 12:00:00,42965.4,3400.63,149.9611,472.0207,1.23462,0.1580481,94.24,26.16,25.2,135.25
2022-01-06 16:00:00,43508.47,3451.14,154.0711,478.0906,1.2475,0.1612887,96.46,27.19,25.2,137.57
2022-01-06 20:00:00,43142.34,3409.46,150.4424,472.9419,1.28039,0.159777,95.23,26.77,25.2,136.65
2022-01-07 00:00:00,41800.13,3238.51,139.8111,453.8362,1.20662,0.1530542,87.69,25.02,25.2,130.48
2022-01-07 04:00:00,41712.64,3202.19,138.9494,447.477,1.20796,0.1537076,88.38,24.94,25.2,130.24
2022-01-07 08:00:00,42232.68,3220.22,138.9604,452.987,1.23006,0.1560958,90.49,25.45,25.2,133.34
2022-01-07 12:00:00,41357.23,3132.54,135.9788,444.9665,1.20963,0.1525126,86.99,25.13,25.2,131.14
2022-01-07 16:00:00,41753.17,3195.31,140.466,451.2799,1.22549,0.1536629,88.69,25.55,25.2,133.63
2022-01-07 20:00:00,41544.89,3196.26,136.3286,447.3657,1.20863,0.1549486,86.63,24.88,25.2,131.06
2022-01-08 00:00:00,41847.23,3202.98,139.4344,451.4741,1.22205,0.1566865,87.36,25.39,25.2,132.14
2022-01-08 04:00:00,41877.37,3218.66,144.5873,456.5114,1.23789,0.1569586,88.68,25.3,25.2,132.65
2022-01-08 08:00:00,41936.91,3220.3,146.554,456.1787,1.23668,0.156084,86.98,25.26,25.2,134.41
2022-01-08 12:00:00,41610.62,3158.76,144.0531,447.9244,1.21463,0.153059,82.94,24.63,25.2,131.31
2022-01-08 16:00:00,40802.0,3026.67,135.3288,421.6055,1.1405,0.1472903,80.34,23.44,25.2,126.84
2022-01-08 20:00:00,41691.66,3080.84,141.743,429.6075,1.18248,0.1507424,83.82,23.97,25.2,129.22
2022-01-09 00:00:00,41824.26,3120.7,141.8348,432.5635,1.17561,0.151331,85.12,24.1,25.2,130.58
2022-01-09 04:00:00,41815.85,3128.09,140.5985,434.6894,1.17864,0.1518175,84.84,24.1,25.2,130.44
2022-01-09 08:00:00,41829.88,3127.09,140.5372,434.8273,1.16068,0.1510319,85.49,24.68,25.2,130.36
2022-01-09 12:00:00,41618.31,3098.6,140.2123,429.929,1.16168,0.1496875,86.75,24.27,25.2,128.76
2022-01-09 16:00:00,42675.56,3204.05,145.3955,443.9555,1.20189,0.153556,91.58,25.28,25.2,132.61
2022-01-09 20:00:00,41874.55,3149.36,140.8822,438.6683,1.17164,0.1504164,89.13,24.69,25.2,130.93
2022-01-10 00:00:00,41971.97,3154.73,140.4786,438.8683,1.16277,0.1510655,89.18,24.95,25.2,129.97
2022-01-10 04:00:00,42023.67,3160.29,142.8757,441.5962,1.17706,0.151399,88.65,24.85,25.2,130.39
2022-01-10 08:00:00,41574.64,3103.02,139.4941,433.5883,1.15151,0.1487628,86.54,24.32,25.2,129.26
2022-01-10 12:00:00,40980.45,3006.75,133.2362,415.8367,1.11366,0.1423008,83.2,23.31,25.2,124.44
2022-01-10 16:00:00,41286.51,3028.08,132.9401,419.0951,1.11555,0.1416684,83.23,23.16,25.2,124.62
2022-01-10 20:00:00,41816.54,3083.35,135.9514,424.6576,1.1229,0.1431432,84.5,23.74,25.2,126.48
2022-01-11 00:00:00,42265.64,3119.74,136.8152,433.1184,1.16053,0.1453535,86.37,24.28,25.2,128.87
2022-01-11 04:00:00,42216.12,3131.53,136.914,442.0,1.15348,0.1439648,86.32,24.23,25.2,128.45
2022-01-11 08:00:00,41817.13,3110.82,135.5991,448.4442,1.14385,0.160096,85.86,23.86,25.2,128.36
2022-01-11 12:00:00,41766.59,3132.78,137.0404,452.7782,1.15993,0.1503541,86.86,24.82,25.2,129.24
2022-01-11 16:00:00,42981.78,3236.37,142.3941,459.8974,1.18736,0.1521165,89.71,25.73,25.2,131.9
2022-01-11 20:00:00,42745.68,3238.67,140.2671,463.5537,1.18736,0.1535756,89.37,25.48,25.2,131.38
2022-01-12 00:00:00,42604.57,3232.74,140.1366,459.4853,1.21818,0.1532449,89.39,25.67,25.2,131.35
2022-01-12 04:00:00,42566.01,3217.98,138.5885,458.85,1.20243,0.1519287,90.4,25.78,25.2,131.76
2022-01-12 08:00:00,42892.69,3271.66,141.2279,467.9589,1.24304,0.1549344,94.98,26.21,25.2,133.82
2022-01-12 12:00:00,43562.44,3362.44,147.8396,481.9831,1.27661,0.1610076,95.67,27.14,25.2,137.28
2022-01-12 16:00:00,43716.19,3382.57,152.6918,487.0856,1.28625,0.1598359,94.28,27.4,25.2,140.63
2022-01-12 20:00:00,43904.77,3369.47,151.4241,487.5212,1.31163,0.1627939,96.09,27.33,25.2,141.98
2022-01-13 00:00:00,43499.23,3337.43,148.789,478.7254,1.29539,0.1665028,93.77,26.58,25.2,139.61
2022-01-13 04:00:00,43713.75,3340.84,151.5205,483.2301,1.28852,0.169432,94.49,26.81,25.2,139.43
2022-01-13 08:00:00,43639.01,3337.33,150.6739,479.0676,1.2748,0.1708672,94.37,26.68,25.2,137.5
2022-01-13 12:00:00,43216.64,3301.62,154.9729,474.1367,1.26714,0.1653261,93.62,26.46,25.2,136.7
2022-01-13 16:00:00,42699.69,3272.18,147.8398,475.7427,1.2455,0.1630217,91.18,26.14,25.2,135.64
2022-01-13 20:00:00,42543.91,3239.12,146.1258,475.1412,1.2283,0.1717512,89.6,25.72,25.2,136.34
2022-01-14 00:00:00,42659.64,3268.58,147.7462,480.8159,1.24693,0.1759994,89.99,27.4,25.2,138.27
2022-01-14 04:00:00,42608.43,3265.0,147.5973,484.2211,1.28331,0.1960176,90.27,26.97,24.94,138.72
2022-01-14 08:00:00,42017.84,3202.73,143.3609,472.1416,1.2335,0.1884057,88.43,26.38,24.07,138.51
2022-01-14 12:00:00,43107.95,3275.66,147.049,481.4952,1.26562,0.1941204,90.5,27.24,24.72,144.74
2022-01-14 16:00:00,43091.54,3307.99,148.394,486.1436,1.26316,0.1876567,90.34,27.11,24.93,144.64
2022-01-14 20:00:00,43075.54,3306.45,146.2169,490.1621,1.29048,0.1832465,90.26,27.77,25.78,144.54
2022-01-15 00:00:00,42936.3,3304.98,145.7142,487.5427,1.2695,0.1906793,91.16,27.52,26.14,147.03
2022-01-15 04:00:00,43036.74,3311.84,145.3,493.9233,1.27158,0.191676,90.35,27.14,25.61,150.03
2022-01-15 08:00:00,43020.36,3316.71,146.4172,491.9189,1.26584,0.1902348,90.77,27.39,25.66,147.58
2022-01-15 12:00:00,43399.62,3363.02,147.7336,499.95,1.28486,0.1897852,92.84,27.43,25.63,148.62
2022-01-15 16:00:00,43509.09,3348.79,147.7778,498.3992,1.29848,0.1871725,94.27,28.2,25.7,149.27
2022-01-15 20:00:00,43075.87,3326.71,147.7544,494.5793,1.29166,0.1844664,93.01,27.62,25.21,147.82
2022-01-16 00:00:00,43035.49,3315.39,147.1934,491.7161,1.3357,0.1800682,92.25,28.25,24.98,145.6
2022-01-16 04:00:00,43220.93,3332.42,149.6866,496.3176,1.3691,0.1812774,93.67,28.27,25.43,146.5
2022-01-16 08:00:00,42986.13,3316.43,148.3332,494.2274,1.39242,0.1787216,93.39,27.89,25.97,144.82
2022-01-16 12:00:00,43221.98,3352.25,149.7017,501.5902,1.41017,0.1785033,94.07,27.7,25.85,145.83
2022-01-16 16:00:00,42827.7,3319.44,148.0006,498.0201,1.38954,0.1753262,92.38,27.63,25.66,145.79
2022-01-16 20:00:00,43070.22,3345.72,147.8734,498.1757,1.4098,0.1765637,92.11,27.64,25.56,146.48
2022-01-17 00:00:00,42639.88,3258.56,142.9758,484.1697,1.45427,0.1696622,89.71,26.53,24.92,147.5
2022-01-17 04:00:00,42662.33,3271.71,143.2363,485.7538,1.53175,0.1703675,89.39,26.63,25.14,148.01
2022-01-17 08:00:00,42682.42,3254.34,142.3801,481.6445,1.51692,0.1689271,88.94,26.53,24.74,151.56
2022-01-17 12:00:00,42475.1,3236.56,142.1169,471.4414,1.48355,0.1671981,88.03,25.89,24.19,148.71
2022-01-17 16:00:00,42271.08,3220.53,139.9861,477.8911,1.55762,0.1691646,87.61,25.81,23.83,150.45
2022-01-17 20:00:00,42205.13,3211.48,139.8167,475.4233,1.60249,0.1708414,86.62,25.69,23.78,151.3
2022-01-18 00:00:00,42037.06,3183.43,139.2573,473.1636,1.57652,0.1683701,86.02,25.4,23.65,147.43
2022-01-18 04:00:00,42076.31,3188.35,140.0774,474.5238,1.54116,0.170237,86.97,25.37,23.57,146.07
2022-01-18 08:00:00,41871.85,3172.5,137.622,465.893,1.49339,0.1651266,85.94,24.95,23.1,142.19
2022-01-18 12:00:00,41546.24,3118.33,136.6065,460.9189,1.45365,0.1628797,84.37,24.6,22.48,140.51
2022-01-18 16:00:00,41692.16,3132.64,137.2785,462.766,1.43523,0.1641806,84.72,24.88,22.34,141.2
2022-01-18 20:00:00,42361.58,3161.51,141.2636,471.4668,1.45911,0.164935,86.11,25.1,22.93,141.57
2022-01-19 00:00:00,41763.19,3097.95,137.9742,463.7999,1.45048,0.1661263,84.78,24.6,22.34,136.96
2022-01-19 04:00:00,41269.08,3061.99,134.1807,455.2139,1.38023,0.1599258,81.48,23.87,21.56,133.53
2022-01-19 08:00:00,42045.33,3116.44,136.182,462.7298,1.42829,0.1646074,83.02,24.4,21.92,136.97
2022-01-19 12:00:00,41992.17,3123.87,136.9483,465.75,1.40535,0.1642014,84.42,24.33,21.89,136.3
2022-01-19 16:00:00,41883.36,3128.24,136.8102,471.5292,1.36621,0.1631772,84.28,24.19,21.91,137.53
2022-01-19 20:00:00,41660.51,3082.73,135.4833,461.8179,1.3357,0.1618541,82.51,24.05,21.71,136.25
2022-01-20 00:00:00,41947.03,3127.01,137.1958,468.6735,1.35145,0.1650532,83.48,24.38,21.84,138.94
2022-01-20 04:00:00,42052.46,3137.95,137.355,476.8598,1.36376,0.1645694,84.77,24.64,22.28,138.34
2022-01-20 08:00:00,42139.49,3154.14,137.7759,464.6394,1.34946,0.1647942,85.22,24.52,22.29,137.94
2022-01-20 12:00:00,43293.39,3260.52,143.1073,473.2214,1.40757,0.1676401,87.29,25.42,22.73,141.84
2022-01-20 16:00:00,42907.52,3216.57,139.8989,464.77,1.38738,0.1652845,86.06,24.96,22.41,141.3
2022-01-20 20:00:00,40690.58,3006.65,127.6275,440.1462,1.25949,0.1553553,79.42,23.04,20.18,129.76
2022-01-21 00:00:00,38464.35,2838.63,124.2554,422.569,1.20547,0.1496021,74.8,22.0,19.17,121.81
2022-01-21 04:00:00,39130.92,2881.0,126.524,431.726,1.24089,0.1534784,76.47,22.41,19.56,125.75
2022-01-21 08:00:00,38880.04,2842.6,121.7851,426.3279,1.2173,0.1534179,75.42,22.3,19.4,124.36
2022-01-21 12:00:00,38849.32,2829.59,121.8828,424.1272,1.21212,0.1528083,74.4,22.07,19.65,123.97
2022-01-21 16:00:00,37954.55,2740.84,120.4642,413.9286,1.18436,0.149645,72.29,21.55,18.86,120.46
2022-01-21 20:00:00,36474.82,2571.06,112.3894,384.2537,1.12094,0.1421294,66.12,19.71,17.25,114.44
2022-01-22 00:00:00,36327.51,2567.39,109.9542,382.6469,1.13535,0.1424148,66.45,19.54,17.27,113.02
2022-01-22 04:00:00,35401.23,2463.12,100.419,350.0957,1.03984,0.1308632,59.15,17.44,15.52,105.97
2022-01-22 08:00:00,35404.0,2431.16,98.6844,361.6914,1.02897,0.1282805,58.92,18.43,15.6,105.79
2022-01-22 12:00:00,34843.01,2386.98,93.1319,357.0248,1.05443,0.1267761,57.57,17.64,15.34,105.37
2022-01-22 16:00:00,34521.19,2336.81,90.5708,348.7953,1.02869,0.1280565,57.31,17.5,15.26,106.15
2022-01-22 20:00:00,35072.22,2413.57,94.6803,358.5434,1.07267,0.1331643,59.79,18.3,15.78,108.03
2022-01-23 00:00:00,35067.91,2418.32,94.438,366.3993,1.06878,0.1370262,60.35,18.24,15.57,107.05
2022-01-23 04:00:00,35595.56,2488.24,101.0645,379.19,1.11966,0.1397269,63.67,18.67,16.26,109.04
2022-01-23 08:00:00,35686.43,2499.27,101.9941,382.5148,1.12055,0.1385208,64.37,18.65,16.16,109.95
2022-01-23 12:00:00,35317.61,2434.0,99.1506,370.9887,1.09456,0.1364854,63.1,18.14,15.55,107.05
2022-01-23 16:00:00,34793.43,2384.27,94.6868,364.8095,1.05843,0.1356659,60.87,17.88,15.19,107.29
2022-01-23 20:00:00,36264.17,2540.85,99.9624,384.0152,1.12459,0.1417289,64.8,18.82,16.58,112.26
2022-01-24 00:00:00,35357.83,2460.77,92.1965,372.6696,1.07433,0.139467,61.93,17.94,15.97,108.87
2022-01-24 04:00:00,34878.07,2385.21,86.7279,361.3554,1.02969,0.1345124,59.22,17.18,15.32,105.42
2022-01-24 08:00:00,33695.53,2238.46,83.9665,344.4966,0.9837,0.1290306,56.85,16.46,14.08,100.75
2022-01-24 12:00:00,34227.39,2271.77,87.3693,351.4054,1.02045,0.131714,58.05,17.06,14.57,102.55
2022-01-24 16:00:00,36099.64,2380.74,89.6609,364.5644,1.06069,0.1345415,61.22,17.55,15.01,107.66
2022-01-24 20:00:00,36638.61,2443.16,91.9452,371.2886,1.06587,0.1372638,63.07,17.99,15.63,109.57
2022-01-25 00:00:00,36450.44,2413.62,90.2237,364.7138,1.04736,0.1366173,62.86,17.88,15.31,108.1
2022-01-25 04:00:00,36080.21,2383.83,89.956,362.6241,1.01535,0.1342296,62.66,17.74,14.91,107.1
2022-01-25 08:00:00,36430.58,2425.28,91.7331,372.2232,1.03014,0.1358679,63.57,18.2,15.31,108.4
2022-01-25 12:00:00,36506.53,2418.1,92.7232,371.4771,1.02852,0.1394231,65.49,18.47,15.4,107.19
2022-01-25 16:00:00,37172.24,2468.5,96.4193,384.0101,1.0585,0.1444991,69.25,18.82,15.77,108.38
2022-01-25 20:00:00,36944.5,2458.04,94.7114,385.0113,1.04148,0.1424115,67.98,18.35,15.46,107.71
2022-01-26 00:00:00,37400.0,2474.61,94.7487,379.274,1.04857,0.1457226,68.7,18.82,15.46,108.71
2022-01-26 04:00:00,37350.98,2462.74,94.2293,380.3557,1.04158,0.1440398,68.47,18.69,15.74,108.37
2022-01-26 08:00:00,38055.22,2547.76,97.9525,388.3455,1.07048,0.1507541,68.99,18.96,15.95,110.88
2022-01-26 12:00:00,37965.38,2609.09,98.8241,392.1903,1.10822,0.1493702,69.85,19.19,15.98,111.6
2022-01-26 16:00:00,37560.58,2572.71,98.0964,387.9806,1.12134,0.1481672,69.49,18.94,15.91,110.98
2022-01-26 20:00:00,36806.1,2460.91,92.059,375.8433,1.07715,0.1429439,65.76,17.98,15.24,106.88
2022-01-27 00:00:00,35743.85,2366.51,86.7124,362.3148,1.01512,0.1399367,62.02,17.38,14.41,104.24
2022-01-27 04:00:00,36173.52,2402.03,88.7834,366.9164,1.04281,0.1407118,62.94,17.55,14.93,106.72
2022-01-27 08:00:00,36633.06,2456.98,91.2476,370.6724,1.05094,0.1422943,64.77,17.97,15.15,108.2
2022-01-27 12:00:00,36662.76,2480.89,92.3354,373.3677,1.04939,0.1426992,66.63,18.09,15.26,107.51
2022-01-27 16:00:00,36253.97,2398.83,89.8939,367.2836,1.02497,0.1398915,64.11,17.9,14.92,106.72
2022-01-27 20:00:00,37189.32,2425.14,89.6075,389.966,1.04231,0.1415085,64.7,18.07,15.24,106.99
2022-01-28 00:00:00,37303.08,2448.71,92.5805,389.866,1.0486,0.140821,65.79,18.38,15.27,107.94
2022-01-28 04:00:00,36794.93,2389.64,89.6182,385.0,1.03309,0.1398936,64.61,17.87,15.09,106.01
2022-01-28 08:00:00,36418.35,2396.0,88.6641,380.7891,1.01852,0.138656,62.82,17.67,14.89,106.95
2022-01-28 12:00:00,37207.78,2442.43,90.9917,383.5901,1.03875,0.1398415,65.12,17.98,15.51,107.25
2022-01-28 16:00:00,37233.39,2462.11,91.6371,389.0943,1.03804,0.1401753,65.66,18.0,15.74,107.58
2022-01-28 20:00:00,37745.25,2546.04,91.3293,385.6526,1.04877,0.1414666,67.1,18.35,16.14,109.61
2022-01-29 00:00:00,37738.69,2542.94,92.1155,388.0479,1.05052,0.1417008,67.64,18.46,15.99,109.43
2022-01-29 04:00:00,37843.12,2568.57,97.2486,391.7471,1.07399,0.1432447,69.39,18.77,16.28,109.85
2022-01-29 08:00:00,37713.7,2550.63,96.4391,390.4374,1.06395,0.1426311,69.36,18.55,16.18,109.26
2022-01-29 12:00:00,37549.05,2546.04,95.0251,383.3352,1.0539,0.1423226,71.49,18.45,16.24,108.32
2022-01-29 16:00:00,37857.4,2589.29,95.213,386.0,1.05441,0.1424171,72.32,18.63,16.36,110.97
2022-01-29 20:00:00,38155.0,2601.46,96.1396,389.1599,1.05934,0.1431,72.02,18.74,16.18,110.81
2022-01-30 00:00:00,37916.99,2570.67,94.4922,382.8475,1.05967,0.1415251,70.62,18.55,16.39,109.39
2022-01-30 04:00:00,38241.08,2616.67,96.6389,386.2781,1.07422,0.1430571,72.24,18.85,17.6,111.45
2022-01-30 08:00:00,38115.27,2624.66,96.37,385.1358,1.06656,0.1429183,70.9,18.76,17.73,111.51
2022-01-30 12:00:00,37962.38,2615.32,95.0253,380.5819,1.05391,0.1412488,69.57,18.51,17.25,110.65
2022-01-30 16:00:00,37520.68,2559.45,92.0484,373.8094,1.03049,0.1392225,67.26,17.88,16.96,108.08
2022-01-30 20:00:00,37917.6,2601.06,93.3645,377.84,1.03657,0.1392116,68.07,18.17,17.74,108.5
2022-01-31 00:00:00,37037.86,2512.54,90.8317,370.1517,1.02091,0.1378878,65.33,17.55,16.87,105.84
2022-01-31 04:00:00,37099.81,2527.82,90.1651,371.3164,1.02311,0.1371611,65.36,17.49,16.93,105.22
2022-01-31 08:00:00,37275.43,2558.11,91.7138,372.6557,1.02519,0.1386341,66.77,17.7,17.19,105.84
2022-01-31 12:00:00,37710.33,2618.7,95.2089,378.4158,1.03515,0.1400922,68.93,18.64,17.53,108.25
2022-01-31 16:00:00,38430.76,2673.17,98.4248,383.0261,1.04483,0.1409942,69.76,19.07,17.05,109.91
2022-01-31 20:00:00,38477.61,2686.83,99.4025,375.0858,1.05123,0.141713,70.05,19.44,17.27,109.44
2022-02-01 00:00:00,38609.17,2752.33,107.0304,383.6109,1.05621,0.1434513,69.82,19.82,17.42,111.35
2022-02-01 04:00:00,38450.55,2737.31,105.2464,382.0055,1.0557,0.1428358,69.64,19.38,17.4,110.51
2022-02-01 08:00:00,38417.86,2760.74,106.4662,383.219,1.05512,0.1424331,70.35,19.64,17.19,110.28
2022-02-01 12:00:00,38623.91,2769.46,108.7315,383.1283,1.06581,0.1425157,70.5,19.65,17.2,111.27
2022-02-01 16:00:00,38386.36,2752.23,107.8846,382.7936,1.0662,0.1418134,70.98,19.66,16.85,114.08
2022-02-01 20:00:00,38694.4,2787.76,109.8013,384.0759,1.09559,0.1422567,73.25,19.56,17.03,114.8
2022-02-02 00:00:00,38564.45,2780.74,110.7262,384.1118,1.09048,0.1428373,73.75,20.36,17.0,114.71
2022-02-02 04:00:00,38289.41,2747.64,108.5733,379.7965,1.06009,0.1421085,72.87,19.98,16.96,113.3
2022-02-02 08:00:00,38531.59,2766.05,110.0071,382.8956,1.06833,0.1442936,73.25,20.43,17.21,114.01
2022-02-02 12:00:00,37430.4,2665.62,105.7773,371.046,1.04637,0.1400434,70.69,19.19,16.32,110.27
2022-02-02 16:00:00,37576.27,2708.77,109.9998,376.4069,1.05606,0.1404815,71.76,19.48,16.47,111.84
2022-02-02 20:00:00,36907.94,2681.81,101.8764,367.8006,1.02631,0.1370947,67.92,18.83,15.78,108.38
2022-02-03 00:00:00,36825.33,2657.35,97.4231,366.1145,1.02833,0.1377008,67.77,18.31,15.69,107.79
2022-02-03 04:00:00,37045.6,2672.99,99.5,368.875,1.04134,0.1383711,67.77,18.56,15.81,108.99
2022-02-03 08:00:00,36768.91,2621.72,97.4777,364.2917,1.03022,0.1360524,66.42,18.29,15.65,107.78
2022-02-03 12:00:00,36895.36,2642.93,98.3271,368.3298,1.04412,0.1367921,68.44,18.59,15.96,108.75
2022-02-03 16:00:00,36565.75,2598.0,96.7904,363.4015,1.04536,0.1354191,66.41,18.36,15.77,107.38
2022-02-03 20:00:00,37296.17,2691.49,101.6642,371.9971,1.05743,0.1380621,68.45,18.94,16.28,110.97
2022-02-04 00:00:00,37321.26,2681.93,102.3337,370.6878,1.05282,0.1382205,67.93,18.85,16.1,108.85
2022-02-04 04:00:00,37847.35,2802.85,104.8266,377.2896,1.06436,0.14018,69.59,19.19,16.35,111.78
2022-02-04 08:00:00,37814.42,2830.7,104.8221,377.2426,1.05701,0.139493,71.31,19.34,16.43,112.51
2022-02-04 12:00:00,39485.47,2871.37,106.9529,381.9478,1.07709,0.1417879,73.44,19.66,16.72,114.8
2022-02-04 16:00:00,40721.54,2953.67,110.6189,396.1392,1.10222,0.143635,76.54,20.26,17.14,118.35
2022-02-04 20:00:00,41578.7,2992.19,112.4851,399.713,1.13873,0.1478174,77.68,20.44,17.39,121.29
2022-02-05 00:00:00,41444.56,2998.42,114.0451,406.5468,1.14204,0.1478947,78.23,21.8,17.89,121.41
2022-02-05 04:00:00,41384.25,3001.38,115.6356,422.9098,1.15166,0.1482602,78.57,21.7,17.93,121.54
2022-02-05 08:00:00,41433.16,3010.25,115.135,422.1321,1.15743,0.1492578,78.61,21.62,17.94,122.05
2022-02-05 12:00:00,41768.12,3046.97,115.9756,421.5443,1.15051,0.1489031,78.94,21.78,17.97,123.15
2022-02-05 16:00:00,41532.59,3009.3,113.5497,412.15,1.11367,0.1473913,76.18,21.31,17.69,121.21
2022-02-05 20:00:00,41413.49,3016.52,113.7974,413.9723,1.12638,0.1468484,77.07,21.33,17.74,121.58
2022-02-06 00:00:00,41451.06,3009.16,114.4304,417.343,1.12875,0.148,78.2,21.49,17.95,122.31
2022-02-06 04:00:00,41632.53,3012.66,114.3813,416.6858,1.12793,0.1480318,77.56,21.42,17.88,123.13
2022-02-06 08:00:00,41533.76,3007.67,114.189,415.9663,1.11832,0.1468849,77.18,21.25,17.73,125.04
2022-02-06 12:00:00,41499.44,2989.48,113.1057,411.1603,1.11244,0.1462426,75.57,21.08,17.45,122.29
2022-02-06 16:00:00,41697.31,3002.15,112.7681,413.9246,1.12145,0.1504066,76.3,21.31,17.6,124.1
2022-02-06 20:00:00,42412.6,3057.55,115.2309,420.1851,1.14269,0.1538999,79.05,21.87,17.99,127.67
2022-02-07 00:00:00,42825.81,3070.0,119.3284,427.111,1.16181,0.1593788,80.82,22.28,18.52,127.49
2022-02-07 04:00:00,42755.85,3079.35,117.3769,426.8954,1.1643,0.1569947,82.57,22.19,18.65,128.62
2022-02-07 08:00:00,42732.22,3066.79,117.5924,426.2353,1.18123,0.1573407,82.15,22.42,18.5,127.7
2022-02-07 12:00:00,43798.88,3127.41,121.5425,438.446,1.20437,0.160815,85.04,22.62,19.03,132.94
2022-02-07 16:00:00,44241.94,3165.68,120.118,435.9442,1.19,0.1674284,84.7,22.44,19.31,137.56
2022-02-07 20:00:00,43822.1,3138.5,117.2724,432.6347,1.19861,0.165073,82.96,22.44,18.8,137.31
2022-02-08 00:00:00,44183.43,3147.13,117.5465,434.7766,1.24021,0.164995,83.94,22.68,19.02,140.78
2022-02-08 04:00:00,44872.17,3169.09,117.7292,439.2292,1.23366,0.1649917,90.22,22.5,18.95,139.7
2022-02-08 08:00:00,43993.74,3103.42,114.3831,426.8241,1.19935,0.1596342,86.62,21.63,18.17,135.79
2022-02-08 12:00:00,43465.0,3077.08,112.2542,418.3616,1.16994,0.1553571,84.7,21.48,18.01,133.69
2022-02-08 16:00:00,43024.87,3053.88,111.1621,408.2395,1.14086,0.1551549,85.59,21.26,17.95,131.76
2022-02-08 20:00:00,44027.06,3114.91,113.3337,407.6445,1.17628,0.1580404,86.41,21.64,18.45,133.74
2022-02-09 00:00:00,43329.58,3078.95,111.2588,409.835,1.153,0.1557644,86.39,21.27,17.95,134.12
2022-02-09 04:00:00,43908.05,3108.37,111.5127,415.6978,1.18917,0.1572414,88.07,21.57,18.2,138.53
2022-02-09 08:00:00,43709.26,3151.94,113.1851,419.1016,1.1936,0.157596,88.74,21.8,18.36,137.85
2022-02-09 12:00:00,43824.23,3179.55,113.0061,420.8524,1.19271,0.1590671,89.68,21.91,18.44,138.53
2022-02-09 16:00:00,44476.84,3245.13,115.1733,425.8315,1.20698,0.159494,91.53,22.07,18.68,139.87
2022-02-09 20:00:00,44382.13,3236.88,113.7013,422.997,1.19413,0.159224,89.9,21.9,18.65,140.16
2022-02-10 00:00:00,43777.97,3179.19,110.8931,416.1993,1.17553,0.1575068,88.85,21.53,18.1,137.16
2022-02-10 04:00:00,44090.56,3191.23,112.3024,420.5835,1.186,0.1572302,89.9,21.79,18.2,138.27
2022-02-10 08:00:00,44813.27,3249.21,113.9719,427.4121,1.20833,0.1593329,90.72,22.27,18.69,142.02
2022-02-10 12:00:00,44934.18,3208.63,111.9373,424.6294,1.19163,0.1557614,91.87,21.69,18.22,139.86
2022-02-10 16:00:00,44373.55,3119.73,109.202,420.8367,1.16775,0.1539384,91.07,20.92,17.72,136.2
2022-02-10 20:00:00,43489.69,3073.08,106.2947,414.8478,1.14992,0.1514878,91.21,20.49,17.39,134.92
2022-02-11 00:00:00,43346.44,3078.42,104.7333,415.222,1.14164,0.1522343,89.38,20.46,17.32,132.76
2022-02-11 04:00:00,43348.61,3099.36,105.7698,418.4829,1.15888,0.1523982,89.95,20.53,17.47,134.38
2022-02-11 08:00:00,43343.85,3088.45,105.3657,414.6279,1.15085,0.15218,89.69,20.43,17.53,132.17
2022-02-11 12:00:00,43672.75,3102.74,106.9495,415.6286,1.15711,0.1524747,90.88,20.52,17.69,133.28
2022-02-11 16:00:00,42687.33,2988.77,99.7905,405.4147,1.11431,0.147547,84.8,19.49,16.84,129.2
2022-02-11 20:00:00,42398.13,2926.85,96.4296,399.5675,1.07717,0.1446697,81.83,18.97,16.07,125.63
2022-02-12 00:00:00,42282.37,2933.68,97.0223,400.0595,1.08313,0.1451959,83.15,18.79,16.19,124.23
2022-02-12 04:00:00,42107.41,2923.41,93.6787,397.9612,1.06156,0.1432903,81.38,18.73,15.88,123.39
2022-02-12 08:00:00,42411.49,2932.54,96.1753,402.304,1.07322,0.1431,81.87,18.92,16.13,125.57
2022-02-12 12:00:00,42093.09,2881.94,94.9097,398.3388,1.05017,0.1433117,80.16,18.81,15.82,123.64
2022-02-12 16:00:00,42654.59,2953.18,97.051,403.4086,1.06673,0.1444872,81.86,18.97,16.32,126.38
2022-02-12 20:00:00,42252.67,2916.65,95.9811,403.3419,1.05744,0.1441968,81.29,18.78,15.93,126.55
2022-02-13 00:00:00,42258.64,2917.62,95.7426,403.9299,1.05767,0.1444518,82.09,19.09,15.93,125.88
2022-02-13 04:00:00,42405.75,2923.42,96.4275,402.8642,1.0552,0.1455285,83.23,19.07,16.14,126.29
2022-02-13 08:00:00,42474.24,2929.38,96.1011,403.4307,1.06305,0.1516287,82.1,19.01,16.32,126.47
2022-02-13 12:00:00,42552.35,2919.3,95.6202,403.8468,1.05767,0.1537633,81.02,19.08,16.18,128.29
2022-02-13 16:00:00,42040.9,2859.99,92.3323,396.4401,1.0391,0.1525462,78.29,18.53,15.55,124.46
2022-02-13 20:00:00,42032.23,2871.16,92.827,397.9788,1.04264,0.1481262,77.85,18.74,15.68,125.7
2022-02-14 00:00:00,41905.12,2865.03,93.5362,393.4654,1.0325,0.1450484,77.26,18.28,15.39,123.36
2022-02-14 04:00:00,42287.65,2880.79,94.6684,395.8241,1.03865,0.1458541,78.88,18.41,15.62,124.7
2022-02-14 08:00:00,42119.85,2875.98,93.1966,396.8702,1.0313,0.1443746,78.12,18.31,15.62,123.29
2022-02-14 12:00:00,42595.08,2940.17,96.578,400.3026,1.04376,0.146147,80.66,18.72,15.83,125.91
2022-02-14 16:00:00,42124.4,2882.94,94.2787,398.5154,1.031,0.144185,80.02,18.43,15.37,122.28
2022-02-14 20:00:00,42541.22,2934.85,96.3985,403.1774,1.0501,0.145877,81.97,18.73,15.99,124.64
2022-02-15 00:00:00,43580.52,3026.75,101.3536,412.8091,1.07874,0.1483216,84.24,19.23,16.44,127.85
2022-02-15 04:00:00,43691.65,3047.82,102.146,427.4121,1.07097,0.1490793,85.12,19.38,16.33,128.45
2022-02-15 08:00:00,44258.52,3095.06,102.4514,429.3253,1.08907,0.1501436,88.08,19.73,16.86,131.13
2022-02-15 12:00:00,44203.56,3121.46,102.8721,432.6038,1.10279,0.1493203,88.78,20.01,16.96,131.44
2022-02-15 16:00:00,43991.97,3107.1,101.5258,428.8381,1.08596,0.1492756,89.9,19.76,16.95,129.8
2022-02-15 20:00:00,44536.2,3185.0,105.689,431.403,1.10712,0.151669,92.72,20.16,17.32,131.47
2022-02-16 00:00:00,43987.12,3143.18,102.7174,431.1344,1.0973,0.1499607,93.82,19.9,17.04,129.22
2022-02-16 04:00:00,44176.5,3149.86,104.1433,430.6814,1.10222,0.15031,96.92,19.91,17.2,129.88
2022-02-16 08:00:00,44195.98,3137.96,102.6058,430.2744,1.09375,0.1493888,95.06,19.82,17.06,130.28
2022-02-16 12:00:00,43573.98,3065.1,98.9396,424.6239,1.07284,0.1470061,93.28,19.31,16.7,127.47
2022-02-16 16:00:00,44233.54,3173.28,103.2117,431.7589,1.09299,0.1500383,96.07,20.11,17.27,129.01
2022-02-16 20:00:00,43892.43,3120.69,101.7663,427.02,1.08165,0.1486965,95.31,19.75,17.14,127.59
2022-02-17 00:00:00,43585.86,3084.35,99.285,425.4037,1.07721,0.1478261,94.76,19.37,17.2,126.37
2022-02-17 04:00:00,43899.97,3108.91,100.9291,427.3137,1.08071,0.1492279,94.73,19.52,16.96,127.17
2022-02-17 08:00:00,43191.16,3066.62,99.1469,424.1674,1.06872,0.1473825,92.82,19.1,16.53,125.3
2022-02-17 12:00:00,41908.8,2990.27,97.2351,413.1883,1.0508,0.1441657,91.13,18.52,16.06,123.01
2022-02-17 16:00:00,41203.71,2910.94,94.8279,408.08,1.03671,0.1411252,88.43,18.31,15.73,118.27
2022-02-17 20:00:00,40564.25,2895.29,93.626,402.9853,1.02153,0.1382981,88.31,18.16,15.56,116.25
2022-02-18 00:00:00,40693.21,2908.49,94.487,404.7224,1.03106,0.140818,89.74,18.35,15.83,116.66
2022-02-18 04:00:00,40634.31,2902.04,95.2957,406.7768,1.03319,0.1414596,88.49,18.45,15.99,117.29
2022-02-18 08:00:00,40181.72,2878.39,93.9507,402.7607,1.01964,0.1397402,86.79,18.08,15.68,118.26
2022-02-18 12:00:00,39836.82,2797.02,90.8157,394.8337,1.00439,0.1378613,83.26,17.88,15.22,116.05
2022-02-18 16:00:00,40212.89,2797.85,91.0798,398.8422,1.00844,0.1386116,85.02,17.98,15.33,116.31
2022-02-18 20:00:00,40010.25,2785.18,89.8798,399.9981,0.99565,0.1385352,83.72,17.84,15.21,114.91
2022-02-19 00:00:00,40146.42,2805.37,91.1883,402.1818,1.00234,0.141422,83.95,17.97,15.33,116.39
2022-02-19 04:00:00,40261.26,2810.97,92.0905,405.3227,1.01261,0.1437934,85.71,18.09,15.46,116.74
2022-02-19 08:00:00,39818.41,2722.13,89.4555,396.3621,0.9834,0.1408182,83.1,17.54,15.0,113.31
2022-02-19 12:00:00,39998.71,2748.8,91.0375,400.0399,0.99662,0.1413705,83.95,17.79,15.36,115.76
2022-02-19 16:00:00,39974.55,2742.58,89.8458,396.3964,0.98402,0.1402563,83.01,17.6,15.28,114.86
2022-02-19 20:00:00,40119.04,2760.6,91.2024,399.9192,0.99828,0.1410031,85.09,17.92,15.57,115.58
2022-02-20 00:00:00,39795.18,2711.05,88.5542,389.4198,0.97347,0.13877,83.48,17.45,14.98,113.38
2022-02-20 04:00:00,38804.94,2653.54,87.3303,381.4437,0.94652,0.1369475,80.1,17.0,14.72,110.42
2022-02-20 08:00:00,38342.33,2646.94,89.2044,381.9712,0.94313,0.1372475,79.54,17.15,14.72,110.64
2022-02-20 12:00:00,38344.74,2655.11,89.555,380.4308,0.94173,0.1371023,78.88,17.0,14.72,110.5
2022-02-20 16:00:00,38368.78,2648.42,91.9827,381.9681,0.94142,0.1374057,79.06,17.11,14.86,110.46
2022-02-20 20:00:00,38339.8,2618.75,90.5998,380.4435,0.93002,0.1365774,77.07,16.87,14.62,110.84
2022-02-21 00:00:00,38937.86,2711.34,93.8731,388.0349,0.95791,0.1390267,80.02,17.29,14.98,112.99
2022-02-21 04:00:00,39278.87,2746.3,95.6591,392.6019,0.97841,0.1407439,82.21,17.65,15.11,113.28
2022-02-21 08:00:00,37581.8,2630.81,89.1683,369.5216,0.92756,0.1348514,77.23,16.69,14.26,109.0
2022-02-21 12:00:00,38925.11,2732.81,90.9326,380.2308,0.95689,0.1379116,78.89,17.29,14.78,111.88
2022-02-21 16:00:00,38132.73,2651.92,87.4976,371.785,0.92294,0.1355,75.11,16.65,14.34,108.99
2022-02-21 20:00:00,37027.25,2567.91,82.9646,356.6139,0.85783,0.1280942,70.03,16.17,13.47,102.62
2022-02-22 00:00:00,36585.11,2517.45,81.4156,352.0378,0.83272,0.1253813,67.72,15.89,13.19,101.27
2022-02-22 04:00:00,36771.18,2514.49,82.097,356.1136,0.82882,0.1268221,68.89,15.92,13.33,102.5
2022-02-22 08:00:00,37681.59,2588.29,85.2127,364.8869,0.86252,0.1293781,72.26,16.34,13.81,104.49
2022-02-22 12:00:00,37736.53,2620.89,85.6672,366.4916,0.87556,0.1298959,72.92,16.51,13.94,105.78
2022-02-22 16:00:00,38064.55,2634.79,86.2544,371.3979,0.88954,0.1305201,73.23,16.36,14.03,106.81
2022-02-22 20:00:00,38211.48,2634.38,86.2087,374.3319,0.88786,0.1311508,74.52,16.56,13.99,107.35
2022-02-23 00:00:00,37688.4,2623.91,87.2364,372.4975,0.89554,0.1303286,75.05,16.19,13.79,106.2
2022-02-23 04:00:00,38150.24,2694.43,89.1582,377.3316,0.91497,0.1324915,78.43,16.96,14.11,108.46
2022-02-23 08:00:00,38767.54,2717.76,92.0875,379.3825,0.92929,0.1339454,81.31,17.2,14.42,110.31
2022-02-23 12:00:00,38485.3,2687.54,89.8036,378.5152,0.91762,0.132292,80.05,16.92,14.21,109.11
2022-02-23 16:00:00,37610.13,2633.16,88.2649,370.7615,0.89846,0.1296133,76.55,16.3,13.78,107.83
2022-02-23 20:00:00,37202.52,2575.95,84.4931,365.3846,0.86293,0.1275778,73.41,15.92,13.33,105.32
2022-02-24 00:00:00,34934.0,2397.4,77.383,342.2133,0.79914,0.1155,67.27,14.84,12.29,98.26
2022-02-24 04:00:00,35297.88,2369.89,82.0484,336.4692,0.78004,0.1130596,67.12,14.49,11.74,94.62
2022-02-24 08:00:00,35442.05,2395.24,81.3613,335.7013,0.76442,0.1118777,67.22,14.32,11.86,94.05
2022-02-24 12:00:00,35905.49,2462.48,85.0616,345.1236,0.81149,0.11773,70.95,15.42,12.31,98.28
2022-02-24 16:00:00,37338.42,2598.05,90.8365,358.5094,0.84916,0.1232605,76.9,16.11,13.06,102.78
2022-02-24 20:00:00,38297.1,2598.81,89.5357,360.8482,0.85345,0.1240825,76.71,16.19,13.15,104.23
2022-02-25 00:00:00,38918.67,2636.47,89.5457,366.3602,0.85852,0.1236519,76.17,16.23,13.39,104.89
2022-02-25 04:00:00,38475.18,2608.81,88.5635,363.3302,0.84685,0.1227157,75.38,16.08,13.34,103.09
2022-02-25 08:00:00,38766.72,2638.13,89.1602,361.8428,0.85148,0.1239037,75.81,16.14,13.59,104.47
2022-02-25 12:00:00,39428.17,2735.78,91.1533,370.5594,0.88325,0.1261026,78.17,16.6,14.05,106.57
2022-02-25 16:00:00,38698.19,2681.71,89.5472,365.3007,0.8674,0.1245812,77.15,16.39,13.79,106.2
2022-02-25 20:00:00,39221.12,2768.6,92.8119,374.7395,0.89854,0.1277699,81.02,17.23,14.3,109.12
2022-02-26 00:00:00,39420.81,2797.12,92.8147,380.0087,0.91945,0.1289775,80.84,17.91,14.55,111.27
2022-02-26 04:00:00,39168.24,2792.53,92.0555,375.5305,0.90955,0.1277559,79.99,18.03,14.49,111.29
2022-02-26 08:00:00,38925.32,2751.0,90.7466,373.4366,0.89404,0.1265859,79.12,18.38,14.43,110.13
2022-02-26 12:00:00,39207.55,2784.33,91.3463,375.645,0.89653,0.1269465,80.62,18.12,14.66,110.19
2022-02-26 16:00:00,39252.89,2808.95,90.5722,374.9821,0.89645,0.1271767,82.38,18.53,14.56,108.11
2022-02-26 20:00:00,39111.11,2778.13,90.1017,373.4366,0.88695,0.1276954,81.58,18.07,14.73,108.34
2022-02-27 00:00:00,38595.6,2715.89,87.0315,366.4688,0.86382,0.1247807,78.54,17.6,14.11,105.84
2022-02-27 04:00:00,38802.45,2736.24,88.8996,371.9929,0.87822,0.1254581,79.29,17.87,14.28,106.79
2022-02-27 08:00:00,39500.34,2822.35,90.7746,379.2521,0.90276,0.1273676,81.14,18.5,14.58,108.88
2022-02-27 12:00:00,39333.64,2806.37,91.0646,375.5837,0.90068,0.1273288,80.48,18.58,14.57,108.7
2022-02-27 16:00:00,37651.44,2606.53,84.8936,360.8372,0.84645,0.1217593,73.85,17.38,13.61,102.36
2022-02-27 20:00:00,37691.03,2615.12,85.5727,359.9159,0.85671,0.1229338,74.99,17.49,13.64,103.25
2022-02-28 00:00:00,37777.77,2606.1,86.7967,363.4109,0.879,0.1234476,73.43,17.45,13.59,103.46
2022-02-28 04:00:00,38262.64,2628.43,88.0563,366.5383,0.88489,0.1239382,74.81,17.1,13.77,104.42
2022-02-28 08:00:00,38328.38,2645.94,90.829,367.5238,0.8777,0.1240603,74.91,17.0,13.81,103.49
2022-02-28 12:00:00,40816.22,2814.6,95.6339,383.0,0.94,0.1289694,81.89,17.94,14.7,109.55
2022-02-28 16:00:00,41361.82,2804.21,96.1916,384.0761,0.92375,0.1281799,80.41,17.73,14.7,109.36
2022-02-28 20:00:00,43170.95,2922.53,99.6252,395.3041,0.96278,0.1334585,84.45,18.96,15.15,113.7
2022-03-01 00:00:00,43127.59,2914.76,97.2727,393.5625,0.96745,0.1324761,86.45,18.64,14.95,112.39
2022-03-01 04:00:00,43499.99,2918.91,96.9911,413.1637,0.967,0.1322915,86.57,18.82,15.11,112.51
2022-03-01 08:00:00,43586.76,2902.93,97.7379,405.957,0.95575,0.1316601,85.84,18.85,15.05,111.31
2022-03-01 12:00:00,43657.89,2949.85,98.0414,405.0798,0.96783,0.1337705,86.39,18.82,15.38,112.32
2022-03-01 16:00:00,43726.24,2946.93,97.6152,407.0733,0.9601,0.1328182,86.04,18.67,15.15,111.64
2022-03-01 20:00:00,44396.56,2975.65,98.6215,408.5298,0.96151,0.134,86.8,18.92,15.33,112.46
2022-03-02 00:00:00,44326.42,3014.88,104.3875,413.548,0.96784,0.1346874,88.96,19.14,15.49,114.05
2022-03-02 04:00:00,43963.53,2965.77,102.3278,410.0752,0.95266,0.1335684,85.56,18.7,15.26,111.66
2022-03-02 08:00:00,44087.59,3001.58,104.7246,412.8355,0.96358,0.1346906,85.89,18.94,15.69,113.04
2022-03-02 12:00:00,44169.02,2951.64,101.5804,408.9002,0.9464,0.1330493,84.09,18.75,15.53,110.71
2022-03-02 16:00:00,43700.0,2932.96,100.8292,407.2957,0.93509,0.1324497,82.88,18.55,15.27,110.6
2022-03-02 20:00:00,43925.39,2948.35,100.6211,408.9148,0.93767,0.1327103,83.39,18.56,15.26,110.2
2022-03-03 00:00:00,43330.34,2895.56,98.3792,403.5453,0.92102,0.1321995,81.62,18.21,15.11,110.09
2022-03-03 04:00:00,43354.35,2908.48,99.6711,406.1878,0.92197,0.1316683,82.69,18.27,15.16,111.39
2022-03-03 08:00:00,43380.0,2911.58,99.7779,408.8235,0.91516,0.1320301,81.93,18.35,15.1,111.2
2022-03-03 12:00:00,42525.09,2828.14,95.9917,402.2954,0.90227,0.1287467,78.43,18.1,14.74,109.8
2022-03-03 16:00:00,42208.72,2813.14,95.0014,399.9939,0.90073,0.128853,77.91,18.01,14.59,110.03
2022-03-03 20:00:00,42466.67,2835.8,95.3619,402.8535,0.90079,0.1295809,78.62,18.04,14.88,111.88
2022-03-04 00:00:00,41439.36,2725.72,91.4773,394.0848,0.87405,0.1260027,78.15,17.34,14.3,107.44
2022-03-04 04:00:00,41388.33,2733.28,91.9797,394.0981,0.87734,0.1270243,77.46,17.26,14.33,106.87
2022-03-04 08:00:00,41651.8,2743.41,93.1343,397.2175,0.88567,0.1279699,80.86,17.53,14.6,108.03
2022-03-04 12:00:00,40703.03,2673.51,91.2628,387.3525,0.86954,0.1257368,78.32,17.01,14.15,105.14
2022-03-04 16:00:00,39749.54,2613.09,88.6721,380.656,0.84818,0.1230344,78.33,16.75,13.71,102.43
2022-03-04 20:00:00,39123.41,2620.98,88.3824,374.0344,0.8427,0.1225981,75.7,16.84,13.68,101.02
2022-03-05 00:00:00,39049.38,2626.74,87.6762,373.578,0.83905,0.1228199,75.22,16.57,13.74,101.0
2022-03-05 04:00:00,39050.31,2638.37,88.8208,378.2307,0.84845,0.1231195,77.29,16.83,13.96,102.13
2022-03-05 08:00:00,39091.18,2650.04,88.7174,379.734,0.86707,0.123812,77.42,17.03,14.04,103.22
2022-03-05 12:00:00,39193.69,2641.24,89.174,379.4154,0.86047,0.1237194,76.8,17.35,14.03,103.35
2022-03-05 16:00:00,39450.21,2670.22,90.1571,382.9208,0.86788,0.125,77.67,17.43,14.05,105.0
2022-03-05 20:00:00,39405.13,2666.57,89.5972,384.81,0.86539,0.1248403,76.7,17.26,14.06,104.98
2022-03-06 00:00:00,39320.5,2638.56,87.6351,382.9215,0.85499,0.1240887,75.51,17.0,13.79,103.73
2022-03-06 04:00:00,39378.54,2648.75,88.5103,382.5939,0.85391,0.1242481,76.01,17.07,13.74,103.72
2022-03-06 08:00:00,38341.68,2605.11,86.9769,375.3786,0.83451,0.1225303,75.13,16.69,13.59,102.44
2022-03-06 12:00:00,38881.81,2626.26,87.2235,380.5517,0.84149,0.1229171,75.07,16.98,13.67,102.8
2022-03-06 16:00:00,38662.59,2606.63,85.484,377.7393,0.8328,0.1210212,72.98,17.12,13.6,102.98
2022-03-06 20:00:00,38403.71,2548.1,84.4,374.721,0.82242,0.1204326,72.36,16.96,13.27,101.0
2022-03-07 00:00:00,37867.93,2525.1,82.3128,368.1915,0.81143,0.1190516,71.15,16.42,12.82,99.08
2022-03-07 04:00:00,37884.39,2520.36,81.8699,370.8613,0.80797,0.119036,71.91,16.38,12.88,99.27
2022-03-07 08:00:00,38397.17,2540.0,83.2974,375.615,0.81697,0.1201314,74.56,16.53,13.06,100.25
2022-03-07 12:00:00,39082.43,2619.15,84.9863,381.3955,0.83756,0.12119,75.14,16.9,13.55,103.29
2022-03-07 16:00:00,37319.74,2462.48,80.5183,366.3012,0.78523,0.1152032,71.11,16.11,12.62,97.35
2022-03-07 20:00:00,38000.0,2494.84,81.6908,381.3731,0.7931,0.1167603,71.73,16.41,12.73,98.44
2022-03-08 00:00:00,38661.08,2549.29,83.4039,382.7073,0.81126,0.1188982,73.0,16.66,12.87,100.45
2022-03-08 04:00:00,38532.85,2533.0,82.9746,382.1963,0.79805,0.1187251,72.03,16.69,13.07,99.82
2022-03-08 08:00:00,38983.63,2587.12,83.9584,386.157,0.81091,0.1188157,72.51,16.92,13.42,100.91
2022-03-08 12:00:00,38668.02,2558.2,82.9113,382.7895,0.79855,0.1168058,72.31,16.86,13.17,100.25
2022-03-08 16:00:00,38712.09,2579.97,82.7725,383.9303,0.80391,0.1173309,74.44,17.13,13.21,100.17
2022-03-08 20:00:00,38760.68,2576.92,82.2893,381.8028,0.80165,0.1170869,72.92,16.98,13.08,100.88
2022-03-09 00:00:00,41210.36,2699.09,88.066,398.1754,0.83418,0.1209862,79.97,17.75,13.86,105.14
2022-03-09 04:00:00,41781.53,2745.0,89.0731,396.2161,0.84365,0.1223654,78.66,17.86,13.86,106.39
2022-03-09 08:00:00,42184.44,2744.69,88.4039,395.2498,0.85022,0.1229024,78.83,17.85,14.03,107.23
2022-03-09 12:00:00,42517.58,2758.68,89.0915,397.3765,0.85827,0.1233794,79.07,17.97,14.31,108.73
2022-03-09 16:00:00,42236.12,2716.1,87.0293,394.2766,0.84373,0.1213389,77.2,17.8,13.96,107.39
2022-03-09 20:00:00,41946.36,2731.34,87.9867,393.4928,0.84935,0.1213428,77.63,17.87,14.03,106.94
2022-03-10 00:00:00,40826.31,2661.9,85.3331,387.1007,0.82497,0.1190794,75.61,17.37,13.71,104.65
2022-03-10 04:00:00,39221.1,2595.06,82.7068,377.3808,0.81138,0.116674,73.09,16.95,13.16,101.41
2022-03-10 08:00:00,39090.62,2595.1,82.3675,376.7487,0.80624,0.1166438,73.09,16.93,13.17,101.52
2022-03-10 12:00:00,39154.03,2595.08,81.7768,365.1933,0.80281,0.1170515,72.68,16.91,13.29,102.85
2022-03-10 16:00:00,39423.57,2610.76,82.3593,370.5222,0.807,0.116901,72.91,17.1,13.33,102.78
2022-03-10 20:00:00,39405.57,2606.47,82.8121,372.2159,0.80477,0.1167607,73.91,16.97,13.25,102.62
2022-03-11 00:00:00,38701.31,2551.72,81.9775,369.2952,0.79349,0.1158789,75.28,17.08,12.97,100.99
2022-03-11 04:00:00,39115.0,2605.97,82.4549,372.949,0.80476,0.1170415,75.43,17.73,13.36,103.33
2022-03-11 08:00:00,39924.69,2652.29,83.3224,378.1023,0.81164,0.117774,76.39,18.23,13.51,105.92
2022-03-11 12:00:00,39050.35,2582.03,81.7799,373.2822,0.7984,0.1159744,73.5,17.92,13.18,103.71
2022-03-11 16:00:00,38792.63,2555.6,80.6123,371.004,0.79062,0.1150839,71.35,17.98,13.03,103.19
2022-03-11 20:00:00,38737.06,2556.3,80.6705,372.6356,0.78839,0.1154209,71.3,17.69,13.05,104.64
2022-03-12 00:00:00,39106.57,2584.35,82.0959,373.9893,0.79212,0.1162211,72.48,18.13,13.33,106.39
2022-03-12 04:00:00,39115.57,2586.4,81.6741,374.5749,0.79686,0.1166544,72.58,18.3,13.26,106.61
2022-03-12 08:00:00,39060.58,2581.08,81.0055,377.0804,0.7931,0.1159664,71.9,18.16,13.2,104.9
2022-03-12 12:00:00,39050.15,2589.07,81.7054,377.4671,0.79532,0.1161133,71.84,18.31,13.21,105.5
2022-03-12 16:00:00,39038.0,2580.11,81.7055,376.9496,0.79497,0.1158835,71.3,18.44,13.32,105.56
2022-03-12 20:00:00,38831.47,2571.31,81.3692,372.36,0.7887,0.1146273,70.93,18.14,13.14,105.33
2022-03-13 00:00:00,39178.87,2592.36,82.554,376.4824,0.79873,0.1158017,71.32,18.17,13.36,106.66
2022-03-13 04:00:00,39073.53,2581.42,81.7399,374.9674,0.79374,0.1154209,71.78,18.15,13.36,105.89
2022-03-13 08:00:00,38730.58,2574.59,80.8574,370.8111,0.78923,0.1148,71.14,17.87,13.12,105.23
2022-03-13 12:00:00,38969.84,2579.99,81.2069,370.8471,0.81308,0.1147298,70.51,17.73,13.16,105.38
2022-03-13 16:00:00,38854.29,2563.18,80.4561,371.9364,0.80434,0.1138842,70.08,17.89,13.18,105.5
2022-03-13 20:00:00,37801.76,2518.11,78.9777,362.0321,0.78671,0.11159,67.95,17.24,12.75,101.68
2022-03-14 00:00:00,38187.81,2536.65,79.4273,364.8004,0.78998,0.110955,68.01,17.35,12.71,101.8
2022-03-14 04:00:00,39114.74,2586.83,80.8649,369.7217,0.80986,0.1149728,69.93,17.71,13.27,103.83
2022-03-14 08:00:00,38941.89,2577.28,81.1214,369.0171,0.79906,0.114948,68.65,17.56,13.17,104.74
2022-03-14 12:00:00,38937.87,2571.53,81.0,368.0,0.79431,0.1131486,67.18,17.49,13.12,104.11
2022-03-14 16:00:00,38788.12,2532.53,79.9861,365.731,0.7929,0.1121046,66.09,17.35,12.9,102.78
2022-03-14 20:00:00,39678.82,2589.94,81.2824,374.0384,0.80401,0.1138634,68.93,17.68,13.42,105.65
2022-03-15 00:00:00,38756.1,2541.65,79.5242,367.3399,0.79008,0.1122307,66.78,17.4,13.21,104.84
2022-03-15 04:00:00,38486.78,2530.3,79.1768,363.6817,0.78955,0.1113808,66.29,17.19,13.01,103.2
2022-03-15 08:00:00,38617.19,2534.23,80.1404,365.0,0.79107,0.1115684,67.27,17.28,13.04,104.0
2022-03-15 12:00:00,38983.58,2575.1,80.9799,368.5172,0.79825,0.111925,69.89,17.43,13.29,104.67
2022-03-15 16:00:00,39727.02,2656.26,84.5989,373.2964,0.8126,0.1130696,71.8,17.86,13.58,108.26
2022-03-15 20:00:00,39323.72,2619.74,82.8468,371.7738,0.79894,0.1125985,69.8,17.83,13.71,107.04
2022-03-16 00:00:00,39175.92,2621.66,82.4171,370.5212,0.80145,0.1124868,68.49,17.99,13.81,106.71
2022-03-16 04:00:00,39538.97,2646.94,82.6763,372.949,0.80199,0.1136811,69.53,18.2,13.99,107.21
2022-03-16 08:00:00,40533.99,2688.08,84.2867,377.5778,0.8103,0.1140607,71.05,18.22,14.07,108.0
2022-03-16 12:00:00,40673.11,2705.34,83.9889,378.9536,0.81818,0.1145647,71.38,18.22,14.12,108.41
2022-03-16 16:00:00,40774.17,2753.2,85.8156,383.3962,0.82509,0.1155189,73.68,18.58,14.46,109.42
2022-03-16 20:00:00,41130.24,2776.33,87.8,385.5204,0.83822,0.1169798,74.18,19.06,14.7,111.43
2022-03-17 00:00:00,41006.29,2767.62,88.0013,382.9821,0.84761,0.116958,76.42,19.11,14.67,109.99
2022-03-17 04:00:00,40709.62,2755.32,86.9549,384.3335,0.84345,0.1169966,76.87,18.97,14.36,109.05
2022-03-17 08:00:00,40743.13,2773.2,87.6083,384.1846,0.84193,0.1168541,79.41,18.82,14.78,109.74
2022-03-17 12:00:00,40781.41,2801.16,89.3817,387.8889,0.84247,0.1169484,80.12,18.85,14.56,109.97
2022-03-17 16:00:00,40834.75,2828.65,90.7881,389.2905,0.83708,0.1167867,79.83,18.85,14.55,110.59
2022-03-17 20:00:00,40928.58,2813.78,87.8663,391.8688,0.83664,0.1163756,79.45,18.77,14.43,110.36
2022-03-18 00:00:00,40538.46,2781.15,85.7719,385.1365,0.82696,0.1150017,78.83,18.43,14.17,108.53
2022-03-18 04:00:00,40550.74,2793.8,85.8035,386.8678,0.82642,0.114818,79.62,18.45,14.42,109.27
2022-03-18 08:00:00,40386.45,2795.28,84.88,385.5092,0.82563,0.1147185,77.59,18.37,14.67,109.08
2022-03-18 12:00:00,40915.13,2896.09,88.3115,393.0133,0.84202,0.1160151,81.3,18.59,15.05,110.94
2022-03-18 16:00:00,42036.43,2965.0,91.11,398.9516,0.85697,0.1188439,86.6,19.07,15.03,112.29
2022-03-18 20:00:00,41740.59,2939.83,89.5996,397.8413,0.85175,0.1193181,85.7,18.97,15.05,111.98
2022-03-19 00:00:00,41769.59,2947.55,90.3066,398.5187,0.86527,0.1187239,87.74,19.04,14.88,112.18
2022-03-19 04:00:00,41602.37,2923.4,89.2713,395.3053,0.86289,0.119403,86.26,18.89,15.0,112.8
2022-03-19 08:00:00,41714.46,2942.45,90.5,400.898,0.87199,0.1217271,87.07,19.3,15.07,112.43
2022-03-19 12:00:00,41979.93,2969.89,94.0828,403.0596,0.89476,0.1242305,90.25,19.58,15.37,113.46
2022-03-19 16:00:00,42027.31,2950.43,92.7127,399.3336,0.91021,0.1231813,91.08,19.48,15.14,113.6
2022-03-19 20:00:00,42191.28,2952.27,92.3626,399.9723,0.90263,0.1234568,89.53,19.4,15.0,116.68
2022-03-20 00:00:00,41921.99,2932.55,90.6986,396.3124,0.89821,0.1223067,88.15,19.26,14.98,116.49
2022-03-20 04:00:00,41861.44,2924.28,90.7497,396.4983,0.90455,0.122602,89.22,19.16,15.04,115.47
2022-03-20 08:00:00,41587.69,2885.24,89.8635,393.1765,0.88642,0.1201385,86.33,18.7,14.72,114.2
2022-03-20 12:00:00,41340.56,2855.49,89.2268,390.075,0.87543,0.1188943,87.14,18.61,14.62,112.4
2022-03-20 16:00:00,41367.43,2872.78,89.5654,391.6282,0.88201,0.1191459,86.9,18.77,14.63,115.06
2022-03-20 20:00:00,41210.22,2857.84,88.4379,390.4503,0.87793,0.1190969,84.71,18.65,14.55,114.66
2022-03-21 00:00:00,40828.53,2843.91,87.6442,389.1962,0.87426,0.1194217,85.13,18.61,14.52,114.28
2022-03-21 04:00:00,41099.27,2890.14,89.6086,392.3859,0.88948,0.1204889,88.37,18.91,14.96,114.92
2022-03-21 08:00:00,41279.64,2907.28,89.7228,394.0002,0.89496,0.1206085,90.31,18.87,15.07,114.86
2022-03-21 12:00:00,41193.2,2954.96,89.3041,399.1132,0.90955,0.1196752,88.29,18.98,15.01,115.09
2022-03-21 16:00:00,41200.55,2919.47,88.7526,397.8448,0.90445,0.1191184,86.73,18.72,14.88,116.63
2022-03-21 20:00:00,41026.23,2894.63,88.7911,395.8697,0.91756,0.1192748,86.21,18.81,15.04,116.04
2022-03-22 00:00:00,42221.98,3005.09,90.9886,404.8581,0.9288,0.1218663,87.74,19.58,15.5,119.41
2022-03-22 04:00:00,42232.14,2994.31,90.2608,405.224,0.9381,0.1226422,88.07,19.76,15.55,119.32
2022-03-22 08:00:00,42964.57,3016.59,91.9133,406.9933,0.95522,0.123803,89.02,20.14,15.79,122.31
2022-03-22 12:00:00,42589.78,3002.56,92.6746,406.163,0.9691,0.1232845,85.87,19.97,15.53,120.74
2022-03-22 16:00:00,42288.07,2984.91,91.4136,402.5588,0.95835,0.122428,84.79,19.79,15.42,121.03
2022-03-22 20:00:00,42336.46,2970.83,90.3538,403.8939,0.97453,0.1224138,83.85,20.2,15.43,122.93
2022-03-23 00:00:00,42069.89,2948.37,90.1269,401.7498,0.96789,0.1217555,83.5,20.26,15.26,120.15
2022-03-23 04:00:00,42121.64,2949.86,91.364,401.479,0.97074,0.1219272,85.01,20.33,15.37,120.37
2022-03-23 08:00:00,42030.27,2948.59,91.2935,401.4539,0.98232,0.122372,84.18,20.22,15.26,119.08
2022-03-23 12:00:00,42621.26,3033.36,95.7214,410.0963,1.07191,0.1252204,86.49,20.88,15.79,122.23
2022-03-23 16:00:00,42213.97,2961.94,92.8118,403.3595,1.05175,0.1271735,84.25,20.69,15.55,121.15
2022-03-23 20:00:00,42899.87,3035.11,95.0234,408.6854,1.10742,0.1297731,85.99,20.98,15.82,122.62
2022-03-24 00:00:00,42740.99,3015.95,94.5843,406.605,1.08524,0.1363236,83.77,20.8,15.62,120.71
2022-03-24 04:00:00,43074.99,3038.17,97.2619,411.2963,1.14425,0.1359619,85.4,20.97,15.9,122.46
2022-03-24 08:00:00,42959.52,3044.92,100.1593,409.6086,1.13845,0.1379645,86.32,20.65,16.13,121.99
2022-03-24 12:00:00,43992.96,3117.41,101.6123,414.3895,1.16868,0.1364977,88.02,21.09,16.35,124.42
2022-03-24 16:00:00,43924.43,3108.77,102.9944,414.1358,1.17047,0.1367042,86.8,21.19,16.16,125.82
2022-03-24 20:00:00,43970.89,3109.98,102.2992,414.4801,1.13082,0.1366011,87.52,21.29,16.21,126.57
2022-03-25 00:00:00,43958.56,3136.2,103.4164,413.2611,1.14633,0.1352895,86.26,21.03,16.0,126.2
2022-03-25 04:00:00,43912.81,3129.27,102.8567,412.5222,1.1364,0.1347995,85.56,20.78,16.04,125.6
2022-03-25 08:00:00,44629.98,3169.9,104.3455,419.1753,1.13939,0.1358722,86.78,21.14,16.38,126.79
2022-03-25 12:00:00,44297.81,3118.26,100.2244,413.1544,1.09881,0.1316683,84.69,20.63,15.86,124.43
2022-03-25 16:00:00,44406.64,3114.68,98.4777,410.9537,1.09818,0.1312437,84.17,20.61,15.58,123.56
2022-03-25 20:00:00,44272.03,3107.37,98.545,409.9979,1.09652,0.1308901,83.58,20.56,15.57,123.97
2022-03-26 00:00:00,44410.0,3109.09,99.0556,409.7653,1.1095,0.1313762,83.73,20.46,15.7,124.21
2022-03-26 04:00:00,44523.41,3136.68,101.2375,413.0216,1.13869,0.1329126,85.03,20.86,15.86,125.04
2022-03-26 08:00:00,44334.23,3124.58,100.3957,414.9524,1.12632,0.1327734,84.89,20.94,15.87,124.32
2022-03-26 12:00:00,44209.04,3116.16,100.944,413.1536,1.13496,0.1324829,85.77,20.86,15.64,122.75
2022-03-26 16:00:00,44372.01,3123.51,102.8053,414.1948,1.13026,0.135135,86.11,20.86,15.75,124.0
2022-03-26 20:00:00,44540.58,3147.4,101.866,416.1435,1.15268,0.1360819,85.9,20.91,15.88,124.77
2022-03-27 00:00:00,44722.31,3145.46,101.8152,416.223,1.14123,0.1415289,85.79,20.98,15.99,126.51
2022-03-27 04:00:00,44739.61,3157.88,102.3514,417.5459,1.14538,0.1399944,85.98,21.18,16.15,125.47
2022-03-27 08:00:00,44561.91,3143.22,100.3484,415.3513,1.12817,0.139518,85.36,21.03,15.94,124.79
2022-03-27 12:00:00,44876.79,3170.2,101.523,417.2673,1.13404,0.1391056,85.78,21.11,16.06,125.95
2022-03-27 16:00:00,44844.69,3173.77,103.1891,417.9352,1.12874,0.1401745,85.86,21.44,16.18,124.52
2022-03-27 20:00:00,46829.01,3297.42,107.0354,430.8164,1.18375,0.1447283,89.84,22.43,16.83,129.68
2022-03-28 00:00:00,47050.6,3309.18,106.8153,432.0945,1.17951,0.1489459,91.68,22.97,16.8,130.58
2022-03-28 04:00:00,46987.97,3321.97,108.9063,431.1975,1.18259,0.1493823,91.07,22.81,17.04,131.6
2022-03-28 08:00:00,47219.42,3345.67,110.041,435.7388,1.19243,0.1493409,91.09,23.01,17.06,131.43
2022-03-28 12:00:00,47424.31,3358.0,109.7697,436.9008,1.21733,0.14942,92.77,22.85,16.99,131.34
2022-03-28 16:00:00,47973.8,3412.8,111.4264,438.3186,1.21899,0.1506739,95.17,22.71,17.12,130.72
2022-03-28 20:00:00,47071.72,3331.51,105.6653,429.4549,1.16965,0.1421435,89.5,21.97,16.48,127.32
2022-03-29 00:00:00,47343.6,3367.11,109.4355,432.3694,1.19651,0.1446145,93.19,22.19,16.92,128.88
2022-03-29 04:00:00,47358.3,3387.58,109.9218,435.0382,1.2047,0.145424,92.67,22.46,16.89,129.43
2022-03-29 08:00:00,47897.28,3464.79,113.306,440.1029,1.22523,0.1474863,94.5,22.84,17.18,131.6
2022-03-29 12:00:00,47448.16,3403.06,111.5779,434.4809,1.20003,0.1432084,92.81,22.27,17.04,128.43
2022-03-29 16:00:00,47677.44,3427.07,113.9346,436.5071,1.19684,0.1452333,93.52,22.42,16.99,129.54
2022-03-29 20:00:00,47423.0,3401.08,111.8185,434.754,1.19028,0.1442661,92.78,22.45,17.0,130.18
2022-03-30 00:00:00,47442.77,3385.25,110.7168,433.5987,1.1883,0.1423951,92.59,22.28,17.34,128.14
2022-03-30 04:00:00,47388.02,3408.43,112.3652,436.8628,1.19814,0.1441279,94.16,22.36,17.34,130.34
2022-03-30 08:00:00,47319.59,3408.64,112.2744,439.552,1.18943,0.1434094,93.06,22.3,17.25,130.87
2022-03-30 12:00:00,47153.25,3379.73,122.5909,438.9059,1.18364,0.1424507,97.11,22.12,17.28,131.79
2022-03-30 16:00:00,47076.65,3395.02,121.2988,444.1102,1.19325,0.1433678,95.85,22.28,17.18,131.99
2022-03-30 20:00:00,46966.07,3384.9,120.6839,441.7739,1.18762,0.1428606,95.29,22.41,17.18,131.27
2022-03-31 00:00:00,47073.24,3394.09,121.168,444.67,1.19756,0.1447118,98.79,22.56,17.29,131.36
2022-03-31 04:00:00,47169.32,3403.22,123.2221,445.175,1.20781,0.1472665,99.92,22.83,17.53,129.7
2022-03-31 08:00:00,47155.42,3411.7,127.2348,445.141,1.20797,0.1454,99.17,22.79,17.88,129.9
2022-03-31 12:00:00,46416.55,3346.1,125.2757,434.3655,1.17059,0.1407253,97.49,21.75,17.15,124.01
2022-03-31 16:00:00,45603.03,3289.19,123.0551,427.0864,1.14869,0.1380282,95.01,21.4,16.92,124.5
2022-03-31 20:00:00,45483.67,3287.59,122.7595,428.243,1.14008,0.1382246,97.4,21.32,16.93,123.9
2022-04-01 00:00:00,44596.8,3250.39,122.0211,417.6926,1.12333,0.135091,92.29,20.93,16.44,120.91
2022-04-01 04:00:00,45002.51,3276.99,126.4069,428.0,1.15069,0.1363482,94.23,21.41,16.8,122.68
2022-04-01 08:00:00,45072.94,3285.43,124.4799,431.285,1.1325,0.1365315,92.86,21.07,16.76,121.96
2022-04-01 12:00:00,46515.3,3432.47,132.557,441.2479,1.16318,0.1397119,96.64,22.05,17.25,124.9
2022-04-01 16:00:00,46372.05,3469.77,137.2059,445.8464,1.17356,0.1412549,98.92,22.0,17.19,126.19
2022-04-01 20:00:00,46267.8,3454.28,134.3061,447.5609,1.16482,0.1410471,96.8,22.05,17.36,124.83
2022-04-02 00:00:00,46596.57,3473.83,134.8308,449.2401,1.179,0.1431037,97.48,22.29,17.27,126.18
2022-04-02 04:00:00,46605.29,3485.6,135.816,450.284,1.18372,0.1435042,100.83,22.42,17.48,127.12
2022-04-02 08:00:00,46565.55,3487.06,137.7051,448.4226,1.18689,0.1434618,101.73,23.2,17.62,126.86
2022-04-02 12:00:00,46267.5,3457.75,137.975,442.4592,1.15868,0.1405333,99.15,22.77,17.35,125.68
2022-04-02 16:00:00,46139.97,3472.93,135.8796,443.1753,1.15684,0.139916,97.68,22.94,17.38,125.35
2022-04-02 20:00:00,45808.74,3442.04,132.506,436.6136,1.15483,0.1385635,96.12,22.56,17.38,124.82
2022-04-03 00:00:00,45887.38,3456.36,134.8074,437.2167,1.15858,0.139,97.12,22.65,17.45,124.57
2022-04-03 04:00:00,46358.67,3488.86,137.5585,443.7987,1.16576,0.141154,98.59,23.13,17.88,125.97
2022-04-03 08:00:00,46248.27,3485.76,139.058,444.425,1.1702,0.1406671,98.47,23.16,17.79,126.47
2022-04-03 12:00:00,46413.44,3502.02,136.0492,447.1683,1.17884,0.1454366,97.89,23.08,17.9,127.58
2022-04-03 16:00:00,46400.0,3489.72,135.3434,448.3012,1.17917,0.1451682,96.55,23.08,17.96,126.7
2022-04-03 20:00:00,46397.51,3519.91,136.8,450.388,1.18673,0.1464216,97.99,23.25,18.14,128.78
2022-04-04 00:00:00,46019.42,3489.69,135.32,443.8488,1.17761,0.1445362,96.45,22.81,17.69,126.16
2022-04-04 04:00:00,46095.41,3504.06,136.9972,446.6092,1.21481,0.1440849,97.4,22.82,17.88,126.17
2022-04-04 08:00:00,46140.8,3480.92,134.7239,446.9264,1.21873,0.1549564,96.33,22.68,17.52,125.43
2022-04-04 12:00:00,45600.0,3424.2,129.2322,437.8525,1.20655,0.1437677,92.23,22.03,16.97,123.43
2022-04-04 16:00:00,45933.03,3491.85,130.0915,443.4099,1.19071,0.1446372,94.14,22.35,17.21,123.32
2022-04-04 20:00:00,46586.31,3519.19,132.2917,447.9357,1.21398,0.1486578,96.14,22.85,17.52,124.83
2022-04-05 00:00:00,46606.43,3523.45,133.0238,455.0192,1.212,0.15044,96.71,22.81,17.53,125.07
2022-04-05 04:00:00,46712.72,3533.21,133.3667,454.3882,1.20501,0.1528798,96.17,22.94,17.35,125.9
2022-04-05 08:00:00,46682.83,3522.84,134.5841,456.9728,1.20942,0.1519951,96.71,22.93,17.36,126.6
2022-04-05 12:00:00,45750.0,3452.24,131.5137,449.2066,1.18722,0.1617617,93.81,22.32,17.2,124.17
2022-04-05 16:00:00,46009.67,3463.86,131.2291,450.5118,1.19663,0.1663837,92.92,22.32,17.09,124.45
2022-04-05 20:00:00,45507.23,3409.53,126.8559,445.4475,1.17083,0.1729073,91.16,21.79,16.73,122.7
2022-04-06 00:00:00,45159.68,3341.83,123.475,439.4354,1.13969,0.1598835,89.25,21.44,16.39,119.99
2022-04-06 04:00:00,45267.3,3343.4,125.487,440.9371,1.14042,0.1607509,89.82,21.51,16.57,120.19
2022-04-06 08:00:00,44835.19,3301.53,121.6136,435.8789,1.11555,0.1533257,87.14,20.91,16.15,118.68
2022-04-06 12:00:00,44126.15,3255.32,117.6064,426.7818,1.09688,0.1493799,85.23,20.38,15.79,116.34
2022-04-06 16:00:00,43866.9,3228.88,119.0668,426.5954,1.09734,0.1467125,85.84,20.34,15.64,113.72
2022-04-06 20:00:00,43127.38,3167.51,113.1184,420.3319,1.05464,0.1426451,82.98,19.78,15.37,112.32
2022-04-07 00:00:00,43307.43,3190.09,114.016,425.0,1.061,0.1429865,83.45,20.01,15.35,111.83
2022-04-07 04:00:00,43467.55,3225.14,115.888,431.3934,1.08699,0.1457624,84.65,20.28,15.6,113.49
2022-04-07 08:00:00,43773.15,3245.89,117.4415,434.3261,1.09131,0.1470473,85.3,20.39,15.85,114.68
2022-04-07 12:00:00,43302.99,3197.58,113.005,431.591,1.07235,0.1428238,83.16,19.97,15.5,113.3
2022-04-07 16:00:00,43382.28,3216.73,117.6629,435.4841,1.08149,0.1444695,87.0,20.35,15.62,114.26
2022-04-07 20:00:00,43477.16,3229.95,118.3878,435.9827,1.08866,0.1459146,87.57,20.4,15.76,114.42
2022-04-08 00:00:00,43618.28,3269.0,122.3176,437.5114,1.092,0.1505254,89.02,20.52,15.86,114.5
2022-04-08 04:00:00,43742.62,3286.49,119.2227,433.6408,1.09099,0.1513651,88.18,20.44,15.66,115.1
2022-04-08 08:00:00,43292.88,3258.02,115.1275,427.7603,1.06999,0.1451161,86.3,20.06,15.45,112.29
2022-04-08 12:00:00,43650.27,3282.66,116.4515,431.1451,1.07159,0.148246,89.58,20.32,15.65,113.58
2022-04-08 16:00:00,42699.88,3234.03,113.33,427.2914,1.04783,0.1452347,86.57,19.82,15.38,112.66
2022-04-08 20:00:00,42287.25,3194.56,109.9604,422.0365,1.02563,0.1424332,83.71,19.44,15.07,110.82
2022-04-09 00:00:00,42397.88,3210.57,109.4614,423.1321,1.03001,0.1422614,83.45,19.53,15.37,110.92
2022-04-09 04:00:00,42503.9,3209.98,110.6778,424.8622,1.0432,0.143698,84.57,19.69,15.37,111.43
2022-04-09 08:00:00,42428.43,3211.04,110.3472,426.7419,1.03796,0.142999,84.03,19.69,15.37,111.81
2022-04-09 12:00:00,42249.3,3209.44,109.6135,421.1327,1.02317,0.1423966,82.37,19.41,15.16,110.8
2022-04-09 16:00:00,42541.59,3234.39,109.874,422.3867,1.03042,0.1430874,83.3,19.53,15.35,112.28
2022-04-09 20:00:00,42776.93,3258.0,112.7886,427.01,1.04531,0.1443935,84.54,19.75,15.43,112.57
2022-04-10 00:00:00,42802.77,3257.76,113.3421,426.9905,1.05266,0.149973,84.61,19.84,15.56,112.95
2022-04-10 04:00:00,42640.14,3244.16,111.669,426.1952,1.03706,0.1487523,83.39,19.7,15.42,112.43
2022-04-10 08:00:00,42695.56,3252.53,111.1726,424.9628,1.033,0.1493853,83.65,19.5,15.37,112.81
2022-04-10 12:00:00,42741.54,3253.95,112.488,421.9765,1.04,0.1536826,84.15,19.56,15.46,112.32
2022-04-10 16:00:00,43252.58,3292.69,114.4858,428.3125,1.06301,0.1565837,84.73,20.13,15.9,114.28
2022-04-10 20:00:00,42082.48,3200.33,110.9619,417.2599,1.025,0.1481306,80.98,19.17,15.18,110.29
2022-04-11 00:00:00,42106.54,3175.34,110.0424,414.1618,1.01161,0.1461687,79.15,18.89,14.89,108.14
2022-04-11 04:00:00,42318.46,3178.89,111.031,417.5498,1.01799,0.146232,80.1,18.88,14.96,109.33
2022-04-11 08:00:00,41087.75,3050.73,103.938,404.5624,0.96187,0.1408665,75.83,17.98,14.22,104.69
2022-04-11 12:00:00,40568.32,3003.37,101.4166,399.4466,0.93926,0.1399482,75.39,17.63,13.99,103.45
2022-04-11 16:00:00,40005.08,3006.94,101.3662,398.8606,0.94999,0.1384442,74.25,17.64,13.83,104.9
2022-04-11 20:00:00,39530.2,2978.2,99.2604,394.4475,0.91892,0.1339455,74.12,17.09,13.71,102.48
2022-04-12 00:00:00,39731.31,2982.61,99.6389,397.9899,0.92412,0.135969,74.99,17.29,13.73,102.42
2022-04-12 04:00:00,40171.85,3024.92,103.045,406.1481,0.95482,0.1390621,77.45,17.7,14.04,104.62
2022-04-12 08:00:00,40357.94,3041.6,105.6241,411.0533,0.96688,0.1418784,78.69,17.81,14.15,105.2
2022-04-12 12:00:00,40192.18,3042.27,105.971,413.2651,0.95925,0.1396489,76.44,17.71,14.09,104.48
2022-04-12 16:00:00,39304.22,2974.6,100.971,406.7947,0.93,0.1348658,74.27,17.16,13.64,102.57
2022-04-12 20:00:00,40103.5,3028.8,103.161,413.6556,0.95453,0.1380818,76.27,17.75,13.94,104.93
2022-04-13 00:00:00,40086.85,3047.68,103.6446,418.2674,0.95329,0.1404236,76.92,17.83,13.98,105.12
2022-04-13 04:00:00,40111.61,3050.46,103.9195,417.7651,0.95861,0.1404122,77.43,17.85,14.05,105.43
2022-04-13 08:00:00,39718.21,3016.0,101.0655,413.937,0.93867,0.1376877,76.47,17.5,13.76,107.21
2022-04-13 12:00:00,41272.72,3100.77,105.117,418.2046,0.97134,0.1397491,79.76,18.11,14.12,110.21
2022-04-13 16:00:00,41075.37,3084.85,104.0013,419.6065,0.96444,0.1397989,80.16,18.13,14.05,109.41
2022-04-13 20:00:00,41133.85,3118.7,104.9049,422.8865,0.974,0.1400333,80.19,18.19,14.19,110.44
2022-04-14 00:00:00,41321.37,3115.17,105.6097,422.2306,0.97365,0.1410651,81.11,18.34,14.16,111.89
2022-04-14 04:00:00,41294.58,3113.91,106.4673,422.1411,0.97102,0.1398409,81.07,18.26,14.19,110.79
2022-04-14 08:00:00,40890.1,3073.25,103.5487,416.8041,0.95301,0.1448618,79.19,18.02,13.88,108.91
2022-04-14 12:00:00,39963.84,3014.93,101.2849,412.313,0.93319,0.139143,76.9,17.65,13.48,106.71
2022-04-14 16:00:00,39762.2,2994.74,99.6625,414.5184,0.92896,0.1409665,76.85,17.62,13.62,106.87
2022-04-14 20:00:00,39905.52,3018.91,100.7598,414.4972,0.93099,0.1439521,76.82,17.91,13.63,107.32
2022-04-15 00:00:00,40203.91,3039.08,102.0578,418.2766,0.95122,0.1439013,78.35,18.24,13.87,110.35
2022-04-15 04:00:00,40230.6,3033.46,101.7627,416.8144,0.95185,0.1465319,78.13,18.23,13.91,109.51
2022-04-15 08:00:00,40206.04,3026.44,101.602,417.4479,0.949,0.1477441,78.04,18.21,13.91,110.39
2022-04-15 12:00:00,40411.95,3029.86,102.349,418.4414,0.95369,0.1468452,76.45,18.15,13.93,112.4
2022-04-15 16:00:00,40319.65,3023.06,100.497,418.3483,0.95013,0.1452792,76.79,18.15,13.95,111.25
2022-04-15 20:00:00,40569.57,3041.39,101.3962,417.5268,0.95508,0.1459025,77.48,18.34,14.12,110.96
2022-04-16 00:00:00,40431.32,3040.78,101.1425,416.0519,0.95525,0.1468139,76.51,18.33,14.06,112.06
2022-04-16 04:00:00,40393.84,3034.26,101.4881,415.0557,0.95815,0.1453738,76.99,18.32,13.99,111.64
2022-04-16 08:00:00,40420.49,3038.96,101.9571,416.0988,0.95187,0.1442124,77.38,18.38,14.11,111.83
2022-04-16 12:00:00,40079.41,3018.61,100.8292,413.1637,0.93972,0.1419274,76.97,18.28,13.84,111.63
2022-04-16 16:00:00,40216.66,3024.97,101.9467,413.8,0.94199,0.1422453,77.44,18.33,13.92,110.75
2022-04-16 20:00:00,40377.6,3058.44,102.1699,417.4504,0.95173,0.1436184,77.86,18.62,14.19,114.12
2022-04-17 00:00:00,40247.72,3031.82,101.6404,416.0,0.94261,0.1430225,77.31,18.58,14.27,113.97
2022-04-17 04:00:00,40280.73,3038.14,101.8182,413.8019,0.94541,0.1438979,77.61,18.53,14.47,113.19
2022-04-17 08:00:00,40470.39,3048.2,102.4918,415.0337,0.95541,0.1436327,77.65,18.6,14.57,114.18
2022-04-17 12:00:00,40458.12,3074.55,105.2088,416.9748,0.95504,0.1440546,78.54,18.57,14.47,113.22
2022-04-17 16:00:00,40365.52,3052.28,103.996,414.767,0.94631,0.1421352,77.69,18.27,14.22,111.89
2022-04-17 20:00:00,39682.49,2988.08,100.2538,407.038,0.91555,0.1391663,75.43,17.78,13.77,108.52
2022-04-18 00:00:00,39797.67,2995.38,101.17,407.7841,0.92272,0.1399905,75.87,17.92,13.81,109.61
2022-04-18 04:00:00,38932.57,2892.01,96.3794,397.4151,0.88235,0.1348253,72.72,17.21,13.18,106.22
2022-04-18 08:00:00,38994.2,2911.1,96.6326,401.5358,0.88855,0.1349625,73.28,17.44,13.35,106.25
2022-04-18 12:00:00,39253.4,2912.13,98.7373,405.8525,0.89826,0.1358596,74.43,17.54,13.28,106.49
2022-04-18 16:00:00,40670.79,3001.81,101.2051,415.2276,0.92929,0.1383676,76.26,18.2,13.81,110.38
2022-04-18 20:00:00,40816.76,3055.48,102.3478,417.2099,0.93731,0.1404117,77.8,18.15,14.02,111.11
2022-04-19 00:00:00,40703.4,3037.02,101.3497,417.0924,0.93,0.1396664,76.96,18.15,13.91,112.29
2022-04-19 04:00:00,40649.5,3040.58,101.7242,421.6864,0.92818,0.1394,77.43,18.12,13.86,110.94
2022-04-19 08:00:00,40672.16,3041.38,102.3674,419.0533,0.93199,0.1397542,78.12,18.27,14.05,111.08
2022-04-19 12:00:00,41446.5,3111.08,106.4993,420.0635,0.94701,0.14277,80.13,18.58,14.31,112.87
2022-04-19 16:00:00,41400.39,3109.76,106.7015,420.1197,0.94613,0.1424642,79.62,18.8,14.14,113.11
2022-04-19 20:00:00,41488.98,3102.62,108.5729,422.4167,0.95384,0.1427,80.35,18.87,14.26,113.59
2022-04-20 00:00:00,41397.62,3090.15,108.21,421.8408,0.94357,0.1431,79.77,18.67,14.16,112.49
2022-04-20 04:00:00,41343.49,3088.54,106.9303,421.1347,0.9467,0.1446928,79.07,19.12,14.27,112.31
2022-04-20 08:00:00,42091.63,3153.97,110.5938,427.7577,0.96507,0.1458633,81.05,19.28,14.45,114.01
2022-04-20 12:00:00,41268.85,3067.25,105.6801,421.7976,0.94584,0.1414101,78.41,19.05,13.9,111.69
2022-04-20 16:00:00,41168.51,3067.57,106.0771,417.6294,0.93879,0.1406581,77.94,18.88,13.96,111.71
2022-04-20 20:00:00,41368.12,3076.4,105.4909,417.7555,0.93551,0.1407,78.21,19.09,14.05,111.64
2022-04-21 00:00:00,41713.2,3097.12,107.0082,421.791,0.94836,0.1408395,78.86,19.35,14.19,112.1
2022-04-21 04:00:00,41910.26,3101.46,106.7711,421.1971,0.94771,0.1407324,78.69,19.3,14.08,111.43
2022-04-21 08:00:00,42451.1,3145.81,108.3435,424.6378,0.95489,0.1408462,79.29,19.4,14.28,112.47
2022-04-21 12:00:00,42156.65,3103.97,107.7628,420.6713,0.95489,0.1406,78.91,19.29,14.11,113.01
2022-04-21 16:00:00,41222.84,3028.87,104.6658,412.0557,0.9335,0.1380076,76.26,18.77,13.76,109.33
2022-04-21 20:00:00,40489.91,2985.33,101.7522,405.2763,0.90996,0.136284,75.09,18.17,13.57,106.72
2022-04-22 00:00:00,40479.54,2992.8,102.469,409.522,0.91583,0.1366,75.92,18.26,13.79,107.14
2022-04-22 04:00:00,40689.9,3018.11,102.673,410.4478,0.918,0.1375,76.69,18.33,13.81,108.23
2022-04-22 08:00:00,40580.05,3014.01,102.1608,412.133,0.91935,0.1370698,75.83,18.38,13.81,107.9
2022-04-22 12:00:00,39444.63,2949.02,99.769,406.1782,0.89489,0.1351029,73.72,18.21,13.52,106.53
2022-04-22 16:00:00,39475.5,2955.68,100.9152,407.6134,0.9021,0.1359095,74.16,18.23,13.68,105.55
2022-04-22 20:00:00,39720.26,2962.97,100.4936,406.5326,0.90627,0.1362037,73.95,18.3,13.57,105.56
2022-04-23 00:00:00,39472.73,2948.86,99.8352,403.0743,0.89184,0.1346691,73.87,18.24,13.4,105.44
2022-04-23 04:00:00,39579.51,2957.54,101.258,403.6789,0.89601,0.1346923,73.98,18.34,13.49,106.85
2022-04-23 08:00:00,39619.9,2957.55,101.6763,405.4367,0.89805,0.1352357,73.9,18.65,13.59,106.83
2022-04-23 12:00:00,39781.13,2967.15,102.1608,406.3463,0.90044,0.1354467,74.09,18.9,13.55,106.28
2022-04-23 16:00:00,39754.75,2954.92,102.1041,406.9355,0.89764,0.1355778,73.48,18.88,13.38,106.1
2022-04-23 20:00:00,39428.27,2932.01,100.52,401.5402,0.88697,0.133733,72.72,18.66,13.36,105.36
2022-04-24 00:00:00,39769.88,2956.11,101.2825,405.1686,0.8935,0.1341863,73.21,19.09,13.54,105.17
2022-04-24 04:00:00,39737.25,2948.31,101.5844,404.248,0.89427,0.1344,73.05,18.93,13.53,105.53
2022-04-24 08:00:00,39596.33,2937.24,101.1015,401.1378,0.88699,0.132788,72.74,18.64,13.39,105.13
2022-04-24 12:00:00,39646.27,2941.0,100.0561,401.6613,0.89159,0.1329787,72.37,18.47,13.45,104.88
2022-04-24 16:00:00,39685.0,2959.33,100.4799,402.6468,0.89005,0.1322723,72.43,18.37,13.42,105.2
2022-04-24 20:00:00,39434.87,2918.66,99.1816,398.8767,0.88459,0.1316582,71.51,18.16,13.26,104.51
2022-04-25 00:00:00,39250.35,2874.8,98.0965,396.0808,0.8725,0.1286707,70.41,17.84,13.1,101.84
2022-04-25 04:00:00,38458.86,2812.73,95.2008,383.3723,0.8325,0.124,67.86,17.21,12.58,99.57
2022-04-25 08:00:00,38823.07,2862.4,96.7584,392.595,0.85694,0.1394745,69.13,17.45,12.86,101.89
2022-04-25 12:00:00,38963.93,2868.61,96.9629,394.5179,0.858,0.1388491,69.38,17.48,12.98,102.07
2022-04-25 16:00:00,40230.18,3010.56,100.5354,402.365,0.88575,0.1623223,71.74,17.99,13.35,104.16
2022-04-25 20:00:00,40424.99,3005.4,101.04,404.4194,0.89815,0.1580756,72.84,18.1,13.46,104.79
2022-04-26 00:00:00,40528.49,3000.61,100.959,403.9235,0.88823,0.1536,71.98,18.0,13.32,104.46
2022-04-26 04:00:00,40584.79,3005.16,100.852,403.0783,0.88966,0.1609206,72.18,17.93,13.34,104.12
2022-04-26 08:00:00,40464.95,3002.7,100.5167,400.2796,0.8862,0.159402,71.42,17.84,13.34,104.64
2022-04-26 12:00:00,38578.79,2861.41,96.5729,388.0138,0.84358,0.1466246,68.11,17.11,12.61,100.51
2022-04-26 16:00:00,38281.12,2843.64,96.6031,386.0584,0.83066,0.1404973,68.31,16.88,12.51,100.07
2022-04-26 20:00:00,38131.45,2809.95,95.7336,385.4908,0.8262,0.1377181,68.74,16.68,12.38,98.62
2022-04-27 00:00:00,38347.16,2834.53,96.8169,388.1236,0.82903,0.14,69.25,16.78,12.55,99.49
2022-04-27 04:00:00,39110.23,2885.15,99.503,394.1859,0.85231,0.1445805,70.72,17.22,12.69,100.94
2022-04-27 08:00:00,38981.15,2883.8,99.1052,390.4598,0.83786,0.1397998,70.26,17.0,12.54,100.22
2022-04-27 12:00:00,38999.62,2862.3,98.0898,388.8255,0.83751,0.1397846,70.38,16.89,12.62,100.81
2022-04-27 16:00:00,38865.43,2852.14,97.5741,388.1199,0.83035,0.1383862,68.88,16.88,12.64,99.75
2022-04-27 20:00:00,39220.8,2888.55,98.3555,391.505,0.83932,0.1398453,69.86,16.91,12.76,100.47
2022-04-28 00:00:00,39371.44,2883.65,99.1672,389.746,0.83915,0.1392256,69.38,16.92,12.67,100.02
2022-04-28 04:00:00,39396.18,2901.15,99.489,392.5657,0.84062,0.1396019,69.77,16.93,12.8,100.79
2022-04-28 08:00:00,39695.79,2928.15,99.8277,404.1084,0.84731,0.1400738,70.14,17.22,12.81,102.5
2022-04-28 12:00:00,39456.74,2891.4,97.4082,401.5947,0.83252,0.1378984,67.75,16.91,12.56,101.24
2022-04-28 16:00:00,39969.35,2945.42,98.4804,405.0409,0.84,0.1375597,67.68,17.04,12.65,103.49
2022-04-28 20:00:00,39749.7,2937.5,98.2419,407.031,0.84392,0.1374434,67.3,16.94,12.65,103.39
2022-04-29 00:00:00,39531.04,2924.43,97.0244,403.6751,0.83391,0.1416244,66.63,16.89,12.51,102.84
2022-04-29 04:00:00,39608.44,2926.84,97.8524,405.9348,0.83653,0.1408502,67.76,16.97,12.64,102.56
2022-04-29 08:00:00,38751.5,2840.43,95.5716,394.437,0.81197,0.1379454,65.78,16.4,12.19,100.01
2022-04-29 12:00:00,39022.0,2856.52,96.1191,398.1182,0.81773,0.138218,65.38,16.64,12.3,101.17
2022-04-29 16:00:00,38351.22,2792.62,92.9166,390.9433,0.79613,0.1343404,62.65,16.11,11.85,98.63
2022-04-29 20:00:00,38600.3,2815.09,93.9889,392.9567,0.8037,0.1346149,63.34,16.18,11.96,100.46
2022-04-30 00:00:00,38659.92,2819.38,94.2166,396.7944,0.80842,0.135672,63.83,16.27,12.13,101.26
2022-04-30 04:00:00,38663.2,2828.05,94.067,398.4248,0.81427,0.135402,63.25,16.22,12.11,100.95
2022-04-30 08:00:00,38575.18,2832.83,93.8874,397.1468,0.80533,0.1350356,62.97,16.1,12.07,100.68
2022-04-30 12:00:00,38473.1,2815.99,92.2428,393.5166,0.79353,0.13322,60.39,15.75,11.8,100.6
2022-04-30 16:00:00,38460.55,2806.96,91.6189,391.7784,0.7881,0.1328343,59.62,15.69,11.69,99.52
2022-04-30 20:00:00,37633.06,2728.01,84.6297,377.6699,0.75604,0.1274772,56.96,14.49,10.98,95.95
2022-05-01 00:00:00,38023.29,2776.33,88.1274,383.0433,0.76442,0.130113,58.69,14.84,11.17,96.2
2022-05-01 04:00:00,37966.34,2766.07,88.8511,381.9752,0.76637,0.1317,58.47,14.88,11.07,96.29
2022-05-01 08:00:00,37937.9,2756.51,88.3206,383.6277,0.77134,0.1308939,58.47,14.93,11.13,96.56
2022-05-01 12:00:00,38494.37,2805.94,89.907,389.4779,0.79072,0.1336716,60.35,15.3,11.33,98.72
2022-05-01 16:00:00,37814.49,2764.43,88.0152,384.5204,0.77194,0.13055,57.63,14.99,10.96,97.82
2022-05-01 20:00:00,38485.9,2824.2,89.7201,389.7687,0.78942,0.1324457,58.88,15.35,11.29,99.32
2022-05-02 00:00:00,38676.49,2841.96,89.5216,389.6811,0.78428,0.1321701,58.88,15.41,11.22,100.16
2022-05-02 04:00:00,38833.66,2841.09,89.6984,389.7751,0.78642,0.1317539,59.45,15.33,11.3,100.05
2022-05-02 08:00:00,38529.12,2792.21,86.6118,385.5858,0.77212,0.1299807,56.86,14.82,10.9,98.64
2022-05-02 12:00:00,38679.11,2827.81,87.3399,387.9354,0.77583,0.1302823,61.46,14.95,11.19,100.31
2022-05-02 16:00:00,38518.7,2839.77,87.2526,387.7868,0.77691,0.130786,59.7,14.92,11.1,100.67
2022-05-02 20:00:00,38517.8,2855.84,87.5347,389.4601,0.77993,0.1306724,60.49,14.98,11.13,100.5
2022-05-03 00:00:00,38483.0,2849.11,88.6127,390.7889,0.78915,0.1313623,61.54,15.14,11.27,101.22
2022-05-03 04:00:00,38551.17,2843.15,88.2817,389.1012,0.78489,0.1312422,61.24,15.14,11.32,100.71
2022-05-03 08:00:00,38567.1,2848.83,88.5169,388.9297,0.79693,0.131086,61.43,15.14,11.44,101.12
2022-05-03 12:00:00,38317.2,2824.18,87.1624,386.5075,0.79,0.1302113,60.47,14.97,11.22,101.01
2022-05-03 16:00:00,37691.04,2774.21,85.4621,381.6282,0.76275,0.1275016,58.68,14.61,10.93,98.0
2022-05-03 20:00:00,37745.43,2780.84,85.8428,383.8704,0.77105,0.1294,59.65,14.74,11.11,99.45
2022-05-04 00:00:00,38008.69,2797.64,86.1,385.3252,0.78052,0.1296064,60.0,15.05,11.2,100.23
2022-05-04 04:00:00,38696.97,2828.51,87.2957,389.6243,0.79242,0.1308808,61.12,15.31,11.33,101.51
2022-05-04 08:00:00,39012.1,2870.64,88.3371,391.0017,0.82199,0.1325512,61.66,15.4,11.48,102.46
2022-05-04 12:00:00,38999.17,2845.43,87.0799,393.7804,0.82991,0.1308877,60.77,15.16,11.25,102.4
2022-05-04 16:00:00,39812.06,2954.94,91.5715,401.5994,0.86635,0.1342,67.29,16.05,12.04,106.24
2022-05-04 20:00:00,39671.2,2940.67,92.7766,402.8846,0.89883,0.1359618,67.22,16.3,12.19,106.27
2022-05-05 00:00:00,39714.08,2941.78,94.26,403.404,0.88484,0.1369961,68.59,16.35,12.13,106.35
2022-05-05 04:00:00,39591.56,2934.38,93.5078,401.233,0.87447,0.134712,67.2,16.2,11.99,105.34
2022-05-05 08:00:00,39488.56,2923.96,92.2747,404.3136,0.85802,0.1343973,65.53,15.89,11.96,104.58
2022-05-05 12:00:00,36904.41,2743.41,85.0277,381.1668,0.78902,0.1273744,58.41,14.46,10.96,98.18
2022-05-05 16:00:00,36324.86,2728.65,83.7971,376.3876,0.79842,0.1294021,58.52,14.45,10.87,96.25
2022-05-05 20:00:00,36558.02,2746.38,84.5694,378.5618,0.78901,0.1280331,59.01,14.6,10.9,96.78
2022-05-06 00:00:00,36455.97,2746.56,82.8378,378.2284,0.79197,0.1283837,58.34,14.51,10.93,96.69
2022-05-06 04:00:00,36391.25,2730.9,82.4598,378.0123,0.79101,0.1276258,57.74,14.46,10.85,96.99
2022-05-06 08:00:00,35801.75,2678.27,81.1668,375.0531,0.77957,0.1264127,56.46,14.17,10.6,95.15
2022-05-06 12:00:00,35977.17,2686.81,81.7426,379.2161,0.77971,0.1266344,56.63,14.22,10.71,95.4
2022-05-06 16:00:00,35997.13,2688.57,81.8818,380.9804,0.78332,0.126614,57.2,14.27,10.75,95.4
2022-05-06 20:00:00,36023.1,2694.2,81.6693,379.1764,0.78253,0.1278133,57.01,14.39,10.77,96.64
2022-05-07 00:00:00,35803.02,2668.85,80.4937,376.4565,0.77224,0.1274656,55.91,14.1,10.65,95.57
2022-05-07 04:00:00,35912.55,2672.54,80.4827,379.0185,0.77843,0.1276692,56.14,14.21,10.73,95.9
2022-05-07 08:00:00,36022.18,2687.83,81.7355,375.1204,0.78343,0.127917,56.61,14.24,10.75,96.38
2022-05-07 12:00:00,35957.32,2690.46,82.1248,376.0543,0.77983,0.1317729,57.27,14.19,10.73,96.26
2022-05-07 16:00:00,35867.36,2682.68,81.3645,376.756,0.77884,0.1289444,56.95,14.15,10.68,96.06
2022-05-07 20:00:00,35479.24,2635.63,78.8893,365.5814,0.7602,0.1275817,55.08,13.79,10.24,94.27
2022-05-08 00:00:00,34499.1,2546.67,76.9973,359.2835,0.74087,0.1261554,53.4,13.46,10.02,93.19
2022-05-08 04:00:00,34599.42,2556.95,77.9009,359.7417,0.74245,0.1259604,53.94,13.5,10.19,93.9
2022-05-08 08:00:00,34785.71,2569.6,79.1194,357.4298,0.74525,0.1261605,54.08,13.53,10.29,94.25
2022-05-08 12:00:00,34362.7,2516.17,77.1102,356.8567,0.73869,0.1252833,52.04,13.42,10.09,93.6
2022-05-08 16:00:00,34622.6,2564.96,76.3255,358.9499,0.75775,0.125725,52.83,13.42,10.25,95.6
2022-05-08 20:00:00,34063.7,2524.48,75.4582,356.2514,0.73998,0.124,51.74,13.17,9.96,94.16
2022-05-09 00:00:00,33557.62,2457.97,75.241,349.6468,0.70513,0.1220123,50.95,13.01,9.81,91.7
2022-05-09 04:00:00,33530.03,2450.0,73.8946,343.3953,0.69144,0.1213058,50.2,12.62,9.72,91.33
2022-05-09 08:00:00,33123.4,2407.15,72.1797,332.4593,0.67092,0.1175278,49.48,12.02,9.43,87.97
2022-05-09 12:00:00,32363.57,2381.59,69.8975,323.9216,0.6601,0.1138145,47.22,11.48,9.09,84.49
2022-05-09 16:00:00,30928.25,2274.4,64.8438,306.0729,0.62802,0.107707,43.94,11.1,8.64,80.38
2022-05-09 20:00:00,30109.56,2233.67,62.281,296.4528,0.60279,0.1015346,41.2,10.52,8.08,75.98
2022-05-10 00:00:00,30652.05,2300.03,64.5046,307.6701,0.61946,0.1075032,42.05,10.93,8.36,78.76
2022-05-10 04:00:00,31621.51,2373.25,68.9204,321.9422,0.67222,0.1125663,46.25,11.72,8.82,81.61
2022-05-10 08:00:00,31632.02,2402.59,71.4199,326.0637,0.67921,0.1153623,47.98,11.95,9.09,81.97
2022-05-10 12:00:00,31299.38,2359.27,69.4621,320.8321,0.66419,0.112287,47.26,11.7,8.92,81.3
2022-05-10 16:00:00,31341.45,2354.47,67.5011,324.3364,0.65074,0.1109036,45.76,11.58,8.74,80.13
2022-05-10 20:00:00,31017.98,2342.37,66.8798,319.1211,0.62865,0.1079842,44.58,11.37,8.59,80.36
2022-05-11 00:00:00,31169.53,2361.41,66.3699,318.509,0.62866,0.1090877,43.63,11.3,8.63,79.48
2022-05-11 04:00:00,30613.53,2315.62,62.5613,299.7985,0.6089,0.1037281,36.61,10.47,8.07,76.72
2022-05-11 08:00:00,31534.92,2410.73,61.3837,305.4832,0.61928,0.1010635,37.6,10.41,8.22,78.96
2022-05-11 12:00:00,30968.89,2266.87,55.5801,288.2126,0.57165,0.0893375,34.36,9.84,7.69,74.44
2022-05-11 16:00:00,29357.21,2115.0,47.8812,271.0853,0.52622,0.0838755,30.49,8.75,6.97,67.82
2022-05-11 20:00:00,29113.86,2086.57,50.9432,271.4971,0.51886,0.0852934,31.19,9.02,6.92,66.35
2022-05-12 00:00:00,28406.77,1972.67,45.223,254.9518,0.44187,0.079037,28.8,8.28,6.47,62.08
2022-05-12 04:00:00,28150.27,1910.99,44.6065,246.3521,0.45704,0.077893,28.18,8.09,6.16,61.45
2022-05-12 08:00:00,28474.85,1954.45,44.0631,273.236,0.46248,0.0777699,28.29,8.21,6.32,62.55
2022-05-12 12:00:00,29021.54,1967.53,45.1208,272.8035,0.47918,0.0817739,30.68,8.81,6.57,64.99
2022-05-12 16:00:00,28662.88,1945.67,44.7536,269.7841,0.48671,0.0820949,30.41,8.79,6.6,64.55
2022-05-12 20:00:00,29034.65,1958.5,44.5965,268.9112,0.47206,0.0825368,30.27,8.74,6.63,64.45
2022-05-13 00:00:00,30566.63,2094.51,50.5365,307.639,0.54662,0.0932533,33.56,9.69,7.15,69.3
2022-05-13 04:00:00,30164.88,2048.07,49.0633,296.1181,0.56514,0.0905065,33.51,9.99,7.16,67.96
2022-05-13 08:00:00,30664.4,2113.71,53.0697,309.9776,0.58692,0.0931533,36.19,11.25,7.58,72.5
2022-05-13 12:00:00,30302.61,2096.16,53.0202,301.4458,0.56867,0.0899178,35.68,11.18,7.32,70.79
2022-05-13 16:00:00,30065.2,2066.36,51.4713,295.6879,0.55376,0.0899402,33.31,10.67,7.17,69.24
2022-05-13 20:00:00,29314.32,2006.51,49.0072,290.6285,0.52908,0.0881503,32.18,10.45,7.13,67.73
2022-05-14 00:00:00,29547.12,2055.7,51.7989,293.9455,0.54547,0.0899144,32.62,10.65,7.32,68.7
2022-05-14 04:00:00,29435.34,2029.37,50.7356,286.5622,0.53248,0.0894363,31.75,10.48,6.98,67.87
2022-05-14 08:00:00,29047.95,1985.28,48.3463,281.654,0.51092,0.087516,30.76,10.34,6.78,65.95
2022-05-14 12:00:00,28849.8,1961.49,46.3774,277.8333,0.49446,0.0849653,29.88,9.88,6.67,64.63
2022-05-14 16:00:00,29334.38,1996.66,49.4894,286.864,0.51389,0.0869419,31.29,10.87,6.99,67.04
2022-05-14 20:00:00,30086.0,2055.7,52.4398,297.0692,0.53747,0.09,33.94,11.28,7.26,69.18
2022-05-15 00:00:00,29752.91,2014.96,50.1858,289.5146,0.52025,0.087276,32.44,10.95,7.04,66.88
2022-05-15 04:00:00,29819.13,2034.34,51.4314,294.709,0.53485,0.0881647,33.35,11.01,7.24,67.86
2022-05-15 08:00:00,30224.16,2083.23,53.4489,302.5184,0.55885,0.0898841,34.85,11.15,7.48,68.84
2022-05-15 12:00:00,30018.32,2064.4,52.9106,297.3294,0.54477,0.0888248,34.45,10.79,7.55,67.86
2022-05-15 16:00:00,30461.69,2103.44,55.068,303.657,0.58128,0.0908407,35.17,11.44,7.67,69.87
2022-05-15 20:00:00,31347.35,2146.0,58.6569,312.3008,0.59816,0.0930837,36.57,11.82,7.98,71.32
2022-05-16 00:00:00,30306.95,2077.33,56.1188,301.2759,0.57843,0.0901895,34.15,11.25,7.59,68.35
2022-05-16 04:00:00,29599.53,2010.97,53.7773,293.973,0.559,0.0874512,33.28,10.91,7.18,66.15
2022-05-16 08:00:00,29950.62,2030.9,53.8163,299.7912,0.56594,0.0878669,32.82,10.89,7.37,67.15
2022-05-16 12:00:00,29676.31,2014.78,53.3599,296.0776,0.55614,0.087259,32.65,10.6,7.36,66.65
2022-05-16 16:00:00,29592.15,2006.24,53.989,297.6214,0.55544,0.0869508,32.94,10.61,7.38,67.25
2022-05-16 20:00:00,29878.68,2021.8,53.7185,297.17,0.55691,0.0878997,32.54,10.66,7.43,66.94
2022-05-17 00:00:00,30363.5,2073.74,55.7182,306.0517,0.56932,0.089847,34.24,11.07,7.71,70.85
2022-05-17 04:00:00,30431.24,2070.21,55.9297,304.4216,0.57655,0.0895418,33.86,11.09,7.78,70.35
2022-05-17 08:00:00,30314.09,2080.34,55.7091,306.716,0.5812,0.0893379,34.17,10.89,7.71,70.73
2022-05-17 12:00:00,30137.22,2062.01,55.0968,303.1258,0.57413,0.0889636,33.43,10.81,7.59,71.34
2022-05-17 16:00:00,30051.72,2047.55,55.0613,301.2611,0.56631,0.0893001,33.35,10.74,7.57,71.72
2022-05-17 20:00:00,30449.21,2089.66,57.1027,305.9733,0.57779,0.0902568,34.46,11.08,7.71,73.08
2022-05-18 00:00:00,29826.34,2039.31,55.0365,300.9163,0.55888,0.0886759,33.3,10.48,7.42,71.21
2022-05-18 04:00:00,29918.48,2038.81,55.4917,300.2107,0.56428,0.0886277,33.55,10.46,7.44,71.35
2022-05-18 08:00:00,29833.16,2030.27,54.198,301.8189,0.55588,0.0886215,33.09,10.35,7.51,71.92
2022-05-18 12:00:00,28987.7,1956.32,50.4525,291.1431,0.52229,0.0849074,30.49,9.88,6.95,67.28
2022-05-18 16:00:00,29278.07,1984.82,51.738,296.57,0.53242,0.0857515,31.07,10.06,7.1,68.35
2022-05-18 20:00:00,28655.07,1914.16,49.8964,287.5441,0.50566,0.0833047,29.57,9.48,6.77,65.9
2022-05-19 00:00:00,29197.86,1953.35,50.6327,295.461,0.51795,0.0844755,29.78,9.74,6.92,67.41
2022-05-19 04:00:00,29192.45,1951.5,51.1074,298.918,0.51528,0.0845261,29.4,9.69,6.87,67.47
2022-05-19 08:00:00,29483.27,1966.92,51.2307,301.9507,0.53068,0.085191,29.27,10.06,6.97,68.54
2022-05-19 12:00:00,30396.85,2023.49,53.2563,306.4337,0.54036,0.0868281,31.16,10.16,7.23,72.12
2022-05-19 16:00:00,29975.0,1997.46,51.5966,303.8607,0.5243,0.0859185,29.58,9.96,7.07,70.68
2022-05-19 20:00:00,30321.04,2019.89,52.2293,307.0476,0.53279,0.0872507,30.41,10.06,7.22,72.14
2022-05-20 00:00:00,30180.25,2024.95,51.5055,307.9858,0.53058,0.0864974,29.68,9.94,7.08,69.29
2022-05-20 04:00:00,30246.4,2025.3,52.1775,306.884,0.53079,0.0861573,30.03,9.89,6.98,70.14
2022-05-20 08:00:00,30411.57,2053.95,53.2217,315.1749,0.53987,0.0871999,31.32,10.16,7.28,71.24
2022-05-20 12:00:00,29138.19,1961.06,49.3884,298.9916,0.51011,0.0835002,28.65,9.62,6.85,67.86
2022-05-20 16:00:00,29330.35,1968.22,50.1429,302.5477,0.51292,0.0840909,29.42,9.77,6.99,69.0
2022-05-20 20:00:00,29203.99,1958.38,49.4025,302.4048,0.516,0.0837155,28.76,9.68,6.88,68.86
2022-05-21 00:00:00,29257.83,1969.65,50.1349,303.0709,0.52262,0.084225,29.45,9.72,6.97,69.69
2022-05-21 04:00:00,29426.42,1980.28,50.0502,306.2626,0.52912,0.0843871,29.49,9.82,7.01,69.79
2022-05-21 08:00:00,29277.57,1969.58,49.3853,306.5408,0.52788,0.0839728,29.11,9.73,6.93,69.17
2022-05-21 12:00:00,29539.16,1980.27,50.7088,311.6704,0.53693,0.0852971,29.94,9.92,7.07,70.21
2022-05-21 16:00:00,29462.0,1983.54,50.2674,313.0679,0.52894,0.0845151,29.59,9.88,7.05,69.84
2022-05-21 20:00:00,29441.37,1975.6,50.315,312.4176,0.52843,0.0844781,29.89,10.05,7.08,69.85
2022-05-22 00:00:00,29374.41,1974.05,50.1557,316.5865,0.5266,0.0844801,29.72,9.94,7.04,69.9
2022-05-22 04:00:00,29439.5,1976.72,50.1911,314.8523,0.53422,0.0846313,29.62,10.07,7.03,70.39
2022-05-22 08:00:00,29892.97,2016.97,51.4667,317.2098,0.54217,0.0853769,30.16,10.09,7.25,71.59
2022-05-22 12:00:00,29832.72,2004.0,51.7727,316.8068,0.53604,0.0852107,31.52,10.12,7.21,71.03
2022-05-22 16:00:00,29932.75,2006.46,51.3414,317.4418,0.5345,0.0849112,31.07,10.04,7.29,70.86
2022-05-22 20:00:00,30286.69,2042.49,52.4857,319.2405,0.54118,0.0859992,31.73,10.15,7.39,71.95
2022-05-23 00:00:00,30151.83,2028.83,52.2013,320.5649,0.54257,0.0855509,31.23,10.02,7.24,71.16
2022-05-23 04:00:00,30452.56,2068.58,53.5272,328.4607,0.54991,0.087911,32.07,10.35,7.48,72.52
2022-05-23 08:00:00,30392.41,2069.12,54.0174,332.2034,0.55134,0.0874012,32.16,10.41,7.55,73.4
2022-05-23 12:00:00,30394.0,2066.02,53.8651,333.7821,0.55327,0.0871999,31.89,10.63,7.56,72.83
2022-05-23 16:00:00,29097.22,1982.74,50.0816,323.3413,0.51758,0.083664,29.92,10.19,7.19,68.95
2022-05-23 20:00:00,29092.0,1973.4,49.0741,317.1216,0.51205,0.083138,29.03,9.9,7.05,69.15
2022-05-24 00:00:00,29298.25,1989.06,49.8582,326.8602,0.52201,0.0841887,29.22,10.03,7.06,69.81
2022-05-24 04:00:00,29409.45,1984.69,49.9041,328.0737,0.52087,0.0842164,29.26,9.99,7.04,69.45
2022-05-24 08:00:00,29298.94,1966.12,49.5328,323.2185,0.51485,0.0837115,28.62,9.83,7.0,69.58
2022-05-24 12:00:00,29381.99,1967.64,50.1182,322.3093,0.51708,0.0827472,28.8,9.99,7.08,69.62
2022-05-24 16:00:00,29380.2,1961.2,49.1131,323.0548,0.51321,0.0829732,28.45,10.04,7.06,70.22
2022-05-24 20:00:00,29663.83,1979.57,49.6749,328.3914,0.52152,0.0834937,29.06,10.17,7.22,70.36
2022-05-25 00:00:00,30170.0,2012.99,50.2692,336.0396,0.52864,0.0840738,29.54,10.3,7.33,71.07
2022-05-25 04:00:00,29700.12,1977.42,48.7842,329.8932,0.51541,0.0828858,28.37,10.01,7.13,69.69
2022-05-25 08:00:00,29408.11,1944.6,47.7142,325.3005,0.50955,0.0822207,27.77,9.96,6.97,68.31
2022-05-25 12:00:00,29632.49,1966.59,48.2397,327.5995,0.51377,0.082875,27.96,9.94,7.04,68.74
2022-05-25 16:00:00,29596.74,1951.55,48.31,326.1461,0.51295,0.0828554,27.35,9.93,7.0,68.21
2022-05-25 20:00:00,29540.5,1942.49,47.9613,325.6839,0.51435,0.0830281,27.21,9.86,6.95,68.33
2022-05-26 00:00:00,29841.45,1950.34,48.227,327.93,0.51424,0.0831171,27.66,9.9,6.99,68.09
2022-05-26 04:00:00,29732.03,1928.82,46.3911,321.4863,0.50445,0.0806748,25.52,9.74,6.81,66.34
2022-05-26 08:00:00,29003.6,1817.46,43.7333,311.1201,0.48452,0.0779748,24.22,9.2,6.45,62.6
2022-05-26 12:00:00,29396.1,1863.43,45.1274,313.2557,0.49107,0.0793945,24.94,9.39,6.72,64.14
2022-05-26 16:00:00,29391.72,1826.92,44.0537,308.8508,0.48081,0.0785999,24.08,9.18,6.61,63.75
2022-05-26 20:00:00,29218.87,1793.29,43.4356,302.9879,0.47882,0.0779489,23.44,9.11,6.57,63.49
2022-05-27 00:00:00,29011.99,1767.81,42.7206,302.1799,0.47052,0.0787,22.87,9.02,6.51,62.96
2022-05-27 04:00:00,28985.07,1764.93,41.0092,298.3417,0.46145,0.0775879,22.48,8.89,6.48,62.67
2022-05-27 08:00:00,28908.11,1771.26,41.6033,301.354,0.46418,0.0781583,22.31,9.67,6.54,63.05
2022-05-27 12:00:00,28850.74,1764.4,42.162,302.1031,0.45979,0.083325,22.96,9.55,6.48,63.0
2022-05-27 16:00:00,28848.1,1751.86,41.7691,301.2291,0.45774,0.0806774,22.15,9.25,6.37,62.29
2022-05-27 20:00:00,28625.99,1725.0,41.1564,301.2683,0.45581,0.0810727,22.51,9.11,6.28,61.53
2022-05-28 00:00:00,28821.84,1762.77,41.3243,300.853,0.45649,0.0820985,22.78,9.23,6.35,62.26
2022-05-28 04:00:00,28903.0,1766.21,41.715,302.2367,0.45996,0.0822285,22.95,9.18,6.4,62.24
2022-05-28 08:00:00,28835.6,1774.75,41.6143,301.9788,0.45615,0.081173,22.74,9.37,6.44,63.11
2022-05-28 12:00:00,29006.62,1796.18,43.0185,307.2962,0.46384,0.0823348,24.56,9.44,6.55,63.31
2022-05-28 16:00:00,29019.79,1793.68,44.4,308.5351,0.46591,0.0816825,25.43,9.66,6.55,63.31
2022-05-28 20:00:00,29042.26,1792.14,44.2838,307.6701,0.46436,0.0817235,24.85,9.68,6.58,63.05
2022-05-29 00:00:00,28981.21,1777.53,42.3854,300.9558,0.46051,0.0806175,24.37,9.42,6.41,62.13
2022-05-29 04:00:00,28998.67,1783.74,42.3364,300.8061,0.46534,0.08079,24.74,9.43,6.41,62.57
2022-05-29 08:00:00,29222.58,1802.68,44.1212,302.9055,0.47179,0.0824004,26.05,9.61,6.59,63.43
2022-05-29 12:00:00,29222.24,1797.45,44.6655,303.4901,0.47183,0.0820867,26.11,9.82,6.67,63.52
2022-05-29 16:00:00,29120.86,1786.48,44.1831,302.084,0.4731,0.0816643,25.25,9.84,6.68,63.08
2022-05-29 20:00:00,29479.0,1812.53,44.9332,305.9782,0.48021,0.0826526,26.21,9.98,6.72,63.77
2022-05-30 00:00:00,30370.19,1880.13,45.9628,317.2154,0.51364,0.0845475,27.08,10.25,7.0,65.73
2022-05-30 04:00:00,30648.79,1907.94,47.0746,319.6886,0.5196,0.0860766,27.97,10.47,7.25,66.85
2022-05-30 08:00:00,30666.21,1902.78,46.0646,316.982,0.52302,0.085214,26.76,10.17,7.19,65.93
2022-05-30 12:00:00,30652.14,1911.77,45.8264,313.784,0.53626,0.0851361,27.05,10.31,7.19,66.42
2022-05-30 16:00:00,30654.52,1920.31,45.7559,313.9961,0.5329,0.0851867,26.93,10.25,7.15,66.97
2022-05-30 20:00:00,31760.68,1998.1,47.2618,321.904,0.56995,0.0878324,27.67,10.46,7.47,69.09
2022-05-31 00:00:00,31774.02,1994.9,47.6927,320.7762,0.58444,0.0876222,28.31,10.5,7.54,69.37
2022-05-31 04:00:00,31572.01,1971.03,46.3905,318.1392,0.65341,0.0863024,27.06,10.37,7.45,68.5
2022-05-31 08:00:00,31766.22,1977.81,46.6136,320.5499,0.65402,0.0861769,27.15,10.4,7.45,68.55
2022-05-31 12:00:00,32043.76,1987.93,46.3513,321.165,0.63391,0.0855048,27.01,10.41,7.58,68.75
2022-05-31 16:00:00,31657.2,1936.56,45.6368,318.9015,0.6002,0.085878,26.01,10.25,7.36,67.85
2022-05-31 20:00:00,31785.26,1940.77,45.7367,320.8154,0.62659,0.0856804,26.3,10.33,7.58,68.21
2022-06-01 00:00:00,31649.21,1930.02,44.8334,319.367,0.60169,0.085522,25.94,10.1,7.49,68.96
2022-06-01 04:00:00,31475.94,1930.85,44.55,317.1879,0.60437,0.085957,25.51,10.29,7.49,67.98
2022-06-01 08:00:00,31604.88,1939.0,44.6206,316.7777,0.60428,0.0867164,25.7,10.39,7.49,67.85
2022-06-01 12:00:00,30729.75,1881.97,42.9002,305.3587,0.56873,0.0840656,24.67,10.03,7.2,65.74
2022-06-01 16:00:00,30139.19,1821.41,41.284,303.3453,0.55783,0.0819526,24.33,9.62,7.02,63.94
2022-06-01 20:00:00,29810.54,1818.2,40.1301,300.5803,0.55204,0.081073,23.68,9.46,6.92,62.58
2022-06-02 00:00:00,29722.09,1812.77,38.911,300.4221,0.56275,0.0806778,22.86,9.42,6.87,62.45
2022-06-02 04:00:00,29969.39,1825.91,39.6698,303.7197,0.57301,0.081467,23.6,9.48,6.97,63.41
2022-06-02 08:00:00,30179.62,1840.63,41.049,305.083,0.58424,0.0821681,24.12,9.63,7.07,63.92
2022-06-02 12:00:00,30212.68,1817.67,40.735,303.3109,0.58804,0.0817865,24.31,9.63,7.02,63.92
2022-06-02 16:00:00,30289.34,1820.07,40.4633,305.35,0.58325,0.082103,24.32,9.86,7.07,63.72
2022-06-02 20:00:00,30483.8,1833.97,40.8847,308.385,0.58771,0.0830315,24.65,9.89,7.24,64.26
2022-06-03 00:00:00,30534.25,1829.07,41.1443,308.4109,0.59072,0.0826899,24.16,9.82,7.07,64.57
2022-06-03 04:00:00,30461.6,1814.96,40.3545,305.9214,0.58693,0.082067,23.96,9.79,7.05,64.16
2022-06-03 08:00:00,29762.4,1762.02,38.25,296.1036,0.55529,0.080897,22.75,9.33,6.78,61.84
2022-06-03 12:00:00,29510.92,1764.04,38.0608,295.5777,0.54562,0.0799562,22.84,9.26,6.8,61.66
2022-06-03 16:00:00,29579.59,1751.03,38.1895,296.8246,0.55814,0.080677,22.89,9.36,6.77,61.95
2022-06-03 20:00:00,29704.16,1775.72,38.2909,298.3211,0.56002,0.0801016,23.0,9.38,6.86,62.81
2022-06-04 00:00:00,29553.66,1753.0,36.2243,295.6051,0.55097,0.0798201,22.35,9.2,6.74,61.85
2022-06-04 04:00:00,29699.92,1768.67,37.3065,298.3498,0.56319,0.0819564,23.25,9.36,6.89,62.76
2022-06-04 08:00:00,29682.1,1767.38,36.9964,299.2205,0.55467,0.0812204,23.03,9.32,6.91,62.74
2022-06-04 12:00:00,29851.56,1778.39,37.8024,301.3295,0.56044,0.0815391,23.32,9.42,6.96,63.35
2022-06-04 16:00:00,29658.05,1771.8,37.4745,300.3264,0.55871,0.0813606,23.2,9.41,7.02,63.4
2022-06-04 20:00:00,29857.95,1805.31,38.9965,301.2489,0.56661,0.081815,24.58,9.45,7.4,63.82
2022-06-05 00:00:00,29761.91,1792.58,38.1899,297.5435,0.5649,0.081,24.2,9.37,7.38,62.93
2022-06-05 04:00:00,29653.72,1786.75,38.7835,298.2165,0.56116,0.0812737,24.76,9.36,7.29,63.02
2022-06-05 08:00:00,29725.45,1789.47,39.4818,297.1968,0.55883,0.0817056,24.58,9.33,7.34,62.88
2022-06-05 12:00:00,29969.26,1811.48,39.8464,299.0045,0.56496,0.0817911,24.63,9.43,7.56,63.15
2022-06-05 16:00:00,30074.19,1821.38,39.649,301.5152,0.57672,0.0818263,24.71,9.47,7.6,63.51
2022-06-05 20:00:00,29923.99,1805.46,38.4304,299.2037,0.56718,0.0811358,24.21,9.33,7.65,63.36
2022-06-06 00:00:00,31253.87,1878.35,41.811,307.2005,0.61818,0.0828913,26.49,9.85,8.01,65.55
2022-06-06 04:00:00,31280.54,1893.23,43.0673,309.5298,0.63731,0.083369,27.16,9.85,7.91,65.75
2022-06-06 08:00:00,31409.46,1908.11,43.835,307.3924,0.62455,0.0837216,26.92,9.78,7.97,65.71
2022-06-06 12:00:00,31547.04,1886.1,42.8691,303.4114,0.608,0.0831112,26.49,9.71,7.91,64.92
2022-06-06 16:00:00,31471.41,1863.34,42.1874,302.0521,0.60662,0.0818686,26.01,9.56,7.78,64.25
2022-06-06 20:00:00,31389.07,1857.54,42.419,295.3776,0.6097,0.0824451,26.02,9.5,7.97,64.13
2022-06-07 00:00:00,29587.55,1759.31,39.5624,284.6536,0.5905,0.0793437,24.02,9.1,7.58,61.4
2022-06-07 04:00:00,29592.25,1764.55,39.3275,285.2699,0.58787,0.0801119,23.91,9.06,7.68,61.45
2022-06-07 08:00:00,29519.72,1754.21,37.9885,276.7394,0.58327,0.0795,23.66,8.98,7.5,61.17
2022-06-07 12:00:00,29900.9,1783.0,39.1588,282.9262,0.61484,0.0804457,24.34,9.11,7.76,62.16
2022-06-07 16:00:00,31047.76,1846.69,40.2173,292.7851,0.63022,0.0812724,25.17,9.31,8.37,64.14
2022-06-07 20:00:00,31119.2,1813.05,39.3841,290.3234,0.61341,0.0808473,24.55,9.22,8.75,63.84
2022-06-08 00:00:00,30022.98,1778.3,38.6271,285.0458,0.63018,0.0796334,23.9,9.03,8.35,62.14
2022-06-08 04:00:00,30575.62,1808.49,39.1257,290.5404,0.63869,0.080087,24.55,9.15,8.44,62.6
2022-06-08 08:00:00,30418.18,1808.37,39.3233,290.7518,0.64358,0.079956,24.57,9.13,8.46,62.23
2022-06-08 12:00:00,30473.83,1813.8,39.6716,292.7048,0.66444,0.0802617,24.59,9.14,8.58,62.26
2022-06-08 16:00:00,30138.65,1791.19,38.7848,288.5823,0.64588,0.0794651,24.07,9.01,8.71,62.0
2022-06-08 20:00:00,30210.32,1792.55,38.8371,288.4843,0.64131,0.0792751,24.54,8.98,8.69,61.31
2022-06-09 00:00:00,30293.03,1800.57,39.1768,288.811,0.6441,0.0799237,24.08,9.1,8.68,61.47
2022-06-09 04:00:00,30486.87,1811.37,39.5223,290.2466,0.65172,0.0803105,24.64,9.24,8.81,61.87
2022-06-09 08:00:00,30292.78,1804.6,41.269,290.6553,0.64117,0.0798499,24.63,9.19,9.21,61.49
2022-06-09 12:00:00,30318.75,1798.63,40.2768,290.8938,0.64083,0.0799399,24.76,9.24,9.44,61.34
2022-06-09 16:00:00,30015.43,1782.08,39.5771,288.4158,0.62801,0.079114,24.21,9.18,9.14,60.32
2022-06-09 20:00:00,30106.6,1787.23,39.9592,289.5016,0.6321,0.0792315,24.43,9.24,9.29,59.97
2022-06-10 00:00:00,30122.87,1793.19,40.3072,290.9561,0.62876,0.0794057,24.65,9.27,9.43,60.16
2022-06-10 04:00:00,30056.59,1788.61,40.4525,290.0458,0.62325,0.0791303,24.33,9.23,9.11,59.95
2022-06-10 08:00:00,30022.59,1771.71,39.3611,289.2453,0.6139,0.0788623,24.03,9.16,8.9,59.42
2022-06-10 12:00:00,29481.21,1727.99,38.0053,290.532,0.58798,0.076907,22.91,8.85,8.62,57.62
2022-06-10 16:00:00,28969.86,1668.34,37.2638,285.281,0.57427,0.0754469,22.45,8.73,8.3,56.84
2022-06-10 20:00:00,29092.31,1663.13,37.1479,286.3429,0.57372,0.0757337,22.02,8.66,8.03,56.66
2022-06-11 00:00:00,29281.04,1669.92,37.5209,288.5605,0.58563,0.0757639,22.51,8.77,8.27,57.62
2022-06-11 04:00:00,29329.5,1667.41,37.6435,289.6241,0.60773,0.0762691,22.92,8.84,8.26,57.5
2022-06-11 08:00:00,28732.33,1574.86,35.4634,278.5764,0.57994,0.0724549,21.26,8.33,7.58,55.18
2022-06-11 12:00:00,28407.0,1516.93,33.7662,267.7393,0.55239,0.0692225,20.03,8.05,7.16,52.6
2022-06-11 16:00:00,28608.9,1547.74,34.1448,271.5417,0.5585,0.0712154,20.37,8.17,7.18,53.06
2022-06-11 20:00:00,28421.24,1532.56,33.8913,269.8813,0.55356,0.0698587,19.9,7.97,7.02,52.06
2022-06-12 00:00:00,27569.9,1468.6,32.435,257.7661,0.51856,0.0660533,18.57,7.69,6.65,49.71
2022-06-12 04:00:00,27656.06,1472.02,33.1088,258.4583,0.52132,0.0661151,18.86,7.7,6.77,49.96
2022-06-12 08:00:00,27454.55,1469.56,32.7339,258.5765,0.51519,0.065906,18.39,7.68,6.7,50.05
2022-06-12 12:00:00,28096.35,1526.06,34.0062,264.1671,0.53443,0.0674349,19.04,8.0,7.0,51.4
2022-06-12 16:00:00,27438.06,1480.11,32.6355,262.3727,0.51731,0.066404,18.57,7.78,6.75,50.3
2022-06-12 20:00:00,26605.92,1436.68,30.625,254.9631,0.4907,0.0635891,17.27,7.4,6.28,47.97
2022-06-13 00:00:00,25510.41,1350.08,28.8603,240.6556,0.47727,0.0598851,16.37,7.14,5.96,45.46
2022-06-13 04:00:00,24810.78,1282.45,27.5093,232.1222,0.45217,0.0569223,15.59,6.76,5.7,44.47
2022-06-13 08:00:00,23744.52,1209.78,26.8511,220.9553,0.44953,0.0537169,14.98,6.49,5.35,42.15
2022-06-13 12:00:00,23276.85,1231.21,27.9224,224.1333,0.46944,0.054086,15.8,6.96,5.69,43.04
2022-06-13 16:00:00,23180.08,1231.52,28.3051,224.9236,0.4735,0.0559035,16.13,7.08,5.89,44.05
2022-06-13 20:00:00,22491.54,1210.38,28.5714,222.9251,0.46422,0.0540313,16.11,7.04,5.92,43.44
2022-06-14 00:00:00,22121.82,1171.7,28.8912,221.4671,0.47811,0.0554201,16.34,7.21,6.27,44.38
2022-06-14 04:00:00,22880.53,1240.4,31.0365,230.0619,0.51788,0.0578445,17.15,7.53,6.39,45.43
2022-06-14 08:00:00,21983.76,1174.22,29.0852,220.3324,0.49308,0.05549,16.27,7.22,6.17,44.08
2022-06-14 12:00:00,22706.78,1251.12,31.1046,227.3359,0.50445,0.0571106,16.76,7.45,6.43,45.63
2022-06-14 16:00:00,22206.61,1207.26,29.4691,222.0331,0.47501,0.0554047,16.15,7.27,6.6,45.4
2022-06-14 20:00:00,22129.68,1207.02,29.5165,223.0661,0.48269,0.05545,16.52,7.39,6.72,46.14
2022-06-15 00:00:00,21466.26,1172.48,28.76,216.608,0.46445,0.0535457,15.71,7.43,6.54,44.86
2022-06-15 04:00:00,20721.97,1094.44,27.6406,207.4244,0.45682,0.0518722,15.23,7.08,6.23,43.35
2022-06-15 08:00:00,21176.03,1119.6,28.8649,211.9835,0.47947,0.0534918,15.69,7.17,6.46,44.33
2022-06-15 12:00:00,21417.47,1119.9,29.4516,212.6206,0.47461,0.0542112,15.85,7.3,6.47,44.75
2022-06-15 16:00:00,21634.1,1170.93,31.4836,221.2293,0.51061,0.0584898,17.02,7.87,6.92,48.32
2022-06-15 20:00:00,22594.59,1239.72,34.7495,233.8128,0.53536,0.0628253,18.32,8.47,7.34,50.6
2022-06-16 00:00:00,22216.02,1212.71,33.8346,230.0261,0.51903,0.0603653,17.74,8.21,7.0,49.71
2022-06-16 04:00:00,21762.7,1164.47,32.5852,222.3192,0.50567,0.0578172,16.88,7.9,6.71,47.23
2022-06-16 08:00:00,21053.31,1111.27,31.2656,215.792,0.48856,0.0558197,16.25,7.49,6.29,44.73
2022-06-16 12:00:00,21053.65,1111.43,31.3135,214.8718,0.4907,0.056957,16.32,7.41,6.56,45.7
2022-06-16 16:00:00,20865.3,1096.57,30.8391,214.1929,0.48466,0.0558698,16.1,7.2,6.52,45.47
2022-06-16 20:00:00,20372.31,1068.98,30.1,209.9951,0.47624,0.0551217,15.7,7.01,6.3,44.23
2022-06-17 00:00:00,20390.95,1071.17,30.0221,213.1134,0.48264,0.0558649,15.88,7.13,6.4,45.71
2022-06-17 04:00:00,21094.06,1098.59,31.5937,219.7679,0.49881,0.0572264,16.34,7.32,6.57,47.42
2022-06-17 08:00:00,20973.61,1093.49,31.6096,217.9546,0.4913,0.057339,16.26,7.32,6.46,47.08
2022-06-17 12:00:00,20600.92,1085.31,31.2362,215.9844,0.4887,0.0563415,15.93,7.3,6.44,46.04
2022-06-17 16:00:00,20506.63,1081.54,31.2041,214.8521,0.48632,0.0564542,16.08,7.3,6.36,46.25
2022-06-17 20:00:00,20459.81,1086.32,30.5929,216.0294,0.4862,0.057018,16.07,7.28,6.33,47.55
2022-06-18 00:00:00,20453.15,1079.49,30.0356,211.9119,0.48489,0.0562703,15.77,7.17,6.11,47.44
2022-06-18 04:00:00,19256.89,1003.46,28.4647,201.2207,0.45916,0.052743,14.99,6.78,5.88,44.67
2022-06-18 08:00:00,19246.54,1004.42,30.0186,202.8379,0.46599,0.0541246,15.17,6.78,5.85,45.14
2022-06-18 12:00:00,18951.27,988.5,29.8146,198.5616,0.45793,0.0526925,14.94,6.82,5.76,45.0
2022-06-18 16:00:00,18057.79,913.12,28.0738,188.2376,0.43318,0.0503058,14.2,6.59,5.55,42.73
2022-06-18 20:00:00,18981.18,996.45,31.9668,197.3184,0.45632,0.0529161,14.84,7.06,5.94,47.39
2022-06-19 00:00:00,18295.61,952.61,30.0367,192.2039,0.44057,0.0518078,14.18,6.89,5.98,45.3
2022-06-19 04:00:00,18314.81,956.84,29.0942,192.7332,0.44506,0.0558697,14.05,6.92,6.05,46.35
2022-06-19 08:00:00,19689.17,1054.99,32.4156,206.4957,0.46647,0.0575014,15.26,7.24,6.32,50.3
2022-06-19 12:00:00,19830.48,1072.02,33.4919,208.7835,0.47071,0.058524,15.48,7.35,6.44,51.67
2022-06-19 16:00:00,20125.07,1099.79,33.183,211.6885,0.47281,0.0604544,15.61,7.43,6.63,55.16
2022-06-19 20:00:00,20573.02,1129.04,34.2838,215.1885,0.48532,0.0604783,16.16,7.52,6.56,54.33
2022-06-20 00:00:00,19981.31,1081.86,32.2318,209.1258,0.46896,0.0584505,15.62,7.31,6.46,52.89
2022-06-20 04:00:00,20084.81,1079.78,32.3524,206.662,0.46785,0.05814,15.75,7.36,6.34,52.22
2022-06-20 08:00:00,20820.01,1152.09,36.3415,215.8928,0.50465,0.0606713,17.68,7.97,6.95,53.6
2022-06-20 12:00:00,20826.38,1134.09,35.2704,217.7121,0.49921,0.0602648,17.39,7.81,7.13,52.72
2022-06-20 16:00:00,20090.1,1107.03,34.473,214.1302,0.48684,0.0591198,16.83,7.74,6.91,52.33
2022-06-20 20:00:00,20581.14,1127.99,35.2396,217.4886,0.49143,0.0604357,17.1,7.91,7.01,52.96
2022-06-21 00:00:00,20606.46,1129.92,35.1939,218.2183,0.49366,0.0603709,17.08,7.92,7.31,52.97
2022-06-21 04:00:00,21116.57,1149.25,36.8615,221.7378,0.4952,0.0608389,17.37,8.08,7.29,53.05
2022-06-21 08:00:00,20977.25,1141.95,37.1621,219.1118,0.4952,0.0635563,17.56,8.0,7.21,52.51
2022-06-21 12:00:00,21406.24,1169.32,37.96,225.1437,0.50048,0.0674293,17.99,8.09,7.37,54.25
2022-06-21 16:00:00,20891.43,1124.51,36.609,220.1011,0.48213,0.0654032,16.88,7.8,6.79,53.05
2022-06-21 20:00:00,20718.92,1124.93,36.3938,220.176,0.48112,0.0655359,16.94,7.75,6.87,53.52
2022-06-22 00:00:00,20316.0,1090.03,34.6976,215.5537,0.46422,0.0626122,16.15,7.47,6.66,51.28
2022-06-22 04:00:00,20099.0,1074.78,33.8747,211.8768,0.46001,0.0613395,16.1,7.41,6.62,50.89
2022-06-22 08:00:00,20500.98,1096.86,35.4674,215.7633,0.47228,0.0630895,16.75,7.6,6.84,52.29
2022-06-22 12:00:00,20078.05,1074.83,34.75,215.129,0.46684,0.0626306,16.55,7.54,6.7,51.74
2022-06-22 16:00:00,20122.91,1072.1,34.374,216.321,0.46747,0.06231,16.4,7.54,6.6,51.83
2022-06-22 20:00:00,19990.66,1049.16,34.0961,214.329,0.45899,0.0615739,16.06,7.42,6.62,52.13
2022-06-23 00:00:00,20231.69,1076.85,35.2461,218.2128,0.46733,0.0627435,16.64,7.53,6.81,54.2
2022-06-23 04:00:00,20458.87,1091.62,35.9658,222.4202,0.47086,0.0637841,17.36,7.59,6.91,55.16
2022-06-23 08:00:00,20630.62,1106.16,36.8781,225.1447,0.47207,0.0637117,17.79,7.64,7.0,54.39
2022-06-23 12:00:00,20351.84,1093.95,37.2091,222.8139,0.46801,0.0627919,17.4,7.55,6.75,54.27
2022-06-23 16:00:00,20906.29,1127.08,37.6079,228.964,0.47419,0.063666,17.88,7.72,6.91,55.46
2022-06-23 20:00:00,21113.1,1144.56,38.1571,228.986,0.47951,0.0640563,18.3,7.8,7.02,55.81
2022-06-24 00:00:00,21078.64,1149.61,38.8785,231.7738,0.49086,0.065281,19.53,8.0,7.11,55.81
2022-06-24 04:00:00,20913.87,1148.6,38.3354,231.1313,0.49207,0.0650051,19.29,7.92,7.08,55.72
2022-06-24 08:00:00,21168.55,1197.11,40.3124,236.9731,0.49788,0.0662255,19.61,8.14,7.2,56.45
2022-06-24 12:00:00,20872.64,1198.51,40.0572,234.9633,0.49064,0.0660517,19.26,8.09,7.07,55.19
2022-06-24 16:00:00,21257.4,1226.95,41.1311,238.8512,0.50251,0.0667327,19.49,8.18,7.22,55.38
2022-06-24 20:00:00,21232.7,1224.38,41.887,240.1706,0.49804,0.0671281,20.44,8.18,7.26,55.81
2022-06-25 00:00:00,21306.0,1224.29,41.3751,238.8041,0.50029,0.0677999,21.07,8.19,7.22,56.66
2022-06-25 04:00:00,21502.25,1234.11,42.201,240.1952,0.50412,0.0683999,21.43,8.26,7.31,56.84
2022-06-25 08:00:00,21324.06,1216.83,41.8273,237.7988,0.4966,0.0676864,20.65,8.16,7.14,56.4
2022-06-25 12:00:00,20961.24,1183.99,39.878,230.6048,0.47989,0.0652687,19.95,7.78,6.84,55.13
2022-06-25 16:00:00,21200.47,1205.81,40.2614,235.7278,0.48839,0.0674107,20.37,8.0,6.94,58.75
2022-06-25 20:00:00,21492.57,1241.08,42.1989,239.9171,0.49794,0.0682141,21.35,8.14,7.3,59.04
2022-06-26 00:00:00,21431.15,1233.07,41.4532,238.1413,0.50057,0.0678836,21.01,8.07,7.2,59.99
2022-06-26 04:00:00,21382.07,1237.99,41.3157,238.6853,0.51977,0.0704754,21.03,8.21,7.22,58.92
2022-06-26 08:00:00,21708.78,1269.26,42.0968,243.3411,0.52285,0.0732482,21.47,8.4,7.35,59.65
2022-06-26 12:00:00,21325.32,1224.32,40.596,239.6114,0.5094,0.0742931,20.93,8.11,7.02,58.09
2022-06-26 16:00:00,21300.0,1226.24,40.6862,237.7785,0.50222,0.0728674,20.4,8.01,7.02,58.34
2022-06-26 20:00:00,21047.27,1198.48,39.4146,233.9662,0.4901,0.07298,19.62,7.83,6.7,56.59
2022-06-27 00:00:00,21178.76,1221.43,40.2154,237.9435,0.4991,0.0750493,20.18,7.99,6.93,57.83
2022-06-27 04:00:00,21362.73,1227.43,40.6592,239.2894,0.50204,0.07679,20.78,8.04,6.95,58.49
2022-06-27 08:00:00,21303.95,1219.6,40.2939,238.1762,0.50231,0.076372,20.89,8.11,6.83,57.96
2022-06-27 12:00:00,20753.93,1187.29,38.7064,234.0753,0.492,0.0716868,19.96,7.95,6.59,56.11
2022-06-27 16:00:00,20857.5,1196.72,38.3608,233.5078,0.48565,0.0719171,19.32,7.77,6.53,55.66
2022-06-27 20:00:00,20729.39,1192.16,38.4683,233.7243,0.48505,0.0721168,19.33,7.73,6.55,55.72
2022-06-28 00:00:00,20734.26,1181.79,37.7696,234.5946,0.48253,0.0701693,19.11,7.58,6.49,54.73
2022-06-28 04:00:00,20888.41,1208.19,38.6186,237.5493,0.48828,0.0715907,19.59,7.74,6.55,55.54
2022-06-28 08:00:00,20999.5,1223.44,39.2411,239.1169,0.48957,0.0718509,19.6,7.88,6.67,56.38
2022-06-28 12:00:00,20601.88,1183.51,37.0871,234.912,0.47767,0.0684583,19.18,7.59,6.56,54.19
2022-06-28 16:00:00,20254.96,1156.38,35.9393,232.5418,0.47301,0.0676116,18.82,7.52,6.4,53.33
2022-06-28 20:00:00,20280.68,1144.58,35.329,227.0438,0.46921,0.0660009,18.12,7.33,6.32,52.69
2022-06-29 00:00:00,20284.76,1146.53,35.5196,224.8168,0.47151,0.0666814,18.41,7.29,6.4,52.95
2022-06-29 04:00:00,20086.14,1130.84,35.372,220.6547,0.46995,0.0657837,18.31,7.26,6.36,52.6
2022-06-29 08:00:00,20101.37,1118.68,34.9706,219.918,0.46893,0.0661694,17.75,7.17,6.35,52.2
2022-06-29 12:00:00,20079.09,1113.35,34.6198,218.8892,0.46698,0.0671085,17.7,7.21,6.35,53.12
2022-06-29 16:00:00,20223.58,1117.39,34.4382,220.9767,0.46952,0.0700534,17.87,7.14,6.37,53.89
2022-06-29 20:00:00,20117.99,1099.72,34.068,219.4854,0.4664,0.0693681,17.79,7.05,6.24,53.73
2022-06-30 00:00:00,20081.77,1093.93,33.0086,219.1023,0.46228,0.0685041,17.32,6.9,6.2,53.04
2022-06-30 04:00:00,19432.48,1058.07,31.9492,211.4712,0.45164,0.0652925,16.5,6.79,6.03,51.79
2022-06-30 08:00:00,19101.91,1018.52,31.7067,208.7268,0.44056,0.0631036,16.1,6.71,5.92,50.61
2022-06-30 12:00:00,19143.12,1031.96,32.0641,212.1751,0.44515,0.0650833,16.37,6.8,6.06,51.34
2022-06-30 16:00:00,18923.99,1021.61,32.05,212.5809,0.44545,0.0640671,16.26,6.8,6.02,51.21
2022-06-30 20:00:00,19940.13,1071.1,33.7713,219.1884,0.45935,0.0663203,16.94,7.06,6.27,53.94
2022-07-01 00:00:00,19727.04,1054.66,33.7197,221.5554,0.45525,0.0660005,16.71,6.85,6.2,53.55
2022-07-01 04:00:00,19573.97,1067.22,33.2305,223.1457,0.45733,0.0661677,16.38,6.77,6.12,51.51
2022-07-01 08:00:00,19189.74,1050.23,32.261,218.6732,0.44539,0.0649075,16.01,6.71,5.99,50.77
2022-07-01 12:00:00,19287.04,1057.49,32.3243,214.8873,0.44507,0.0648299,15.98,6.68,5.98,50.33
2022-07-01 16:00:00,19386.65,1067.58,33.2253,217.7454,0.45039,0.0661124,16.48,6.83,6.08,51.3
2022-07-01 20:00:00,19272.73,1058.27,32.8503,216.6796,0.44846,0.0660905,16.04,6.71,6.04,50.96
2022-07-02 00:00:00,19127.96,1037.66,32.1696,215.0437,0.44569,0.0663569,15.99,6.67,6.02,50.62
2022-07-02 04:00:00,19120.33,1041.93,32.4418,215.5634,0.44562,0.0668198,16.21,6.72,6.13,50.81
2022-07-02 08:00:00,19193.67,1043.81,32.7749,216.6432,0.45098,0.0669343,16.25,6.82,6.16,50.77
2022-07-02 12:00:00,19231.0,1052.75,32.867,216.147,0.44844,0.0667178,16.27,6.75,6.12,50.05
2022-07-02 16:00:00,19274.32,1065.05,33.1251,217.9795,0.458,0.0666999,16.4,6.84,6.18,50.65
2022-07-02 20:00:00,19253.68,1066.25,33.3705,218.1761,0.45601,0.0667299,16.3,6.83,6.22,50.54
2022-07-03 00:00:00,19267.89,1062.58,33.1051,219.2242,0.45276,0.0663078,16.29,6.77,6.15,50.56
2022-07-03 04:00:00,19128.14,1063.75,32.8654,218.5638,0.44961,0.0660544,16.09,6.73,6.1,50.13
2022-07-03 08:00:00,19091.17,1061.42,32.9777,218.1607,0.44959,0.06594,16.12,6.72,6.13,50.3
2022-07-03 12:00:00,19047.02,1050.74,32.3379,214.6261,0.44723,0.0654069,15.94,6.68,6.08,49.45
2022-07-03 16:00:00,19500.23,1076.36,33.4323,218.8386,0.4567,0.0670389,16.47,6.93,6.22,51.13
2022-07-03 20:00:00,19311.49,1073.97,33.4189,219.2581,0.45619,0.0672515,16.66,6.82,6.21,50.85
2022-07-04 00:00:00,19124.18,1051.85,32.6201,215.8888,0.44627,0.066526,16.37,6.73,6.03,50.0
2022-07-04 04:00:00,19122.84,1051.19,32.7807,216.6152,0.44819,0.0661986,16.67,6.73,6.06,49.86
2022-07-04 08:00:00,19808.15,1101.11,34.3675,223.5918,0.46652,0.0681691,17.25,6.95,6.32,51.31
2022-07-04 12:00:00,19799.11,1113.59,34.281,225.8296,0.45388,0.0682585,17.29,7.01,6.24,51.42
2022-07-04 16:00:00,19830.26,1122.98,34.8848,227.4345,0.45862,0.0680043,17.43,6.99,6.28,51.52
2022-07-04 20:00:00,20238.1,1150.91,36.6903,231.6459,0.46992,0.0695114,17.91,7.19,6.46,52.3
2022-07-05 00:00:00,20315.74,1153.1,35.815,233.4188,0.46692,0.0695439,17.89,7.06,6.41,51.85
2022-07-05 04:00:00,20212.06,1157.78,35.925,233.8366,0.467,0.0687573,17.92,7.06,6.45,51.92
2022-07-05 08:00:00,19526.33,1112.14,33.9907,226.8867,0.45142,0.0661986,16.97,6.79,6.19,49.6
2022-07-05 12:00:00,19519.67,1093.15,33.8588,225.087,0.44898,0.0662734,17.0,6.74,6.13,48.28
2022-07-05 16:00:00,20392.02,1146.17,35.6858,231.6628,0.45769,0.0683696,17.8,6.88,6.36,50.56
2022-07-05 20:00:00,20185.21,1132.74,35.4422,230.8805,0.45815,0.06704,18.04,6.81,6.33,49.82
2022-07-06 00:00:00,19952.31,1130.65,35.5548,232.1827,0.45467,0.0670009,18.14,6.82,6.19,49.81
2022-07-06 04:00:00,20160.14,1138.34,35.9284,234.2312,0.45711,0.0676655,18.55,6.85,6.36,50.02
2022-07-06 08:00:00,20108.52,1133.61,35.6457,236.6336,0.45548,0.0674863,18.31,6.89,6.28,49.97
2022-07-06 12:00:00,20146.15,1133.66,35.7332,235.962,0.45676,0.0667606,18.38,6.89,6.21,49.91
2022-07-06 16:00:00,20325.87,1152.91,36.2224,237.4916,0.45865,0.0680728,18.94,6.86,6.26,49.96
2022-07-06 20:00:00,20567.15,1186.83,37.0602,238.5831,0.46219,0.0683789,19.16,6.94,6.33,50.29
2022-07-07 00:00:00,20485.69,1174.89,37.1165,236.849,0.46409,0.068665,19.41,6.94,6.36,50.04
2022-07-07 04:00:00,20444.02,1177.04,36.838,237.1037,0.46527,0.0682977,19.32,6.94,6.37,50.01
2022-07-07 08:00:00,20511.89,1185.66,37.2388,237.5467,0.46554,0.06926,19.46,7.03,6.48,49.96
2022-07-07 12:00:00,20891.68,1219.48,38.2733,240.5117,0.46973,0.0700775,19.86,7.1,6.6,51.25
2022-07-07 16:00:00,21833.61,1248.59,39.0458,243.2851,0.48041,0.0712261,20.49,7.3,6.74,52.08
2022-07-07 20:00:00,21624.52,1236.86,38.4829,241.6398,0.47744,0.0705658,20.21,7.31,6.64,52.24
2022-07-08 00:00:00,22128.61,1258.78,38.6378,244.6786,0.48323,0.0720954,20.73,7.32,6.7,53.54
2022-07-08 04:00:00,21801.39,1240.97,37.5179,240.6682,0.47578,0.0704681,20.03,7.22,6.61,53.13
2022-07-08 08:00:00,21586.21,1219.1,37.1513,239.3397,0.46905,0.0693403,19.75,7.04,6.45,51.98
2022-07-08 12:00:00,21952.98,1234.81,38.5571,242.2636,0.47155,0.0701211,20.34,7.12,6.39,51.98
2022-07-08 16:00:00,21817.74,1240.08,38.9568,241.9027,0.46714,0.0702042,20.1,7.16,6.48,51.98
2022-07-08 20:00:00,21601.94,1214.23,38.1211,240.2706,0.46596,0.0689235,19.76,7.03,6.34,51.17
2022-07-09 00:00:00,21607.92,1216.25,38.3038,242.5089,0.47253,0.0692547,19.78,7.1,6.42,52.01
2022-07-09 04:00:00,21653.49,1224.34,38.5945,244.4359,0.47906,0.0699095,20.03,7.24,6.5,52.44
2022-07-09 08:00:00,21446.04,1210.09,38.1903,241.3926,0.4755,0.0690206,19.88,7.23,6.39,51.63
2022-07-09 12:00:00,21548.38,1216.08,38.0957,242.5076,0.47774,0.069395,19.88,7.24,6.43,52.3
2022-07-09 16:00:00,21622.1,1218.18,38.3711,242.751,0.48121,0.0695372,20.02,7.25,6.49,53.39
2022-07-09 20:00:00,21585.81,1216.87,38.1149,243.5129,0.47809,0.0693309,19.91,7.28,6.51,54.08
2022-07-10 00:00:00,21294.04,1188.28,37.3767,235.8352,0.47049,0.0681735,19.43,7.05,6.34,53.96
2022-07-10 04:00:00,21333.73,1190.26,37.2468,236.8305,0.47228,0.0682309,19.69,7.07,6.38,54.57
2022-07-10 08:00:00,21301.66,1183.58,36.9411,236.0735,0.46891,0.0678778,19.2,7.02,6.31,54.49
2022-07-10 12:00:00,20898.92,1163.35,36.6173,232.8604,0.45878,0.0667351,18.95,6.81,6.16,51.98
2022-07-10 16:00:00,20920.98,1173.86,37.2936,234.4682,0.46332,0.0672163,19.25,6.87,6.2,51.42
2022-07-10 20:00:00,20857.32,1166.63,36.7227,234.8369,0.46184,0.0673165,19.17,6.85,6.2,52.16
2022-07-11 00:00:00,20546.79,1155.62,35.8042,231.7354,0.4531,0.0660266,18.62,6.8,6.19,51.38
2022-07-11 04:00:00,20441.32,1143.15,35.2073,229.5212,0.45283,0.0652183,18.35,6.75,6.28,51.06
2022-07-11 08:00:00,20471.94,1143.16,35.1185,231.8447,0.45284,0.0644584,18.36,6.82,6.21,51.31
2022-07-11 12:00:00,20436.6,1143.21,35.2066,231.5998,0.44679,0.0639749,18.29,6.8,6.28,50.56
2022-07-11 16:00:00,20507.63,1141.75,35.2854,231.7388,0.44673,0.0638594,18.3,6.83,6.3,50.55
2022-07-11 20:00:00,19963.13,1097.23,33.4211,226.0314,0.43523,0.0616827,17.34,6.53,6.05,48.82
2022-07-12 00:00:00,19947.8,1084.86,33.6246,224.9361,0.43691,0.0619846,17.54,6.53,6.11,48.71
2022-07-12 04:00:00,19729.9,1069.29,33.4655,223.2529,0.43224,0.0617304,17.43,6.48,6.12,48.08
2022-07-12 08:00:00,19783.29,1066.6,33.9967,223.8285,0.43196,0.0613599,17.73,6.5,6.14,48.19
2022-07-12 12:00:00,19881.45,1075.62,34.1871,226.3036,0.43364,0.0615274,17.82,6.5,6.19,48.55
2022-07-12 16:00:00,19404.69,1041.17,32.9551,222.3295,0.42687,0.0604742,17.15,6.41,6.07,47.51
2022-07-12 20:00:00,19328.04,1037.36,32.6846,220.4077,0.41659,0.0597772,16.74,6.28,5.94,47.48
2022-07-13 00:00:00,19474.23,1052.62,33.0604,222.8933,0.41998,0.0603458,16.99,6.37,6.01,47.84
2022-07-13 04:00:00,19705.43,1069.92,33.7044,225.7619,0.42805,0.0614247,17.41,6.45,6.11,48.83
2022-07-13 08:00:00,19841.54,1082.16,33.977,226.3762,0.42882,0.0615747,17.59,6.46,6.12,48.62
2022-07-13 12:00:00,19456.16,1061.28,33.2623,222.8606,0.41718,0.0594869,17.41,6.24,5.92,47.75
2022-07-13 16:00:00,19662.7,1077.06,33.6778,224.7651,0.42088,0.0600654,17.89,6.3,6.01,48.25
2022-07-13 20:00:00,20237.45,1115.31,34.9482,230.4514,0.43852,0.0619797,18.84,6.46,6.19,49.58
2022-07-14 00:00:00,20218.17,1111.77,34.5602,232.1575,0.43423,0.0615606,18.76,6.46,6.19,49.26
2022-07-14 04:00:00,19991.23,1097.45,34.3407,230.5554,0.42757,0.0603774,18.41,6.43,6.12,48.95
2022-07-14 08:00:00,19742.41,1081.79,33.8153,228.7249,0.42005,0.0595261,17.97,6.32,6.01,48.43
2022-07-14 12:00:00,20384.25,1141.35,35.1971,236.4634,0.43196,0.0613201,18.69,6.54,6.23,50.05
2022-07-14 16:00:00,20612.92,1193.01,36.3648,237.5557,0.44014,0.0621808,19.67,6.74,6.29,51.0
2022-07-14 20:00:00,20589.95,1193.4,37.1653,238.0363,0.4416,0.0624136,19.75,6.73,6.26,51.31
2022-07-15 00:00:00,20617.18,1201.48,37.3845,237.8753,0.443,0.0621868,19.88,6.69,6.3,51.25
2022-07-15 04:00:00,20831.65,1212.6,37.4688,238.6022,0.44278,0.063288,19.85,6.78,6.27,51.28
2022-07-15 08:00:00,20771.34,1211.09,37.7291,237.3939,0.43554,0.0631483,19.81,6.86,6.24,50.96
2022-07-15 12:00:00,20798.35,1222.25,37.6951,237.8722,0.43736,0.0630448,19.26,6.83,6.23,51.6
2022-07-15 16:00:00,21162.33,1266.41,38.7878,241.79,0.44765,0.0638115,19.9,6.94,6.39,52.34
2022-07-15 20:00:00,20832.31,1231.16,37.3787,238.6973,0.44212,0.062687,19.36,6.82,6.33,51.71
2022-07-16 00:00:00,20738.74,1222.02,37.2081,237.4465,0.4385,0.0626945,19.31,6.73,6.28,51.47
2022-07-16 04:00:00,20547.41,1197.48,36.429,234.5243,0.43244,0.06175,18.78,6.57,6.15,51.08
2022-07-16 08:00:00,20619.04,1198.26,36.7547,235.7408,0.43484,0.0621041,19.06,6.62,6.19,51.41
2022-07-16 12:00:00,20943.42,1276.39,37.9373,240.1039,0.44607,0.0631388,20.18,6.85,6.32,52.37
2022-07-16 16:00:00,21188.32,1336.04,39.4232,248.4357,0.45013,0.0639032,20.97,7.09,6.46,54.27
2022-07-16 20:00:00,21204.34,1356.25,39.6043,249.6167,0.45711,0.0642809,21.23,7.17,6.61,55.31
2022-07-17 00:00:00,21325.94,1351.29,39.91,253.977,0.45452,0.064392,21.12,7.18,6.55,55.57
2022-07-17 04:00:00,21467.12,1364.07,40.359,252.4196,0.4571,0.0646826,21.65,7.21,6.61,55.67
2022-07-17 08:00:00,21459.7,1363.8,39.8314,254.0726,0.45418,0.0642006,21.55,7.14,6.54,55.34
2022-07-17 12:00:00,21172.46,1348.43,39.2644,251.1674,0.45056,0.0634668,21.26,7.0,6.45,55.35
2022-07-17 16:00:00,21029.67,1347.65,39.0226,250.0464,0.4473,0.0638461,21.07,7.02,6.43,55.72
2022-07-17 20:00:00,20784.16,1338.23,38.637,247.9016,0.44756,0.0629699,20.59,6.94,6.33,55.56
2022-07-18 00:00:00,21283.62,1406.46,40.5426,254.3631,0.45847,0.0646654,21.93,7.22,6.55,57.29
2022-07-18 04:00:00,22244.42,1467.06,42.1309,261.553,0.47447,0.0661024,23.78,7.54,6.79,57.99
2022-07-18 08:00:00,22134.96,1477.7,41.6414,261.3004,0.48833,0.0663797,23.6,7.46,6.91,57.81
2022-07-18 12:00:00,22669.14,1520.0,42.3117,264.3232,0.4973,0.0682631,24.02,7.71,7.11,59.06
2022-07-18 16:00:00,21600.75,1471.85,40.0175,256.6103,0.4722,0.0656328,22.46,7.32,6.74,56.6
2022-07-18 20:00:00,22430.75,1581.25,43.5323,264.6188,0.48988,0.0674191,23.97,7.66,7.08,58.79
2022-07-19 00:00:00,21898.0,1517.69,43.0454,258.5563,0.47663,0.06607,23.42,7.59,6.83,56.41
2022-07-19 04:00:00,21773.05,1512.17,43.4698,258.1911,0.47888,0.0657084,23.2,7.59,6.81,56.66
2022-07-19 08:00:00,21978.47,1542.91,45.5426,260.8787,0.4881,0.066708,24.14,7.74,6.97,57.0
2022-07-19 12:00:00,23124.23,1541.2,46.5241,263.8888,0.50239,0.0683115,25.33,7.81,7.13,57.87
2022-07-19 16:00:00,23404.01,1561.48,45.4359,270.9362,0.50471,0.0690857,24.95,7.87,7.32,58.26
2022-07-19 20:00:00,23393.18,1542.58,44.8746,268.7212,0.51642,0.0689777,24.72,7.79,7.26,57.93
2022-07-20 00:00:00,23439.42,1561.99,45.4689,268.0341,0.52586,0.0697177,25.19,7.9,7.45,58.32
2022-07-20 04:00:00,23393.47,1532.77,44.4212,267.5381,0.53054,0.075377,24.95,7.83,7.37,58.01
2022-07-20 08:00:00,23728.31,1602.86,45.2862,268.8666,0.52698,0.0732449,25.21,7.86,7.3,58.52
2022-07-20 12:00:00,24171.01,1597.45,45.3888,270.1834,0.52772,0.0739853,25.52,7.96,7.34,60.85
2022-07-20 16:00:00,23662.95,1551.42,43.1876,263.7958,0.50524,0.0713685,24.27,7.68,7.06,58.92
2022-07-20 20:00:00,23221.98,1520.64,42.0505,258.3507,0.49037,0.0701792,23.58,7.49,6.86,57.12
2022-07-21 00:00:00,22772.08,1488.01,40.0464,253.5016,0.48046,0.0683273,22.89,7.29,6.72,55.9
2022-07-21 04:00:00,22931.92,1487.67,41.0497,255.7534,0.49082,0.0688137,23.53,7.4,6.82,56.52
2022-07-21 08:00:00,22611.59,1488.95,41.7859,256.1686,0.48316,0.0684099,23.75,7.34,6.7,55.85
2022-07-21 12:00:00,22639.44,1511.45,41.904,258.8632,0.48293,0.0682509,24.12,7.32,6.81,56.6
2022-07-21 16:00:00,23200.0,1578.47,43.813,264.503,0.49687,0.0697985,25.29,7.52,7.01,58.37
2022-07-21 20:00:00,23150.42,1575.95,43.1241,265.6163,0.4994,0.0698072,24.99,7.51,6.97,58.31
2022-07-22 00:00:00,22907.99,1562.31,42.6761,263.9659,0.49321,0.0694432,24.85,7.43,6.96,57.57
2022-07-22 04:00:00,23116.24,1600.75,43.0485,267.0503,0.49825,0.0700348,25.19,7.67,7.07,57.97
2022-07-22 08:00:00,23612.24,1639.13,44.1145,269.5414,0.50854,0.0710129,25.43,7.78,7.23,58.93
2022-07-22 12:00:00,23285.75,1574.82,41.6838,266.1738,0.49198,0.0685407,24.27,7.54,6.95,57.22
2022-07-22 16:00:00,22581.57,1527.83,40.2317,262.0427,0.47991,0.0670196,23.79,7.32,6.78,55.7
2022-07-22 20:00:00,22687.98,1535.61,40.5083,262.7815,0.48372,0.0672748,23.68,7.29,6.77,55.96
2022-07-23 00:00:00,22816.04,1570.67,41.0721,266.3464,0.48823,0.0681387,24.09,7.37,6.92,56.57
2022-07-23 04:00:00,22768.25,1578.49,41.2217,266.9077,0.49099,0.0688252,24.37,7.41,6.94,56.62
2022-07-23 08:00:00,22224.13,1521.67,39.5993,255.8577,0.47618,0.0663224,23.36,7.18,6.71,54.89
2022-07-23 12:00:00,22211.21,1523.69,40.2066,256.0817,0.48269,0.0675201,23.54,7.23,6.72,55.56
2022-07-23 16:00:00,22273.8,1513.44,39.3557,255.7202,0.48207,0.066914,23.25,7.2,6.76,55.58
2022-07-23 20:00:00,22450.41,1549.48,39.9624,259.2138,0.51797,0.0681377,23.67,7.34,6.85,56.35
2022-07-24 00:00:00,22329.94,1551.7,39.6233,258.098,0.51099,0.0676251,23.33,7.36,6.9,56.77
2022-07-24 04:00:00,22704.8,1605.75,40.7047,262.4014,0.51653,0.0687568,24.04,7.47,7.03,57.99
2022-07-24 08:00:00,22661.4,1615.31,40.8871,264.219,0.52666,0.068599,24.07,7.45,7.08,58.07
2022-07-24 12:00:00,22847.2,1613.04,41.1165,264.4381,0.52755,0.0685412,24.09,7.46,7.12,58.61
2022-07-24 16:00:00,22710.53,1604.03,40.8624,262.2764,0.51723,0.0680502,23.95,7.44,7.07,59.23
2022-07-24 20:00:00,22588.97,1598.06,40.9676,261.6022,0.51197,0.0676137,23.82,7.4,7.11,58.45
2022-07-25 00:00:00,21862.15,1511.47,38.0782,254.9544,0.4931,0.0644484,21.96,7.02,6.69,55.88
2022-07-25 04:00:00,21962.71,1522.88,38.6037,255.1063,0.496,0.0652635,22.19,7.11,6.83,56.4
2022-07-25 08:00:00,21945.93,1537.07,38.8412,255.9708,0.49168,0.0652464,22.23,7.16,6.82,56.56
2022-07-25 12:00:00,21891.31,1526.72,38.484,256.1354,0.49126,0.0647801,22.02,7.07,6.76,56.08
2022-07-25 16:00:00,21891.14,1496.49,37.9431,252.6782,0.48699,0.0638605,21.62,6.95,6.64,55.82
2022-07-25 20:00:00,21307.76,1440.64,36.573,245.0114,0.47478,0.0619442,20.91,6.74,6.43,53.97
2022-07-26 00:00:00,21139.05,1432.78,36.2088,243.2752,0.4698,0.0615564,20.78,6.72,6.4,53.53
2022-07-26 04:00:00,21071.1,1409.33,35.653,242.8921,0.46758,0.0613719,20.57,6.68,6.28,53.21
2022-07-26 08:00:00,21096.29,1405.3,35.8252,243.6797,0.46685,0.0617595,20.78,6.68,6.24,53.11
2022-07-26 12:00:00,20748.51,1369.35,34.9968,240.0847,0.45174,0.0602296,19.9,6.53,6.15,52.17
2022-07-26 16:00:00,20915.34,1367.35,35.0596,243.0421,0.45568,0.0608864,19.71,6.61,6.11,52.1
2022-07-26 20:00:00,21259.41,1448.26,36.2441,249.3994,0.46791,0.0626228,20.72,6.77,6.35,53.87
2022-07-27 00:00:00,21078.47,1425.42,35.7796,251.3273,0.45968,0.0617884,20.27,6.67,6.2,53.13
2022-07-27 04:00:00,21349.02,1464.18,36.841,252.6586,0.46917,0.0626571,21.09,6.82,6.35,53.84
2022-07-27 08:00:00,21202.43,1452.68,36.3978,252.679,0.46277,0.0620979,20.8,6.74,6.21,53.18
2022-07-27 12:00:00,21532.38,1489.49,37.183,258.4469,0.47115,0.0627781,21.25,6.81,6.36,54.14
2022-07-27 16:00:00,22777.88,1584.58,39.3566,268.2033,0.50179,0.0655403,22.74,7.26,6.75,58.33
2022-07-27 20:00:00,22946.39,1637.27,40.2506,272.0175,0.51153,0.0671712,23.42,7.69,6.85,58.95
2022-07-28 00:00:00,23130.4,1648.22,39.7149,269.6693,0.50828,0.0666297,22.96,7.71,6.89,59.97
2022-07-28 04:00:00,22920.59,1618.94,39.3184,267.6412,0.50006,0.0664348,22.81,7.57,6.8,59.5
2022-07-28 08:00:00,23110.05,1642.85,40.503,269.4665,0.50266,0.066914,23.23,7.7,6.88,59.99
2022-07-28 12:00:00,23744.5,1726.28,41.9859,276.7369,0.51269,0.068183,24.09,7.88,7.09,61.89
2022-07-28 16:00:00,23789.63,1725.7,42.1295,276.3671,0.50988,0.0698878,24.02,7.89,7.14,63.3
2022-07-28 20:00:00,23843.83,1724.17,42.8987,277.7316,0.51278,0.0690321,24.23,7.83,7.23,63.52
2022-07-29 00:00:00,23911.1,1728.91,43.5007,278.3031,0.52925,0.0718242,24.76,8.16,7.65,63.45
2022-07-29 04:00:00,23939.12,1715.59,43.0502,278.0941,0.5304,0.0699916,24.42,8.0,7.58,62.63
2022-07-29 08:00:00,23721.0,1681.53,41.9176,284.4557,0.52479,0.0689734,23.98,7.93,7.48,60.82
2022-07-29 12:00:00,24011.64,1720.62,42.6845,298.2512,0.5286,0.0691039,24.98,8.27,7.92,61.44
2022-07-29 16:00:00,23903.48,1723.16,41.8071,296.7219,0.52428,0.0689076,24.48,8.18,7.96,60.89
2022-07-29 20:00:00,23771.51,1720.81,41.8743,293.9501,0.5225,0.0686342,24.47,8.18,7.9,60.63
2022-07-30 00:00:00,23803.15,1707.94,41.8719,295.3772,0.51891,0.0687527,24.32,8.41,7.77,61.25
2022-07-30 04:00:00,23876.71,1715.05,42.3588,290.4506,0.52061,0.0697985,24.53,8.45,7.85,61.41
2022-07-30 08:00:00,23952.61,1704.29,42.4407,289.2238,0.5281,0.0717577,24.53,8.65,7.85,62.27
2022-07-30 12:00:00,24526.22,1736.41,46.2762,299.0354,0.54623,0.07219,25.64,8.67,8.2,63.27
2022-07-30 16:00:00,23917.97,1691.64,44.9969,290.9874,0.53017,0.0703666,24.72,8.42,7.88,61.75
2022-07-30 20:00:00,23640.17,1696.78,43.8094,287.7597,0.52611,0.069685,24.2,8.19,7.8,60.28
2022-07-31 00:00:00,23735.68,1694.09,43.2294,292.6086,0.52792,0.0702015,24.5,8.2,7.93,60.77
2022-07-31 04:00:00,23707.41,1698.47,43.8846,291.775,0.52854,0.0705267,24.6,8.27,7.8,61.1
2022-07-31 08:00:00,23803.73,1718.28,44.4103,293.1835,0.53173,0.0705374,24.86,8.32,7.79,61.48
2022-07-31 12:00:00,23770.71,1711.93,44.1281,291.5103,0.53052,0.0705792,24.67,8.36,7.83,61.58
2022-07-31 16:00:00,23841.06,1716.62,43.7448,289.8005,0.53289,0.0706139,24.66,8.99,7.92,61.76
2022-07-31 20:00:00,23298.8,1678.47,42.3587,283.7911,0.51712,0.0680112,23.65,8.63,7.65,59.88
2022-08-01 00:00:00,23376.0,1691.89,42.9713,287.6191,0.51993,0.0700578,24.11,8.91,7.73,60.07
2022-08-01 04:00:00,23323.01,1692.42,42.9587,288.0405,0.51996,0.0694397,23.81,8.8,7.71,60.0
2022-08-01 08:00:00,23229.87,1667.05,42.2321,286.0648,0.51204,0.0685375,23.45,8.47,7.59,59.47
2022-08-01 12:00:00,23328.66,1673.99,42.3995,286.4718,0.51572,0.0691024,23.67,8.46,7.71,59.76
2022-08-01 16:00:00,22953.4,1622.3,41.1017,280.2337,0.50609,0.067449,23.11,8.18,7.44,58.59
2022-08-01 20:00:00,23273.67,1629.46,41.6741,283.5305,0.51232,0.0686076,23.66,8.19,7.54,59.65
2022-08-02 00:00:00,22853.65,1578.25,40.2424,276.5815,0.49118,0.0660059,22.41,7.7,7.07,57.29
2022-08-02 04:00:00,22885.78,1591.84,40.5456,279.1786,0.49506,0.0666129,22.65,7.77,7.15,57.51
2022-08-02 08:00:00,22891.23,1586.57,40.5712,280.1758,0.49615,0.0666003,22.69,7.9,7.17,58.0
2022-08-02 12:00:00,22975.81,1629.84,41.4813,284.824,0.50137,0.0672582,23.11,8.01,7.21,58.83
2022-08-02 16:00:00,22935.12,1636.23,41.1755,286.5958,0.50053,0.0669022,23.13,7.99,7.31,58.62
2022-08-02 20:00:00,22981.68,1630.66,39.7802,283.5434,0.49691,0.066533,22.85,7.92,7.18,58.09
2022-08-03 00:00:00,22864.22,1618.8,38.4624,282.8481,0.50129,0.0664096,23.02,7.92,7.2,57.56
2022-08-03 04:00:00,22985.76,1627.03,38.2874,287.5137,0.50311,0.0671063,23.34,8.0,7.4,58.21
2022-08-03 08:00:00,23408.89,1663.18,39.598,290.9408,0.51102,0.0677966,23.94,8.14,7.57,59.2
2022-08-03 12:00:00,23356.51,1656.86,40.1442,297.7596,0.51031,0.0679084,23.92,8.27,7.53,59.29
2022-08-03 16:00:00,23461.09,1655.99,40.0936,303.3669,0.51409,0.0678543,23.99,8.37,7.57,59.8
2022-08-03 20:00:00,22820.42,1619.24,38.4837,297.8895,0.50088,0.0662682,23.1,8.01,7.24,57.84
2022-08-04 00:00:00,23091.94,1650.41,39.3224,306.4336,0.50749,0.0669034,23.6,8.19,7.41,58.81
2022-08-04 04:00:00,22943.32,1625.9,39.1622,303.1574,0.50419,0.0668892,23.49,8.13,7.43,58.75
2022-08-04 08:00:00,22882.86,1619.87,38.657,301.2154,0.50064,0.0664819,23.41,8.06,7.41,58.73
2022-08-04 12:00:00,22927.63,1614.67,38.8678,303.2819,0.50211,0.0670607,23.42,8.09,7.33,59.59
2022-08-04 16:00:00,22454.03,1590.54,38.4397,310.7936,0.49863,0.066074,23.08,7.96,7.31,59.12
2022-08-04 20:00:00,22609.71,1609.08,38.7801,311.6005,0.49965,0.0672925,23.41,8.09,7.35,59.82
2022-08-05 00:00:00,23169.9,1660.0,40.127,313.677,0.51003,0.068399,24.04,8.41,7.6,61.55
2022-08-05 04:00:00,23186.47,1663.62,40.0168,316.8408,0.50972,0.0690601,23.82,8.35,7.73,61.46
2022-08-05 08:00:00,23411.1,1714.07,40.9621,318.0515,0.51615,0.070072,24.63,8.55,7.8,62.09
2022-08-05 12:00:00,23015.46,1672.04,40.0158,313.3216,0.5067,0.0684826,24.28,8.37,7.73,60.99
2022-08-05 16:00:00,22934.66,1680.88,39.9079,314.5281,0.50989,0.0690266,24.16,8.51,7.66,61.04
2022-08-05 20:00:00,23318.34,1738.4,40.5797,315.9,0.51742,0.0697592,24.92,8.83,7.86,62.57
2022-08-06 00:00:00,23169.82,1733.57,40.5431,315.2363,0.5163,0.070013,24.97,8.68,7.79,61.61
2022-08-06 04:00:00,23199.43,1722.19,40.391,315.0953,0.51792,0.0697297,25.19,8.79,7.92,61.65
2022-08-06 08:00:00,23159.22,1713.89,40.3039,314.6195,0.51668,0.0696608,25.47,8.68,7.93,61.28
2022-08-06 12:00:00,23203.9,1715.3,40.4195,315.6766,0.51817,0.0697494,25.8,8.69,7.86,61.5
2022-08-06 16:00:00,23180.5,1716.75,40.8093,318.7269,0.51737,0.0693007,26.55,8.6,7.83,61.59
2022-08-06 20:00:00,22951.63,1690.91,40.0749,315.189,0.51095,0.0685888,26.67,8.54,7.78,60.9
2022-08-07 00:00:00,22990.54,1684.67,39.7534,311.2178,0.51142,0.068297,26.17,8.55,7.77,60.54
2022-08-07 04:00:00,23014.81,1685.54,40.0008,311.9324,0.51667,0.068643,26.11,8.48,7.75,60.61
2022-08-07 08:00:00,23034.56,1692.73,40.1479,315.4003,0.51617,0.0688455,26.42,8.51,7.79,61.35
2022-08-07 12:00:00,23027.32,1697.5,40.3645,321.9425,0.51883,0.0688003,28.0,8.55,7.85,61.47
2022-08-07 16:00:00,23160.0,1709.8,40.5011,322.884,0.52055,0.0694087,27.74,8.74,8.22,61.62
2022-08-07 20:00:00,23174.87,1701.31,40.636,322.7503,0.52804,0.0688976,27.94,8.65,8.35,61.17
2022-08-08 00:00:00,23298.6,1712.69,41.9033,325.6791,0.53278,0.0700645,28.21,8.81,8.41,61.4
2022-08-08 04:00:00,23812.32,1733.73,42.6311,329.0765,0.5399,0.0705103,28.31,9.1,8.43,61.87
2022-08-08 08:00:00,24161.31,1789.11,43.3294,330.2154,0.54655,0.0711606,29.78,9.36,8.69,63.6
2022-08-08 12:00:00,23989.25,1775.47,42.5011,324.9601,0.53448,0.070393,29.04,9.19,8.69,62.88
2022-08-08 16:00:00,23925.93,1783.47,42.4175,326.8689,0.53462,0.0700269,28.56,9.28,8.56,63.4
2022-08-08 20:00:00,23810.28,1778.98,42.1394,324.7717,0.53598,0.0699195,27.96,9.3,8.62,62.6
2022-08-09 00:00:00,23830.94,1779.15,42.4296,324.6621,0.53312,0.0707062,28.0,9.21,8.71,62.24
2022-08-09 04:00:00,23870.42,1782.1,42.5363,324.8746,0.53426,0.0731465,28.42,9.13,8.62,62.35
2022-08-09 08:00:00,23262.77,1703.96,40.8434,317.6855,0.51771,0.0697475,27.46,8.9,8.41,60.05
2022-08-09 12:00:00,23075.12,1684.67,40.1243,316.081,0.51033,0.0688264,27.15,8.74,8.6,58.9
2022-08-09 16:00:00,23058.62,1689.78,40.0742,320.311,0.51181,0.0685104,27.3,8.8,8.6,58.98
2022-08-09 20:00:00,23150.08,1702.67,40.3536,324.5236,0.51256,0.0690921,27.41,8.91,8.75,59.26
2022-08-10 00:00:00,22862.22,1668.9,39.2647,316.2791,0.50902,0.0680973,27.53,8.63,8.45,58.29
2022-08-10 04:00:00,22966.91,1684.09,39.6642,322.0644,0.50976,0.0682942,27.4,8.72,8.41,58.66
2022-08-10 08:00:00,23122.03,1707.45,40.0419,317.6025,0.5129,0.0686698,28.1,8.78,8.42,59.25
2022-08-10 12:00:00,23999.42,1837.38,42.0992,333.9036,0.53583,0.0712138,29.54,9.51,9.2,61.83
2022-08-10 16:00:00,23631.6,1817.01,41.2893,326.1143,0.52818,0.0700344,28.68,9.52,9.05,61.35
2022-08-10 20:00:00,23951.04,1853.96,42.4805,328.7811,0.53712,0.0712132,29.18,9.48,9.06,61.61
2022-08-11 00:00:00,24326.38,1880.59,43.7775,331.6991,0.54379,0.0717663,29.61,9.47,9.07,62.02
2022-08-11 04:00:00,24418.18,1878.11,44.5021,330.4154,0.53862,0.071319,29.6,9.39,8.94,61.7
2022-08-11 08:00:00,24554.72,1902.4,44.1946,330.2385,0.53901,0.0718264,29.59,9.37,9.03,62.39
2022-08-11 12:00:00,24347.42,1891.4,43.4704,325.0931,0.53553,0.0715147,28.83,9.29,8.87,62.0
2022-08-11 16:00:00,24225.18,1898.69,43.3333,325.872,0.5348,0.0714757,28.89,9.25,9.13,62.41
2022-08-11 20:00:00,23932.84,1881.34,42.7524,323.9902,0.53101,0.0708162,28.54,9.21,8.94,61.89
2022-08-12 00:00:00,24013.87,1903.51,43.3579,323.6413,0.53216,0.0712366,28.99,9.25,9.07,61.81
2022-08-12 04:00:00,23960.27,1888.32,43.1396,323.3745,0.53275,0.0710414,28.76,9.19,9.05,61.76
2022-08-12 08:00:00,23670.31,1868.4,42.285,319.7581,0.52311,0.0701551,28.41,9.1,9.05,60.7
2022-08-12 12:00:00,23980.29,1898.3,43.1914,323.6172,0.53113,0.0710113,29.02,9.4,9.29,61.75
2022-08-12 16:00:00,24179.39,1927.6,44.6682,325.0297,0.53788,0.0718664,29.12,9.41,9.21,62.31
2022-08-12 20:00:00,24402.87,1959.62,45.4252,327.5654,0.54,0.0723062,29.34,9.48,9.35,62.87
2022-08-13 00:00:00,24794.95,1997.75,47.46,328.8851,0.54288,0.0730973,30.11,9.55,9.32,63.9
2022-08-13 04:00:00,24568.57,1996.6,47.1609,327.6349,0.5584,0.0733814,29.61,9.48,9.24,63.77
2022-08-13 08:00:00,24440.43,1986.46,46.7006,331.26,0.55844,0.072936,29.48,9.47,9.15,63.9
2022-08-13 12:00:00,24521.36,1990.26,46.2603,327.9225,0.56,0.0731003,29.54,9.47,9.16,65.28
2022-08-13 16:00:00,24404.71,1976.17,46.3116,324.3348,0.55774,0.0733903,29.1,9.39,9.13,63.5
2022-08-13 20:00:00,24436.08,1983.7,46.4718,324.0401,0.55986,0.0727711,29.16,9.26,9.12,63.67
2022-08-14 00:00:00,24569.95,1987.49,46.7734,326.9941,0.59086,0.0744664,29.29,9.38,9.18,64.65
2022-08-14 04:00:00,24873.83,2015.88,47.7627,329.6339,0.58702,0.0766953,29.66,9.5,9.34,65.33
2022-08-14 08:00:00,24567.72,1990.94,46.6135,327.3115,0.58059,0.0779703,29.17,9.34,9.11,64.47
2022-08-14 12:00:00,24523.53,1984.14,46.0246,322.6058,0.57919,0.0810858,28.86,9.18,8.99,65.19
2022-08-14 16:00:00,24285.71,1932.3,45.1159,319.3419,0.56823,0.0802006,28.3,8.96,8.85,63.43
2022-08-14 20:00:00,24302.12,1935.77,44.8527,317.8446,0.56941,0.0817462,28.23,8.94,8.76,63.07
2022-08-15 00:00:00,24865.67,1987.82,46.5166,323.8656,0.57492,0.0801953,28.89,9.25,8.94,64.63
2022-08-15 04:00:00,24025.76,1900.4,43.8302,317.0741,0.552,0.0759444,27.72,8.71,8.6,61.44
2022-08-15 08:00:00,24052.27,1893.69,43.8227,315.8896,0.55589,0.0753998,27.62,8.79,8.61,61.0
2022-08-15 12:00:00,24233.55,1918.62,44.4651,319.6463,0.56466,0.0774342,28.07,8.91,8.78,61.64
2022-08-15 16:00:00,23981.19,1890.09,43.8068,316.9259,0.55448,0.0770258,27.64,8.79,8.69,60.95
2022-08-15 20:00:00,24091.64,1899.12,43.6961,320.0895,0.54919,0.076685,27.93,8.8,8.65,60.81
2022-08-16 00:00:00,24090.13,1888.67,43.657,318.5738,0.55529,0.079306,27.87,8.78,8.68,60.96
2022-08-16 04:00:00,24067.82,1886.3,43.2444,317.5893,0.55632,0.0817442,27.8,8.71,8.6,60.74
2022-08-16 08:00:00,24037.33,1908.64,43.9926,317.3985,0.56624,0.0857093,27.98,8.88,8.65,61.37
2022-08-16 12:00:00,23900.47,1886.89,43.4509,315.9913,0.55952,0.0843781,27.66,8.81,8.54,61.2
2022-08-16 16:00:00,23934.36,1878.32,43.1188,315.4205,0.56126,0.0848657,27.31,8.84,8.47,60.89
2022-08-16 20:00:00,23855.92,1876.85,43.1653,316.2743,0.55721,0.086792,27.14,8.83,8.47,61.12
2022-08-17 00:00:00,24006.31,1895.39,43.9588,317.7843,0.57775,0.0850168,27.6,8.97,8.65,63.79
2022-08-17 04:00:00,23786.88,1890.98,43.1439,316.1216,0.55669,0.0841142,27.3,8.82,8.45,61.88
2022-08-17 08:00:00,23742.86,1874.39,42.7327,312.7801,0.55527,0.0837853,27.11,8.77,8.4,62.0
2022-08-17 12:00:00,23392.1,1831.28,41.1022,307.2529,0.53545,0.0813473,26.08,8.39,8.06,60.26
2022-08-17 16:00:00,23277.47,1838.67,40.7794,307.6451,0.53736,0.0818004,26.22,8.44,8.13,60.47
2022-08-17 20:00:00,23348.83,1834.83,40.5259,306.8387,0.53804,0.0801171,25.54,8.37,8.07,60.48
2022-08-18 00:00:00,23435.62,1846.94,40.7969,306.1116,0.53606,0.0807403,25.84,8.41,8.09,60.84
2022-08-18 04:00:00,23405.49,1846.14,40.8872,307.6412,0.53976,0.0813525,25.87,8.5,8.19,60.5
2022-08-18 08:00:00,23524.65,1859.23,41.3491,309.1401,0.54126,0.0805561,26.11,8.49,8.18,61.27
2022-08-18 12:00:00,23459.98,1874.4,41.2268,305.8097,0.53774,0.0811772,25.75,8.5,8.13,61.2
2022-08-18 16:00:00,23352.28,1871.34,40.7242,303.6279,0.52936,0.077869,25.31,8.41,8.02,61.04
2022-08-18 20:00:00,23195.31,1845.38,39.4927,298.0,0.51142,0.0748277,24.2,8.1,7.68,60.12
2022-08-19 00:00:00,22772.0,1818.1,38.3172,291.896,0.4935,0.0739869,23.22,7.84,7.51,58.89
2022-08-19 04:00:00,21909.27,1744.83,36.7028,282.2521,0.47537,0.0704386,22.37,7.51,7.15,56.11
2022-08-19 08:00:00,21472.09,1707.53,36.3878,281.0309,0.46472,0.0688319,22.62,7.48,7.07,54.93
2022-08-19 12:00:00,21445.03,1697.32,36.9553,283.8001,0.46602,0.0692125,22.83,7.55,7.14,54.99
2022-08-19 16:00:00,21329.89,1701.89,37.1471,286.6054,0.46506,0.0698891,22.95,7.49,7.14,55.54
2022-08-19 20:00:00,20832.56,1610.02,35.8751,279.0884,0.45079,0.0677642,22.52,7.33,6.91,53.82
2022-08-20 00:00:00,21144.17,1628.13,36.5531,285.4472,0.45806,0.0695824,22.71,7.39,7.04,54.94
2022-08-20 04:00:00,21304.95,1646.01,37.0226,287.557,0.46052,0.0704909,22.95,7.46,7.13,55.1
2022-08-20 08:00:00,21240.17,1631.67,36.6376,287.8464,0.4595,0.0699195,22.74,7.42,7.09,55.04
2022-08-20 12:00:00,21302.42,1635.31,36.4899,286.9977,0.45535,0.0696021,22.79,7.42,7.01,54.84
2022-08-20 16:00:00,20981.34,1562.58,34.4962,279.7761,0.44203,0.068618,21.92,7.14,6.75,53.47
2022-08-20 20:00:00,21138.83,1575.47,35.2811,283.5473,0.45068,0.0692948,22.3,7.2,6.89,54.11
2022-08-21 00:00:00,21198.49,1583.74,35.0672,286.6231,0.4492,0.0685089,22.34,7.21,6.89,54.13
2022-08-21 04:00:00,21250.07,1582.94,35.4454,296.2578,0.45776,0.0686492,22.92,7.38,7.04,54.5
2022-08-21 08:00:00,21532.8,1626.62,36.2403,295.6411,0.46372,0.0697168,23.13,7.45,7.12,55.41
2022-08-21 12:00:00,21419.24,1619.77,36.0321,298.4759,0.45987,0.0692292,22.85,7.4,7.06,54.8
2022-08-21 16:00:00,21505.0,1624.33,36.4084,298.9646,0.46615,0.0695642,23.03,7.44,7.1,55.03
2022-08-21 20:00:00,21509.5,1618.19,36.4817,301.7596,0.46228,0.0692687,22.96,7.44,7.08,55.62
2022-08-22 00:00:00,21416.13,1596.11,36.1231,296.4883,0.45896,0.0683236,22.65,7.34,7.02,54.72
2022-08-22 04:00:00,21103.94,1557.76,34.8366,291.6495,0.4461,0.0660771,22.0,7.12,6.77,52.9
2022-08-22 08:00:00,21246.55,1566.58,34.5463,296.0298,0.44919,0.0666583,22.11,7.17,6.82,54.79
2022-08-22 12:00:00,21399.5,1590.23,34.8001,298.7603,0.45353,0.0673758,22.35,7.29,6.87,57.2
2022-08-22 16:00:00,21055.77,1561.39,34.6043,295.8728,0.44814,0.066569,22.05,7.21,6.82,56.38
2022-08-22 20:00:00,21400.46,1624.87,35.4808,301.0093,0.46147,0.0684222,22.57,7.4,7.04,57.3
2022-08-23 00:00:00,21239.67,1610.68,35.228,298.6177,0.4566,0.0685767,22.57,7.41,7.07,56.15
2022-08-23 04:00:00,21307.06,1600.78,34.9463,298.5132,0.45302,0.0680117,22.41,7.38,6.93,55.4
2022-08-23 08:00:00,21453.88,1620.77,35.6879,298.5651,0.46104,0.06864,22.88,7.6,7.08,56.68
2022-08-23 12:00:00,21479.86,1641.54,35.714,298.16,0.46034,0.0686,23.33,7.6,7.24,56.86
2022-08-23 16:00:00,21523.71,1652.27,35.3432,298.0981,0.46105,0.0684114,23.29,7.63,7.24,56.91
2022-08-23 20:00:00,21524.41,1665.01,35.6851,299.1008,0.46558,0.0687802,23.51,7.67,7.25,56.98
2022-08-24 00:00:00,21266.3,1614.36,34.6222,297.2571,0.45541,0.0673772,23.02,7.44,7.05,55.98
2022-08-24 04:00:00,21311.6,1626.28,34.8571,294.6844,0.456,0.0672954,22.98,7.49,7.03,56.21
2022-08-24 08:00:00,21440.51,1652.58,35.4047,297.3414,0.46108,0.0681317,23.25,7.59,7.17,56.47
2022-08-24 12:00:00,21617.38,1684.97,36.0554,298.8604,0.46515,0.0688871,23.48,7.68,7.29,57.26
2022-08-24 16:00:00,21708.94,1677.52,35.8412,298.6528,0.46547,0.0690563,23.49,7.69,7.32,57.38
2022-08-24 20:00:00,21370.41,1656.41,34.9024,296.1505,0.45816,0.0678652,22.95,7.58,7.11,56.41
2022-08-25 00:00:00,21465.34,1670.16,35.2378,296.3571,0.45883,0.0681847,23.03,7.57,7.17,56.18
2022-08-25 04:00:00,21741.0,1708.04,36.2846,304.8934,0.46849,0.0691966,23.54,7.72,7.34,57.08
2022-08-25 08:00:00,21724.74,1711.42,36.3025,303.4994,0.46487,0.070999,23.35,7.68,7.29,56.81
2022-08-25 12:00:00,21573.23,1700.64,35.7496,301.3839,0.46208,0.0681128,22.87,7.52,7.08,55.94
2022-08-25 16:00:00,21604.74,1705.67,35.7958,302.0326,0.46752,0.068924,23.02,7.56,7.15,57.2
2022-08-25 20:00:00,21558.6,1696.78,35.2849,301.4444,0.46503,0.0690182,22.99,7.62,7.14,56.67
2022-08-26 00:00:00,21554.1,1688.65,35.1838,299.4682,0.46861,0.0689907,22.96,7.54,7.14,56.41
2022-08-26 04:00:00,21449.49,1660.85,34.69,296.569,0.48198,0.0679404,22.51,7.42,6.96,55.49
2022-08-26 08:00:00,21193.39,1628.82,34.2445,292.6368,0.46456,0.0674769,22.24,7.37,6.88,55.57
2022-08-26 12:00:00,20782.67,1593.09,33.255,287.9283,0.45179,0.0658557,21.81,7.21,6.77,54.35
2022-08-26 16:00:00,20649.08,1559.7,32.9711,285.5016,0.44329,0.0654911,21.54,7.1,6.66,54.2
2022-08-26 20:00:00,20238.5,1508.68,31.7538,279.4768,0.43204,0.0634909,20.65,6.95,6.5,52.7
2022-08-27 00:00:00,20208.26,1501.98,31.8684,280.9349,0.43532,0.0637895,20.52,6.93,6.56,52.7
2022-08-27 04:00:00,20266.21,1507.65,32.23,282.5739,0.44104,0.0638521,20.74,7.03,6.6,52.8
2022-08-27 08:00:00,20210.12,1506.68,31.9934,282.9923,0.44626,0.0638661,20.68,7.01,6.59,52.84
2022-08-27 12:00:00,19986.42,1472.07,31.4336,281.3197,0.44279,0.0631722,20.24,7.0,6.51,52.57
2022-08-27 16:00:00,20020.03,1479.71,31.337,277.582,0.44545,0.0630699,20.27,7.05,6.5,52.84
2022-08-27 20:00:00,20037.34,1492.75,31.5902,277.9557,0.44978,0.0635827,20.04,7.08,6.56,52.9
2022-08-28 00:00:00,19992.04,1491.83,31.4166,277.3192,0.44586,0.0632429,19.88,7.06,6.49,52.83
2022-08-28 04:00:00,20055.72,1496.26,31.7914,279.4578,0.44981,0.0637215,20.11,7.1,6.54,53.2
2022-08-28 08:00:00,20033.63,1485.78,31.7283,279.4349,0.44575,0.0638271,20.13,7.08,6.49,53.82
2022-08-28 12:00:00,20020.28,1487.35,31.8248,281.0995,0.44469,0.0637693,20.01,7.1,6.57,55.55
2022-08-28 16:00:00,19971.6,1485.91,31.7244,282.106,0.44278,0.0638341,19.82,7.09,6.51,54.95
2022-08-28 20:00:00,19556.72,1424.7,30.459,276.0381,0.42866,0.0616896,18.52,6.85,6.25,53.31
2022-08-29 00:00:00,19866.29,1454.9,30.6946,278.5719,0.43329,0.0619491,18.19,6.94,6.36,54.81
2022-08-29 04:00:00,19896.0,1452.91,30.5634,277.6587,0.43307,0.0617778,18.0,6.96,6.36,54.15
2022-08-29 08:00:00,19821.89,1447.5,30.6611,273.4378,0.43386,0.0618164,18.04,6.94,6.32,54.25
2022-08-29 12:00:00,20261.92,1519.26,31.7815,284.385,0.44594,0.0634193,19.06,7.23,6.54,55.99
2022-08-29 16:00:00,20100.99,1530.88,31.5481,281.2382,0.44702,0.0630672,19.02,7.16,6.57,55.05
2022-08-29 20:00:00,20286.88,1552.69,32.419,286.1595,0.45017,0.0638244,19.32,7.27,6.72,55.77
2022-08-30 00:00:00,20273.15,1544.77,32.3228,287.2853,0.44903,0.0635513,19.53,7.25,6.66,55.61
2022-08-30 04:00:00,20435.1,1587.19,32.7439,290.5239,0.45354,0.0640095,20.33,7.31,6.81,55.75
2022-08-30 08:00:00,20409.53,1585.08,32.7275,289.3634,0.45744,0.0639313,20.1,7.27,6.75,55.16
2022-08-30 12:00:00,19754.95,1527.95,31.2279,282.4137,0.44782,0.0616989,19.42,7.05,6.52,53.14
2022-08-30 16:00:00,19951.76,1544.9,31.4871,282.5273,0.45053,0.0615172,19.61,7.02,6.58,53.43
2022-08-30 20:00:00,19810.09,1523.5,31.4272,281.5076,0.45257,0.0614686,19.38,7.01,6.53,52.79
2022-08-31 00:00:00,20411.96,1606.16,32.4182,288.7581,0.46139,0.0632141,19.78,7.23,6.81,54.75
2022-08-31 04:00:00,20252.18,1584.36,32.3305,286.1785,0.45696,0.0626598,19.64,7.19,6.73,54.0
2022-08-31 08:00:00,20317.78,1593.59,32.5736,286.712,0.45542,0.0627924,19.78,7.2,6.8,54.29
2022-08-31 12:00:00,20141.96,1562.06,31.92,282.75,0.45429,0.0622031,19.59,7.11,6.7,53.86
2022-08-31 16:00:00,20222.63,1575.22,32.1001,282.1703,0.45346,0.0618934,19.39,7.14,6.69,54.79
2022-08-31 20:00:00,20050.08,1554.36,31.5033,279.0101,0.44561,0.0611115,19.08,7.04,6.61,53.56
2022-09-01 00:00:00,20016.66,1549.0,31.2204,277.8023,0.44437,0.0605812,19.09,6.99,6.56,54.39
2022-09-01 04:00:00,19893.02,1543.12,31.0394,275.4155,0.44666,0.0603733,18.93,6.93,6.49,54.61
2022-09-01 08:00:00,20070.18,1577.52,31.4802,278.7228,0.44824,0.0615156,19.23,7.09,6.74,56.44
2022-09-01 12:00:00,19784.0,1533.57,30.714,272.2176,0.44707,0.0610972,18.55,6.96,6.54,54.88
2022-09-01 16:00:00,19871.29,1564.45,31.0607,275.4239,0.45328,0.0616516,18.8,7.05,6.63,56.83
2022-09-01 20:00:00,20129.38,1585.06,31.5979,278.2602,0.4573,0.0623774,19.32,7.21,6.91,57.52
2022-09-02 00:00:00,20157.8,1596.36,31.6171,279.4,0.459,0.062563,19.29,7.26,6.93,57.81
2022-09-02 04:00:00,20111.47,1594.59,31.643,278.6523,0.45915,0.0618784,19.23,7.27,6.86,57.29
2022-09-02 08:00:00,20088.76,1592.75,31.5675,279.0328,0.45576,0.0615586,19.18,7.25,6.94,57.48
2022-09-02 12:00:00,20355.59,1637.38,32.2722,282.1674,0.46533,0.0624129,19.5,7.55,7.2,61.57
2022-09-02 16:00:00,19906.47,1561.85,31.067,274.5538,0.45038,0.0611221,18.78,7.32,6.83,61.05
2022-09-02 20:00:00,19947.33,1575.99,31.2543,277.3473,0.45379,0.0616688,18.84,7.3,6.9,60.7
2022-09-03 00:00:00,19898.25,1562.02,30.9251,276.5391,0.45827,0.061378,18.7,7.24,6.88,61.5
2022-09-03 04:00:00,19815.92,1545.05,31.0529,275.0487,0.46523,0.0615276,18.74,7.2,6.8,60.03
2022-09-03 08:00:00,19798.43,1550.19,31.0087,275.8481,0.4725,0.0617982,18.84,7.24,6.81,60.32
2022-09-03 12:00:00,19770.28,1548.59,31.1143,276.0902,0.47842,0.0626652,18.8,7.26,6.8,60.42
2022-09-03 16:00:00,19709.79,1547.61,31.0004,276.4903,0.47934,0.0620068,18.73,7.24,6.83,60.78
2022-09-03 20:00:00,19832.72,1556.14,31.0966,277.8574,0.48053,0.0627053,18.87,7.28,6.84,60.13
2022-09-04 00:00:00,19774.12,1550.96,31.4122,277.6972,0.4938,0.0627511,18.93,7.31,6.85,59.79
2022-09-04 04:00:00,19638.18,1545.23,31.0989,276.0534,0.49226,0.0622926,18.83,7.21,6.83,59.42
2022-09-04 08:00:00,19840.11,1564.07,31.8549,278.8852,0.50527,0.0632697,18.97,7.27,7.06,60.3
2022-09-04 12:00:00,19791.45,1560.51,31.8071,278.0,0.50058,0.0632526,18.99,7.24,7.17,59.14
2022-09-04 16:00:00,19879.21,1567.08,31.7387,277.5034,0.49823,0.0632506,18.96,7.27,7.16,59.7
2022-09-04 20:00:00,20009.24,1577.48,32.1341,278.7549,0.50386,0.0631149,18.98,7.38,7.16,60.79
2022-09-05 00:00:00,19880.3,1574.91,32.1105,278.6709,0.4979,0.0631631,19.05,7.58,7.17,60.68
2022-09-05 04:00:00,19751.7,1562.45,31.6649,275.2801,0.48835,0.0619854,18.76,7.46,7.24,59.5
2022-09-05 08:00:00,19696.82,1566.68,31.2396,274.6437,0.48656,0.0617078,18.58,7.44,7.16,59.6
2022-09-05 12:00:00,19858.32,1600.73,31.8557,276.7862,0.49222,0.0623208,18.75,7.55,7.32,60.33
2022-09-05 16:00:00,19711.28,1586.19,31.7457,274.5714,0.4884,0.0620094,18.74,7.28,7.2,60.1
2022-09-05 20:00:00,19786.73,1617.1,32.1529,277.3419,0.49816,0.0627513,19.38,7.39,7.37,60.25
2022-09-06 00:00:00,19780.09,1639.59,32.6638,279.2043,0.49837,0.0632444,19.91,7.5,7.26,60.14
2022-09-06 04:00:00,19906.74,1658.23,32.9912,280.6668,0.50395,0.0634288,19.99,7.61,7.34,60.14
2022-09-06 08:00:00,19922.63,1669.33,33.2579,281.7612,0.50098,0.063307,20.18,7.62,7.31,59.61
2022-09-06 12:00:00,19818.3,1669.65,33.7893,281.2774,0.49646,0.0626559,19.96,7.6,7.18,59.03
2022-09-06 16:00:00,18824.02,1575.68,31.0211,265.6769,0.46671,0.0590045,18.47,6.93,6.68,55.13
2022-09-06 20:00:00,18795.29,1557.24,30.8681,262.2584,0.46239,0.0588226,18.26,6.88,6.67,54.3
2022-09-07 00:00:00,18748.59,1509.82,30.8339,262.9338,0.45921,0.0584125,18.24,6.88,6.64,53.5
2022-09-07 04:00:00,18799.96,1517.92,31.1054,264.166,0.46447,0.0592073,18.39,6.97,6.71,54.32
2022-09-07 08:00:00,18736.8,1515.35,31.1412,263.7036,0.4622,0.0594097,18.29,6.99,6.77,54.19
2022-09-07 12:00:00,18873.27,1546.32,31.4808,267.5098,0.46764,0.0600428,18.58,7.13,6.79,55.2
2022-09-07 16:00:00,18996.35,1571.25,31.9712,270.629,0.47283,0.0603878,18.71,7.13,6.92,56.23
2022-09-07 20:00:00,19287.92,1629.74,32.6877,278.2355,0.47944,0.061041,19.03,7.21,7.09,57.3
2022-09-08 00:00:00,19216.99,1630.03,32.4772,279.653,0.47635,0.0609429,18.95,7.17,7.06,56.85
2022-09-08 04:00:00,19171.47,1613.2,32.3654,276.9122,0.46937,0.0604748,18.79,7.13,7.06,56.74
2022-09-08 08:00:00,19310.86,1635.44,32.905,278.7025,0.47118,0.0607272,18.76,7.22,7.23,57.35
2022-09-08 12:00:00,19251.43,1630.48,33.4011,280.015,0.4699,0.0606438,18.98,7.24,7.37,57.18
2022-09-08 16:00:00,19347.32,1650.0,33.4658,281.045,0.47754,0.0608459,19.04,7.42,7.5,58.3
2022-09-08 20:00:00,19318.96,1634.95,33.6203,280.6355,0.47918,0.0609388,19.15,7.38,7.39,57.94
2022-09-09 00:00:00,19946.97,1671.65,34.6942,285.4588,0.48863,0.0622914,19.82,7.56,7.75,59.4
2022-09-09 04:00:00,20632.5,1704.95,35.3814,291.0061,0.49181,0.0627569,19.99,7.72,7.87,60.5
2022-09-09 08:00:00,20940.66,1700.76,35.403,291.892,0.49583,0.0638647,20.13,7.77,7.96,60.81
2022-09-09 12:00:00,21267.56,1718.64,34.9759,291.9847,0.49345,0.0636303,20.39,7.79,7.84,60.92
2022-09-09 16:00:00,21291.05,1721.35,34.8235,291.523,0.4947,0.0632744,20.32,7.72,7.73,60.86
2022-09-09 20:00:00,21364.31,1718.32,34.742,293.5884,0.5021,0.0639354,20.4,7.74,7.76,61.21
2022-09-10 00:00:00,21300.14,1733.66,34.6987,293.686,0.51651,0.0638005,20.56,7.73,7.76,61.48
2022-09-10 04:00:00,21285.27,1709.69,34.2799,292.4641,0.50633,0.0632117,20.27,7.68,7.63,60.66
2022-09-10 08:00:00,21282.33,1724.31,34.7985,294.1106,0.51379,0.0640016,20.38,7.69,7.77,62.07
2022-09-10 12:00:00,21216.19,1715.4,34.4961,292.7382,0.51444,0.0638881,20.16,7.66,7.72,63.96
2022-09-10 16:00:00,21581.55,1741.15,34.8304,294.705,0.51096,0.064213,20.4,7.74,7.93,63.12
2022-09-10 20:00:00,21652.49,1774.61,35.0235,296.7322,0.51182,0.0646798,20.49,7.78,7.9,63.33
2022-09-11 00:00:00,21542.67,1761.37,34.818,293.8851,0.51222,0.064255,20.32,7.77,7.86,63.63
2022-09-11 04:00:00,21610.23,1761.83,34.5859,295.0946,0.51424,0.0638545,20.37,7.71,7.9,63.04
2022-09-11 08:00:00,21616.9,1770.5,34.7382,296.2308,0.51559,0.0638581,20.36,7.71,7.96,62.91
2022-09-11 12:00:00,21640.81,1768.56,35.1971,294.5419,0.51158,0.0641761,20.48,7.75,7.86,62.72
2022-09-11 16:00:00,21619.96,1764.1,35.2813,294.4453,0.51171,0.0637755,20.52,7.74,7.97,62.86
2022-09-11 20:00:00,21822.82,1767.06,35.0348,295.2637,0.50971,0.0636872,20.68,7.68,8.03,62.22
2022-09-12 00:00:00,21659.51,1726.3,34.9138,293.0608,0.50288,0.0628864,20.32,7.6,7.92,60.7
2022-09-12 04:00:00,22194.55,1759.09,35.4473,296.2417,0.51061,0.0638837,20.76,7.75,8.04,62.0
2022-09-12 08:00:00,22309.41,1748.81,37.6962,298.6388,0.51579,0.0647015,21.49,7.9,8.08,61.89
2022-09-12 12:00:00,22115.12,1705.86,37.1744,293.7385,0.50509,0.0634211,21.17,7.7,7.73,60.55
2022-09-12 16:00:00,22425.42,1725.96,37.6522,294.4867,0.50533,0.0638342,21.4,7.74,7.8,61.38
2022-09-12 20:00:00,22395.73,1716.36,37.4532,293.6578,0.50136,0.0638949,21.38,7.67,7.74,61.27
2022-09-13 00:00:00,22228.44,1716.09,38.7314,293.3888,0.4979,0.0635268,21.43,7.61,7.68,61.97
2022-09-13 04:00:00,22272.85,1715.57,38.6429,293.7249,0.50239,0.0637485,21.7,7.67,7.82,62.83
2022-09-13 08:00:00,22526.02,1738.07,38.4368,295.2656,0.50419,0.0638166,21.57,7.87,7.89,66.57
2022-09-13 12:00:00,20832.03,1593.08,34.7453,283.0801,0.47062,0.060352,19.59,7.23,7.19,61.88
2022-09-13 16:00:00,20283.67,1604.47,34.0775,280.0937,0.47162,0.0601931,19.31,7.17,7.22,60.13
2022-09-13 20:00:00,20174.19,1573.41,32.9797,277.3473,0.46326,0.0595702,18.92,7.08,7.05,59.12
2022-09-14 00:00:00,20318.23,1602.59,33.573,279.6551,0.47189,0.0605228,19.17,7.2,7.27,59.98
2022-09-14 04:00:00,20248.4,1612.32,33.1749,279.1674,0.47264,0.0600222,18.99,7.14,7.19,58.79
2022-09-14 08:00:00,20221.38,1595.19,33.2447,278.3619,0.47196,0.0605746,18.9,7.16,7.27,59.32
2022-09-14 12:00:00,20183.56,1595.32,33.6126,279.3681,0.48288,0.0610329,19.08,7.2,7.44,60.59
2022-09-14 16:00:00,19954.48,1600.58,33.4996,277.5674,0.48049,0.0609872,18.96,7.15,7.42,59.78
2022-09-14 20:00:00,20224.21,1638.38,34.0843,279.4133,0.48113,0.0610962,19.13,7.2,7.47,60.03
2022-09-15 00:00:00,20026.64,1605.41,33.076,275.873,0.46992,0.0600509,18.64,7.03,7.2,58.91
2022-09-15 04:00:00,20204.08,1636.61,34.704,276.294,0.47685,0.0607627,19.16,7.17,7.38,60.16
2022-09-15 08:00:00,20147.96,1591.62,33.9114,275.7393,0.4747,0.0604942,18.95,7.1,7.31,59.88
2022-09-15 12:00:00,19733.62,1492.78,32.9992,269.4562,0.46603,0.05903,18.34,6.94,7.17,57.71
2022-09-15 16:00:00,19788.38,1497.6,33.4228,271.7959,0.46844,0.0594639,18.42,6.94,7.33,56.57
2022-09-15 20:00:00,19699.71,1472.1,33.0445,270.9073,0.46589,0.058594,18.19,6.95,7.57,56.4
2022-09-16 00:00:00,19747.22,1474.13,32.8776,273.1981,0.46863,0.0594769,18.16,6.92,7.53,55.88
2022-09-16 04:00:00,19744.43,1471.17,32.8161,273.9336,0.46494,0.059507,18.21,6.89,7.6,55.3
2022-09-16 08:00:00,19868.85,1478.73,33.1284,276.3562,0.46463,0.0600586,18.13,6.91,7.77,56.14
2022-09-16 12:00:00,19660.96,1452.61,32.2382,274.8825,0.46005,0.0596095,17.91,6.83,7.74,55.5
2022-09-16 16:00:00,19618.74,1428.47,32.1283,273.1786,0.4618,0.0596833,17.91,6.82,7.59,55.6
2022-09-16 20:00:00,19802.64,1432.93,32.2207,274.7171,0.47447,0.0604346,18.04,6.9,7.66,55.85
2022-09-17 00:00:00,19877.41,1439.76,32.687,276.4644,0.4772,0.0605399,18.24,7.0,7.78,56.17
2022-09-17 04:00:00,19841.76,1431.6,32.832,276.3478,0.4764,0.0603066,18.2,7.02,8.0,56.19
2022-09-17 08:00:00,19814.39,1419.95,32.647,276.7522,0.47612,0.0606746,18.15,6.99,7.86,56.8
2022-09-17 12:00:00,19964.84,1444.65,33.3137,277.3583,0.48011,0.0622796,18.33,7.06,7.92,57.78
2022-09-17 16:00:00,20009.22,1465.07,33.2787,278.6892,0.48221,0.0616168,18.41,7.1,8.04,58.17
2022-09-17 20:00:00,20110.84,1468.94,33.73,279.1193,0.48618,0.0621717,18.45,7.05,8.11,57.79
2022-09-18 00:00:00,19999.73,1451.55,33.3972,277.3708,0.48314,0.0613596,18.38,6.98,7.93,57.09
2022-09-18 04:00:00,20051.86,1453.03,33.8483,278.007,0.49019,0.0614564,18.44,7.02,8.06,57.26
2022-09-18 08:00:00,19925.94,1434.03,33.3344,276.7679,0.4778,0.0607279,18.22,6.91,7.94,56.52
2022-09-18 12:00:00,19811.82,1416.97,32.8936,275.3038,0.47028,0.0605484,18.03,6.82,7.91,56.51
2022-09-18 16:00:00,19724.48,1381.81,32.416,273.0501,0.46754,0.0598985,17.91,6.75,7.88,56.42
2022-09-18 20:00:00,19417.43,1334.43,31.1027,266.3967,0.44754,0.0574293,16.72,6.44,7.52,52.66
2022-09-19 00:00:00,18782.42,1294.66,30.8846,261.8862,0.43731,0.0569623,16.65,6.33,7.24,51.17
2022-09-19 04:00:00,18465.37,1301.3,31.2258,259.5629,0.43705,0.0565693,16.7,6.2,7.16,50.8
2022-09-19 08:00:00,18676.83,1310.88,31.2942,261.869,0.43983,0.0568397,16.89,6.25,7.15,50.93
2022-09-19 12:00:00,19083.07,1341.99,31.908,266.4387,0.44727,0.0575616,17.1,6.34,7.26,52.14
2022-09-19 16:00:00,19512.57,1362.78,32.7947,269.0148,0.45455,0.0583127,17.2,6.36,7.31,52.52
2022-09-19 20:00:00,19540.09,1376.17,32.6101,272.0887,0.45287,0.0586929,17.33,6.39,7.32,52.91
2022-09-20 00:00:00,19361.1,1354.94,32.4522,269.3739,0.44789,0.0585816,17.12,6.32,7.2,52.07
2022-09-20 04:00:00,19358.97,1357.82,32.2586,270.126,0.447,0.0583067,17.09,6.31,7.19,52.05
2022-09-20 08:00:00,19220.76,1357.27,32.1358,270.1308,0.44647,0.0581778,16.9,6.32,7.13,51.86
2022-09-20 12:00:00,19238.41,1379.26,32.5291,270.6136,0.44854,0.0602244,17.07,6.36,7.22,52.6
2022-09-20 16:00:00,18968.06,1351.54,31.8211,268.3531,0.44337,0.0589729,16.86,6.31,6.95,52.2
2022-09-20 20:00:00,18869.66,1323.23,31.4937,266.2638,0.44197,0.0584284,16.66,6.29,6.88,52.29
2022-09-21 00:00:00,19023.99,1337.39,31.864,267.3674,0.45505,0.0592224,16.83,6.31,6.93,52.37
2022-09-21 04:00:00,18946.04,1331.8,31.7826,266.1815,0.44888,0.0583342,16.62,6.25,6.85,51.6
2022-09-21 08:00:00,19168.14,1351.45,32.0674,269.1493,0.45205,0.0586565,16.96,6.35,7.03,53.2
2022-09-21 12:00:00,19189.38,1341.79,31.5171,267.1904,0.44406,0.0584825,16.85,6.27,6.95,53.31
2022-09-21 16:00:00,18998.89,1324.32,31.5502,269.1622,0.44748,0.058462,17.04,6.27,6.97,53.19
2022-09-21 20:00:00,18466.35,1245.93,30.668,264.4728,0.4415,0.0571855,16.56,6.16,6.72,51.24
2022-09-22 00:00:00,18686.68,1263.11,30.9972,265.1467,0.44397,0.0573452,16.71,6.22,6.72,51.64
2022-09-22 04:00:00,18936.75,1278.7,31.7385,266.5992,0.44883,0.0584899,17.19,6.32,6.87,52.8
2022-09-22 08:00:00,19230.5,1307.95,32.3824,270.1791,0.45588,0.0592957,17.62,6.46,7.08,53.45
2022-09-22 12:00:00,18988.65,1271.17,31.9029,268.2767,0.45019,0.0589436,17.31,6.38,6.96,52.69
2022-09-22 16:00:00,19306.33,1326.87,32.4418,274.242,0.46186,0.0591102,17.69,6.46,7.12,53.68
2022-09-22 20:00:00,19404.89,1326.69,32.4085,275.3615,0.45898,0.0597302,17.73,6.45,7.13,53.56
2022-09-23 00:00:00,19393.52,1340.74,32.9979,274.8484,0.478,0.0612876,17.93,6.57,7.21,54.18
2022-09-23 04:00:00,19225.24,1329.59,32.5556,274.8222,0.46017,0.0606816,17.84,6.47,7.1,53.6
2022-09-23 08:00:00,18857.55,1286.33,31.736,272.745,0.45385,0.060228,17.42,6.28,7.21,52.34
2022-09-23 12:00:00,18713.36,1294.78,31.54,270.9503,0.45184,0.0611582,17.36,6.28,7.08,52.19
2022-09-23 16:00:00,18817.2,1292.11,31.9446,271.3788,0.4528,0.0635936,17.46,6.32,7.09,53.51
2022-09-23 20:00:00,19291.83,1327.8,33.6963,276.6749,0.46137,0.0631731,17.91,6.42,7.46,55.12
2022-09-24 00:00:00,19119.68,1321.53,34.0142,278.6964,0.46058,0.065967,18.0,6.42,7.4,54.81
2022-09-24 04:00:00,18991.63,1321.55,33.8735,282.076,0.45847,0.0652902,18.0,6.43,7.56,55.56
2022-09-24 08:00:00,19053.56,1326.69,34.531,280.2237,0.46153,0.0656174,17.96,6.44,7.61,54.79
2022-09-24 12:00:00,19114.87,1340.24,33.6545,279.8965,0.46119,0.0658169,17.85,6.42,7.64,54.97
2022-09-24 16:00:00,19106.32,1342.24,34.0513,278.0295,0.4602,0.0641911,17.87,6.41,7.8,55.22
2022-09-24 20:00:00,18914.7,1317.49,33.3879,274.2042,0.45108,0.0632722,17.62,6.27,7.66,53.32
2022-09-25 00:00:00,19046.9,1328.58,33.6812,276.5378,0.45666,0.0633342,17.77,6.33,7.75,54.24
2022-09-25 04:00:00,19096.39,1332.73,33.9623,278.027,0.45722,0.0629597,17.72,6.35,8.03,54.26
2022-09-25 08:00:00,19117.09,1329.99,33.6387,278.4036,0.45923,0.0629252,17.77,6.34,8.03,54.13
2022-09-25 12:00:00,18988.3,1313.08,33.2754,275.6128,0.45345,0.0622577,17.59,6.23,7.91,53.92
2022-09-25 16:00:00,18919.17,1299.79,32.6936,274.7092,0.44964,0.0618525,17.49,6.25,7.8,53.61
2022-09-25 20:00:00,18810.25,1294.57,32.2738,273.6088,0.44656,0.0610995,17.29,6.19,7.86,52.5
2022-09-26 00:00:00,18871.96,1302.75,32.515,273.2323,0.44304,0.0611557,17.26,6.32,7.75,52.91
2022-09-26 04:00:00,18912.74,1295.6,32.46,273.435,0.44186,0.0607058,17.23,6.27,7.61,52.4
2022-09-26 08:00:00,18872.77,1297.22,32.5315,272.4788,0.44074,0.0604756,17.21,6.41,7.62,52.78
2022-09-26 12:00:00,19110.52,1325.43,33.1064,274.3108,0.44588,0.0608983,17.36,6.54,7.87,52.87
2022-09-26 16:00:00,19200.42,1328.38,33.7554,274.8125,0.44661,0.0609268,17.53,6.52,7.9,53.11
2022-09-26 20:00:00,19226.03,1337.28,33.8919,275.3073,0.44749,0.0611177,17.57,6.54,7.93,53.52
2022-09-27 00:00:00,20102.67,1385.37,34.7419,283.672,0.45843,0.0625737,17.99,6.76,8.18,55.06
2022-09-27 04:00:00,20185.37,1382.37,34.5306,285.3825,0.45781,0.0627984,18.2,6.75,8.22,54.89
2022-09-27 08:00:00,20234.49,1388.39,34.6752,284.4823,0.4556,0.062518,18.13,6.76,8.24,55.2
2022-09-27 12:00:00,19891.0,1364.86,34.3337,280.8448,0.45176,0.0617897,17.87,6.64,8.13,54.25
2022-09-27 16:00:00,19077.13,1323.47,32.6131,272.2094,0.44286,0.060573,17.13,6.36,7.8,52.39
2022-09-27 20:00:00,19077.58,1328.88,32.6735,272.0386,0.44172,0.0606,17.28,6.37,8.06,52.71
2022-09-28 00:00:00,18746.24,1287.67,32.3692,270.2697,0.42968,0.0592593,17.02,6.26,8.06,52.02
2022-09-28 04:00:00,18784.31,1286.22,32.3024,270.0695,0.43054,0.0595688,16.98,6.29,7.98,52.0
2022-09-28 08:00:00,18954.63,1294.74,32.435,272.1119,0.43203,0.0596541,16.94,6.29,8.11,52.78
2022-09-28 12:00:00,19486.53,1332.61,33.1284,278.157,0.43684,0.0607662,17.25,6.44,8.24,53.56
2022-09-28 16:00:00,19544.88,1333.23,33.5725,280.1149,0.4379,0.0607756,17.31,6.42,7.9,53.8
2022-09-28 20:00:00,19412.05,1337.57,33.2265,281.7348,0.4362,0.0605984,17.32,6.37,7.8,53.35
2022-09-29 00:00:00,19508.23,1342.04,33.7554,283.953,0.43661,0.0605114,17.26,6.4,7.76,53.44
2022-09-29 04:00:00,19362.09,1321.77,33.3592,280.9245,0.43154,0.0602348,17.08,6.4,7.71,53.05
2022-09-29 08:00:00,19467.16,1337.87,33.7622,280.9793,0.43504,0.0605584,17.2,6.45,7.77,53.74
2022-09-29 12:00:00,19286.41,1327.4,34.1349,281.972,0.43289,0.060073,17.12,6.37,7.79,53.34
2022-09-29 16:00:00,19405.63,1333.31,33.9602,282.8808,0.43376,0.0601541,17.25,6.39,7.85,53.77
2022-09-29 20:00:00,19585.16,1336.41,33.9517,284.0147,0.4387,0.0608339,17.33,6.44,7.89,53.96
2022-09-30 00:00:00,19399.55,1325.72,33.9933,284.1836,0.43621,0.0603786,17.22,6.45,7.79,53.56
2022-09-30 04:00:00,19572.62,1340.09,34.2037,286.4894,0.43628,0.0609842,17.51,6.5,7.89,53.97
2022-09-30 08:00:00,19440.28,1331.03,33.9691,283.1945,0.43313,0.0602891,17.34,6.42,7.68,53.25
2022-09-30 12:00:00,19749.12,1351.56,34.655,286.749,0.43519,0.0607792,17.37,6.44,7.7,54.37
2022-09-30 16:00:00,19483.57,1338.23,33.6458,284.2545,0.43161,0.0601834,17.23,6.24,7.53,53.85
2022-09-30 20:00:00,19423.55,1328.49,33.2056,284.1683,0.43384,0.0616473,17.22,6.29,7.59,53.36
2022-10-01 00:00:00,19410.52,1330.25,33.0719,283.4889,0.43408,0.0616359,17.25,6.33,7.63,53.39
2022-10-01 04:00:00,19315.63,1330.53,33.0314,282.5949,0.43391,0.0613584,17.27,6.32,7.6,53.43
2022-10-01 08:00:00,19318.12,1326.0,33.003,283.3109,0.4325,0.0615775,17.21,6.26,7.59,53.55
2022-10-01 12:00:00,19329.15,1322.94,33.002,281.5239,0.4315,0.0613931,17.18,6.27,7.54,53.5
2022-10-01 16:00:00,19268.85,1311.53,32.6291,281.9262,0.43168,0.0606665,17.04,6.27,7.39,52.93
2022-10-01 20:00:00,19312.75,1311.51,32.4477,282.4007,0.43,0.0605134,16.97,6.29,7.39,52.87
2022-10-02 00:00:00,19309.16,1309.65,32.8372,282.5842,0.43096,0.0607605,16.99,6.32,7.46,52.96
2022-10-02 04:00:00,19286.72,1311.52,32.8603,281.59,0.43014,0.0606528,17.01,6.29,7.46,52.8
2022-10-02 08:00:00,19193.5,1298.52,32.5395,283.1435,0.42406,0.0599445,16.78,6.23,7.35,52.51
2022-10-02 12:00:00,19141.47,1293.91,32.405,282.2498,0.42342,0.0597871,16.69,6.19,7.32,52.54
2022-10-02 16:00:00,19262.26,1304.87,32.7225,286.5369,0.42761,0.0601829,16.87,6.3,7.34,53.08
2022-10-02 20:00:00,19055.8,1276.41,32.059,284.4929,0.41942,0.0592595,16.5,6.19,7.11,52.03
2022-10-03 00:00:00,19167.63,1291.97,32.341,285.5033,0.42218,0.0594525,16.62,6.23,7.18,52.42
2022-10-03 04:00:00,19198.71,1291.64,32.2374,285.5156,0.42166,0.0596239,16.66,6.22,7.13,52.61
2022-10-03 08:00:00,19246.03,1299.5,32.5177,285.8058,0.42138,0.0601227,16.78,6.28,7.15,53.0
2022-10-03 12:00:00,19332.77,1318.73,32.8295,286.4456,0.42461,0.0600658,16.9,6.34,7.24,53.45
2022-10-03 16:00:00,19543.15,1315.85,32.9573,285.6987,0.42648,0.0598824,16.93,6.32,7.23,53.56
2022-10-03 20:00:00,19626.18,1322.82,32.8721,286.8814,0.42782,0.0604125,17.15,6.4,7.35,54.19
2022-10-04 00:00:00,19596.41,1329.42,33.1161,287.3495,0.42782,0.0601958,17.23,6.37,7.54,54.27
2022-10-04 04:00:00,19966.62,1350.19,33.7293,290.8774,0.43266,0.0607007,17.36,6.44,7.69,54.59
2022-10-04 08:00:00,19936.17,1349.48,33.6711,291.964,0.43144,0.0605976,17.31,6.45,7.68,54.74
2022-10-04 12:00:00,20101.36,1353.62,34.1717,294.138,0.43217,0.0605442,17.38,6.48,7.71,54.59
2022-10-04 16:00:00,20222.42,1354.48,34.1019,296.7461,0.43573,0.0646904,17.4,6.49,7.76,55.01
2022-10-04 20:00:00,20342.75,1361.17,34.1238,296.4701,0.4355,0.0657845,17.45,6.5,7.71,55.26
2022-10-05 00:00:00,20189.27,1355.34,34.0745,294.6736,0.43202,0.0649571,17.32,6.4,7.72,55.08
2022-10-05 04:00:00,20227.68,1352.2,34.1056,293.9344,0.43185,0.0652166,17.35,6.42,7.75,54.82
2022-10-05 08:00:00,20030.76,1334.82,33.5386,292.0504,0.42657,0.0643153,17.1,6.33,7.61,53.85
2022-10-05 12:00:00,19997.23,1330.86,33.6837,292.5414,0.42845,0.0638565,17.03,6.34,7.82,54.06
2022-10-05 16:00:00,20122.29,1350.54,33.8654,292.8973,0.43012,0.0650217,17.22,6.4,7.88,54.71
2022-10-05 20:00:00,20154.59,1352.54,34.138,294.2812,0.43119,0.0647478,17.36,6.44,7.88,54.62
2022-10-06 00:00:00,20365.3,1372.24,34.3437,296.0587,0.43498,0.066103,17.52,6.51,7.93,54.7
2022-10-06 04:00:00,20220.86,1368.38,34.0647,294.3941,0.43271,0.0654282,17.45,6.43,7.79,54.4
2022-10-06 08:00:00,20250.5,1368.7,34.164,294.746,0.4318,0.0654672,17.36,6.46,7.88,54.51
2022-10-06 12:00:00,20012.74,1362.08,33.8363,294.3649,0.42951,0.0641968,17.29,6.41,7.79,54.38
2022-10-06 16:00:00,20013.4,1360.63,33.6915,292.9895,0.42893,0.0639659,17.1,6.4,7.68,53.91
2022-10-06 20:00:00,19959.98,1352.28,33.3684,287.1372,0.42859,0.0634533,17.0,6.34,7.64,53.47
2022-10-07 00:00:00,19983.33,1354.6,33.6682,284.1211,0.42798,0.0634616,17.1,6.35,7.71,53.43
2022-10-07 04:00:00,19926.78,1356.99,33.383,285.0265,0.42781,0.0631941,17.06,6.35,7.7,53.49
2022-10-07 08:00:00,19999.76,1355.19,33.3395,284.2607,0.4278,0.063238,17.05,6.37,7.65,53.5
2022-10-07 12:00:00,19576.74,1333.2,32.8869,282.3561,0.42426,0.062124,16.86,6.31,7.55,52.69
2022-10-07 16:00:00,19459.65,1326.18,32.9623,282.7577,0.42475,0.0619967,16.8,6.31,7.59,52.63
2022-10-07 20:00:00,19530.6,1331.84,32.9814,282.5304,0.42382,0.0624,16.88,6.34,7.59,52.76
2022-10-08 00:00:00,19499.81,1332.36,32.8374,280.9097,0.4247,0.0624336,16.96,6.39,7.61,53.19
2022-10-08 04:00:00,19503.17,1329.37,32.9809,281.0774,0.42647,0.062375,16.91,6.37,7.61,53.3
2022-10-08 08:00:00,19536.68,1330.17,32.8706,281.4126,0.42488,0.0622407,16.86,6.37,7.59,53.58
2022-10-08 12:00:00,19486.22,1324.72,32.8203,280.9254,0.42462,0.0622557,16.85,6.32,7.53,53.23
2022-10-08 16:00:00,19475.89,1324.85,32.6831,280.5244,0.42322,0.0622057,16.81,6.31,7.47,52.87
2022-10-08 20:00:00,19417.23,1314.87,32.5623,276.3889,0.42146,0.0616333,16.78,6.31,7.45,52.82
2022-10-09 00:00:00,19367.93,1310.45,32.4768,275.655,0.42014,0.0613817,16.72,6.29,7.46,52.88
2022-10-09 04:00:00,19404.89,1315.59,32.7121,277.4027,0.42197,0.0616894,16.87,6.35,7.54,53.45
2022-10-09 08:00:00,19466.0,1323.48,32.8939,278.0217,0.42295,0.062057,16.93,6.41,7.58,53.48
2022-10-09 12:00:00,19535.28,1326.58,33.0896,279.3507,0.42367,0.0622033,16.9,6.46,7.51,53.7
2022-10-09 16:00:00,19469.58,1320.81,32.9807,278.2596,0.42288,0.0620358,16.93,6.48,7.61,53.62
2022-10-09 20:00:00,19441.73,1322.68,32.9421,278.3236,0.42298,0.0621738,16.88,6.49,7.62,53.91
2022-10-10 00:00:00,19449.22,1322.99,33.0256,278.0954,0.42365,0.0622948,16.99,6.46,7.62,53.98
2022-10-10 04:00:00,19412.34,1317.25,32.9084,276.8448,0.42179,0.0617443,16.86,6.39,7.58,54.09
2022-10-10 08:00:00,19330.68,1314.22,32.7111,275.1744,0.41635,0.0610488,16.7,6.37,7.49,53.34
2022-10-10 12:00:00,19272.87,1308.76,32.6787,275.2509,0.41615,0.0607065,16.68,6.34,7.51,53.18
2022-10-10 16:00:00,19209.32,1310.14,32.5272,274.7013,0.41443,0.0606363,16.58,6.35,7.61,53.28
2022-10-10 20:00:00,19132.82,1290.77,31.964,271.6818,0.40087,0.0593588,16.22,6.26,7.34,52.94
2022-10-11 00:00:00,19043.34,1279.09,31.3575,270.069,0.39563,0.0590054,15.89,6.18,7.19,51.78
2022-10-11 04:00:00,19081.83,1284.17,31.5519,270.8562,0.39637,0.0592721,16.01,6.21,7.25,52.01
2022-10-11 08:00:00,19148.6,1285.43,31.5491,272.0907,0.39919,0.0598565,16.01,6.2,7.23,51.95
2022-10-11 12:00:00,19148.15,1294.92,31.574,273.3736,0.39991,0.0605122,16.21,6.22,7.3,52.32
2022-10-11 16:00:00,18996.35,1282.16,31.1531,270.3196,0.39218,0.0599278,15.94,6.18,7.2,51.82
2022-10-11 20:00:00,19063.54,1280.18,30.8046,271.467,0.39024,0.0602384,15.94,6.19,7.13,51.98
2022-10-12 00:00:00,19049.46,1284.19,30.9595,271.144,0.39092,0.0604823,15.96,6.18,7.14,52.2
2022-10-12 04:00:00,19110.84,1295.23,31.2698,271.3258,0.39385,0.0603255,15.98,6.22,7.27,52.71
2022-10-12 08:00:00,19114.12,1297.86,31.262,271.7849,0.39314,0.0601171,16.11,6.22,7.19,52.19
2022-10-12 12:00:00,19137.1,1299.02,31.2751,270.9089,0.39185,0.0600276,16.06,6.2,7.19,52.27
2022-10-12 16:00:00,19136.43,1297.7,31.206,271.2717,0.38679,0.0598811,15.91,6.16,7.17,52.16
2022-10-12 20:00:00,19155.42,1294.23,31.1125,270.9318,0.38126,0.0597697,15.98,6.18,7.15,52.16
2022-10-13 00:00:00,19088.48,1286.59,30.8172,269.8013,0.37465,0.0589103,15.62,6.11,6.97,51.95
2022-10-13 04:00:00,19003.69,1278.27,29.7392,264.144,0.36244,0.0576326,15.18,5.89,6.73,50.42
2022-10-13 08:00:00,18755.63,1242.99,28.7921,263.0103,0.36162,0.0568717,15.06,5.87,6.66,50.44
2022-10-13 12:00:00,18959.76,1256.45,29.6077,266.9437,0.37605,0.0582109,15.28,5.99,6.85,50.28
2022-10-13 16:00:00,19370.97,1286.37,30.5476,271.6767,0.37525,0.0595445,15.69,6.12,7.0,51.17
2022-10-13 20:00:00,19372.85,1287.91,30.488,271.6511,0.37784,0.0596517,15.63,6.11,7.04,51.26
2022-10-14 00:00:00,19815.93,1329.19,31.6282,275.0015,0.38701,0.0606097,16.15,6.25,7.19,52.46
2022-10-14 04:00:00,19640.03,1320.02,31.3228,273.4466,0.38192,0.0599721,16.12,6.18,7.12,51.82
2022-10-14 08:00:00,19599.97,1325.9,31.2289,273.3157,0.37932,0.0599969,16.25,6.2,7.11,52.28
2022-10-14 12:00:00,19355.36,1311.31,30.8163,271.305,0.37256,0.0593365,15.96,6.13,7.06,51.33
2022-10-14 16:00:00,19171.1,1298.37,30.1972,269.7619,0.36513,0.0586481,15.73,6.07,6.91,51.16
2022-10-14 20:00:00,19175.48,1297.97,30.0384,269.5299,0.36651,0.058558,15.68,6.06,6.91,51.27
2022-10-15 00:00:00,19201.99,1301.24,30.1066,270.7396,0.36898,0.0589975,15.66,6.07,6.89,51.35
2022-10-15 04:00:00,19171.28,1295.24,30.0395,270.6358,0.36728,0.0587319,15.68,6.07,6.91,51.57
2022-10-15 08:00:00,19160.7,1287.12,29.9499,271.0509,0.36737,0.0588822,15.71,6.06,6.96,51.33
2022-10-15 12:00:00,19132.82,1286.17,29.947,271.0048,0.36674,0.0592546,15.7,6.09,6.96,51.47
2022-10-15 16:00:00,19100.62,1282.24,29.8687,270.0625,0.36682,0.0587694,15.67,6.08,6.96,51.01
2022-10-15 20:00:00,19067.26,1274.05,29.5276,268.0391,0.36522,0.0585,15.43,6.08,6.91,50.66
2022-10-16 00:00:00,19121.55,1283.18,29.7596,269.5382,0.36542,0.0589149,15.55,6.14,7.09,50.62
2022-10-16 04:00:00,19134.06,1283.63,29.7605,270.202,0.367,0.05901,15.56,6.12,7.04,50.64
2022-10-16 08:00:00,19141.87,1284.0,29.8905,270.1325,0.36754,0.0589383,15.61,6.16,7.09,50.83
2022-10-16 12:00:00,19155.96,1286.08,29.9649,270.7297,0.36603,0.0588245,15.62,6.17,7.08,50.9
2022-10-16 16:00:00,19376.44,1307.48,30.3833,273.3509,0.37348,0.0591919,15.87,6.22,7.2,51.6
2022-10-16 20:00:00,19263.61,1306.88,30.1428,272.2813,0.3701,0.0590133,15.75,6.2,7.17,51.52
2022-10-17 00:00:00,19186.78,1302.16,30.0424,271.704,0.36681,0.0587995,15.72,6.14,7.11,51.16
2022-10-17 04:00:00,19295.11,1313.94,30.3165,272.0452,0.36818,0.059123,15.9,6.17,7.2,51.43
2022-10-17 08:00:00,19461.1,1317.31,30.5299,273.3481,0.37096,0.0594922,16.03,6.21,7.2,51.69
2022-10-17 12:00:00,19538.2,1330.65,31.0109,274.0639,0.37284,0.0599079,16.07,6.2,7.26,51.87
2022-10-17 16:00:00,19526.76,1324.29,30.806,274.6781,0.3703,0.0594823,16.02,6.22,7.22,51.68
2022-10-17 20:00:00,19549.99,1330.36,31.21,275.7947,0.37232,0.0600982,16.26,6.28,7.34,51.92
2022-10-18 00:00:00,19545.98,1333.82,31.1324,274.7791,0.37067,0.0600267,16.25,6.26,7.3,51.8
2022-10-18 04:00:00,19665.67,1338.14,31.1373,274.6449,0.37183,0.0598873,16.3,6.23,7.24,52.2
2022-10-18 08:00:00,19567.69,1327.04,30.8661,273.8492,0.36861,0.0594188,16.1,6.2,7.18,51.74
2022-10-18 12:00:00,19373.14,1307.45,30.3143,272.0309,0.36488,0.0588202,15.83,6.11,7.07,51.25
2022-10-18 16:00:00,19220.0,1300.44,30.0414,272.301,0.36169,0.0590824,15.74,6.15,7.04,51.2
2022-10-18 20:00:00,19331.56,1310.47,30.1192,273.2886,0.3615,0.0597558,15.85,6.15,7.11,51.86
2022-10-19 00:00:00,19285.45,1305.4,30.0835,272.8196,0.36009,0.0599718,15.66,6.14,7.06,51.66
2022-10-19 04:00:00,19217.43,1300.12,30.0612,271.5428,0.35759,0.0595319,15.52,6.1,7.01,51.49
2022-10-19 08:00:00,19199.23,1299.37,29.9083,271.0429,0.35551,0.0589848,15.5,6.12,6.93,51.11
2022-10-19 12:00:00,19268.16,1306.37,29.9899,273.1555,0.35806,0.0590495,15.63,6.24,6.97,51.61
2022-10-19 16:00:00,19229.31,1294.84,29.6514,273.3122,0.35742,0.060655,15.59,6.23,6.92,51.32
2022-10-19 20:00:00,19122.18,1285.09,28.9125,272.094,0.34973,0.0586629,15.09,6.08,6.78,50.81
2022-10-20 00:00:00,19043.72,1281.35,28.9172,270.583,0.35216,0.0591621,15.16,6.08,6.77,51.04
2022-10-20 04:00:00,19144.6,1291.87,29.2466,271.6917,0.35334,0.0597421,15.28,6.12,6.85,51.47
2022-10-20 08:00:00,19210.87,1299.95,29.3703,272.8035,0.35312,0.0598442,15.29,6.15,6.86,51.7
2022-10-20 12:00:00,19256.88,1299.68,29.1473,272.3252,0.35259,0.0599789,15.27,6.14,6.86,51.89
2022-10-20 16:00:00,19063.18,1284.83,28.2989,269.0894,0.34159,0.0598771,15.41,5.95,6.71,50.9
2022-10-20 20:00:00,19041.69,1282.39,28.0557,269.2027,0.34013,0.0594024,15.15,5.88,6.67,51.12
2022-10-21 00:00:00,19054.08,1287.26,28.118,268.4346,0.33982,0.0590833,15.08,5.88,6.65,51.06
2022-10-21 04:00:00,19031.42,1285.53,27.9673,267.0455,0.33743,0.0587204,15.01,5.87,6.6,50.85
2022-10-21 08:00:00,18948.75,1274.41,27.4911,266.4753,0.33417,0.0582467,14.76,5.84,6.52,50.28
2022-10-21 12:00:00,19161.61,1296.19,27.549,269.8019,0.34322,0.05865,15.31,5.85,6.73,51.51
2022-10-21 16:00:00,19187.78,1302.87,28.1735,270.8695,0.34793,0.0593934,15.5,5.88,6.83,51.7
2022-10-21 20:00:00,19172.05,1299.31,28.0933,269.9357,0.34906,0.0593358,15.68,5.83,6.81,51.62
2022-10-22 00:00:00,19148.21,1298.86,27.7932,268.8691,0.34688,0.0594101,15.67,5.8,6.75,51.48
2022-10-22 04:00:00,19164.02,1299.67,27.8,269.7753,0.34729,0.0591028,15.63,5.81,6.82,51.85
2022-10-22 08:00:00,19177.45,1306.19,27.9833,269.9793,0.35151,0.0594613,15.85,5.85,6.86,51.98
2022-10-22 12:00:00,19237.05,1317.6,28.0046,269.4921,0.35018,0.0595658,15.68,5.83,6.85,52.27
2022-10-22 16:00:00,19181.47,1313.88,27.8169,269.8696,0.34971,0.0594137,15.65,5.82,6.87,52.22
2022-10-22 20:00:00,19206.26,1313.26,28.0608,270.4734,0.35135,0.0596795,15.68,5.86,6.88,52.2
2022-10-23 00:00:00,19195.22,1312.59,28.3483,270.3537,0.35354,0.059651,15.77,5.85,6.95,52.3
2022-10-23 04:00:00,19163.33,1309.66,28.4483,269.5683,0.35128,0.0593289,15.78,5.84,6.92,52.0
2022-10-23 08:00:00,19151.23,1304.67,28.0111,269.5263,0.34682,0.0589607,15.68,5.8,6.86,51.98
2022-10-23 12:00:00,19191.28,1313.59,27.9469,270.4563,0.35154,0.0593922,15.67,5.84,6.85,52.31
2022-10-23 16:00:00,19499.34,1330.87,28.857,273.8854,0.3548,0.0599233,16.06,5.93,6.99,53.17
2022-10-23 20:00:00,19570.12,1362.87,29.295,275.9524,0.36207,0.0603832,16.32,5.96,7.05,54.0
2022-10-24 00:00:00,19393.52,1347.19,28.5621,274.2458,0.3563,0.0597502,16.07,5.88,6.93,53.39
2022-10-24 04:00:00,19322.34,1336.61,28.5265,273.2489,0.35868,0.0593407,15.91,5.82,6.89,52.88
2022-10-24 08:00:00,19424.32,1353.59,29.1648,274.1183,0.36371,0.0597983,16.09,5.9,6.96,53.3
2022-10-24 12:00:00,19305.63,1341.92,28.4547,272.7048,0.35783,0.0592101,15.81,5.83,6.89,52.46
2022-10-24 16:00:00,19344.15,1343.43,28.4133,273.3584,0.36022,0.059498,15.79,5.9,6.95,52.68
2022-10-24 20:00:00,19330.46,1343.54,28.2799,273.8159,0.35738,0.0594806,15.74,5.93,6.9,52.47
2022-10-25 00:00:00,19339.67,1346.91,28.45,274.1357,0.36163,0.0603833,15.8,5.94,6.93,52.83
2022-10-25 04:00:00,19303.73,1347.92,28.4036,273.357,0.36012,0.060036,15.74,5.94,6.88,53.0
2022-10-25 08:00:00,19301.45,1348.08,28.2146,273.3889,0.36104,0.0600111,15.69,5.92,6.87,52.31
2022-10-25 12:00:00,19748.34,1407.83,29.7115,280.68,0.37352,0.0610545,16.33,6.17,7.01,53.73
2022-10-25 16:00:00,20272.64,1493.52,31.4608,288.5821,0.41381,0.0637969,16.83,6.52,7.12,56.74
2022-10-25 20:00:00,20083.8,1459.22,30.8848,284.0103,0.39987,0.0630125,16.64,6.47,7.08,56.0
2022-10-26 00:00:00,20249.59,1486.9,31.124,285.9537,0.39895,0.0657626,16.95,6.5,7.16,56.36
2022-10-26 04:00:00,20350.44,1516.21,31.3412,286.521,0.40094,0.0656506,17.1,6.54,7.19,56.06
2022-10-26 08:00:00,20607.15,1527.95,31.262,289.2614,0.40535,0.0676598,17.07,6.54,7.16,57.11
2022-10-26 12:00:00,20846.31,1568.02,31.4184,289.4037,0.40768,0.0678231,17.08,6.48,7.22,56.85
2022-10-26 16:00:00,20760.9,1562.75,31.2313,290.3742,0.40264,0.0725985,17.0,6.46,7.17,55.97
2022-10-26 20:00:00,20766.5,1565.94,31.2733,290.2825,0.40259,0.0729447,17.0,6.45,7.15,56.4
2022-10-27 00:00:00,20751.19,1554.29,31.5347,290.7094,0.40714,0.0761426,17.11,6.52,7.22,56.12
2022-10-27 04:00:00,20710.59,1556.88,31.6766,289.2577,0.40641,0.0780106,17.18,6.53,7.22,56.19
2022-10-27 08:00:00,20617.82,1550.4,31.3824,288.2066,0.40374,0.0758052,16.97,6.46,7.15,56.03
2022-10-27 12:00:00,20562.69,1544.56,31.2954,287.7528,0.39839,0.077672,17.19,6.43,7.07,55.33
2022-10-27 16:00:00,20629.02,1561.31,31.4335,288.6403,0.40151,0.0829468,17.31,6.45,7.12,55.79
2022-10-27 20:00:00,20292.1,1513.01,30.578,286.8517,0.38811,0.0767104,16.91,6.32,6.89,54.65
2022-10-28 00:00:00,20289.42,1508.24,30.6047,287.174,0.38545,0.0741657,17.03,6.37,6.86,54.43
2022-10-28 04:00:00,20081.63,1493.67,30.2109,286.3058,0.37981,0.0740642,17.17,6.36,6.93,53.46
2022-10-28 08:00:00,20177.35,1498.47,30.4225,287.8649,0.38271,0.0818167,17.27,6.38,6.96,54.12
2022-10-28 12:00:00,20482.4,1537.49,31.0721,296.7123,0.39658,0.0851866,17.59,6.42,7.04,54.8
2022-10-28 16:00:00,20610.43,1556.85,31.9749,299.0765,0.40374,0.0849811,18.16,6.51,7.16,55.05
2022-10-28 20:00:00,20591.44,1555.16,32.0656,298.1628,0.40436,0.0837905,18.39,6.51,7.1,54.94
2022-10-29 00:00:00,20756.45,1590.13,32.8794,304.5276,0.40816,0.0863701,18.75,6.67,7.18,55.4
2022-10-29 04:00:00,20772.16,1594.66,33.3051,302.319,0.40818,0.0927686,18.43,6.58,7.19,55.48
2022-10-29 08:00:00,20692.75,1615.49,32.9944,301.8697,0.40542,0.1021889,18.39,6.55,7.15,55.62
2022-10-29 12:00:00,20927.54,1632.75,33.1608,302.6895,0.40842,0.1321995,18.46,6.53,7.18,56.18
2022-10-29 16:00:00,20838.41,1623.99,32.996,304.1824,0.41834,0.127703,18.44,6.63,7.54,56.44
2022-10-29 20:00:00,20810.82,1620.16,32.8755,303.6785,0.42005,0.121813,18.32,6.64,7.61,56.49
2022-10-30 00:00:00,20774.22,1621.53,33.0378,306.7823,0.41801,0.1279489,18.36,6.64,7.8,56.8
2022-10-30 04:00:00,20846.42,1629.43,33.4018,313.7446,0.42054,0.1302558,18.78,6.71,7.8,57.06
2022-10-30 08:00:00,20776.99,1605.71,32.7026,311.748,0.41417,0.1290221,18.53,6.6,7.59,55.95
2022-10-30 12:00:00,20683.8,1587.32,32.2314,309.7373,0.40288,0.1126148,18.07,6.56,7.57,55.71
2022-10-30 16:00:00,20651.48,1587.27,32.3376,315.6166,0.40643,0.1150599,18.23,6.58,7.76,55.67
2022-10-30 20:00:00,20624.23,1591.32,32.9237,313.5955,0.4059,0.1175742,18.27,6.65,7.79,55.45
2022-10-31 00:00:00,20516.21,1583.97,32.8279,311.675,0.40356,0.1219305,18.71,6.77,7.95,55.32
2022-10-31 04:00:00,20544.14,1590.78,33.4241,309.9776,0.4021,0.117576,18.68,6.72,7.94,54.9
2022-10-31 08:00:00,20729.29,1619.68,34.0448,330.3762,0.41283,0.1222118,19.38,6.82,8.09,56.02
2022-10-31 12:00:00,20401.76,1570.68,32.9748,323.1873,0.40465,0.1266578,19.14,6.63,8.0,54.43
2022-10-31 16:00:00,20369.04,1561.99,32.5465,327.9,0.40392,0.1256573,18.86,6.62,7.79,54.91
2022-10-31 20:00:00,20492.7,1573.8,32.5537,325.726,0.40611,0.1269118,19.3,6.64,7.85,55.28
2022-11-01 00:00:00,20480.48,1586.68,32.6385,329.8631,0.40679,0.1275342,19.11,6.63,7.82,55.01
2022-11-01 04:00:00,20600.43,1590.67,32.9989,327.0873,0.41026,0.1457471,19.31,6.68,7.82,55.37
2022-11-01 08:00:00,20521.0,1591.26,32.9011,323.9253,0.41058,0.1418951,19.1,6.62,7.75,55.35
2022-11-01 12:00:00,20447.1,1574.65,32.4531,319.4417,0.4023,0.1389916,18.81,6.48,7.72,54.89
2022-11-01 16:00:00,20453.85,1576.23,32.2077,324.5237,0.40221,0.1387929,18.62,6.51,7.65,55.13
2022-11-01 20:00:00,20483.94,1580.28,32.2085,324.0544,0.40126,0.1420469,18.62,6.45,7.7,55.06
2022-11-02 00:00:00,20519.31,1591.56,32.2777,326.7145,0.39958,0.1414807,18.4,6.45,7.83,55.4
2022-11-02 04:00:00,20423.12,1565.14,31.7546,323.7327,0.39502,0.1374724,18.15,6.37,7.69,54.79
2022-11-02 08:00:00,20429.96,1556.45,31.3099,321.69,0.39239,0.131596,17.86,6.37,7.77,59.15
2022-11-02 12:00:00,20407.59,1559.56,31.3217,318.817,0.39389,0.1298697,18.07,6.33,7.7,60.86
2022-11-02 16:00:00,20250.0,1536.6,30.9467,320.4492,0.39059,0.1312986,17.88,6.29,7.58,59.36
2022-11-02 20:00:00,20152.24,1518.7,30.8012,319.9059,0.38588,0.1276048,17.92,6.25,7.43,60.94
2022-11-03 00:00:00,20310.54,1547.48,31.6703,322.134,0.39425,0.1339851,18.69,6.43,7.73,63.39
2022-11-03 04:00:00,20301.28,1544.0,31.6422,333.8328,0.39492,0.1308552,18.54,6.44,7.8,61.46
2022-11-03 08:00:00,20128.63,1531.71,31.2239,328.6709,0.39114,0.129731,18.25,6.4,7.87,60.99
2022-11-03 12:00:00,20250.16,1541.89,31.1662,327.6973,0.39337,0.1312068,18.33,6.46,7.85,61.32
2022-11-03 16:00:00,20261.62,1541.37,31.2242,330.928,0.39531,0.128481,18.31,6.5,7.78,63.33
2022-11-03 20:00:00,20208.15,1528.92,30.8339,329.7738,0.38943,0.1225269,18.04,6.43,7.71,62.03
2022-11-04 00:00:00,20321.79,1548.78,31.9243,340.6065,0.40674,0.1195189,18.54,6.58,8.22,62.59
2022-11-04 04:00:00,20614.33,1586.65,32.3883,344.7067,0.40961,0.122868,19.14,6.7,8.2,64.17
2022-11-04 08:00:00,20558.22,1577.41,32.3629,346.387,0.40569,0.1190629,18.84,6.7,8.13,65.02
2022-11-04 12:00:00,20832.25,1625.06,33.1151,349.2183,0.41037,0.122769,19.05,6.76,8.24,67.74
2022-11-04 16:00:00,21112.2,1648.4,33.4602,354.2789,0.42397,0.1255229,19.21,6.98,8.6,69.05
2022-11-04 20:00:00,21147.28,1644.76,33.7301,354.3787,0.42122,0.1260049,19.39,7.06,8.72,67.5
2022-11-05 00:00:00,21444.69,1646.59,34.7135,355.9108,0.42907,0.1249922,19.64,7.07,8.68,68.31
2022-11-05 04:00:00,21386.72,1652.12,35.2139,360.3527,0.42997,0.131786,19.6,7.06,8.8,69.02
2022-11-05 08:00:00,21399.43,1649.42,35.422,355.6365,0.42883,0.1284887,19.43,7.07,8.71,69.92
2022-11-05 12:00:00,21302.54,1636.04,37.232,351.3636,0.42957,0.1267929,19.97,7.12,8.86,70.91
2022-11-05 16:00:00,21329.12,1633.06,37.1021,349.5055,0.42571,0.1270083,19.85,7.13,8.89,69.84
2022-11-05 20:00:00,21302.61,1627.19,36.7646,349.1828,0.42669,0.1243961,19.61,7.02,8.66,69.28
2022-11-06 00:00:00,21237.54,1620.64,36.0213,349.4643,0.42636,0.1250821,19.4,7.07,8.74,69.08
2022-11-06 04:00:00,21191.8,1622.78,36.0957,351.6979,0.42207,0.1238019,19.5,7.01,8.63,69.86
2022-11-06 08:00:00,21255.49,1620.76,35.7932,351.8536,0.42167,0.1232023,19.41,7.11,8.66,69.16
2022-11-06 12:00:00,21245.0,1623.9,35.1173,350.7984,0.42412,0.1244905,19.25,7.12,8.61,69.2
2022-11-06 16:00:00,21193.66,1609.99,34.2172,353.0314,0.41909,0.1201489,18.96,6.99,8.36,69.95
2022-11-06 20:00:00,20908.79,1568.86,32.6885,337.8723,0.40262,0.1147765,18.29,6.82,8.1,68.05
2022-11-07 00:00:00,20915.56,1586.21,32.4861,338.8175,0.40711,0.1183291,18.51,6.89,8.26,71.56
2022-11-07 04:00:00,20632.65,1551.0,30.8955,328.4619,0.3982,0.1131847,17.77,6.67,7.9,68.93
2022-11-07 08:00:00,20728.13,1579.29,31.5791,332.4189,0.40801,0.1164429,18.36,6.84,8.26,70.65
2022-11-07 12:00:00,20764.81,1591.65,32.8165,334.6346,0.40979,0.1164462,18.59,7.13,8.53,69.16
2022-11-07 16:00:00,20844.75,1600.03,32.3853,342.0743,0.41379,0.1172228,18.79,7.35,8.92,68.91
2022-11-07 20:00:00,20589.39,1568.54,29.6164,336.9358,0.40396,0.111228,18.01,7.11,8.93,67.45
2022-11-08 00:00:00,20143.74,1506.96,26.5308,334.9499,0.38818,0.1021335,17.26,6.72,8.45,64.47
2022-11-08 04:00:00,19796.2,1497.5,27.9763,325.7045,0.38623,0.1028543,16.84,6.65,8.57,64.42
2022-11-08 08:00:00,19699.49,1477.17,28.0206,324.748,0.38349,0.1009602,16.57,6.57,8.76,63.73
2022-11-08 12:00:00,19522.17,1462.04,27.7018,326.5355,0.399,0.0993728,16.63,6.57,8.54,66.31
2022-11-08 16:00:00,18308.97,1316.38,24.0475,315.4161,0.37098,0.0880028,15.9,6.24,7.45,57.06
2022-11-08 20:00:00,18537.65,1334.42,24.3087,327.7134,0.37113,0.0878218,16.01,6.29,7.7,57.8
2022-11-09 00:00:00,18310.84,1311.02,22.1006,321.8883,0.364,0.085167,15.47,6.18,7.29,59.46
2022-11-09 04:00:00,18242.22,1274.64,19.3133,316.6174,0.37214,0.0867946,15.41,6.26,7.08,57.6
2022-11-09 08:00:00,17817.23,1221.39,20.0452,304.1706,0.35857,0.0866973,14.81,6.25,6.83,57.4
2022-11-09 12:00:00,17125.71,1164.32,16.1309,290.5212,0.35291,0.0838359,13.91,6.0,6.47,54.62
2022-11-09 16:00:00,16796.91,1194.51,13.8457,282.65,0.34116,0.0831834,13.1,5.92,6.51,53.39
2022-11-09 20:00:00,15922.56,1101.91,14.0883,265.8268,0.3167,0.0745,12.89,5.41,6.24,50.27
2022-11-10 00:00:00,16350.33,1173.55,15.1357,283.0015,0.34285,0.0797335,13.57,5.58,6.64,53.18
2022-11-10 04:00:00,16755.95,1191.03,15.369,282.146,0.35101,0.083139,14.32,5.75,6.72,54.02
2022-11-10 08:00:00,16403.7,1184.81,14.0068,275.119,0.34668,0.081323,14.13,5.68,6.54,53.78
2022-11-10 12:00:00,17568.17,1323.11,17.7957,306.4074,0.3718,0.0913093,15.62,6.04,7.3,58.94
2022-11-10 16:00:00,17478.21,1293.6,17.2822,301.502,0.36581,0.0897366,15.49,5.95,7.19,58.59
2022-11-10 20:00:00,17580.04,1299.42,17.7617,304.312,0.36903,0.0897425,15.4,5.97,7.23,60.52
2022-11-11 00:00:00,17063.8,1242.58,16.4367,292.5735,0.35835,0.0842658,14.81,5.73,6.84,60.37
2022-11-11 04:00:00,17396.52,1277.68,17.2376,298.855,0.36399,0.0876517,14.92,5.82,7.06,62.42
2022-11-11 08:00:00,17339.49,1276.5,18.1525,295.8526,0.35994,0.0877744,15.01,5.82,7.08,61.91
2022-11-11 12:00:00,16853.2,1259.05,16.5248,286.259,0.34905,0.0828831,14.13,5.61,6.76,59.86
2022-11-11 16:00:00,16837.71,1275.7,16.1982,288.6732,0.35086,0.0832394,13.93,5.65,6.91,60.22
2022-11-11 20:00:00,17054.1,1287.97,16.4863,289.3683,0.35545,0.0847957,14.11,5.76,7.04,61.12
2022-11-12 00:00:00,16910.5,1257.87,15.8259,283.689,0.34649,0.0821095,13.61,5.78,6.73,60.08
2022-11-12 04:00:00,16818.89,1264.55,15.4677,285.6714,0.34294,0.0874889,13.38,5.69,6.47,59.31
2022-11-12 08:00:00,16869.42,1259.06,15.3153,282.948,0.34235,0.093796,13.35,5.7,6.39,59.93
2022-11-12 12:00:00,16915.08,1276.68,14.8574,283.4811,0.34399,0.0916248,13.44,5.78,6.43,60.0
2022-11-12 16:00:00,16895.51,1268.32,15.1449,282.383,0.34369,0.0909666,13.33,5.84,6.3,60.88
2022-11-12 20:00:00,16813.35,1256.41,14.5154,282.0557,0.33905,0.0881675,13.1,5.77,6.27,59.93
2022-11-13 00:00:00,16920.76,1271.93,14.5019,285.0416,0.34431,0.0908147,13.32,5.85,6.45,59.67
2022-11-13 04:00:00,16775.93,1252.65,13.9479,281.7018,0.33466,0.0874966,13.0,5.89,6.37,58.57
2022-11-13 08:00:00,16659.37,1241.74,13.8062,280.763,0.33301,0.0873659,13.0,5.8,6.21,57.77
2022-11-13 12:00:00,16575.53,1231.75,14.0058,280.3829,0.33631,0.0866942,13.14,5.84,6.21,57.88
2022-11-13 16:00:00,16553.45,1228.81,13.9885,278.6248,0.33412,0.0860332,13.0,5.79,6.15,57.46
2022-11-13 20:00:00,16325.51,1224.03,13.1714,276.3458,0.32985,0.0851413,13.0,5.77,6.09,57.52
2022-11-14 00:00:00,16137.88,1194.92,13.0558,271.04,0.32202,0.0819422,12.32,5.53,5.81,56.03
2022-11-14 04:00:00,16824.93,1257.57,14.5463,280.8258,0.33201,0.0878805,13.16,5.79,6.21,57.53
2022-11-14 08:00:00,16756.63,1252.85,14.2462,285.128,0.3333,0.0875357,13.35,5.81,6.29,57.75
2022-11-14 12:00:00,16592.61,1246.21,13.7257,279.1137,0.33028,0.0856044,13.13,5.84,6.19,56.88
2022-11-14 16:00:00,16271.61,1213.55,13.7881,272.5179,0.3223,0.0837709,12.86,5.71,6.05,55.38
2022-11-14 20:00:00,16612.4,1243.03,14.0323,278.7462,0.33176,0.085912,13.13,5.86,6.27,56.44
2022-11-15 00:00:00,16823.22,1257.75,14.2149,280.03,0.33303,0.0866974,13.31,5.89,6.29,57.95
2022-11-15 04:00:00,16842.81,1266.24,14.4534,279.3735,0.33861,0.0880012,13.32,5.9,6.47,58.18
2022-11-15 08:00:00,16779.03,1260.24,14.5586,275.965,0.33841,0.087036,13.35,5.93,6.39,58.28
2022-11-15 12:00:00,16981.55,1264.42,14.3456,279.838,0.34281,0.0884139,13.56,6.01,6.59,58.88
2022-11-15 16:00:00,16854.53,1257.18,14.3208,276.2594,0.33674,0.086597,13.62,5.92,6.37,58.4
2022-11-15 20:00:00,16894.63,1253.85,14.337,277.1944,0.33666,0.0870406,13.51,5.92,6.41,58.11
2022-11-16 00:00:00,16969.44,1265.5,14.5472,279.3613,0.34375,0.0880534,13.69,5.99,6.55,59.14
2022-11-16 04:00:00,16836.05,1246.33,14.3615,278.4008,0.3409,0.088875,13.44,5.94,6.46,59.46
2022-11-16 08:00:00,16704.73,1220.09,14.2002,272.4759,0.33328,0.0866008,13.2,5.81,6.31,57.76
2022-11-16 12:00:00,16430.53,1192.54,13.7888,270.4599,0.32697,0.0846072,13.0,5.66,6.15,57.18
2022-11-16 16:00:00,16558.94,1209.67,14.109,270.2164,0.32868,0.0848426,13.07,5.68,6.18,57.44
2022-11-16 20:00:00,16661.52,1216.36,14.2685,271.8483,0.33247,0.0855215,13.06,5.71,6.21,57.37
2022-11-17 00:00:00,16521.59,1202.13,14.245,270.0916,0.32847,0.0852896,13.11,5.65,6.14,57.68
2022-11-17 04:00:00,16618.0,1204.23,14.282,269.8228,0.32725,0.0858615,13.19,5.67,6.2,59.14
2022-11-17 08:00:00,16605.38,1203.44,14.1874,267.13,0.32453,0.085086,13.05,5.65,6.21,59.48
2022-11-17 12:00:00,16540.04,1194.78,13.5703,266.163,0.32198,0.0841179,12.81,5.65,6.12,58.95
2022-11-17 16:00:00,16624.7,1203.71,13.4184,267.6429,0.32461,0.0844196,13.03,5.7,6.28,60.45
2022-11-17 20:00:00,16692.72,1200.19,13.6335,267.8093,0.3253,0.0846451,12.89,5.67,6.21,62.55
2022-11-18 00:00:00,16860.24,1220.09,13.7005,272.0953,0.3286,0.0857984,13.24,5.75,6.37,62.9
2022-11-18 04:00:00,16735.85,1213.91,13.6096,271.539,0.32831,0.0850639,13.15,5.71,6.29,61.75
2022-11-18 08:00:00,16751.05,1217.84,13.5558,273.2357,0.33053,0.0854242,13.14,5.74,6.24,63.55
2022-11-18 12:00:00,16695.83,1209.38,13.3338,271.8943,0.32616,0.0848187,13.14,5.71,6.16,62.69
2022-11-18 16:00:00,16655.94,1209.38,13.1589,273.2613,0.32355,0.0843732,12.91,5.66,6.11,62.45
2022-11-18 20:00:00,16701.82,1213.2,13.2394,274.0149,0.32626,0.0846322,13.01,5.62,6.21,62.7
2022-11-19 00:00:00,16632.06,1209.88,12.8663,272.6433,0.32513,0.0843878,12.83,5.6,6.09,62.2
2022-11-19 04:00:00,16595.06,1207.05,12.84,270.0551,0.32344,0.0836028,12.7,5.57,6.09,63.69
2022-11-19 08:00:00,16676.1,1209.9,12.838,270.9815,0.32513,0.0843005,12.77,5.57,6.11,63.26
2022-11-19 12:00:00,16658.27,1210.13,12.7327,271.5777,0.32592,0.0842348,12.82,5.6,6.13,63.2
2022-11-19 16:00:00,16630.15,1208.68,12.8164,271.3,0.32824,0.0840681,12.84,5.58,6.15,63.22
2022-11-19 20:00:00,16706.97,1217.94,12.8248,272.4688,0.32856,0.0845491,12.88,5.59,6.16,63.88
2022-11-20 00:00:00,16676.94,1218.55,12.8419,273.0744,0.3288,0.0850232,12.96,5.6,6.2,63.57
2022-11-20 04:00:00,16720.3,1219.39,13.0867,273.1719,0.32945,0.0851961,13.04,5.62,6.24,63.53
2022-11-20 08:00:00,16531.66,1167.55,12.5594,267.8337,0.31989,0.0819445,12.64,5.46,6.0,61.39
2022-11-20 12:00:00,16583.76,1178.13,13.0252,270.5503,0.31941,0.0819776,12.72,5.46,6.02,61.85
2022-11-20 16:00:00,16589.62,1185.8,12.7357,269.4329,0.31954,0.0807396,12.55,5.45,5.99,62.39
2022-11-20 20:00:00,16284.06,1142.04,12.2617,264.4207,0.31213,0.0769922,12.18,5.28,5.79,62.03
2022-11-21 00:00:00,16075.62,1124.27,11.7446,259.27,0.3057,0.0755459,11.87,5.22,5.71,60.49
2022-11-21 04:00:00,16041.95,1124.61,11.7282,257.9317,0.30454,0.0760271,11.91,5.21,5.75,60.82
2022-11-21 08:00:00,16083.76,1125.72,11.8064,258.5714,0.30558,0.0757878,11.92,5.2,5.76,59.91
2022-11-21 12:00:00,16129.33,1130.0,11.9085,260.3813,0.30966,0.0759694,12.04,5.25,5.81,61.52
2022-11-21 16:00:00,15728.33,1091.69,11.4258,252.0745,0.29834,0.0723598,11.72,5.13,5.58,60.44
2022-11-21 20:00:00,15780.0,1109.36,11.8628,254.207,0.30396,0.0747042,11.81,5.19,5.88,61.26
2022-11-22 00:00:00,15847.61,1103.04,11.5972,256.4592,0.30664,0.0760152,11.89,5.18,6.06,62.51
2022-11-22 04:00:00,15760.41,1093.68,11.528,253.9071,0.30166,0.0746336,11.62,5.04,5.95,61.69
2022-11-22 08:00:00,15753.26,1086.39,11.0178,254.3782,0.29991,0.0744619,11.55,5.04,5.99,62.25
2022-11-22 12:00:00,16237.47,1134.84,12.0296,264.1576,0.31504,0.0787076,12.33,5.3,6.4,70.27
2022-11-22 16:00:00,16169.06,1127.67,11.8427,263.4724,0.31128,0.0776295,12.23,5.24,6.38,69.16
2022-11-22 20:00:00,16218.73,1139.92,12.4277,266.0979,0.31162,0.0787,12.34,5.28,6.4,70.63
2022-11-23 00:00:00,16583.22,1170.9,13.0195,274.0003,0.31665,0.0817712,12.75,5.39,6.52,81.62
2022-11-23 04:00:00,16575.9,1166.44,13.1208,275.0596,0.3163,0.0817846,12.74,5.42,6.55,79.69
2022-11-23 08:00:00,16580.62,1175.24,13.3463,296.9163,0.31716,0.0818854,12.8,5.4,6.47,78.72
2022-11-23 12:00:00,16429.12,1160.51,13.0845,294.8992,0.31287,0.0802565,12.54,5.37,6.42,78.66
2022-11-23 16:00:00,16478.38,1168.31,14.0659,295.7239,0.31736,0.0810934,12.67,5.4,6.77,78.21
2022-11-23 20:00:00,16613.02,1184.2,14.3485,297.546,0.31825,0.0817491,13.06,5.44,6.7,78.98
2022-11-24 00:00:00,16713.59,1201.78,14.6259,300.2008,0.32069,0.0829448,13.36,5.47,6.77,76.35
2022-11-24 04:00:00,16617.12,1206.81,14.4155,296.1181,0.31662,0.081872,13.13,5.51,6.69,77.41
2022-11-24 08:00:00,16572.22,1194.86,14.0839,297.1438,0.3129,0.080987,12.88,5.4,6.69,77.74
2022-11-24 12:00:00,16557.76,1195.08,14.4307,298.416,0.315,0.0813391,12.87,5.38,6.86,78.7
2022-11-24 16:00:00,16574.38,1203.14,14.4293,298.9926,0.31617,0.0812037,12.86,5.38,6.81,78.4
2022-11-24 20:00:00,16599.81,1203.02,14.5774,300.2711,0.3164,0.0815562,12.96,5.39,6.82,78.7
2022-11-25 00:00:00,16489.68,1187.76,14.2339,298.8509,0.3096,0.0822688,12.6,5.29,6.82,77.81
2022-11-25 04:00:00,16465.45,1185.89,14.2426,295.7655,0.31225,0.0821501,12.7,5.29,6.82,75.51
2022-11-25 08:00:00,16531.48,1193.58,14.3112,298.8731,0.314,0.0879173,12.8,5.35,6.89,76.29
2022-11-25 12:00:00,16511.88,1189.94,14.1558,299.8124,0.31501,0.0882684,12.82,5.29,6.76,76.05
2022-11-25 16:00:00,16523.96,1197.56,14.226,301.6189,0.31592,0.0895312,12.92,5.29,6.89,75.22
2022-11-25 20:00:00,16520.64,1198.76,14.0226,300.6224,0.31482,0.0894294,12.83,5.27,6.86,74.08
2022-11-26 00:00:00,16625.57,1214.75,14.3655,309.6162,0.3185,0.0925108,12.99,5.31,6.87,75.0
2022-11-26 04:00:00,16587.8,1220.35,14.4712,312.0955,0.31818,0.0921944,12.94,5.35,6.87,78.45
2022-11-26 08:00:00,16583.0,1222.09,14.7409,314.696,0.31959,0.0920337,13.04,5.39,6.9,77.74
2022-11-26 12:00:00,16518.1,1210.42,14.4046,312.6182,0.31636,0.0909859,13.0,5.39,7.18,76.39
2022-11-26 16:00:00,16495.7,1207.22,14.2283,312.5527,0.31477,0.0900657,12.7,5.33,7.16,76.62
2022-11-26 20:00:00,16471.64,1204.92,14.1587,311.2506,0.31388,0.0889128,12.76,5.3,7.14,76.49
2022-11-27 00:00:00,16534.91,1216.87,14.2776,315.4654,0.31555,0.0893213,12.89,5.37,7.23,77.71
2022-11-27 04:00:00,16561.93,1217.94,14.3603,313.6813,0.31762,0.0968681,12.95,5.41,7.1,76.87
2022-11-27 08:00:00,16556.25,1213.98,14.3416,312.809,0.31673,0.104769,12.93,5.35,7.1,77.42
2022-11-27 12:00:00,16575.03,1217.13,14.3836,313.5267,0.31838,0.1031687,13.18,5.41,7.11,76.53
2022-11-27 16:00:00,16552.11,1212.76,14.2748,312.022,0.31754,0.104647,13.19,5.4,7.06,75.16
2022-11-27 20:00:00,16428.4,1193.83,14.1014,306.5807,0.31237,0.0986,12.86,5.3,6.91,74.89
2022-11-28 00:00:00,16189.1,1171.94,13.0916,297.2958,0.3046,0.0951075,12.24,5.12,6.72,72.46
2022-11-28 04:00:00,16234.86,1173.91,13.416,295.4695,0.30648,0.095729,12.36,5.17,6.74,72.26
2022-11-28 08:00:00,16219.78,1170.09,13.4759,295.1877,0.30467,0.0943753,12.31,5.2,6.78,72.66
2022-11-28 12:00:00,16143.62,1164.99,13.2052,292.1274,0.30423,0.0932114,12.25,5.13,6.7,71.23
2022-11-28 16:00:00,16221.98,1171.55,13.3555,293.2038,0.30668,0.0950066,12.39,5.17,7.05,73.98
2022-11-28 20:00:00,16212.51,1168.13,13.3323,293.4404,0.30656,0.0952421,12.47,5.14,7.22,73.85
2022-11-29 00:00:00,16287.62,1184.17,13.4612,296.4144,0.30815,0.1011461,12.34,5.16,7.33,75.75
2022-11-29 04:00:00,16463.8,1206.32,13.7298,301.9412,0.311,0.1024111,12.49,5.26,7.42,76.19
2022-11-29 08:00:00,16494.26,1216.53,13.6538,303.1204,0.311,0.1038381,12.62,5.3,7.36,76.75
2022-11-29 12:00:00,16391.9,1207.36,13.4478,300.0295,0.31007,0.1015824,12.48,5.29,7.32,75.48
2022-11-29 16:00:00,16428.32,1216.42,13.4111,295.3187,0.30821,0.101736,12.45,5.3,7.29,76.52
2022-11-29 20:00:00,16441.05,1216.37,13.3514,295.0266,0.3089,0.1013974,12.46,5.3,7.32,75.84
2022-11-30 00:00:00,16843.49,1263.89,13.4351,295.7376,0.31311,0.106041,12.67,5.36,7.42,78.39
2022-11-30 04:00:00,16881.29,1272.85,13.7061,300.7559,0.31489,0.1062073,13.06,5.42,7.49,78.23
2022-11-30 08:00:00,16879.12,1266.09,13.7172,300.6317,0.31464,0.1050593,12.96,5.39,7.45,78.51
2022-11-30 12:00:00,16866.73,1268.79,13.5345,298.0949,0.31448,0.1042175,12.83,5.41,7.43,77.59
2022-11-30 16:00:00,17046.48,1285.87,13.6346,298.3554,0.31452,0.1038268,12.9,5.42,7.46,78.02
2022-11-30 20:00:00,17164.98,1293.6,14.1545,300.3133,0.31892,0.1066448,13.18,5.48,7.66,79.15
2022-12-01 00:00:00,17146.21,1288.74,13.9272,297.4613,0.31749,0.104547,13.17,5.43,7.6,77.31
2022-12-01 04:00:00,17069.73,1279.05,13.8114,297.9933,0.3148,0.1026752,13.04,5.38,7.54,76.86
2022-12-01 08:00:00,17102.98,1282.43,13.8111,300.516,0.31736,0.1040708,13.08,5.39,7.55,77.31
2022-12-01 12:00:00,16976.82,1270.88,13.6258,291.7591,0.31555,0.1019231,13.08,5.37,7.72,77.06
2022-12-01 16:00:00,16951.02,1275.5,13.5253,291.5306,0.3147,0.1022876,12.93,5.39,7.64,77.56
2022-12-01 20:00:00,16976.49,1276.5,13.5058,292.2969,0.31404,0.1016898,12.89,5.41,7.68,77.38
2022-12-02 00:00:00,16909.02,1270.5,13.4386,287.9632,0.31258,0.0985406,12.93,5.44,7.58,75.87
2022-12-02 04:00:00,16961.06,1277.71,13.5296,289.5783,0.3137,0.0993781,13.08,5.42,7.59,76.51
2022-12-02 08:00:00,16993.1,1288.59,13.5992,291.2364,0.31764,0.0996257,13.15,5.6,7.63,76.76
2022-12-02 12:00:00,16939.74,1279.09,13.5418,290.2059,0.31705,0.0988785,13.13,5.65,7.57,76.22
2022-12-02 16:00:00,16986.07,1287.57,13.6796,290.7619,0.31962,0.0994022,13.4,5.63,7.6,77.03
2022-12-02 20:00:00,17096.4,1294.25,13.7154,293.4856,0.31906,0.1021184,13.58,5.62,7.62,77.97
2022-12-03 00:00:00,17022.36,1284.64,13.6067,291.9171,0.31925,0.1010984,13.47,5.59,7.49,77.17
2022-12-03 04:00:00,16965.14,1276.61,13.5795,290.5352,0.31808,0.0989975,13.37,5.55,7.43,76.95
2022-12-03 08:00:00,16949.8,1269.76,13.5061,290.2576,0.32331,0.0993847,13.54,5.59,7.43,76.98
2022-12-03 12:00:00,16961.05,1271.33,13.5791,291.5879,0.32546,0.1015483,13.55,5.56,7.4,76.44
2022-12-03 16:00:00,16954.49,1266.05,13.5282,291.7766,0.32347,0.1017123,13.86,5.55,7.33,75.98
2022-12-03 20:00:00,16879.06,1240.21,13.2954,290.8121,0.31953,0.0995989,13.43,5.49,7.26,76.43
2022-12-04 00:00:00,16959.56,1256.35,13.4175,291.6991,0.32181,0.101521,13.6,5.52,7.33,76.59
2022-12-04 04:00:00,16995.4,1257.01,13.4504,291.3991,0.31933,0.103478,13.75,5.58,7.36,76.46
2022-12-04 08:00:00,16951.56,1255.77,13.3729,289.6655,0.31899,0.1031461,13.58,5.51,7.29,76.1
2022-12-04 12:00:00,17031.12,1259.42,13.4872,289.5697,0.32255,0.1034779,13.64,5.54,7.34,76.41
2022-12-04 16:00:00,17090.3,1278.97,13.5429,291.0229,0.32353,0.1039412,13.69,5.56,7.37,76.96
2022-12-04 20:00:00,17106.46,1280.03,13.7115,292.4217,0.32261,0.1043172,13.93,5.6,7.46,77.21
2022-12-05 00:00:00,17198.99,1290.55,13.9102,294.7142,0.32458,0.1039422,14.18,5.68,7.54,77.87
2022-12-05 04:00:00,17314.31,1299.23,13.95,296.1779,0.32627,0.103968,14.17,5.71,7.54,83.36
2022-12-05 08:00:00,17313.88,1294.44,13.9925,295.5525,0.32706,0.1066403,14.16,5.69,7.52,83.26
2022-12-05 12:00:00,17083.21,1265.07,13.7399,290.1142,0.32191,0.1029041,13.8,5.55,7.35,81.58
2022-12-05 16:00:00,16929.31,1254.35,13.6756,286.5908,0.31747,0.1004465,13.54,5.47,7.18,80.12
2022-12-05 20:00:00,16968.71,1259.91,13.8291,288.5685,0.31944,0.1014925,13.6,5.49,7.28,80.22
2022-12-06 00:00:00,17002.65,1261.77,14.1727,289.2946,0.31955,0.1021185,13.58,5.5,7.24,81.22
2022-12-06 04:00:00,17002.53,1259.66,14.1519,289.5502,0.31792,0.1009393,13.62,5.49,7.28,80.27
2022-12-06 08:00:00,16984.42,1256.44,14.0077,288.5531,0.31619,0.1005306,13.57,5.45,7.22,79.57
2022-12-06 12:00:00,16982.85,1254.43,13.9823,288.7251,0.31688,0.0998805,13.59,5.48,7.26,79.52
2022-12-06 16:00:00,16973.08,1250.09,14.0224,288.5613,0.31507,0.0991694,13.51,5.47,7.07,77.83
2022-12-06 20:00:00,17088.37,1270.43,14.2894,290.1536,0.31834,0.1002504,13.65,5.5,7.13,80.08
2022-12-07 00:00:00,17024.78,1262.24,14.0436,288.7942,0.31747,0.0998171,13.56,5.47,7.06,79.23
2022-12-07 04:00:00,16770.28,1224.31,13.6254,283.035,0.30865,0.0950764,13.07,5.27,6.82,76.61
2022-12-07 08:00:00,16797.82,1226.72,13.6057,283.6528,0.30936,0.0958074,13.2,5.31,6.88,76.25
2022-12-07 12:00:00,16837.18,1234.57,13.6797,283.6134,0.31111,0.0960907,13.19,5.33,6.86,76.72
2022-12-07 16:00:00,16814.17,1232.22,13.57,283.6203,0.30877,0.0955418,13.18,5.26,6.86,77.02
2022-12-07 20:00:00,16837.35,1230.76,13.4852,284.2454,0.31014,0.095694,13.27,5.3,6.9,76.89
2022-12-08 00:00:00,16834.51,1231.64,13.4532,284.1221,0.30943,0.0966031,13.28,5.32,6.85,76.49
2022-12-08 04:00:00,16824.19,1232.92,13.4962,285.5052,0.31152,0.0971478,13.27,5.29,6.89,75.61
2022-12-08 08:00:00,16848.56,1239.98,13.5322,285.2236,0.31024,0.096158,13.17,5.32,6.91,75.66
2022-12-08 12:00:00,16919.31,1250.25,13.5662,287.4628,0.31126,0.0969758,13.25,5.31,6.93,76.11
2022-12-08 16:00:00,17252.71,1283.64,13.7352,290.0114,0.31513,0.098566,13.47,5.44,7.03,77.41
2022-12-08 20:00:00,17220.61,1279.88,13.6907,290.4493,0.31476,0.09856,13.41,5.42,7.01,78.33
2022-12-09 00:00:00,17201.62,1283.78,13.739,289.2856,0.31403,0.0980108,13.42,5.39,6.98,78.03
2022-12-09 04:00:00,17211.5,1282.21,13.704,290.4933,0.31521,0.0981821,13.5,5.4,7.05,78.0
2022-12-09 08:00:00,17244.99,1287.73,13.9006,291.081,0.31441,0.0982832,13.55,5.41,7.03,78.07
2022-12-09 12:00:00,17183.37,1277.93,13.8626,289.7171,0.31274,0.0972085,13.51,5.35,6.94,76.79
2022-12-09 16:00:00,17142.44,1268.96,13.6112,287.8311,0.31067,0.0966265,13.44,5.27,6.84,76.17
2022-12-09 20:00:00,17131.41,1263.01,13.6074,285.9994,0.31148,0.0965885,13.44,5.3,6.87,76.3
2022-12-10 00:00:00,17148.42,1265.08,13.6209,286.7664,0.3117,0.0966237,13.39,5.28,6.85,76.49
2022-12-10 04:00:00,17153.69,1264.99,13.6439,287.3471,0.31206,0.096618,13.41,5.3,6.84,76.43
2022-12-10 08:00:00,17164.45,1266.23,13.5693,287.6117,0.31322,0.09692,13.41,5.28,6.84,76.44
2022-12-10 12:00:00,17208.83,1277.91,13.6559,289.3216,0.3144,0.0972734,13.51,5.29,6.9,77.33
2022-12-10 16:00:00,17176.08,1272.11,13.6498,288.0029,0.31236,0.0967786,13.54,5.31,6.88,76.67
2022-12-10 20:00:00,17129.89,1266.31,13.5648,288.1189,0.3125,0.0963081,13.46,5.27,6.88,76.38
2022-12-11 00:00:00,17152.87,1272.38,13.6442,290.5752,0.3135,0.0968813,13.45,5.28,6.91,77.27
2022-12-11 04:00:00,17183.77,1276.19,13.6495,290.2654,0.31284,0.0968707,13.43,5.29,6.95,77.38
2022-12-11 08:00:00,17171.52,1273.3,13.628,290.333,0.31178,0.0969289,13.39,5.28,6.89,77.13
2022-12-11 12:00:00,17151.13,1273.45,13.6556,289.5403,0.31276,0.0962547,13.44,5.29,6.88,77.42
2022-12-11 16:00:00,17180.81,1274.26,13.7339,289.9238,0.31333,0.096506,13.44,5.28,6.87,78.18
2022-12-11 20:00:00,17084.74,1262.91,13.4202,284.2979,0.30758,0.0926547,12.98,5.17,6.72,76.51
2022-12-12 00:00:00,16920.38,1244.03,12.9456,282.667,0.30277,0.0874847,12.7,5.09,6.59,74.29
2022-12-12 04:00:00,16926.75,1246.42,12.9894,281.2231,0.30401,0.0880268,12.73,5.13,6.59,74.03
2022-12-12 08:00:00,16990.19,1254.33,13.1633,283.8451,0.30604,0.0890684,12.84,5.14,6.67,74.65
2022-12-12 12:00:00,17009.98,1249.48,13.1112,275.9363,0.30454,0.0885213,12.76,5.13,6.6,75.06
2022-12-12 16:00:00,17044.5,1254.24,13.2252,274.3107,0.30438,0.0886517,12.81,5.13,6.6,74.75
2022-12-12 20:00:00,17204.88,1274.89,13.3122,276.0049,0.30623,0.0903185,12.99,5.15,6.68,76.23
2022-12-13 00:00:00,17153.03,1269.22,13.0749,267.0455,0.30384,0.0895128,12.83,5.11,6.61,76.95
2022-12-13 04:00:00,17164.55,1266.14,12.9396,263.8844,0.30298,0.0883697,12.63,5.01,6.55,75.15
2022-12-13 08:00:00,17444.81,1286.59,13.3449,268.4108,0.30816,0.0897672,13.14,5.15,6.71,76.85
2022-12-13 12:00:00,17753.49,1321.33,13.7256,273.718,0.31256,0.0917853,13.8,5.25,6.91,78.1
2022-12-13 16:00:00,17734.82,1315.8,13.7706,268.524,0.3098,0.0900679,13.52,5.24,6.85,77.53
2022-12-13 20:00:00,17782.0,1320.83,13.8936,271.7167,0.31369,0.0908979,13.75,5.26,6.91,77.48
2022-12-14 00:00:00,17780.16,1320.08,13.9168,275.2409,0.31309,0.0916008,13.74,5.29,6.87,78.31
2022-12-14 04:00:00,17807.22,1322.61,13.9126,274.2923,0.31025,0.0909642,13.67,5.29,6.89,78.33
2022-12-14 08:00:00,17822.72,1326.5,13.9927,273.302,0.30973,0.0909387,13.78,5.31,6.86,78.08
2022-12-14 12:00:00,18063.31,1338.09,14.4815,272.1538,0.31349,0.0918952,14.0,5.33,6.88,78.58
2022-12-14 16:00:00,17789.04,1307.96,14.2985,267.4732,0.30813,0.0888177,13.69,5.18,6.78,75.88
2022-12-14 20:00:00,17804.72,1307.65,14.1323,267.5773,0.30815,0.0881783,13.7,5.2,6.73,75.29
2022-12-15 00:00:00,17726.45,1292.18,14.3687,265.6162,0.30432,0.0875011,13.8,5.19,6.67,74.87
2022-12-15 04:00:00,17690.17,1287.16,14.1669,264.8992,0.30142,0.0875867,13.58,5.18,6.61,74.75
2022-12-15 08:00:00,17720.0,1290.88,14.0988,264.731,0.30223,0.0877938,13.64,5.22,6.62,74.59
2022-12-15 12:00:00,17429.9,1270.46,13.9742,262.4682,0.30148,0.0871577,13.45,5.22,6.57,73.87
2022-12-15 16:00:00,17440.0,1274.73,14.1092,260.6534,0.30148,0.0860686,13.3,5.16,6.53,72.69
2022-12-15 20:00:00,17359.37,1265.64,13.9351,258.3759,0.29973,0.0846599,13.13,5.21,6.45,72.38
2022-12-16 00:00:00,17422.66,1271.85,14.0261,262.243,0.30002,0.0864608,13.25,5.21,6.5,73.31
2022-12-16 04:00:00,17502.87,1277.29,14.1005,263.8681,0.30084,0.0864429,13.27,5.2,6.52,73.19
2022-12-16 08:00:00,17024.02,1212.65,13.4732,251.1547,0.28627,0.0829918,12.71,5.1,6.24,69.1
2022-12-16 12:00:00,16972.64,1203.58,13.0286,247.4599,0.28456,0.0816727,12.51,5.04,6.15,68.57
2022-12-16 16:00:00,16866.53,1202.88,13.003,243.9536,0.28447,0.0810764,12.54,5.02,6.16,68.16
2022-12-16 20:00:00,16633.71,1167.36,12.2413,231.3163,0.2637,0.0757955,11.61,4.65,5.92,66.36
2022-12-17 00:00:00,16675.36,1175.04,12.2666,229.8823,0.26032,0.0769697,11.79,4.66,5.93,66.23
2022-12-17 04:00:00,16743.02,1183.33,12.4148,235.7585,0.26469,0.0777263,11.97,4.68,6.02,64.98
2022-12-17 08:00:00,16707.63,1179.86,12.3073,237.1229,0.26632,0.0770486,11.9,4.69,5.98,63.3
2022-12-17 12:00:00,16702.12,1179.7,12.3131,236.6512,0.26452,0.0776965,11.91,4.67,6.02,64.18
2022-12-17 16:00:00,16691.33,1176.61,12.2907,235.3588,0.26346,0.0775173,11.81,4.69,5.94,63.76
2022-12-17 20:00:00,16780.38,1186.87,12.484,242.2789,0.26707,0.0793876,11.93,4.7,6.04,64.94
2022-12-18 00:00:00,16737.19,1188.06,12.4774,246.3501,0.2685,0.0791888,11.96,4.7,6.03,64.88
2022-12-18 04:00:00,16746.75,1186.71,12.4369,247.3388,0.26766,0.0792576,11.9,4.69,6.0,64.5
2022-12-18 08:00:00,16707.55,1181.76,12.3938,246.6482,0.26494,0.0782615,11.85,4.64,5.99,63.86
2022-12-18 12:00:00,16687.84,1174.58,12.2956,245.1523,0.26421,0.0779833,11.84,4.63,5.95,63.73
2022-12-18 16:00:00,16754.38,1183.26,12.4439,249.4447,0.26722,0.0786025,11.92,4.65,6.02,64.37
2022-12-18 20:00:00,16738.88,1182.98,12.3487,250.6354,0.26564,0.0783558,11.97,4.68,5.94,64.29
2022-12-19 00:00:00,16681.26,1179.36,12.2204,246.9838,0.26506,0.0775214,11.71,4.58,5.89,62.69
2022-12-19 04:00:00,16724.31,1179.63,12.1874,245.4084,0.2629,0.0775332,11.85,4.61,5.93,62.83
2022-12-19 08:00:00,16737.04,1183.03,12.2786,247.553,0.2633,0.0772327,11.98,4.64,6.01,63.52
2022-12-19 12:00:00,16667.7,1179.72,12.2021,246.9004,0.26396,0.0762418,11.96,4.64,6.0,63.21
2022-12-19 16:00:00,16551.72,1171.62,12.0362,242.2491,0.25493,0.072304,11.71,4.47,5.86,62.31
2022-12-19 20:00:00,16439.89,1167.77,11.946,239.956,0.2525,0.0712543,11.4,4.48,5.77,63.33
2022-12-20 00:00:00,16726.2,1192.11,12.2035,247.5088,0.2552,0.0738776,11.71,4.55,5.97,64.81
2022-12-20 04:00:00,16800.88,1208.37,12.3544,248.2139,0.25711,0.0743938,11.89,4.6,6.05,64.84
2022-12-20 08:00:00,16816.1,1212.38,12.3574,249.3671,0.25795,0.0744456,11.96,4.6,6.06,64.9
2022-12-20 12:00:00,16919.32,1216.94,12.3521,251.031,0.26012,0.0746448,11.94,4.63,6.05,64.96
2022-12-20 16:00:00,16900.25,1217.61,12.2461,250.3497,0.25814,0.0744117,11.92,4.6,6.01,65.2
2022-12-20 20:00:00,16898.75,1218.03,12.2594,251.3712,0.25867,0.0749421,11.95,4.62,6.04,65.6
2022-12-21 00:00:00,16841.17,1210.66,12.0695,248.4428,0.25402,0.0730084,11.78,4.53,5.97,65.49
2022-12-21 04:00:00,16819.26,1211.13,12.026,247.9013,0.25264,0.0726364,11.79,4.5,5.95,65.06
2022-12-21 08:00:00,16879.4,1216.8,12.0878,249.5171,0.25372,0.0735843,11.85,4.52,6.01,65.61
2022-12-21 12:00:00,16858.35,1215.53,12.0534,248.7339,0.25212,0.0733753,11.85,4.48,5.94,65.83
2022-12-21 16:00:00,16754.75,1208.76,11.9603,245.7264,0.24983,0.0727691,11.73,4.46,5.92,65.55
2022-12-21 20:00:00,16829.61,1213.83,12.1424,245.8924,0.25339,0.0736907,11.7,4.46,5.97,65.3
2022-12-22 00:00:00,16853.53,1214.6,12.1319,247.2763,0.25354,0.0736989,11.72,4.48,5.99,65.5
2022-12-22 04:00:00,16825.37,1213.97,12.0544,246.2294,0.25194,0.0736366,11.67,4.43,5.96,66.3
2022-12-22 08:00:00,16833.82,1217.17,12.1144,245.8058,0.25266,0.076191,11.75,4.49,5.99,66.31
2022-12-22 12:00:00,16639.84,1187.03,11.8015,240.964,0.24848,0.0745649,11.52,4.38,5.91,64.61
2022-12-22 16:00:00,16663.11,1194.51,11.8472,242.7814,0.25075,0.0755623,11.6,4.39,5.91,65.27
2022-12-22 20:00:00,16822.08,1217.85,11.8079,245.6965,0.25607,0.076867,11.81,4.53,6.01,66.14
2022-12-23 00:00:00,16830.03,1223.57,12.0482,247.0929,0.26172,0.0779009,11.87,4.52,6.03,66.28
2022-12-23 04:00:00,16849.2,1221.95,11.8936,246.6557,0.26018,0.0784677,11.81,4.51,6.03,66.05
2022-12-23 08:00:00,16846.5,1222.92,11.8904,245.9272,0.25838,0.0775335,11.82,4.51,6.04,66.03
2022-12-23 12:00:00,16832.78,1219.11,11.8428,245.4191,0.25793,0.0771265,11.81,4.48,5.98,65.68
2022-12-23 16:00:00,16841.93,1219.97,11.8587,246.1266,0.25957,0.0774441,11.79,4.49,5.98,65.56
2022-12-23 20:00:00,16782.2,1220.2,11.7613,245.9527,0.25929,0.0771781,11.77,4.48,5.92,65.79
2022-12-24 00:00:00,16838.69,1218.99,11.7628,245.8312,0.26009,0.0773707,11.8,4.47,5.97,65.69
2022-12-24 04:00:00,16847.59,1220.28,11.3744,245.5059,0.2592,0.0773815,11.71,4.46,5.91,65.52
2022-12-24 08:00:00,16828.19,1219.39,11.3232,243.9334,0.25765,0.0772104,11.68,4.44,5.9,65.59
2022-12-24 12:00:00,16840.21,1218.93,11.3892,244.2697,0.25856,0.0772575,11.68,4.46,5.91,65.74
2022-12-24 16:00:00,16841.99,1223.49,11.5562,244.399,0.25891,0.0779025,11.69,4.47,5.94,65.88
2022-12-24 20:00:00,16834.19,1220.63,11.4342,244.5092,0.25918,0.0775497,11.68,4.46,5.91,65.72
2022-12-25 00:00:00,16832.07,1221.18,11.4581,245.223,0.25932,0.0771538,11.67,4.46,5.92,65.78
2022-12-25 04:00:00,16824.3,1219.76,11.4881,245.2161,0.25884,0.0769547,11.62,4.44,5.95,65.73
2022-12-25 08:00:00,16821.22,1217.76,11.4116,244.3804,0.2584,0.0764674,11.56,4.45,5.95,65.94
2022-12-25 12:00:00,16801.14,1211.02,11.4075,243.2519,0.25696,0.0749309,11.52,4.42,5.93,66.01
2022-12-25 16:00:00,16796.12,1209.38,11.3546,242.3112,0.25606,0.0755886,11.57,4.43,5.94,67.4
2022-12-25 20:00:00,16833.45,1218.8,11.3743,243.1248,0.25912,0.0759704,11.67,4.49,5.99,69.19
2022-12-26 00:00:00,16894.57,1221.0,11.4264,244.5128,0.26076,0.0762588,11.76,4.49,5.97,69.06
2022-12-26 04:00:00,16845.05,1220.76,11.2998,243.1949,0.25923,0.0755758,11.71,4.48,5.98,68.9
2022-12-26 08:00:00,16858.35,1220.17,11.3363,243.1471,0.26108,0.0757146,11.7,4.48,6.0,70.47
2022-12-26 12:00:00,16811.24,1215.29,11.22,242.2126,0.26126,0.0755215,11.63,4.51,5.95,69.8
2022-12-26 16:00:00,16842.56,1217.58,11.1942,242.5766,0.26302,0.0753128,11.58,4.52,6.0,70.22
2022-12-26 20:00:00,16919.83,1228.16,11.3471,244.1114,0.26535,0.0757693,11.72,4.56,6.05,70.73
2022-12-27 00:00:00,16878.6,1223.71,11.2512,243.0542,0.26385,0.0750852,11.7,4.52,5.98,70.38
2022-12-27 04:00:00,16871.6,1222.09,11.2132,243.0081,0.26387,0.0749343,11.69,4.53,5.98,70.34
2022-12-27 08:00:00,16831.69,1219.35,11.1461,243.9185,0.26306,0.0749856,11.72,4.55,6.0,70.06
2022-12-27 12:00:00,16798.54,1211.55,10.7622,245.2411,0.26055,0.0741691,11.71,4.5,5.93,69.88
2022-12-27 16:00:00,16692.85,1210.54,11.0033,246.02,0.25868,0.0732358,11.59,4.5,5.87,68.18
2022-12-27 20:00:00,16705.84,1211.86,11.1081,246.552,0.26009,0.0736911,11.64,4.47,5.9,68.72
2022-12-28 00:00:00,16650.25,1197.77,10.7783,244.5158,0.2553,0.0718013,11.44,4.44,5.8,68.57
2022-12-28 04:00:00,16645.06,1194.38,10.1387,243.115,0.25124,0.0710145,11.23,4.33,5.76,67.53
2022-12-28 08:00:00,16680.28,1196.06,10.0093,243.6538,0.25113,0.0712113,11.35,4.34,5.76,67.42
2022-12-28 12:00:00,16580.32,1189.45,9.966,242.3006,0.25055,0.0713104,11.32,4.33,5.75,67.41
2022-12-28 16:00:00,16597.09,1193.13,9.795,243.1183,0.2517,0.0710832,11.35,4.29,5.7,67.16
2022-12-28 20:00:00,16545.89,1189.89,9.7484,244.0387,0.24833,0.0704455,11.2,4.29,5.66,66.32
2022-12-29 00:00:00,16559.26,1194.69,9.7619,244.8414,0.24593,0.0706647,11.15,4.3,5.68,66.31
2022-12-29 04:00:00,16556.0,1194.52,9.6279,244.67,0.24484,0.0707552,11.18,4.32,5.7,66.03
2022-12-29 08:00:00,16597.3,1198.61,9.4534,245.877,0.24587,0.0708552,11.17,4.34,5.69,66.71
2022-12-29 12:00:00,16619.17,1201.0,9.3773,245.9,0.24603,0.0710907,11.11,4.34,5.69,66.99
2022-12-29 16:00:00,16612.07,1198.54,8.7782,245.6771,0.24311,0.070841,11.02,4.3,5.62,66.43
2022-12-29 20:00:00,16634.04,1200.79,9.6514,246.4169,0.2442,0.0710207,10.98,4.3,5.6,66.73
2022-12-30 00:00:00,16598.61,1197.62,9.5,245.3338,0.2442,0.0704996,10.87,4.29,5.59,67.15
2022-12-30 04:00:00,16478.06,1188.11,9.1286,243.5471,0.24022,0.0677859,10.74,4.24,5.46,66.34
2022-12-30 08:00:00,16493.53,1190.67,9.1155,243.3964,0.24168,0.0676716,10.69,4.24,5.5,66.59
2022-12-30 12:00:00,16553.99,1194.97,9.5736,245.0045,0.24332,0.0676003,10.79,4.27,5.44,67.76
2022-12-30 16:00:00,16526.61,1194.98,9.8589,244.4105,0.24423,0.068465,10.86,4.33,5.51,68.02
2022-12-30 20:00:00,16609.35,1199.9,9.9035,245.5692,0.24531,0.0682524,10.84,4.33,5.47,68.02
2022-12-31 00:00:00,16554.9,1194.79,9.733,245.3001,0.24529,0.0682862,10.87,4.32,5.41,68.06
2022-12-31 04:00:00,16565.53,1197.04,9.8138,245.5269,0.24445,0.0691977,10.93,4.34,5.46,67.89
2022-12-31 08:00:00,16565.77,1197.13,9.8432,245.7466,0.2467,0.0702997,10.96,4.36,5.57,68.27
2022-12-31 12:00:00,16587.69,1202.01,10.1323,247.0076,0.25008,0.0705976,10.97,4.39,5.6,70.09
2022-12-31 16:00:00,16571.39,1202.37,10.0761,246.7732,0.24805,0.0705737,10.98,4.34,5.57,70.15
2022-12-31 20:00:00,16525.07,1196.05,9.9526,246.064,0.24546,0.0700824,10.86,4.3,5.56,69.99
2023-01-01 00:00:00,16521.36,1194.19,9.9549,245.1529,0.24522,0.0697702,10.8,4.29,5.56,69.49
2023-01-01 04:00:00,16528.14,1195.32,9.7805,243.9536,0.24514,0.0694625,10.69,4.31,5.51,69.4
2023-01-01 08:00:00,16550.51,1196.17,9.9404,244.2534,0.24586,0.0695413,10.71,4.33,5.58,70.2
2023-01-01 12:00:00,16557.02,1196.59,9.8688,244.3091,0.2461,0.0697107,10.77,4.33,5.59,70.3
2023-01-01 16:00:00,16599.38,1201.98,9.9382,245.0832,0.24852,0.0702946,10.89,4.38,5.63,70.88
2023-01-01 20:00:00,16617.57,1199.97,9.9994,244.1924,0.24989,0.0700693,10.87,4.38,5.62,70.69
2023-01-02 00:00:00,16662.79,1201.75,9.9948,243.641,0.25,0.0700232,10.85,4.45,5.63,70.87
2023-01-02 04:00:00,16720.59,1212.84,11.0766,246.4074,0.25445,0.0717791,11.13,4.49,5.7,74.75
2023-01-02 08:00:00,16731.46,1217.14,10.9981,246.5995,0.25398,0.0717847,11.13,4.48,5.7,75.27
2023-01-02 12:00:00,16735.13,1218.65,11.125,246.7805,0.2548,0.0723455,11.19,4.48,5.68,75.46
2023-01-02 16:00:00,16735.25,1218.85,11.2843,246.6291,0.25477,0.0721649,11.2,4.52,5.72,74.95
2023-01-02 20:00:00,16677.87,1214.05,11.2914,245.2174,0.25336,0.0713525,11.15,4.51,5.71,74.8
2023-01-03 00:00:00,16693.22,1215.82,11.2347,245.7528,0.25306,0.0716801,11.12,4.48,5.67,75.61
2023-01-03 04:00:00,16728.09,1217.0,11.9521,246.3132,0.25315,0.0719231,11.27,4.52,5.69,75.96
2023-01-03 08:00:00,16719.81,1214.97,11.8432,245.5771,0.2538,0.0714062,11.28,4.52,5.68,75.37
2023-01-03 12:00:00,16678.01,1211.64,13.1207,245.3037,0.25348,0.0708473,11.39,4.5,5.64,74.67
2023-01-03 16:00:00,16647.99,1209.48,12.95,245.033,0.25086,0.0699459,11.29,4.51,5.6,75.0
2023-01-03 20:00:00,16674.12,1214.68,13.3944,246.0136,0.25297,0.0705139,11.37,4.52,5.59,75.52
2023-01-04 00:00:00,16868.06,1250.87,13.5818,257.1582,0.26538,0.0726888,11.84,4.64,5.81,77.56
2023-01-04 04:00:00,16867.98,1252.0,14.124,255.3521,0.26559,0.0725666,11.91,4.66,5.79,76.69
2023-01-04 08:00:00,16835.72,1251.96,13.6943,254.7446,0.26482,0.0719949,11.78,4.64,5.76,76.17
2023-01-04 12:00:00,16851.27,1255.6,13.3767,257.1244,0.26812,0.0723385,12.11,4.66,5.81,76.18
2023-01-04 16:00:00,16845.35,1253.89,13.1639,257.5284,0.26614,0.0722765,12.11,4.62,5.76,75.22
2023-01-04 20:00:00,16849.97,1256.89,13.4225,259.2094,0.26796,0.0732596,12.07,4.59,5.81,75.46
2023-01-05 00:00:00,16828.25,1252.94,13.1794,257.5629,0.26535,0.0729363,12.08,4.59,5.76,75.52
2023-01-05 04:00:00,16824.0,1250.76,13.2047,257.4476,0.26528,0.0737749,11.99,4.58,5.75,75.32
2023-01-05 08:00:00,16835.34,1255.54,13.2734,257.0313,0.26489,0.0734259,11.88,4.59,5.72,75.06
2023-01-05 12:00:00,16844.59,1249.51,13.2934,256.6998,0.26623,0.0723983,11.78,4.57,5.73,74.34
2023-01-05 16:00:00,16864.09,1253.71,13.4231,257.9233,0.26891,0.0727019,11.82,4.61,5.74,74.96
2023-01-05 20:00:00,16832.48,1251.03,13.4253,256.5466,0.26891,0.0714113,11.75,4.63,5.65,74.06
2023-01-06 00:00:00,16832.8,1251.36,13.196,258.1042,0.27392,0.0714935,11.68,4.64,5.68,74.33
2023-01-06 04:00:00,16794.73,1247.71,13.1321,256.3203,0.27143,0.0709308,11.53,4.58,5.62,73.33
2023-01-06 08:00:00,16745.84,1243.29,13.0111,256.2971,0.27031,0.0705038,11.42,4.59,5.61,73.91
2023-01-06 12:00:00,16840.61,1262.9,13.1932,259.3222,0.27347,0.0715226,11.59,4.66,5.65,75.31
2023-01-06 16:00:00,16934.52,1272.92,13.3617,259.5393,0.27623,0.0726412,11.72,4.69,5.72,75.91
2023-01-06 20:00:00,16952.15,1269.45,13.5061,260.0202,0.27897,0.0725006,11.76,4.7,5.69,75.99
2023-01-07 00:00:00,16951.98,1266.57,13.3262,261.9105,0.27647,0.0724173,11.8,4.69,5.77,76.15
2023-01-07 04:00:00,16948.33,1266.89,13.2868,260.9217,0.27672,0.0726286,11.82,4.67,5.76,76.11
2023-01-07 08:00:00,16924.07,1263.9,13.1561,260.8739,0.27473,0.0720013,11.72,4.66,5.76,75.77
2023-01-07 12:00:00,16939.84,1265.12,13.2781,261.032,0.2746,0.0722627,11.73,4.66,5.82,75.81
2023-01-07 16:00:00,16945.63,1265.41,13.2247,261.7164,0.27764,0.0722005,11.76,4.63,5.81,76.44
2023-01-07 20:00:00,16945.2,1264.08,13.1053,261.1947,0.27676,0.072161,11.72,4.67,5.84,76.33
2023-01-08 00:00:00,16941.19,1262.81,13.3668,260.9756,0.27591,0.0718392,11.62,4.63,5.82,75.73
2023-01-08 04:00:00,16955.25,1263.6,13.3369,260.8684,0.27657,0.0717849,11.72,4.65,5.84,75.8
2023-01-08 08:00:00,16927.19,1261.63,13.5139,261.2733,0.2861,0.0716985,11.82,4.68,5.8,76.23
2023-01-08 12:00:00,16997.55,1274.41,13.8866,266.9201,0.28816,0.0724526,11.95,4.75,5.86,76.72
2023-01-08 16:00:00,16927.31,1265.13,13.5529,267.1802,0.28974,0.0718853,11.87,4.74,5.82,75.91
2023-01-08 20:00:00,17128.62,1289.3,14.4426,274.4933,0.29674,0.0735838,12.07,4.82,5.97,78.63
2023-01-09 00:00:00,17199.61,1310.26,16.0642,278.4667,0.32918,0.0748525,12.49,4.92,6.09,82.05
2023-01-09 04:00:00,17200.72,1311.93,16.3615,277.8166,0.32556,0.0748988,12.49,4.91,6.12,82.25
2023-01-09 08:00:00,17239.74,1318.2,16.365,278.1533,0.32167,0.0777951,12.41,5.03,6.16,81.72
2023-01-09 12:00:00,17271.29,1335.85,17.1416,280.3732,0.32058,0.0781834,12.56,5.05,6.21,82.83
2023-01-09 16:00:00,17293.18,1330.09,16.2948,276.5616,0.31768,0.076854,12.39,4.97,6.11,81.56
2023-01-09 20:00:00,17181.92,1320.22,16.2677,272.5366,0.3167,0.0758052,12.25,4.88,6.06,81.64
2023-01-10 00:00:00,17207.59,1324.59,15.9791,273.8237,0.31352,0.0757916,12.27,4.88,6.07,81.0
2023-01-10 04:00:00,17201.95,1323.17,15.8862,274.403,0.315,0.0756489,12.32,4.91,6.1,81.17
2023-01-10 08:00:00,17252.76,1329.54,16.0436,275.2887,0.31707,0.0769988,12.47,4.91,6.1,80.15
2023-01-10 12:00:00,17320.94,1334.06,16.2395,275.7092,0.32035,0.0766756,12.68,4.91,6.12,80.76
2023-01-10 16:00:00,17431.13,1339.47,16.4035,276.3462,0.32379,0.0770933,12.8,4.95,6.24,82.08
2023-01-10 20:00:00,17441.76,1335.63,16.2098,277.0939,0.32222,0.0777533,12.73,4.92,6.16,80.83
2023-01-11 00:00:00,17417.54,1331.08,16.0244,274.79,0.3146,0.0765866,12.46,4.86,6.1,80.46
2023-01-11 04:00:00,17449.38,1335.5,16.1145,277.8462,0.31551,0.0770504,12.53,4.87,6.11,83.04
2023-01-11 08:00:00,17433.89,1336.79,16.0333,277.7973,0.3142,0.0767912,12.48,4.9,6.13,82.06
2023-01-11 12:00:00,17334.31,1323.4,15.4335,277.1623,0.30929,0.0751356,12.43,4.84,6.02,81.02
2023-01-11 16:00:00,17550.59,1342.7,16.0033,279.5697,0.31768,0.0773039,14.64,5.02,6.17,83.01
2023-01-11 20:00:00,17944.83,1389.34,16.3569,285.1353,0.32288,0.0781978,15.89,5.1,6.29,84.04
2023-01-12 00:00:00,18223.69,1400.84,16.4557,287.0145,0.3274,0.07997,15.98,5.15,6.34,84.84
2023-01-12 04:00:00,18139.58,1398.87,16.2418,284.958,0.3246,0.079127,15.36,5.11,6.31,84.3
2023-01-12 08:00:00,18203.01,1397.89,16.0758,283.3138,0.32133,0.0784911,15.22,5.08,6.25,84.25
2023-01-12 12:00:00,18088.11,1385.89,15.9867,281.9865,0.32259,0.0773579,14.98,5.09,6.19,83.38
2023-01-12 16:00:00,18886.12,1425.79,16.5475,285.8983,0.331,0.079753,15.34,5.19,6.36,85.24
2023-01-12 20:00:00,18852.95,1416.23,16.6025,287.9151,0.32946,0.0803225,15.45,5.22,6.39,86.01
2023-01-13 00:00:00,18874.18,1415.25,16.7276,288.4592,0.32896,0.0806907,15.41,5.22,6.38,85.19
2023-01-13 04:00:00,18820.69,1408.32,16.8935,287.6942,0.3277,0.0799934,15.53,5.24,6.33,84.55
2023-01-13 08:00:00,18915.01,1409.68,16.6942,287.286,0.33079,0.0798695,15.67,5.22,6.33,84.54
2023-01-13 12:00:00,19261.1,1421.93,16.8367,288.5607,0.33184,0.0804161,15.66,5.28,6.35,85.23
2023-01-13 16:00:00,19364.29,1420.12,17.1849,288.5367,0.33409,0.0806397,15.64,5.28,6.4,84.8
2023-01-13 20:00:00,19930.08,1450.41,18.3042,293.6707,0.3455,0.0844734,15.96,5.39,6.61,86.37
2023-01-14 00:00:00,20976.79,1556.62,21.8679,307.2622,0.35766,0.087819,16.82,5.62,6.82,88.45
2023-01-14 04:00:00,20898.79,1553.24,23.5579,310.848,0.36325,0.0890502,17.53,6.22,7.0,89.71
2023-01-14 08:00:00,20722.19,1530.27,22.3449,304.1913,0.35011,0.0861512,17.01,6.06,6.74,87.83
2023-01-14 12:00:00,20794.44,1525.67,22.3398,304.0579,0.35171,0.0869791,17.01,6.11,6.79,88.71
2023-01-14 16:00:00,20787.37,1529.63,23.0732,303.2873,0.34905,0.0860344,16.73,6.01,6.77,87.24
2023-01-14 20:00:00,20953.76,1549.2,24.293,304.9425,0.35307,0.0873458,16.93,6.02,6.85,87.72
2023-01-15 00:00:00,20718.89,1525.28,23.061,298.3773,0.34702,0.0849476,16.53,5.87,6.73,86.92
2023-01-15 04:00:00,20736.9,1529.28,22.6377,297.1537,0.34578,0.0844384,16.33,5.86,6.74,86.81
2023-01-15 08:00:00,20724.85,1533.35,22.886,297.686,0.34562,0.0844933,16.4,5.95,6.7,87.61
2023-01-15 12:00:00,20910.9,1556.3,23.6924,302.6092,0.35097,0.0858576,17.05,6.02,6.88,88.32
2023-01-15 16:00:00,20863.66,1550.15,23.3629,301.288,0.34919,0.0852105,16.82,5.91,6.73,88.13
2023-01-15 20:00:00,20869.54,1552.17,22.8847,301.5612,0.35034,0.0861107,16.78,5.93,6.67,87.23
2023-01-16 00:00:00,21077.06,1569.02,23.2862,304.2176,0.35645,0.0865297,16.81,5.97,6.77,87.61
2023-01-16 04:00:00,21113.52,1565.58,24.2254,302.7208,0.357,0.0862141,16.93,5.95,6.81,86.88
2023-01-16 08:00:00,20819.14,1542.27,23.428,298.7073,0.34982,0.0839948,16.53,5.79,6.63,86.05
2023-01-16 12:00:00,20990.88,1549.62,23.1139,298.1211,0.34683,0.0835337,16.53,5.77,6.56,86.12
2023-01-16 16:00:00,21317.93,1591.17,23.6451,301.1875,0.35376,0.084792,16.83,5.87,6.74,87.16
2023-01-16 20:00:00,21192.09,1576.78,23.5983,299.0687,0.35022,0.0835984,16.76,5.81,6.65,85.79
2023-01-17 00:00:00,21128.05,1563.74,23.1657,300.2189,0.34817,0.0835,16.88,5.79,6.67,85.15
2023-01-17 04:00:00,21135.07,1563.23,23.4839,300.2013,0.35028,0.0841893,16.83,6.01,6.7,85.78
2023-01-17 08:00:00,21226.12,1569.19,23.7859,302.3593,0.35286,0.0844885,16.88,5.97,6.72,87.9
2023-01-17 12:00:00,21181.15,1571.4,23.5272,302.5092,0.35239,0.083669,17.73,5.98,6.74,86.37
2023-01-17 16:00:00,21336.79,1588.86,23.6537,302.8781,0.35332,0.0840152,17.61,6.12,6.86,87.39
2023-01-17 20:00:00,21136.37,1565.67,23.0028,299.6194,0.3452,0.0827962,17.09,5.98,6.82,87.24
2023-01-18 00:00:00,21263.01,1581.45,23.304,302.6673,0.35026,0.0869365,17.29,6.02,6.94,88.17
2023-01-18 04:00:00,21298.88,1582.84,23.0491,301.2545,0.35038,0.0870293,17.18,5.99,6.86,87.31
2023-01-18 08:00:00,21203.6,1576.02,23.0595,300.8536,0.34726,0.0865068,16.87,5.92,6.76,86.38
2023-01-18 12:00:00,21039.23,1550.2,21.7847,294.4136,0.33833,0.0848904,16.34,5.85,6.56,84.94
2023-01-18 16:00:00,20901.55,1542.26,21.7898,292.8215,0.33497,0.0818801,16.38,5.75,6.47,84.59
2023-01-18 20:00:00,20677.13,1512.2,20.7842,286.4322,0.32658,0.0801059,15.81,5.66,6.36,82.61
2023-01-19 00:00:00,20740.51,1524.32,21.3303,289.8135,0.32963,0.0810372,15.87,5.75,6.4,83.19
2023-01-19 04:00:00,20817.94,1528.51,21.2789,290.4518,0.33107,0.0808914,15.89,5.75,6.45,83.38
2023-01-19 08:00:00,20741.34,1519.63,20.9329,289.556,0.33106,0.0806881,15.94,5.71,6.39,82.55
2023-01-19 12:00:00,20875.64,1533.02,21.0742,289.913,0.33449,0.0809742,15.94,5.75,6.43,83.51
2023-01-19 16:00:00,21099.17,1551.77,21.6494,293.4041,0.34017,0.0819068,16.17,5.78,6.48,84.29
2023-01-19 20:00:00,21074.78,1550.91,21.4131,294.4364,0.3381,0.0817167,16.19,5.8,6.5,84.15
2023-01-20 00:00:00,21090.05,1554.33,21.3381,294.8884,0.33961,0.0813262,16.14,5.85,6.51,84.16
2023-01-20 04:00:00,20961.55,1549.72,21.089,287.8646,0.33557,0.0808736,15.97,5.85,6.47,83.11
2023-01-20 08:00:00,20960.14,1549.49,21.1473,287.0361,0.3357,0.081063,16.0,5.77,6.47,84.4
2023-01-20 12:00:00,21143.9,1563.46,21.4254,289.2737,0.34142,0.0815011,16.18,5.85,6.53,84.66
2023-01-20 16:00:00,21492.17,1597.45,23.2861,294.4663,0.35064,0.0834549,16.71,6.0,6.67,87.36
2023-01-20 20:00:00,22681.03,1659.72,25.5018,305.0009,0.36506,0.0862994,17.5,6.26,6.95,90.43
2023-01-21 00:00:00,22546.88,1648.59,24.8353,302.2416,0.35959,0.0860142,17.31,6.22,7.02,90.01
2023-01-21 04:00:00,22639.61,1650.91,25.4464,304.2641,0.36324,0.0868581,17.38,6.26,7.01,90.36
2023-01-21 08:00:00,22907.95,1646.37,25.1791,303.421,0.36375,0.0867627,17.19,6.18,6.94,89.18
2023-01-21 12:00:00,22998.44,1647.4,25.2158,301.5548,0.37023,0.0863534,17.27,6.14,6.9,88.77
2023-01-21 16:00:00,23275.82,1663.18,25.6655,304.1302,0.37594,0.0877668,17.4,6.34,7.01,90.2
2023-01-21 20:00:00,22775.95,1626.66,24.748,299.1898,0.36853,0.0846012,16.86,6.25,6.88,87.7
2023-01-22 00:00:00,22757.51,1622.59,25.0651,300.2804,0.36432,0.0851493,16.93,6.22,6.88,88.6
2023-01-22 04:00:00,22890.43,1627.34,25.1385,302.1085,0.37343,0.085664,17.14,6.26,6.88,88.71
2023-01-22 08:00:00,22784.1,1624.51,24.9099,302.5557,0.38072,0.085603,17.35,6.25,6.87,88.81
2023-01-22 12:00:00,22795.72,1635.54,25.0364,303.009,0.38124,0.086584,18.13,6.32,7.03,88.46
2023-01-22 16:00:00,22723.61,1634.88,24.9011,304.2778,0.38265,0.0893258,17.83,6.29,7.06,88.51
2023-01-22 20:00:00,22714.51,1627.4,24.2483,303.009,0.37663,0.0883197,17.38,6.2,6.98,87.39
2023-01-23 00:00:00,22663.07,1630.35,24.5534,303.6641,0.3704,0.0897171,17.93,6.29,7.08,87.85
2023-01-23 04:00:00,22695.63,1633.48,24.4773,303.4886,0.37407,0.0892228,17.68,6.29,7.05,87.84
2023-01-23 08:00:00,22904.57,1636.83,24.6388,306.342,0.37794,0.0899102,17.85,6.41,7.13,92.01
2023-01-23 12:00:00,22852.99,1621.34,24.2381,303.93,0.37684,0.088381,17.51,6.55,7.05,90.62
2023-01-23 16:00:00,22800.31,1620.22,24.1368,303.6178,0.37427,0.0876041,17.65,6.69,6.93,89.28
2023-01-23 20:00:00,22915.06,1626.23,24.3153,304.9478,0.37458,0.0884307,17.95,6.56,7.04,90.03
2023-01-24 00:00:00,23081.0,1638.85,25.0038,322.1663,0.37905,0.0907237,18.71,6.68,7.18,90.61
2023-01-24 04:00:00,23057.14,1635.88,24.8067,318.2774,0.38262,0.0900222,18.58,6.62,7.17,90.75
2023-01-24 08:00:00,22920.41,1625.93,24.4697,313.8255,0.37794,0.0887844,18.18,6.49,7.09,89.85
2023-01-24 12:00:00,22933.15,1620.77,24.4623,316.1821,0.37698,0.0885519,18.27,6.48,7.04,89.57
2023-01-24 16:00:00,23025.43,1622.34,24.4489,310.8101,0.37864,0.0885034,18.08,6.52,6.99,89.68
2023-01-24 20:00:00,22631.85,1555.67,22.7608,299.9307,0.35886,0.083909,16.98,6.19,6.66,87.22
2023-01-25 00:00:00,22644.92,1546.63,22.9029,300.0073,0.35414,0.0841047,16.95,6.18,6.68,87.48
2023-01-25 04:00:00,22712.21,1553.79,23.2938,303.369,0.35949,0.0847076,17.3,6.27,6.79,88.03
2023-01-25 08:00:00,22600.81,1545.76,23.0887,300.3862,0.35561,0.083584,17.23,6.17,6.69,87.07
2023-01-25 12:00:00,22574.64,1543.88,23.344,300.7007,0.35501,0.0837835,17.34,6.18,6.66,87.07
2023-01-25 16:00:00,22747.79,1561.31,23.7457,302.205,0.36098,0.0854058,17.56,6.23,6.81,88.4
2023-01-25 20:00:00,23055.67,1611.5,24.5158,306.8167,0.37284,0.0865541,17.77,6.42,6.97,89.39
2023-01-26 00:00:00,23133.53,1614.86,24.7904,305.7055,0.37967,0.0863,18.02,6.44,6.94,89.08
2023-01-26 04:00:00,22968.33,1605.03,24.3561,306.2529,0.37653,0.086088,18.08,6.43,6.91,89.04
2023-01-26 08:00:00,22985.89,1603.25,24.3466,304.5028,0.37401,0.0857642,17.95,6.36,6.89,88.24
2023-01-26 12:00:00,22949.55,1590.76,24.2141,303.8088,0.37647,0.0858029,18.0,6.39,6.95,87.66
2023-01-26 16:00:00,23068.49,1603.94,24.4346,305.5447,0.38108,0.0860875,17.98,6.45,7.14,87.94
2023-01-26 20:00:00,23005.88,1601.14,24.3393,304.7672,0.37994,0.0863341,18.09,6.48,7.15,87.57
2023-01-27 00:00:00,22766.12,1565.64,23.7201,302.8582,0.37157,0.0846453,17.85,6.4,7.04,87.02
2023-01-27 04:00:00,23075.69,1585.37,24.0521,305.8417,0.38,0.0858186,18.16,6.46,7.28,87.87
2023-01-27 08:00:00,22970.52,1578.62,23.7308,304.9018,0.37591,0.0853974,18.0,6.42,7.22,87.46
2023-01-27 12:00:00,22933.77,1575.6,23.8531,303.9514,0.37882,0.0857357,18.08,6.42,7.17,87.48
2023-01-27 16:00:00,23242.92,1609.65,24.4752,308.8802,0.38301,0.0870432,19.24,6.52,7.4,88.6
2023-01-27 20:00:00,23067.18,1597.59,24.4331,307.9386,0.38894,0.0871296,21.18,6.57,7.38,88.8
2023-01-28 00:00:00,23114.81,1599.17,24.5515,308.2596,0.38892,0.0877484,20.99,6.6,7.43,89.37
2023-01-28 04:00:00,22993.85,1592.94,24.3721,308.8298,0.38816,0.090042,20.53,6.47,7.33,88.78
2023-01-28 08:00:00,22978.23,1586.11,24.2814,307.4205,0.38697,0.0894687,20.46,6.49,7.3,88.54
2023-01-28 12:00:00,23011.06,1578.4,24.1476,306.1583,0.38382,0.0884954,20.56,6.45,7.25,88.07
2023-01-28 16:00:00,23034.98,1576.84,24.0962,306.3467,0.38382,0.0880245,20.82,6.4,7.24,88.39
2023-01-28 20:00:00,23021.21,1572.02,24.0193,305.9082,0.38217,0.0877793,20.55,6.39,7.22,89.58
2023-01-29 00:00:00,23189.19,1594.3,24.1338,307.7003,0.38615,0.0888507,20.32,6.45,7.3,94.73
2023-01-29 04:00:00,23209.12,1592.65,24.1689,308.4692,0.38588,0.0885338,20.39,6.5,7.3,94.48
2023-01-29 08:00:00,23429.09,1608.92,24.3155,317.4158,0.39005,0.0899216,20.66,6.58,7.41,95.45
2023-01-29 12:00:00,23521.65,1611.37,24.6724,318.2726,0.38897,0.089837,20.62,6.6,7.36,95.53
2023-01-29 16:00:00,23900.61,1653.65,26.3153,319.1202,0.39595,0.0905197,20.99,6.67,7.46,97.14
2023-01-29 20:00:00,23744.82,1644.38,26.0994,317.0208,0.39768,0.0903216,21.02,6.62,7.38,94.91
2023-01-30 00:00:00,23703.1,1638.18,25.449,315.7263,0.39216,0.0890813,20.64,6.54,7.32,95.17
2023-01-30 04:00:00,23650.76,1627.39,25.3549,312.7104,0.38865,0.0883165,20.72,6.47,7.23,94.0
2023-01-30 08:00:00,23073.49,1581.92,24.0585,307.8703,0.38018,0.0856709,20.0,6.29,7.0,92.35
2023-01-30 12:00:00,23187.25,1584.67,24.4087,308.6659,0.38223,0.0866203,20.44,6.26,7.01,92.11
2023-01-30 16:00:00,22780.04,1553.99,23.6261,305.1137,0.37226,0.0870514,20.22,6.12,6.87,89.63
2023-01-30 20:00:00,22831.95,1566.67,23.9736,307.0626,0.37237,0.0883536,19.75,6.2,6.9,91.28
2023-01-31 00:00:00,22830.27,1568.81,24.0155,311.6768,0.37171,0.0915379,19.67,6.21,6.97,95.35
2023-01-31 04:00:00,22973.64,1580.26,24.1272,311.9914,0.37457,0.0951006,19.77,6.26,7.04,94.72
2023-01-31 08:00:00,22868.01,1571.24,23.766,309.7609,0.37263,0.0921138,19.54,6.2,6.9,93.85
2023-01-31 12:00:00,23112.54,1589.17,24.114,312.8402,0.3958,0.093173,19.97,6.28,7.01,94.83
2023-01-31 16:00:00,23172.99,1598.25,24.2229,313.7847,0.39399,0.0970978,20.06,6.31,7.04,94.54
2023-01-31 20:00:00,23128.28,1585.19,23.9677,312.2506,0.39052,0.0961026,19.85,6.25,6.96,94.04
2023-02-01 00:00:00,23126.83,1584.6,23.8608,312.4954,0.38803,0.0930441,19.64,6.25,6.95,96.91
2023-02-01 04:00:00,23072.23,1575.02,23.5969,307.4659,0.38223,0.0924678,19.24,6.22,6.87,95.91
2023-02-01 08:00:00,23074.67,1580.67,23.5466,308.4057,0.38258,0.0920986,19.2,6.17,6.85,95.84
2023-02-01 12:00:00,22979.12,1576.08,22.8294,306.5938,0.37578,0.0895856,18.85,6.05,6.75,94.27
2023-02-01 16:00:00,23373.6,1617.53,24.245,314.1941,0.38722,0.0920276,19.9,6.33,6.99,98.15
2023-02-01 20:00:00,23726.72,1641.1,24.9313,316.8014,0.39714,0.0939438,20.93,6.47,7.22,100.39
2023-02-02 00:00:00,23854.89,1671.03,25.2914,327.5146,0.40642,0.0937258,22.14,6.57,7.34,100.91
2023-02-02 04:00:00,23780.5,1663.82,24.8476,328.2985,0.4001,0.09303,21.75,6.49,7.23,100.0
2023-02-02 08:00:00,23821.85,1671.5,24.9902,329.2049,0.40525,0.0939509,21.82,6.54,7.3,100.02
2023-02-02 12:00:00,23833.42,1678.12,24.9772,328.368,0.4048,0.0931151,22.15,6.65,7.29,100.42
2023-02-02 16:00:00,23807.09,1675.33,25.1,327.9852,0.40567,0.0927521,21.91,6.72,7.29,99.93
2023-02-02 20:00:00,23482.33,1643.4,24.2213,323.097,0.39768,0.0909973,21.22,6.53,7.08,98.49
2023-02-03 00:00:00,23531.01,1641.91,24.3189,321.1587,0.39972,0.0914443,21.11,6.61,7.08,98.68
2023-02-03 04:00:00,23447.78,1637.22,24.2978,322.7031,0.39976,0.091218,21.1,6.69,7.1,98.1
2023-02-03 08:00:00,23533.62,1649.05,24.4723,329.0255,0.40301,0.0922938,21.34,6.82,7.22,99.0
2023-02-03 12:00:00,23601.4,1663.66,24.8607,331.0993,0.40304,0.0921831,21.63,6.95,7.32,99.31
2023-02-03 16:00:00,23311.62,1652.96,24.3674,330.0328,0.40335,0.0920296,21.21,6.98,7.23,99.21
2023-02-03 20:00:00,23421.84,1663.7,24.6794,332.4669,0.40415,0.0929799,21.42,7.03,7.31,99.83
2023-02-04 00:00:00,23345.2,1654.09,24.4725,329.5911,0.40023,0.0938282,21.19,6.9,7.17,98.8
2023-02-04 04:00:00,23326.36,1658.46,24.5273,328.5359,0.4007,0.0936561,21.23,6.87,7.21,98.95
2023-02-04 08:00:00,23359.7,1661.78,24.5955,329.2352,0.40139,0.0941817,21.23,6.9,7.24,98.95
2023-02-04 12:00:00,23426.58,1680.21,24.6521,331.2282,0.40368,0.094057,21.29,6.94,7.28,99.7
2023-02-04 16:00:00,23423.08,1675.28,24.6901,330.1689,0.40441,0.0973941,21.24,6.95,7.33,99.63
2023-02-04 20:00:00,23327.52,1666.17,24.3342,330.38,0.39915,0.0956953,21.04,6.89,7.24,98.52
2023-02-05 00:00:00,23341.07,1660.86,24.3174,329.4438,0.39677,0.0949343,20.92,6.81,7.2,98.72
2023-02-05 04:00:00,23381.26,1668.14,24.3534,332.4253,0.40052,0.0955363,20.98,6.89,7.21,98.48
2023-02-05 08:00:00,23362.41,1662.42,24.1376,333.0124,0.39948,0.0950886,20.9,6.81,7.18,97.97
2023-02-05 12:00:00,23098.1,1644.7,23.6664,326.8812,0.39085,0.0920246,20.27,6.63,6.99,96.78
2023-02-05 16:00:00,22903.13,1619.67,23.3897,326.9019,0.38672,0.0919526,19.96,6.55,6.98,95.44
2023-02-05 20:00:00,22932.23,1629.19,23.4943,328.0687,0.39219,0.092193,20.09,6.65,6.99,96.6
2023-02-06 00:00:00,22892.6,1626.7,23.424,325.3455,0.39192,0.0915019,20.03,6.67,6.95,95.91
2023-02-06 04:00:00,22873.83,1624.97,23.2665,325.445,0.39129,0.0917928,19.94,6.67,6.99,96.03
2023-02-06 08:00:00,22873.83,1624.97,23.2665,325.445,0.39129,0.0917928,19.94,6.67,6.99,96.03
2023-02-06 12:00:00,23039.0,1648.58,23.4791,329.0515,0.39374,0.0922879,20.29,6.76,7.03,97.25
2023-02-06 16:00:00,23031.85,1648.72,23.304,328.3617,0.39242,0.0920877,20.33,6.65,7.0,97.84
2023-02-06 20:00:00,22760.79,1614.13,22.6741,324.1973,0.382,0.089572,19.55,6.51,6.84,95.92
2023-02-07 00:00:00,22873.75,1633.19,23.0859,326.5139,0.38629,0.0908315,19.97,6.59,6.92,99.5
2023-02-07 04:00:00,22912.22,1632.27,23.2137,328.8248,0.38568,0.0908073,19.97,6.63,6.95,99.06
2023-02-07 08:00:00,22977.01,1640.84,23.3385,330.1728,0.38894,0.0913525,20.15,6.72,7.05,99.58
2023-02-07 12:00:00,22901.45,1630.77,23.016,327.4748,0.38562,0.0905248,20.0,6.68,6.96,98.45
2023-02-07 16:00:00,23088.64,1656.44,23.2229,330.3819,0.39193,0.091405,20.22,6.78,7.08,100.17
2023-02-07 20:00:00,23246.32,1670.7,23.8263,333.2978,0.39891,0.0924922,20.84,6.94,7.2,100.96
2023-02-08 00:00:00,23254.32,1680.73,23.8923,331.8672,0.39902,0.0925831,20.79,6.94,7.21,101.74
2023-02-08 04:00:00,23236.11,1677.23,23.7822,331.1914,0.39978,0.0920893,20.63,6.9,7.23,101.6
2023-02-08 08:00:00,23161.03,1674.05,23.7348,331.714,0.3984,0.0921165,20.62,6.9,7.23,101.29
2023-02-08 12:00:00,22870.46,1653.02,23.2814,327.2728,0.39228,0.090168,20.09,6.79,7.09,98.75
2023-02-08 16:00:00,22875.8,1647.67,23.0255,326.3885,0.39344,0.0894102,19.91,6.71,7.07,99.14
2023-02-08 20:00:00,22958.53,1650.67,23.1581,328.4294,0.39404,0.0900976,20.08,6.74,7.14,99.14
2023-02-09 00:00:00,22522.87,1619.12,22.3458,319.5425,0.38203,0.0865806,19.28,6.55,6.93,95.83
2023-02-09 04:00:00,22678.17,1630.31,22.7814,322.2621,0.38734,0.0878258,19.67,6.69,7.43,96.91
2023-02-09 08:00:00,22692.5,1632.9,22.7977,321.0132,0.38751,0.0881276,19.7,6.84,7.56,96.72
2023-02-09 12:00:00,22614.36,1632.24,22.6735,318.7723,0.38611,0.0878218,19.58,6.82,7.61,96.53
2023-02-09 16:00:00,22034.85,1579.53,21.7949,311.1778,0.37202,0.0834304,18.57,6.38,7.32,91.88
2023-02-09 20:00:00,21798.17,1545.61,20.4488,305.6235,0.362,0.081443,17.88,6.22,6.97,92.09
2023-02-10 00:00:00,21826.96,1543.0,20.7782,306.5443,0.36086,0.0817972,17.8,6.25,6.99,92.06
2023-02-10 04:00:00,21908.93,1551.96,21.0971,307.2259,0.36452,0.0823087,18.17,6.28,6.97,93.17
2023-02-10 08:00:00,21732.88,1536.89,20.6665,306.4275,0.35968,0.0815998,17.9,6.21,6.94,91.52
2023-02-10 12:00:00,21652.49,1522.64,20.7315,305.3084,0.35943,0.0815545,17.88,6.2,6.85,92.16
2023-02-10 16:00:00,21772.86,1534.34,20.9029,308.5932,0.36463,0.082776,18.13,6.3,6.99,94.02
2023-02-10 20:00:00,21631.55,1513.09,20.1184,305.9082,0.358,0.0808843,17.81,6.18,6.91,93.55
2023-02-11 00:00:00,21681.19,1520.58,20.3727,308.1034,0.36138,0.0820308,17.87,6.22,6.9,94.5
2023-02-11 04:00:00,21698.91,1521.34,20.3485,308.0645,0.35953,0.0817211,17.83,6.17,6.91,94.01
2023-02-11 08:00:00,21697.92,1519.89,20.2958,308.3934,0.36047,0.0813894,17.78,6.22,6.9,93.59
2023-02-11 12:00:00,21735.8,1522.71,20.4561,308.7272,0.3623,0.0819251,17.94,6.23,6.96,93.55
2023-02-11 16:00:00,21663.94,1518.31,20.3545,308.2714,0.36205,0.0817688,17.83,6.21,6.89,93.85
2023-02-11 20:00:00,21863.65,1538.63,20.8174,310.5014,0.36845,0.0823271,18.04,6.29,7.03,94.36
2023-02-12 00:00:00,21781.13,1531.21,20.689,307.8394,0.36597,0.0819851,17.89,6.26,6.94,93.65
2023-02-12 04:00:00,21797.47,1531.33,20.8542,307.0342,0.36627,0.0818075,17.95,6.25,6.96,93.16
2023-02-12 08:00:00,21884.46,1533.79,21.0733,308.6956,0.36867,0.0845741,18.18,6.33,7.0,93.48
2023-02-12 12:00:00,21941.63,1536.57,21.4422,312.8332,0.36999,0.0840577,18.23,6.31,6.98,93.38
2023-02-12 16:00:00,21996.9,1539.19,22.05,319.1485,0.37299,0.084425,18.42,6.36,7.01,94.12
2023-02-12 20:00:00,21783.16,1515.08,21.5058,312.7825,0.3632,0.0821409,17.78,6.15,6.78,92.47
2023-02-13 00:00:00,21808.99,1516.63,20.9082,311.8979,0.36148,0.0817268,17.49,6.17,6.72,93.08
2023-02-13 04:00:00,21869.78,1522.35,21.1823,307.1209,0.36294,0.0839288,17.78,6.22,6.76,93.46
2023-02-13 08:00:00,21593.94,1485.65,20.408,292.0059,0.35136,0.0809779,17.31,6.06,6.56,90.97
2023-02-13 12:00:00,21565.21,1475.38,20.397,286.8004,0.35166,0.0809989,17.28,6.0,6.57,91.23
2023-02-13 16:00:00,21612.26,1490.82,20.4233,288.6134,0.35279,0.0814055,17.38,6.02,6.57,89.89
2023-02-13 20:00:00,21774.44,1505.38,20.7585,294.5176,0.3593,0.0819411,17.61,6.14,6.67,91.21
2023-02-14 00:00:00,21700.0,1498.45,20.7915,290.9892,0.35615,0.0813048,17.41,6.09,6.63,90.52
2023-02-14 04:00:00,21767.9,1505.55,21.0496,293.4182,0.35958,0.0817351,17.55,6.09,6.66,91.42
2023-02-14 08:00:00,21806.95,1508.08,21.3615,292.698,0.36203,0.0815793,17.66,6.09,6.63,91.69
2023-02-14 12:00:00,22044.67,1545.1,21.8887,297.6182,0.37883,0.0828524,18.01,6.19,6.72,94.29
2023-02-14 16:00:00,22215.28,1559.72,22.0288,297.8926,0.38908,0.0834055,18.08,6.25,6.79,95.49
2023-02-14 20:00:00,22200.34,1555.64,21.8579,295.8521,0.38642,0.0835281,18.13,6.24,6.81,95.81
2023-02-15 00:00:00,22095.55,1549.62,21.599,297.0367,0.3861,0.0851409,18.02,6.2,6.79,95.1
2023-02-15 04:00:00,22110.64,1547.84,21.5091,296.9752,0.38388,0.0859672,17.94,6.18,6.8,95.84
2023-02-15 08:00:00,22442.29,1571.98,22.0655,300.8796,0.38938,0.0864738,18.36,6.26,6.85,97.35
2023-02-15 12:00:00,22810.15,1580.21,22.4731,302.9789,0.39082,0.0860079,18.54,6.33,6.91,97.24
2023-02-15 16:00:00,23315.34,1628.15,22.9577,307.2536,0.39781,0.0876504,19.18,6.42,7.06,99.3
2023-02-15 20:00:00,24329.49,1674.85,23.8783,317.0758,0.41823,0.0891571,19.95,6.61,7.29,102.86
2023-02-16 00:00:00,24738.36,1691.38,23.8288,321.6354,0.41078,0.0898831,20.05,6.62,7.35,101.92
2023-02-16 04:00:00,24613.77,1681.67,23.6827,319.2722,0.40593,0.0888856,19.85,6.58,7.28,100.82
2023-02-16 08:00:00,24575.88,1682.63,23.5413,319.3836,0.40451,0.0885942,19.67,6.57,7.23,101.44
2023-02-16 12:00:00,25062.14,1724.34,23.8644,324.1027,0.4128,0.0891204,20.03,6.64,7.4,103.66
2023-02-16 16:00:00,24875.92,1710.59,23.5925,319.5041,0.40406,0.0890459,19.87,6.67,7.31,102.86
2023-02-16 20:00:00,23518.71,1638.61,22.2926,304.461,0.38773,0.0849517,18.63,6.33,7.02,98.52
2023-02-17 00:00:00,23836.6,1663.84,22.6849,309.5547,0.39712,0.0862449,19.0,6.56,7.21,99.98
2023-02-17 04:00:00,23638.22,1653.34,22.5209,308.1519,0.39391,0.0862616,18.96,6.65,7.22,99.46
2023-02-17 08:00:00,23790.37,1666.15,22.5754,309.67,0.39592,0.086596,19.14,6.77,7.3,99.32
2023-02-17 12:00:00,24135.55,1672.91,22.8114,310.1775,0.40075,0.0870221,19.18,6.82,7.34,99.27
2023-02-17 16:00:00,24529.07,1705.96,23.4337,314.6426,0.40706,0.0877539,19.5,7.37,7.47,100.97
2023-02-17 20:00:00,24577.41,1693.41,23.1768,313.2306,0.40323,0.087861,19.48,7.27,7.66,100.21
2023-02-18 00:00:00,24610.21,1699.93,23.359,315.0271,0.40385,0.0878647,19.6,7.32,7.63,100.82
2023-02-18 04:00:00,24517.91,1690.66,23.2267,316.4734,0.40093,0.0875023,19.63,7.23,7.57,100.91
2023-02-18 08:00:00,24519.9,1691.25,23.0244,314.6735,0.39874,0.0871308,19.53,7.19,7.63,99.05
2023-02-18 12:00:00,24662.68,1695.45,23.457,316.5525,0.40465,0.0878256,19.73,7.22,8.19,100.16
2023-02-18 16:00:00,24607.48,1687.45,23.4836,314.9462,0.40514,0.0879529,19.47,7.2,8.05,99.67
2023-02-18 20:00:00,24628.46,1691.14,23.4486,316.5703,0.40585,0.0888182,19.53,7.25,8.0,99.7
2023-02-19 00:00:00,24680.32,1695.01,23.2877,315.0151,0.40189,0.0886546,19.55,7.2,8.02,99.68
2023-02-19 04:00:00,24578.13,1693.03,23.5039,314.212,0.40199,0.0880346,19.58,7.39,8.1,99.28
2023-02-19 08:00:00,24668.17,1694.85,23.7019,315.6134,0.4056,0.08869,19.81,7.65,8.12,99.33
2023-02-19 12:00:00,24923.09,1711.4,25.2541,316.9656,0.41047,0.0892098,20.13,7.7,8.14,100.34
2023-02-19 16:00:00,24515.89,1683.81,24.6002,313.2459,0.40104,0.0867429,19.67,7.56,7.88,98.0
2023-02-19 20:00:00,24263.0,1681.18,24.8183,311.9248,0.39968,0.0870675,19.84,7.41,8.02,97.5
2023-02-20 00:00:00,24416.13,1684.34,26.1591,316.3559,0.40166,0.087585,19.71,7.49,8.01,97.76
2023-02-20 04:00:00,24501.97,1696.65,26.4727,315.9354,0.40753,0.0880303,20.59,7.51,8.37,97.61
2023-02-20 08:00:00,24886.39,1713.86,26.362,318.5626,0.40793,0.0885671,20.9,7.54,8.16,97.13
2023-02-20 12:00:00,24947.74,1707.59,26.4567,317.0793,0.40755,0.0882987,21.12,7.52,8.12,96.81
2023-02-20 16:00:00,24877.54,1710.15,26.3785,314.3437,0.40541,0.0879783,20.93,7.5,8.02,94.58
2023-02-20 20:00:00,24838.09,1703.27,26.2392,315.3562,0.40306,0.0882743,20.83,7.52,8.0,95.9
2023-02-21 00:00:00,24928.69,1702.88,26.0879,315.6178,0.40181,0.0880653,20.53,7.47,7.97,96.15
2023-02-21 04:00:00,24998.57,1703.6,25.9887,316.4957,0.40411,0.0880178,20.73,7.49,7.97,95.8
2023-02-21 08:00:00,24573.1,1669.54,25.0488,311.3993,0.39493,0.0861314,20.09,7.27,7.73,93.11
2023-02-21 12:00:00,24555.27,1672.64,25.0742,312.6094,0.39299,0.0861573,20.6,7.28,7.76,93.31
2023-02-21 16:00:00,24602.53,1670.99,25.2021,313.2746,0.39412,0.0862777,21.05,7.31,7.69,93.84
2023-02-21 20:00:00,24453.24,1659.74,24.9738,311.4537,0.39245,0.0853508,20.96,7.24,7.64,93.55
2023-02-22 00:00:00,24198.68,1649.33,24.4866,308.6301,0.38823,0.0850218,21.38,7.2,7.56,95.05
2023-02-22 04:00:00,24061.36,1642.47,23.8168,307.2493,0.38434,0.0843026,20.94,7.13,7.48,94.96
2023-02-22 08:00:00,24159.58,1644.43,23.5878,308.1861,0.38632,0.0860002,20.28,7.06,7.48,94.98
2023-02-22 12:00:00,23720.63,1614.26,23.6742,304.5999,0.37955,0.0829844,19.68,6.96,7.34,92.15
2023-02-22 16:00:00,23787.79,1616.14,23.8013,307.8433,0.38272,0.0844888,20.01,7.02,7.58,94.01
2023-02-22 20:00:00,24181.73,1643.49,24.1517,312.5363,0.38892,0.0855058,20.32,7.19,7.69,95.2
2023-02-23 00:00:00,24434.65,1667.46,24.4088,313.0998,0.3912,0.0858094,20.57,7.34,7.88,95.45
2023-02-23 04:00:00,24376.83,1666.69,24.5247,312.8638,0.39322,0.0855115,20.56,7.34,7.95,95.43
2023-02-23 08:00:00,23779.25,1637.8,23.768,306.508,0.38382,0.0841486,19.91,7.15,7.85,93.58
2023-02-23 12:00:00,23953.31,1655.96,23.8046,309.0773,0.38503,0.0847881,19.84,7.22,7.97,94.29
2023-02-23 16:00:00,23970.32,1653.0,24.0061,309.1662,0.38333,0.0844448,19.79,7.13,7.9,94.5
2023-02-23 20:00:00,23937.75,1650.45,23.9391,308.4659,0.38286,0.0842026,19.71,7.08,7.96,94.58
2023-02-24 00:00:00,23952.4,1649.41,23.7764,309.6145,0.38,0.0842085,19.63,7.05,8.02,94.37
2023-02-24 04:00:00,23836.83,1652.1,23.9498,310.6087,0.38127,0.0846422,19.6,7.04,8.1,94.06
2023-02-24 08:00:00,23887.56,1647.81,23.7853,310.1458,0.38356,0.0843218,19.53,7.02,7.88,94.02
2023-02-24 12:00:00,23350.2,1603.33,23.0584,303.8132,0.37225,0.0818501,18.83,6.75,7.59,91.99
2023-02-24 16:00:00,23182.71,1611.39,23.0623,302.0351,0.36691,0.080918,18.43,6.64,7.67,91.56
2023-02-24 20:00:00,23183.13,1608.21,23.0736,301.5145,0.36579,0.0808937,18.4,6.6,7.44,91.57
2023-02-25 00:00:00,23077.15,1598.34,22.9714,301.2567,0.36415,0.0813701,18.18,6.62,7.39,91.51
2023-02-25 04:00:00,23115.51,1603.43,22.9542,301.1099,0.36614,0.0815492,18.23,6.61,7.39,92.01
2023-02-25 08:00:00,22981.32,1600.09,22.7963,300.4944,0.36271,0.0811776,18.19,6.57,7.41,92.32
2023-02-25 12:00:00,23005.14,1597.16,22.3439,301.381,0.36369,0.0811006,18.08,6.57,7.34,91.38
2023-02-25 16:00:00,22980.99,1583.75,21.9631,300.4798,0.35835,0.0800411,17.88,6.48,7.32,91.67
2023-02-25 20:00:00,23155.42,1595.14,22.4778,302.4555,0.36172,0.0808221,17.98,6.54,7.39,93.24
2023-02-26 00:00:00,23212.34,1602.99,22.6762,303.6026,0.36131,0.0813143,18.08,6.61,7.4,93.56
2023-02-26 04:00:00,23155.53,1599.96,22.8116,303.1954,0.36143,0.0811693,18.08,6.61,7.43,94.01
2023-02-26 08:00:00,23252.74,1604.25,22.9064,303.4742,0.36304,0.081183,18.19,6.6,7.43,94.02
2023-02-26 12:00:00,23246.29,1605.21,22.9873,304.1646,0.36193,0.0814518,18.15,6.59,7.39,93.75
2023-02-26 16:00:00,23499.79,1632.37,23.4572,308.4686,0.36715,0.0821955,18.47,6.68,7.48,95.18
2023-02-26 20:00:00,23558.22,1641.63,23.4378,308.8,0.3686,0.0821731,18.42,6.68,7.47,95.03
2023-02-27 00:00:00,23552.76,1640.68,23.0784,308.2871,0.3663,0.0819485,18.3,6.69,7.46,94.83
2023-02-27 04:00:00,23417.42,1636.59,22.9699,305.782,0.36371,0.0811569,18.13,6.62,7.37,94.52
2023-02-27 08:00:00,23421.92,1640.73,22.8265,304.9564,0.36355,0.0810376,18.15,6.61,7.3,94.41
2023-02-27 12:00:00,23556.79,1644.08,23.1016,305.0084,0.36648,0.0812004,18.33,6.67,7.38,94.62
2023-02-27 16:00:00,23282.81,1622.16,22.6537,303.0604,0.35991,0.0805487,17.9,6.52,7.21,93.28
2023-02-27 20:00:00,23490.18,1633.44,22.7674,304.5002,0.36473,0.0813461,17.92,6.6,7.26,94.01
2023-02-28 00:00:00,23463.14,1632.79,22.6691,305.1013,0.36679,0.0821352,17.79,6.58,7.29,94.33
2023-02-28 04:00:00,23235.7,1619.14,22.14,301.7501,0.3602,0.0811369,17.38,6.45,7.27,93.56
2023-02-28 08:00:00,23391.7,1630.18,22.2795,302.1697,0.36255,0.0816503,17.52,6.46,7.31,95.0
2023-02-28 12:00:00,23521.15,1641.25,22.5826,304.2134,0.36281,0.0818776,17.53,6.45,7.4,95.54
2023-02-28 16:00:00,23264.73,1627.82,22.4247,302.2008,0.35523,0.0812543,17.26,6.38,7.28,94.76
2023-02-28 20:00:00,23140.1,1605.3,22.0818,301.4815,0.35134,0.0806838,17.06,6.36,7.18,93.94
2023-03-01 00:00:00,23444.33,1638.39,22.4155,304.0,0.35843,0.0819664,17.5,6.52,7.35,96.08
2023-03-01 04:00:00,23708.02,1650.45,22.6977,303.5157,0.36019,0.0824396,17.68,6.56,7.41,97.17
2023-03-01 08:00:00,23733.47,1656.68,22.6905,303.1815,0.36324,0.0821672,17.75,6.55,7.47,97.9
2023-03-01 12:00:00,23708.53,1658.71,22.6306,303.3007,0.36121,0.0819708,17.75,6.53,7.41,97.63
2023-03-01 16:00:00,23352.49,1634.67,22.1382,300.6567,0.35588,0.0811236,17.34,6.39,7.34,96.45
2023-03-01 20:00:00,23629.08,1664.92,22.5147,302.5647,0.36042,0.0819622,17.75,6.52,7.54,97.68
2023-03-02 00:00:00,23493.22,1647.65,22.0439,299.7302,0.35555,0.0810108,17.42,6.39,7.39,96.94
2023-03-02 04:00:00,23393.01,1643.92,21.9232,299.0326,0.35499,0.0807709,17.28,6.39,7.35,97.35
2023-03-02 08:00:00,23415.55,1644.39,22.0677,298.6051,0.35147,0.0806137,17.3,6.37,7.34,96.11
2023-03-02 12:00:00,23362.65,1628.42,21.8371,297.8534,0.34818,0.0803274,17.27,6.3,7.24,94.34
2023-03-02 16:00:00,23463.8,1648.26,22.0909,300.3035,0.34955,0.0807998,17.42,6.33,7.28,94.96
2023-03-02 20:00:00,23468.02,1647.28,21.9753,299.8583,0.34933,0.0804858,17.46,6.33,7.23,95.18
2023-03-03 00:00:00,22320.01,1565.19,20.86,290.0,0.3304,0.07499,16.17,6.045,6.818,88.83
2023-03-03 04:00:00,22365.59,1568.06,21.05,291.0,0.3365,0.07578,16.38,6.052,6.848,89.14
2023-03-03 08:00:00,22347.27,1564.9,21.16,289.4,0.339,0.07603,16.53,6.053,6.879,89.06
2023-03-03 12:00:00,22333.96,1566.26,21.22,288.9,0.3373,0.07602,16.45,6.056,6.897,89.42
2023-03-03 16:00:00,22356.89,1565.69,21.4,289.6,0.3386,0.07633,16.53,6.033,6.93,90.0
2023-03-03 20:00:00,22358.06,1569.11,21.39,290.4,0.3429,0.07682,16.66,6.036,6.952,90.43
2023-03-04 00:00:00,22345.92,1570.9,21.33,290.1,0.3411,0.07668,16.75,5.979,6.912,90.23
2023-03-04 04:00:00,22358.29,1568.72,21.19,290.4,0.3419,0.07647,16.75,5.986,6.916,90.0
2023-03-04 08:00:00,22348.24,1569.33,21.16,290.8,0.3416,0.07629,16.73,6.02,6.96,89.62
2023-03-04 12:00:00,22317.86,1562.17,20.96,290.1,0.34,0.07576,16.52,5.968,6.929,89.63
2023-03-04 16:00:00,22247.68,1559.48,20.68,288.8,0.3353,0.07485,16.24,5.889,6.83,88.96
2023-03-04 20:00:00,22346.68,1566.84,20.98,289.6,0.3363,0.07465,16.13,5.91,6.85,89.33
2023-03-05 00:00:00,22382.02,1567.62,21.3,290.5,0.3402,0.07546,16.36,6.008,6.939,90.77
2023-03-05 04:00:00,22375.33,1568.75,21.31,290.3,0.3393,0.07533,16.33,5.984,6.921,90.88
2023-03-05 08:00:00,22387.74,1568.84,21.26,291.2,0.3383,0.07538,16.27,6.016,6.96,90.65
2023-03-05 12:00:00,22438.29,1569.32,21.29,290.9,0.3389,0.07538,16.38,6.043,6.972,90.54
2023-03-05 16:00:00,22405.65,1566.28,21.08,289.3,0.3368,0.0751,16.31,5.999,6.959,90.09
2023-03-05 20:00:00,22430.68,1564.63,20.99,288.6,0.3366,0.07466,16.18,5.975,6.914,89.94
2023-03-06 00:00:00,22385.34,1562.35,20.92,286.9,0.335,0.07397,16.03,5.924,6.847,89.04
2023-03-06 04:00:00,22389.91,1561.17,20.8,285.1,0.3339,0.07394,16.09,5.926,6.886,88.14
2023-03-06 08:00:00,22380.31,1563.39,20.7,284.2,0.3311,0.07364,16.15,5.944,6.906,87.52
2023-03-06 12:00:00,22554.56,1578.05,21.04,287.9,0.3357,0.0748,16.52,6.033,6.958,88.99
2023-03-06 16:00:00,22394.89,1566.16,20.75,287.5,0.3323,0.07448,16.38,5.954,6.886,87.81
2023-03-06 20:00:00,22407.44,1565.64,20.63,287.9,0.3307,0.07471,16.54,5.93,6.863,87.31
2023-03-07 00:00:00,22456.97,1575.42,20.78,288.2,0.3331,0.07542,16.53,5.954,6.942,87.73
2023-03-07 04:00:00,22419.61,1571.45,20.69,287.0,0.3309,0.07496,16.49,5.934,6.931,88.28
2023-03-07 08:00:00,22346.5,1562.92,20.33,285.8,0.3263,0.07391,16.18,5.817,6.812,85.61
2023-03-07 12:00:00,22322.62,1560.57,20.43,287.5,0.3282,0.07401,16.21,5.868,6.852,86.08
2023-03-07 16:00:00,22128.48,1551.28,20.01,287.3,0.3309,0.07365,16.04,5.806,6.71,86.47
2023-03-07 20:00:00,22198.59,1561.23,20.24,289.2,0.3305,0.07407,16.18,5.847,6.887,86.46
2023-03-08 00:00:00,22152.91,1561.87,19.98,289.6,0.3285,0.07353,16.14,5.809,6.863,85.32
2023-03-08 04:00:00,21976.36,1551.05,19.19,285.6,0.3222,0.07273,15.89,5.704,6.777,84.74
2023-03-08 08:00:00,22075.02,1557.12,19.33,287.9,0.3244,0.07371,16.0,5.699,6.806,85.05
2023-03-08 12:00:00,22140.93,1560.54,19.25,292.7,0.3252,0.07359,15.89,5.673,6.709,84.64
2023-03-08 16:00:00,21998.87,1552.79,18.68,289.7,0.3219,0.07256,15.48,5.701,6.648,83.42
2023-03-08 20:00:00,21703.4,1532.36,18.39,286.6,0.3175,0.07097,15.12,5.606,6.587,82.75
2023-03-09 00:00:00,21769.65,1541.92,18.6,289.7,0.3193,0.07191,15.35,5.63,6.593,83.39
2023-03-09 04:00:00,21688.3,1536.75,18.5,289.9,0.3163,0.07136,15.27,5.607,6.63,83.13
2023-03-09 08:00:00,21671.42,1534.12,18.53,289.2,0.3174,0.07177,15.44,5.696,6.612,83.56
2023-03-09 12:00:00,21647.78,1533.92,18.36,289.4,0.3195,0.07179,15.48,5.772,6.621,84.26
2023-03-09 16:00:00,20856.77,1488.27,17.69,279.3,0.309,0.06841,14.82,5.491,6.27,80.7
2023-03-09 20:00:00,20368.79,1437.68,17.31,277.1,0.3103,0.066,14.41,5.345,6.156,76.67
2023-03-10 00:00:00,20049.99,1426.81,17.14,274.2,0.3085,0.06597,14.5,5.398,6.164,75.71
2023-03-10 04:00:00,19956.36,1412.03,16.98,273.0,0.3063,0.06555,14.41,5.402,6.195,73.63
2023-03-10 08:00:00,19759.23,1384.83,16.71,267.5,0.3041,0.06409,14.39,5.294,6.06,69.62
2023-03-10 12:00:00,20006.3,1416.75,17.66,274.5,0.3135,0.06497,14.79,5.475,6.212,70.54
2023-03-10 16:00:00,20023.49,1423.48,17.79,276.8,0.3105,0.06557,14.78,5.517,6.221,71.59
2023-03-10 20:00:00,20153.97,1426.85,18.2,277.2,0.3147,0.06572,14.79,5.541,6.206,71.5
2023-03-11 00:00:00,20390.38,1458.47,18.23,279.0,0.3161,0.06654,14.7,5.59,6.231,72.38
2023-03-11 04:00:00,19848.75,1419.11,17.07,272.3,0.3079,0.06403,14.15,5.315,5.992,65.78
2023-03-11 08:00:00,20084.49,1427.5,17.34,274.5,0.3072,0.06464,14.18,5.287,6.005,66.67
2023-03-11 12:00:00,20065.0,1428.29,17.14,272.4,0.3032,0.06382,14.02,5.268,5.963,66.96
2023-03-11 16:00:00,20225.61,1449.58,17.94,272.6,0.3037,0.0652,14.24,5.383,6.096,68.63
2023-03-11 20:00:00,20463.9,1472.44,18.09,275.9,0.3051,0.06604,14.55,5.467,6.166,69.24
2023-03-12 00:00:00,20378.51,1467.03,17.94,276.5,0.3051,0.06592,14.45,5.458,6.17,68.93
2023-03-12 04:00:00,20345.11,1459.25,17.84,275.7,0.3027,0.0656,14.22,5.441,6.13,68.63
2023-03-12 08:00:00,20453.49,1465.44,18.13,276.1,0.3067,0.06603,14.5,5.486,6.148,68.46
2023-03-12 12:00:00,20359.26,1456.12,17.84,273.7,0.3024,0.06533,14.26,5.387,6.093,67.75
2023-03-12 16:00:00,20766.35,1511.7,18.37,277.7,0.3119,0.06697,14.72,5.572,6.251,70.96
2023-03-12 20:00:00,21995.39,1580.24,20.12,287.7,0.3295,0.07046,16.16,5.884,6.553,76.09
2023-03-13 00:00:00,22236.49,1588.41,19.51,286.7,0.3366,0.06994,16.03,5.879,6.585,77.82
2023-03-13 04:00:00,22456.8,1607.08,19.75,304.7,0.3394,0.07044,16.0,5.903,6.652,78.09
2023-03-13 08:00:00,22108.26,1581.13,19.24,297.0,0.3316,0.0686,15.72,5.754,6.472,75.77
2023-03-13 12:00:00,23976.1,1664.15,20.69,309.1,0.346,0.07217,16.48,6.028,6.738,81.69
2023-03-13 16:00:00,24277.78,1677.19,20.49,306.2,0.3422,0.07271,16.38,6.075,6.732,81.33
2023-03-13 20:00:00,24108.06,1673.99,20.39,308.0,0.3434,0.07266,16.45,6.094,6.754,81.56
2023-03-14 00:00:00,24369.89,1677.76,20.4,306.0,0.3443,0.0727,16.43,6.136,6.759,81.17
2023-03-14 04:00:00,24254.23,1667.59,20.06,304.5,0.3407,0.07194,16.3,6.049,6.7,80.23
2023-03-14 08:00:00,24742.14,1684.45,20.14,306.2,0.3414,0.07226,16.34,6.064,6.678,80.61
2023-03-14 12:00:00,25900.81,1769.89,21.91,317.5,0.3641,0.07687,17.72,6.528,7.144,87.51
2023-03-14 16:00:00,25041.23,1720.39,20.96,311.1,0.3504,0.07479,17.31,6.354,7.007,84.38
2023-03-14 20:00:00,24674.99,1700.05,20.86,308.6,0.3434,0.07447,17.12,6.221,6.952,84.02
2023-03-15 00:00:00,24723.11,1700.4,21.07,309.6,0.3433,0.07526,17.23,6.248,7.022,84.23
2023-03-15 04:00:00,24870.07,1704.86,21.24,312.0,0.3438,0.07536,17.3,6.316,7.061,83.58
2023-03-15 08:00:00,24753.59,1679.6,20.59,308.2,0.3374,0.07338,16.87,6.195,6.801,80.55
2023-03-15 12:00:00,24473.43,1633.89,19.26,305.2,0.3273,0.06974,15.94,5.949,6.569,78.05
2023-03-15 16:00:00,24368.13,1647.88,19.09,304.4,0.3264,0.06841,15.58,5.908,6.537,75.65
2023-03-15 20:00:00,24278.47,1650.41,19.25,306.4,0.324,0.06966,15.55,5.873,6.536,76.37
2023-03-16 00:00:00,24268.7,1646.41,19.32,309.4,0.323,0.06981,15.5,5.904,6.596,77.65
2023-03-16 04:00:00,24620.8,1656.0,19.48,321.3,0.3269,0.07047,15.76,5.996,6.621,79.19
2023-03-16 08:00:00,24834.41,1660.79,19.7,315.8,0.3275,0.07099,15.86,6.052,6.652,79.49
2023-03-16 12:00:00,24891.7,1663.19,19.61,326.5,0.3275,0.071,15.85,6.06,6.581,79.22
2023-03-16 16:00:00,24949.93,1679.24,19.77,329.5,0.325,0.07099,15.98,6.079,6.619,78.91
2023-03-16 20:00:00,25003.06,1673.63,19.69,329.1,0.3244,0.07256,15.9,6.095,6.675,78.91
2023-03-17 00:00:00,25759.99,1707.56,19.98,331.5,0.3309,0.07341,16.17,6.205,6.91,81.06
2023-03-17 04:00:00,26067.39,1715.68,19.97,329.9,0.3328,0.07468,16.32,6.237,6.886,81.79
2023-03-17 08:00:00,26915.33,1760.72,20.69,334.4,0.3455,0.07561,16.92,6.532,7.125,84.57
2023-03-17 12:00:00,26422.3,1717.71,19.98,330.8,0.3344,0.07356,16.48,6.367,6.999,81.53
2023-03-17 16:00:00,26834.89,1743.75,20.52,334.9,0.3399,0.07462,16.7,6.406,7.07,82.85
2023-03-17 20:00:00,27391.98,1789.42,21.61,338.9,0.3494,0.07623,17.63,6.614,7.209,85.52
2023-03-18 00:00:00,27306.55,1810.87,22.68,343.6,0.3525,0.07777,17.97,6.677,7.26,86.59
2023-03-18 04:00:00,27355.55,1814.25,22.15,344.0,0.3515,0.0778,17.69,6.627,7.256,86.6
2023-03-18 08:00:00,27439.76,1813.54,22.5,343.2,0.3543,0.07793,17.64,6.605,7.215,86.81
2023-03-18 12:00:00,27222.38,1786.17,21.83,332.5,0.345,0.07501,17.33,6.507,7.052,84.31
2023-03-18 16:00:00,27335.71,1789.84,21.92,336.2,0.3438,0.07459,17.23,6.443,7.029,84.37
2023-03-18 20:00:00,26917.17,1758.37,21.21,331.0,0.3367,0.07293,16.98,6.286,6.896,82.39
2023-03-19 00:00:00,27199.05,1782.52,21.83,334.1,0.3437,0.07492,17.35,6.477,7.086,83.38
2023-03-19 04:00:00,26987.03,1774.56,21.5,335.6,0.3388,0.07383,17.25,6.416,7.037,83.01
2023-03-19 08:00:00,27169.75,1785.21,21.68,337.0,0.3437,0.07451,17.61,6.445,7.11,83.44
2023-03-19 12:00:00,27565.98,1794.05,22.05,338.9,0.3459,0.07483,17.68,6.542,7.171,85.17
2023-03-19 16:00:00,28253.49,1821.02,22.19,340.0,0.3486,0.07579,17.83,6.531,7.205,85.35
2023-03-19 20:00:00,27958.56,1780.9,21.84,335.9,0.3443,0.07431,17.48,6.426,7.064,84.02
2023-03-20 00:00:00,27265.94,1752.02,21.68,333.2,0.3371,0.0734,17.17,6.276,6.975,81.06
2023-03-20 04:00:00,28187.77,1791.16,23.06,334.6,0.3438,0.07479,17.61,6.433,7.172,83.36
2023-03-20 08:00:00,28193.39,1779.5,23.33,336.8,0.343,0.07347,17.37,6.414,7.304,81.56
2023-03-20 12:00:00,27708.86,1763.52,23.14,337.6,0.339,0.07334,17.26,6.354,7.369,82.04
2023-03-20 16:00:00,27784.99,1753.18,22.15,336.0,0.3332,0.07121,16.81,6.13,7.123,79.66
2023-03-20 20:00:00,27720.95,1732.94,22.14,332.0,0.3313,0.07141,16.63,6.093,7.011,77.89
2023-03-21 00:00:00,27785.97,1745.52,22.42,334.6,0.3388,0.07199,16.63,6.146,7.099,78.44
2023-03-21 04:00:00,27509.67,1729.59,21.95,328.5,0.3316,0.07109,16.44,6.06,6.92,77.69
2023-03-21 08:00:00,28050.28,1761.37,22.45,334.8,0.3391,0.07227,16.96,6.124,7.118,80.16
2023-03-21 12:00:00,28042.85,1812.44,22.95,337.6,0.3506,0.07413,17.18,6.25,7.281,81.77
2023-03-21 16:00:00,28130.18,1790.57,22.48,338.0,0.3623,0.07625,17.26,6.29,7.283,81.42
2023-03-21 20:00:00,28110.26,1801.5,22.55,334.8,0.3699,0.07652,17.46,6.377,7.405,82.39
2023-03-22 00:00:00,28143.1,1799.48,22.3,335.4,0.3723,0.07615,17.37,6.323,7.469,81.63
2023-03-22 04:00:00,28108.59,1793.52,22.33,336.3,0.375,0.07598,17.33,6.31,7.463,80.81
2023-03-22 08:00:00,28118.94,1785.65,22.48,323.9,0.3702,0.0747,17.43,6.251,7.477,80.32
2023-03-22 12:00:00,28595.97,1806.23,22.63,327.8,0.3774,0.07739,17.6,6.293,7.627,81.17
2023-03-22 16:00:00,26681.49,1716.55,21.19,316.9,0.3501,0.07203,16.38,5.967,7.082,82.9
2023-03-22 20:00:00,27254.54,1734.28,21.43,321.0,0.3596,0.07386,16.73,6.057,7.175,87.41
2023-03-23 00:00:00,27364.88,1737.2,21.26,320.5,0.3558,0.07368,16.73,6.105,7.177,87.53
2023-03-23 04:00:00,27627.96,1750.73,21.72,323.9,0.3702,0.07529,17.13,6.16,7.283,87.86
2023-03-23 08:00:00,27579.02,1754.97,21.74,324.9,0.3725,0.07746,17.43,6.155,7.349,91.09
2023-03-23 12:00:00,28575.56,1837.36,22.4,330.2,0.3792,0.07791,17.68,6.381,7.572,92.68
2023-03-23 16:00:00,28373.52,1820.86,22.08,329.8,0.374,0.07709,17.54,6.322,7.525,93.75
2023-03-23 20:00:00,28286.72,1814.05,22.19,329.3,0.3712,0.07733,17.56,6.323,7.621,93.78
2023-03-24 00:00:00,28225.0,1812.09,22.1,327.4,0.3659,0.07656,17.48,6.286,7.515,93.43
2023-03-24 04:00:00,28269.23,1815.19,21.98,324.9,0.368,0.07658,17.41,6.32,7.475,95.36
2023-03-24 08:00:00,27699.28,1750.36,21.61,320.8,0.36,0.07395,17.16,6.096,7.243,89.99
2023-03-24 12:00:00,28017.2,1767.04,21.21,320.3,0.3625,0.0745,17.13,6.065,7.34,91.49
2023-03-24 16:00:00,27827.83,1763.75,20.77,322.0,0.3631,0.07534,17.06,6.079,7.3,91.42
2023-03-24 20:00:00,27444.02,1749.69,20.64,321.8,0.359,0.07455,16.97,6.026,7.189,93.54
2023-03-25 00:00:00,27585.69,1756.44,20.73,324.3,0.3597,0.07553,17.02,6.062,7.247,92.06
2023-03-25 04:00:00,27495.54,1747.27,20.65,324.0,0.3614,0.07497,16.84,6.044,7.176,92.79
2023-03-25 08:00:00,27459.77,1745.19,20.64,324.0,0.3591,0.07484,16.76,6.026,7.135,93.28
2023-03-25 12:00:00,27653.54,1754.83,20.89,324.2,0.3596,0.07521,16.84,6.031,7.143,92.74
2023-03-25 16:00:00,27191.56,1716.94,20.13,319.6,0.3489,0.07272,16.4,5.838,6.993,90.29
2023-03-25 20:00:00,27462.53,1742.62,20.42,322.4,0.3514,0.07399,16.89,5.895,7.078,91.34
2023-03-26 00:00:00,27530.13,1749.35,20.66,323.4,0.3541,0.07437,17.02,5.985,7.16,93.3
2023-03-26 04:00:00,27504.68,1752.84,20.77,323.8,0.3548,0.07458,17.03,6.005,7.182,93.65
2023-03-26 08:00:00,27853.49,1778.01,20.85,327.2,0.358,0.07497,17.07,6.009,7.172,93.9
2023-03-26 12:00:00,27805.18,1762.71,20.82,326.9,0.3559,0.07409,17.13,6.018,7.22,92.74
2023-03-26 16:00:00,27835.85,1765.99,20.94,327.9,0.355,0.07411,17.07,6.013,7.245,93.03
2023-03-26 20:00:00,27984.74,1774.43,20.98,328.6,0.3556,0.07436,17.16,6.062,7.267,93.32
2023-03-27 00:00:00,27887.43,1765.7,20.72,327.9,0.3532,0.0737,16.91,5.992,7.155,92.62
2023-03-27 04:00:00,27804.62,1752.17,20.42,325.7,0.3481,0.07333,16.76,5.969,7.111,91.62
2023-03-27 08:00:00,27886.56,1765.66,20.56,328.3,0.353,0.07399,16.88,6.019,7.201,91.92
2023-03-27 12:00:00,26905.4,1711.76,19.78,314.1,0.3432,0.07276,16.45,5.851,6.886,88.95
2023-03-27 16:00:00,26975.98,1703.5,19.66,306.2,0.3401,0.07206,16.42,5.819,6.823,88.61
2023-03-27 20:00:00,27128.98,1715.42,19.93,310.7,0.3457,0.07289,16.52,5.866,6.876,89.35
2023-03-28 00:00:00,26973.49,1711.5,19.72,307.5,0.346,0.07223,16.43,5.821,6.831,86.77
2023-03-28 04:00:00,26961.13,1724.71,19.87,308.8,0.3486,0.07246,16.55,5.9,6.879,86.97
2023-03-28 08:00:00,27053.88,1745.82,20.11,311.2,0.352,0.07286,16.63,5.917,6.87,87.47
2023-03-28 12:00:00,26998.49,1743.87,20.21,311.0,0.3581,0.07272,16.59,5.961,6.886,87.29
2023-03-28 16:00:00,27427.19,1785.23,20.66,314.4,0.3622,0.07371,16.76,6.083,7.018,88.81
2023-03-28 20:00:00,27260.91,1773.04,20.5,313.1,0.3683,0.07375,16.71,6.067,6.952,89.13
2023-03-29 00:00:00,27368.96,1778.13,20.65,313.4,0.3762,0.07395,16.77,6.093,6.993,89.47
2023-03-29 04:00:00,28075.51,1804.9,21.21,316.3,0.3816,0.07627,17.23,6.228,7.174,92.25
2023-03-29 08:00:00,28357.25,1810.75,21.16,317.7,0.3888,0.07597,17.26,6.271,7.287,92.03
2023-03-29 12:00:00,28449.74,1807.88,21.26,316.5,0.3845,0.07574,17.23,6.197,7.36,91.62
2023-03-29 16:00:00,28421.75,1808.86,21.2,316.1,0.3861,0.07603,17.38,6.194,7.343,92.51
2023-03-29 20:00:00,28354.39,1792.85,21.11,313.5,0.3811,0.07556,17.3,6.189,7.364,91.4
2023-03-30 00:00:00,28498.62,1788.15,21.05,312.9,0.3801,0.07497,17.22,6.177,7.409,90.21
2023-03-30 04:00:00,28727.14,1806.26,21.03,315.2,0.3799,0.07537,17.25,6.196,7.382,90.7
2023-03-30 08:00:00,28651.65,1804.49,20.7,317.4,0.3819,0.07527,17.38,6.163,7.407,90.1
2023-03-30 12:00:00,28295.75,1789.69,20.51,315.9,0.3759,0.07473,17.25,6.106,7.268,89.13
2023-03-30 16:00:00,27980.71,1781.35,20.49,316.2,0.3772,0.07444,17.22,6.077,7.229,88.34
2023-03-30 20:00:00,28035.67,1793.23,20.56,316.4,0.3762,0.07423,17.23,6.118,7.231,89.05
2023-03-31 00:00:00,28170.8,1803.1,20.51,316.5,0.3782,0.07476,17.43,6.217,7.378,89.69
2023-03-31 04:00:00,27741.02,1795.39,20.29,313.7,0.3841,0.0742,17.23,6.197,7.516,88.11
2023-03-31 08:00:00,27933.76,1792.72,20.32,316.1,0.3936,0.07456,17.17,6.195,7.508,88.35
2023-03-31 12:00:00,28488.59,1830.56,20.85,316.5,0.4062,0.0756,17.54,6.337,7.566,89.52
2023-03-31 16:00:00,28467.89,1828.92,20.98,316.6,0.4017,0.07655,17.73,6.323,7.61,89.75
2023-03-31 20:00:00,28460.08,1821.68,21.13,316.8,0.3985,0.07699,17.71,6.337,7.587,89.71
2023-04-01 00:00:00,28539.76,1826.08,21.06,315.1,0.3983,0.07774,17.77,6.33,7.553,93.2
2023-04-01 04:00:00,28421.47,1824.09,21.03,314.2,0.3911,0.07712,17.68,6.263,7.568,93.58
2023-04-01 08:00:00,28378.62,1823.89,20.96,314.4,0.3895,0.07619,17.62,6.261,7.516,93.08
2023-04-01 12:00:00,28396.29,1820.45,20.95,313.5,0.3927,0.07686,17.65,6.259,7.471,92.76
2023-04-01 16:00:00,28385.42,1814.25,20.92,314.3,0.3943,0.08199,17.65,6.272,7.471,92.25
2023-04-01 20:00:00,28452.75,1820.55,21.09,314.8,0.3919,0.08187,17.8,6.343,7.542,92.65
2023-04-02 00:00:00,28478.77,1817.32,21.03,315.4,0.3863,0.08419,17.72,6.394,7.49,92.46
2023-04-02 04:00:00,28421.42,1820.67,21.2,315.5,0.3874,0.08414,17.71,6.418,7.517,94.07
2023-04-02 08:00:00,28362.63,1817.7,21.0,314.8,0.3837,0.08202,17.73,6.354,7.442,93.58
2023-04-02 12:00:00,28122.03,1797.76,20.62,313.2,0.38,0.07898,17.4,6.349,7.311,92.48
2023-04-02 16:00:00,27947.42,1781.56,20.34,311.4,0.3772,0.07897,17.2,6.189,7.207,90.91
2023-04-02 20:00:00,28176.4,1794.7,20.53,313.7,0.3815,0.07905,17.26,6.268,7.256,93.0
2023-04-03 00:00:00,27750.64,1778.56,20.04,309.5,0.3785,0.07731,16.96,6.188,7.156,91.29
2023-04-03 04:00:00,27951.03,1795.03,20.27,310.9,0.3944,0.07815,17.13,6.225,7.247,91.76
2023-04-03 08:00:00,28254.41,1808.07,20.4,311.8,0.3964,0.07814,17.27,6.318,7.291,92.46
2023-04-03 12:00:00,28051.15,1796.48,20.32,310.6,0.3849,0.07712,17.18,6.319,7.267,92.05
2023-04-03 16:00:00,28078.14,1818.6,20.9,311.7,0.3899,0.09698,17.26,6.447,7.369,93.51
2023-04-03 20:00:00,27806.67,1810.66,20.45,308.5,0.3871,0.09604,17.1,6.431,7.224,92.99
2023-04-04 00:00:00,27862.13,1807.81,20.43,309.7,0.39,0.09669,17.09,6.423,7.268,92.26
2023-04-04 04:00:00,28026.08,1812.23,20.52,309.9,0.3899,0.09838,17.15,6.43,7.249,92.13
2023-04-04 08:00:00,28292.78,1864.15,20.95,311.0,0.3978,0.10008,17.37,6.467,7.392,93.56
2023-04-04 12:00:00,28032.33,1863.25,20.89,311.1,0.3903,0.09655,17.41,6.438,7.367,92.92
2023-04-04 16:00:00,28182.49,1868.78,20.93,311.3,0.3921,0.09657,17.51,6.513,7.418,92.74
2023-04-04 20:00:00,28164.56,1870.86,20.93,310.7,0.3895,0.09509,17.65,6.438,7.378,92.46
2023-04-05 00:00:00,28542.99,1912.49,21.13,314.0,0.3956,0.09827,18.11,6.549,7.579,93.87
2023-04-05 04:00:00,28524.84,1909.84,21.15,314.5,0.3957,0.0969,18.2,6.527,7.556,94.6
2023-04-05 08:00:00,28556.95,1914.69,21.17,315.4,0.3981,0.0978,18.25,6.493,7.452,94.71
2023-04-05 12:00:00,28100.36,1896.22,20.86,312.2,0.3929,0.09544,17.88,6.388,7.311,92.18
2023-04-05 16:00:00,28244.0,1909.52,20.89,313.7,0.393,0.09322,17.95,6.394,7.348,92.74
2023-04-05 20:00:00,28166.68,1908.45,20.96,313.8,0.3922,0.09266,17.99,6.404,7.309,92.59
2023-04-06 00:00:00,28122.93,1898.98,20.81,313.9,0.3897,0.09242,17.88,6.408,7.311,92.18
2023-04-06 04:00:00,27914.73,1879.45,20.63,311.7,0.3832,0.09093,17.77,6.3,7.267,91.07
2023-04-06 08:00:00,27938.98,1868.74,20.67,312.1,0.3818,0.08927,17.91,6.299,7.238,90.79
2023-04-06 12:00:00,28095.94,1875.29,20.81,312.9,0.385,0.09017,18.25,6.36,7.283,91.24
2023-04-06 16:00:00,28018.57,1870.85,20.76,312.6,0.3839,0.09087,18.1,6.335,7.212,90.89
2023-04-06 20:00:00,28031.19,1872.58,20.59,312.2,0.383,0.0854,17.98,6.274,7.199,90.93
2023-04-07 00:00:00,28031.64,1876.95,20.56,311.7,0.3808,0.08491,18.02,6.224,7.183,90.85
2023-04-07 04:00:00,27835.2,1851.01,20.28,309.9,0.3773,0.08299,17.68,6.153,7.118,89.67
2023-04-07 08:00:00,27842.89,1849.57,20.29,310.3,0.3789,0.08185,17.55,6.144,7.18,89.84
2023-04-07 12:00:00,27942.21,1860.38,20.51,311.1,0.3843,0.08239,17.65,6.198,7.235,90.57
2023-04-07 16:00:00,27900.04,1854.64,20.47,310.7,0.3823,0.08179,17.61,6.173,7.234,90.15
2023-04-07 20:00:00,27901.7,1864.12,20.45,310.4,0.3833,0.08223,17.59,6.162,7.291,90.68
2023-04-08 00:00:00,28020.47,1868.95,20.47,311.5,0.386,0.0833,17.58,6.17,7.267,90.85
2023-04-08 04:00:00,28082.33,1872.3,20.68,312.0,0.388,0.08296,17.73,6.232,7.255,90.99
2023-04-08 08:00:00,28009.94,1867.5,20.57,311.7,0.3885,0.08319,17.66,6.187,7.223,90.71
2023-04-08 12:00:00,28021.24,1866.62,20.44,312.1,0.3875,0.08304,17.68,6.204,7.214,90.55
2023-04-08 16:00:00,27927.77,1853.97,20.21,310.7,0.3848,0.0812,17.53,6.127,7.126,89.72
2023-04-08 20:00:00,27941.17,1849.27,20.04,310.3,0.3855,0.08133,17.45,6.132,7.126,90.07
2023-04-09 00:00:00,28033.21,1852.08,20.13,311.4,0.3882,0.08198,17.47,6.171,7.158,90.66
2023-04-09 04:00:00,27900.37,1835.51,20.01,309.8,0.3866,0.08152,17.3,6.128,7.122,90.25
2023-04-09 08:00:00,27933.73,1839.13,20.18,310.4,0.3877,0.08166,17.37,6.121,7.075,90.18
2023-04-09 12:00:00,27887.59,1837.0,20.13,310.2,0.3884,0.0832,17.35,6.102,7.067,89.49
2023-04-09 16:00:00,28143.0,1856.58,20.27,311.8,0.3905,0.0832,17.48,6.196,7.2,90.31
2023-04-09 20:00:00,28324.72,1858.46,20.28,312.6,0.3892,0.08321,17.54,6.22,7.226,90.65
2023-04-10 00:00:00,28279.77,1857.87,20.23,312.7,0.3868,0.08306,17.54,6.16,7.188,90.43
2023-04-10 04:00:00,28285.47,1859.61,20.25,312.9,0.3866,0.08274,17.55,6.176,7.22,90.7
2023-04-10 08:00:00,28301.16,1858.18,20.34,312.7,0.3869,0.08293,17.53,6.164,7.216,90.57
2023-04-10 12:00:00,28441.74,1861.18,20.21,312.2,0.389,0.08318,17.5,6.163,7.22,92.3
2023-04-10 16:00:00,29171.22,1889.1,20.68,313.7,0.391,0.08405,17.77,6.226,7.278,92.87
2023-04-10 20:00:00,29642.28,1910.03,20.84,318.5,0.3968,0.08473,17.93,6.291,7.332,93.67
2023-04-11 00:00:00,30119.8,1923.78,21.25,327.6,0.4006,0.08463,18.03,6.311,7.323,94.0
2023-04-11 04:00:00,30109.64,1921.36,22.45,331.4,0.4113,0.08534,18.33,6.45,7.425,96.46
2023-04-11 08:00:00,30056.25,1915.54,22.21,329.2,0.4076,0.08536,18.43,6.432,7.381,95.3
2023-04-11 12:00:00,30186.58,1913.69,23.29,329.3,0.4055,0.08495,18.49,6.435,7.358,95.15
2023-04-11 16:00:00,30134.65,1894.03,23.44,324.7,0.4009,0.08419,18.23,6.426,7.323,94.62
2023-04-11 20:00:00,30196.78,1889.49,22.99,322.4,0.4013,0.08412,18.17,6.426,7.291,94.36
2023-04-12 00:00:00,29926.94,1862.52,22.59,317.4,0.3904,0.08143,17.74,6.238,7.14,91.47
2023-04-12 04:00:00,29983.36,1870.69,23.69,319.2,0.394,0.08226,18.1,6.304,7.209,92.18
2023-04-12 08:00:00,30009.09,1872.93,23.52,318.1,0.3954,0.08209,17.98,6.274,7.177,91.34
2023-04-12 12:00:00,29961.07,1912.46,23.6,319.5,0.4018,0.08229,18.12,6.391,7.286,92.02
2023-04-12 16:00:00,29800.0,1901.23,23.91,318.7,0.4031,0.08246,17.96,6.324,7.149,91.73
2023-04-12 20:00:00,29891.39,1917.5,23.78,319.6,0.4044,0.08343,18.26,6.403,7.256,92.18
2023-04-13 00:00:00,30074.42,1912.32,24.01,319.7,0.407,0.08335,18.56,6.389,7.238,92.55
2023-04-13 04:00:00,30069.69,1922.56,24.12,319.2,0.4025,0.08317,18.49,6.391,7.248,92.74
2023-04-13 08:00:00,30156.45,1985.67,24.33,323.7,0.4113,0.0864,18.69,6.463,7.365,93.67
2023-04-13 12:00:00,30436.89,1997.24,24.64,323.5,0.4131,0.08721,18.9,6.562,7.413,94.3
2023-04-13 16:00:00,30341.74,2011.41,24.73,324.5,0.4211,0.08696,18.9,6.587,7.462,94.44
2023-04-13 20:00:00,30376.49,2011.65,24.44,324.6,0.4251,0.08736,18.83,6.643,7.46,94.08
2023-04-14 00:00:00,30687.62,2108.47,25.08,331.0,0.4371,0.09012,19.24,6.779,7.709,97.92
2023-04-14 04:00:00,30734.62,2105.94,24.85,334.0,0.4342,0.08947,18.96,6.737,7.755,96.79
2023-04-14 08:00:00,30807.21,2115.3,25.03,333.2,0.4434,0.09011,19.13,6.754,7.797,96.98
2023-04-14 12:00:00,30237.81,2059.0,23.88,325.9,0.427,0.0858,18.58,6.57,7.553,94.08
2023-04-14 16:00:00,30326.71,2090.7,24.48,328.9,0.433,0.08839,18.92,6.736,7.749,95.9
2023-04-14 20:00:00,30461.9,2099.75,24.75,328.9,0.4381,0.0887,19.23,6.718,7.728,96.37
2023-04-15 00:00:00,30378.35,2088.65,24.27,328.7,0.4367,0.08826,19.22,6.657,7.644,95.47
2023-04-15 04:00:00,30432.11,2097.48,24.42,330.7,0.4462,0.08924,19.17,6.704,7.691,96.34
2023-04-15 08:00:00,30389.31,2100.08,24.34,333.5,0.4556,0.08979,19.43,6.763,7.812,96.28
2023-04-15 12:00:00,30325.96,2098.42,24.36,334.2,0.4555,0.08875,19.2,6.775,7.955,96.11
2023-04-15 16:00:00,30334.99,2100.14,24.05,331.8,0.4492,0.08864,19.07,6.789,7.965,96.4
2023-04-15 20:00:00,30293.1,2090.84,24.06,333.0,0.4525,0.08885,19.08,6.801,8.007,96.83
2023-04-16 00:00:00,30255.02,2086.42,24.31,332.4,0.449,0.08918,19.15,6.758,8.009,96.08
2023-04-16 04:00:00,30347.08,2098.14,24.24,333.8,0.4511,0.09029,19.33,6.774,8.066,96.29
2023-04-16 08:00:00,30227.96,2086.59,24.03,334.5,0.4444,0.08877,19.06,6.694,7.969,96.4
2023-04-16 12:00:00,30332.58,2093.97,24.3,346.4,0.4473,0.08933,19.2,6.776,7.962,101.28
2023-04-16 16:00:00,30309.94,2114.79,24.54,347.3,0.45,0.09032,19.3,6.817,8.042,101.12
2023-04-16 20:00:00,30301.91,2118.55,25.34,347.6,0.4514,0.09041,20.18,6.81,8.123,100.04
2023-04-17 00:00:00,29985.04,2096.95,25.79,349.0,0.4448,0.08923,20.65,6.732,8.22,98.89
2023-04-17 04:00:00,29842.49,2090.1,25.15,344.3,0.4383,0.09309,20.58,6.687,8.11,99.15
2023-04-17 08:00:00,29573.72,2076.54,24.9,342.1,0.443,0.09324,20.36,6.693,8.001,98.46
2023-04-17 12:00:00,29353.05,2071.06,24.55,338.9,0.4339,0.08995,20.73,6.661,8.031,99.24
2023-04-17 16:00:00,29472.7,2078.25,24.71,341.9,0.4375,0.09189,20.65,6.691,8.237,98.72
2023-04-17 20:00:00,29429.64,2074.23,24.54,339.8,0.4337,0.09131,20.53,6.698,8.138,98.72
2023-04-18 00:00:00,29444.2,2080.01,24.42,339.8,0.4347,0.09112,20.87,6.718,8.079,101.81
2023-04-18 04:00:00,29770.25,2100.48,25.1,344.5,0.4426,0.09288,21.48,6.827,8.43,101.81
2023-04-18 08:00:00,30381.4,2117.42,25.34,346.3,0.4476,0.09363,21.46,6.954,8.72,102.94
2023-04-18 12:00:00,30184.42,2095.9,24.94,342.3,0.4413,0.09367,21.13,6.871,8.713,101.1
2023-04-18 16:00:00,30214.84,2081.1,24.69,341.5,0.4395,0.09307,20.9,6.875,8.513,100.79
2023-04-18 20:00:00,30381.36,2103.75,24.86,343.0,0.4437,0.09411,21.23,6.916,8.576,101.87
2023-04-19 00:00:00,30212.87,2091.74,24.62,341.4,0.4372,0.09324,21.07,6.847,8.561,100.8
2023-04-19 04:00:00,30074.36,2074.09,24.37,337.0,0.4343,0.09284,20.69,6.811,8.389,99.84
2023-04-19 08:00:00,29317.17,1981.49,23.21,327.0,0.4195,0.08843,19.58,6.471,8.074,95.45
2023-04-19 12:00:00,29263.74,1983.27,23.32,326.8,0.4207,0.09085,19.68,6.469,8.012,94.22
2023-04-19 16:00:00,29224.85,1980.24,22.99,325.1,0.4165,0.089,19.39,6.393,7.975,93.34
2023-04-19 20:00:00,28798.07,1933.69,22.67,322.2,0.4163,0.08784,18.98,6.317,7.772,90.33
2023-04-20 00:00:00,28859.02,1949.2,22.82,324.1,0.4185,0.08973,18.97,6.394,7.809,90.71
2023-04-20 04:00:00,28870.61,1948.83,22.62,324.8,0.4165,0.09151,19.11,6.418,7.783,90.47
2023-04-20 08:00:00,28609.28,1939.89,22.35,323.6,0.4117,0.09077,18.8,6.329,7.741,90.02
2023-04-20 12:00:00,28510.75,1946.81,22.12,323.0,0.4067,0.08657,18.9,6.243,7.728,89.68
2023-04-20 16:00:00,28104.5,1927.63,21.77,316.8,0.3978,0.08357,18.47,6.083,7.544,88.06
2023-04-20 20:00:00,28240.95,1943.18,22.19,318.0,0.4005,0.08389,18.32,6.11,7.499,90.25
2023-04-21 00:00:00,28319.6,1946.03,22.32,319.8,0.4033,0.08433,18.46,6.151,7.559,90.24
2023-04-21 04:00:00,28152.24,1927.6,22.25,329.9,0.4059,0.0846,18.18,6.119,7.536,90.2
2023-04-21 08:00:00,28061.4,1909.19,22.03,326.9,0.4004,0.08358,17.88,6.045,7.44,89.24
2023-04-21 12:00:00,28037.89,1903.91,21.88,327.3,0.3981,0.08345,17.78,6.022,7.375,88.89
2023-04-21 16:00:00,27279.27,1842.58,21.28,318.2,0.382,0.079,16.96,5.851,7.083,85.46
2023-04-21 20:00:00,27263.02,1848.67,21.27,321.4,0.3827,0.07849,16.93,5.847,7.119,85.39
2023-04-22 00:00:00,27322.24,1859.6,21.37,322.4,0.3862,0.07898,17.07,5.87,7.172,85.5
2023-04-22 04:00:00,27282.26,1851.08,21.26,322.1,0.3849,0.0787,16.95,5.897,7.09,85.6
2023-04-22 08:00:00,27283.29,1852.28,21.36,325.7,0.3892,0.079,17.17,5.895,7.163,85.69
2023-04-22 12:00:00,27493.01,1866.67,21.73,327.8,0.3963,0.0802,17.23,5.947,7.192,86.78
2023-04-22 16:00:00,27622.32,1871.76,21.77,329.6,0.395,0.0801,17.21,5.958,7.182,86.8
2023-04-22 20:00:00,27818.2,1874.38,21.8,331.9,0.396,0.08028,17.2,5.95,7.197,87.08
2023-04-23 00:00:00,27555.48,1862.3,21.71,330.5,0.3917,0.08045,17.12,5.911,7.13,86.24
2023-04-23 04:00:00,27722.02,1874.19,22.12,330.9,0.3937,0.0805,17.19,5.957,7.113,86.76
2023-04-23 08:00:00,27646.63,1874.44,22.14,330.6,0.3911,0.08026,17.18,5.956,7.122,86.76
2023-04-23 12:00:00,27473.99,1859.45,21.66,328.7,0.3849,0.07941,16.88,5.867,6.979,86.13
2023-04-23 16:00:00,27467.55,1846.64,21.19,328.5,0.3839,0.07784,16.67,5.842,6.967,85.7
2023-04-23 20:00:00,27588.59,1862.13,21.51,330.7,0.3891,0.07875,16.83,5.912,7.087,86.82
2023-04-24 00:00:00,27790.72,1867.85,21.71,332.0,0.392,0.07938,16.88,5.969,7.167,87.56
2023-04-24 04:00:00,27454.88,1846.12,21.25,329.1,0.3853,0.07866,16.72,5.931,7.098,87.07
2023-04-24 08:00:00,27551.49,1855.37,21.73,331.2,0.3892,0.07926,17.03,5.968,7.207,88.18
2023-04-24 12:00:00,27266.39,1834.31,21.34,329.6,0.3859,0.07826,16.9,5.862,7.09,87.03
2023-04-24 16:00:00,27382.17,1831.43,21.32,332.0,0.3833,0.07818,16.96,5.921,7.084,87.78
2023-04-24 20:00:00,27512.82,1842.14,21.39,331.0,0.3845,0.07871,16.92,5.879,7.07,88.35
2023-04-25 00:00:00,27349.23,1830.12,20.84,330.5,0.378,0.07828,16.82,5.878,6.983,87.5
2023-04-25 04:00:00,27270.5,1815.75,20.9,329.1,0.3792,0.0784,16.99,5.82,6.994,87.56
2023-04-25 08:00:00,27389.32,1826.28,21.01,330.5,0.3798,0.07873,17.03,5.874,7.059,89.0
2023-04-25 12:00:00,27343.12,1814.67,20.81,332.4,0.3797,0.078,16.98,5.793,7.012,88.99
2023-04-25 16:00:00,27610.77,1837.74,21.19,332.8,0.3832,0.07876,17.16,5.828,7.064,90.32
2023-04-25 20:00:00,28296.98,1866.39,21.94,338.3,0.395,0.07984,17.66,6.007,7.272,91.06
2023-04-26 00:00:00,28308.78,1862.76,21.81,338.1,0.3954,0.07985,17.46,5.987,7.202,90.87
2023-04-26 04:00:00,28376.0,1861.97,21.9,336.4,0.3966,0.08001,17.43,6.039,7.233,89.96
2023-04-26 08:00:00,28951.84,1914.29,22.52,338.0,0.4059,0.08164,17.84,6.069,7.384,91.76
2023-04-26 12:00:00,29814.57,1953.98,22.71,342.3,0.4149,0.08262,18.09,6.218,7.406,92.26
2023-04-26 16:00:00,27883.46,1828.97,21.13,328.5,0.3873,0.07739,16.8,5.769,6.886,86.35
2023-04-26 20:00:00,28418.62,1866.05,21.24,330.3,0.4014,0.07863,17.19,5.852,6.998,88.27
2023-04-27 00:00:00,28882.63,1898.3,21.68,332.0,0.4038,0.07982,17.38,5.909,7.046,88.59
2023-04-27 04:00:00,28892.5,1884.86,21.69,330.8,0.4085,0.07975,17.41,5.875,7.06,89.16
2023-04-27 08:00:00,28933.95,1880.64,21.58,330.1,0.4041,0.07958,17.37,5.9,7.048,88.32
2023-04-27 12:00:00,29148.87,1899.62,22.24,331.8,0.4135,0.08009,17.65,5.921,7.128,89.16
2023-04-27 16:00:00,29676.4,1922.41,22.4,335.3,0.4124,0.08043,17.83,6.019,7.217,90.08
2023-04-27 20:00:00,29475.32,1908.54,22.35,330.9,0.4101,0.0802,17.75,5.968,7.158,89.67
2023-04-28 00:00:00,29408.75,1905.47,22.28,325.8,0.4083,0.07991,17.66,5.924,7.098,89.0
2023-04-28 04:00:00,29485.44,1919.22,22.6,325.9,0.4105,0.08043,17.8,5.914,7.172,89.97
2023-04-28 08:00:00,29239.4,1902.39,22.52,322.0,0.4025,0.07999,17.48,5.847,7.044,89.24
2023-04-28 12:00:00,29150.82,1886.46,22.38,321.4,0.4018,0.07991,17.38,5.878,7.034,88.62
2023-04-28 16:00:00,29329.08,1892.41,23.34,323.5,0.4048,0.08005,17.52,5.922,7.051,89.52
2023-04-28 20:00:00,29312.93,1891.13,23.36,324.6,0.4039,0.08021,17.56,5.945,7.047,89.71
2023-04-29 00:00:00,29345.0,1896.05,23.32,324.6,0.405,0.08087,17.59,5.983,7.068,89.81
2023-04-29 04:00:00,29345.72,1902.1,23.18,323.6,0.4041,0.08081,17.55,5.957,7.091,89.78
2023-04-29 08:00:00,29330.89,1898.17,23.3,323.1,0.404,0.08106,17.53,5.972,7.136,89.66
2023-04-29 12:00:00,29270.44,1905.81,23.35,322.7,0.4048,0.08097,17.58,6.0,7.169,90.44
2023-04-29 16:00:00,29240.23,1903.4,23.32,322.9,0.4044,0.08172,17.56,6.047,7.198,90.68
2023-04-29 20:00:00,29228.32,1907.45,23.2,321.3,0.4019,0.08159,17.48,6.029,7.171,90.99
2023-04-30 00:00:00,29182.67,1896.35,23.12,320.5,0.4001,0.08101,17.31,5.974,7.134,90.28
2023-04-30 04:00:00,29271.92,1903.27,23.43,321.4,0.4023,0.08116,17.39,6.019,7.19,90.68
2023-04-30 08:00:00,29202.09,1900.47,23.49,321.8,0.399,0.08088,17.37,6.011,7.23,90.61
2023-04-30 12:00:00,29654.46,1920.13,23.73,323.9,0.4067,0.08129,17.64,6.033,7.245,90.79
2023-04-30 16:00:00,29362.21,1904.86,23.2,335.6,0.4007,0.08003,17.34,5.917,7.124,88.89
2023-04-30 20:00:00,29224.89,1870.03,22.72,337.3,0.3957,0.07948,17.08,5.88,7.02,88.25
2023-05-01 00:00:00,28565.87,1846.71,22.18,334.2,0.3904,0.07841,16.92,5.835,7.012,87.56
2023-05-01 04:00:00,28627.92,1849.41,22.29,333.8,0.3904,0.07887,17.09,5.808,7.018,87.56
2023-05-01 08:00:00,28528.41,1845.5,22.24,335.2,0.3889,0.0789,17.0,5.808,6.985,87.32
2023-05-01 12:00:00,28175.37,1833.42,21.9,330.5,0.387,0.07834,16.85,5.744,6.906,86.79
2023-05-01 16:00:00,27848.37,1813.1,21.76,326.7,0.3822,0.07784,16.63,5.629,6.813,86.24
2023-05-01 20:00:00,28073.3,1830.8,21.97,328.4,0.3866,0.0788,16.66,5.666,6.896,86.66
2023-05-02 00:00:00,28041.32,1830.68,21.83,325.6,0.3873,0.07842,16.62,5.642,6.858,87.37
2023-05-02 04:00:00,28059.87,1835.57,21.9,324.1,0.3868,0.07845,16.68,5.695,6.926,87.56
2023-05-02 08:00:00,28082.13,1833.6,21.97,324.8,0.3855,0.07833,16.66,5.671,6.898,88.35
2023-05-02 12:00:00,28549.75,1858.71,22.22,324.5,0.3901,0.07875,16.84,5.705,6.948,88.27
2023-05-02 16:00:00,28685.48,1868.21,22.32,325.4,0.3933,0.07872,16.93,5.737,7.006,88.09
2023-05-02 20:00:00,28671.76,1870.25,22.24,321.5,0.3916,0.07873,16.85,5.706,6.986,88.16
2023-05-03 00:00:00,28519.65,1862.86,21.86,324.4,0.3865,0.07833,16.73,5.679,6.964,87.77
2023-05-03 04:00:00,28656.02,1865.43,21.75,323.0,0.3846,0.07825,16.7,5.662,6.991,88.05
2023-05-03 08:00:00,28549.69,1859.63,21.4,322.2,0.3813,0.07772,16.57,5.633,6.913,87.56
2023-05-03 12:00:00,28312.64,1853.01,21.37,322.6,0.3812,0.07771,16.56,5.603,6.861,85.81
2023-05-03 16:00:00,28317.96,1867.71,21.44,323.9,0.3828,0.07772,16.97,5.672,6.992,86.6
2023-05-03 20:00:00,29030.86,1905.3,22.25,326.1,0.3935,0.07962,17.2,5.776,7.113,88.68
2023-05-04 00:00:00,29093.28,1903.56,22.21,326.1,0.3903,0.07917,17.18,5.776,7.102,88.19
2023-05-04 04:00:00,29056.89,1898.63,22.12,325.3,0.3928,0.07939,17.06,5.744,7.073,88.12
2023-05-04 08:00:00,29155.04,1904.73,22.19,326.3,0.3928,0.07898,17.08,5.753,7.064,88.3
2023-05-04 12:00:00,28873.37,1886.34,21.82,324.5,0.3885,0.07823,16.93,5.67,7.031,87.82
2023-05-04 16:00:00,28901.14,1876.89,21.74,324.2,0.387,0.07853,16.9,5.641,6.972,87.82
2023-05-04 20:00:00,28838.07,1877.55,21.71,323.9,0.3875,0.07839,16.88,5.643,6.972,88.5
2023-05-05 00:00:00,29199.32,1896.75,21.89,325.4,0.3906,0.07851,17.02,5.748,7.071,88.25
2023-05-05 04:00:00,29066.31,1894.49,21.77,324.5,0.3896,0.07875,17.03,5.75,7.046,87.9
2023-05-05 08:00:00,29148.82,1911.15,22.01,325.5,0.3891,0.07865,17.08,5.756,7.039,87.85
2023-05-05 12:00:00,29367.5,1953.45,22.31,326.7,0.392,0.07847,17.04,5.819,7.123,88.14
2023-05-05 16:00:00,29566.37,1991.52,22.87,327.6,0.3939,0.07931,17.36,5.858,7.237,88.57
2023-05-05 20:00:00,29504.4,1993.07,22.77,326.7,0.3938,0.08021,17.36,5.841,7.234,88.67
2023-05-06 00:00:00,29354.37,1970.53,22.72,325.6,0.3894,0.07908,17.16,5.808,7.152,87.21
2023-05-06 04:00:00,29361.69,1958.94,22.61,324.9,0.3874,0.07874,17.0,5.757,7.106,86.88
2023-05-06 08:00:00,29269.3,1934.81,22.61,324.8,0.3867,0.07803,16.93,5.775,7.053,86.67
2023-05-06 12:00:00,28577.44,1878.13,21.74,320.4,0.3765,0.07643,16.47,5.617,6.91,82.08
2023-05-06 16:00:00,28845.45,1898.05,21.99,323.2,0.3801,0.07699,16.67,5.685,6.975,83.88
2023-05-06 20:00:00,28846.33,1896.78,21.92,322.2,0.3785,0.07671,16.58,5.632,6.91,83.17
2023-05-07 00:00:00,28805.12,1892.99,21.78,322.3,0.3786,0.07662,16.51,5.613,6.879,83.17
2023-05-07 04:00:00,28907.86,1905.88,22.07,324.1,0.381,0.07696,16.68,5.655,6.926,83.8
2023-05-07 08:00:00,28844.17,1901.91,22.12,323.2,0.3802,0.07686,16.56,5.663,6.929,83.67
2023-05-07 12:00:00,28940.64,1917.19,22.47,324.4,0.3813,0.07728,16.65,5.673,6.963,83.8
2023-05-07 16:00:00,28905.7,1913.22,22.5,323.8,0.3789,0.07706,16.6,5.681,6.919,84.32
2023-05-07 20:00:00,28426.29,1870.2,21.66,321.1,0.3764,0.07649,16.38,5.611,6.878,83.52
2023-05-08 00:00:00,28198.08,1865.41,21.3,318.4,0.3715,0.07528,15.97,5.422,6.726,82.37
2023-05-08 04:00:00,27978.2,1850.61,21.22,316.1,0.3663,0.07441,15.71,5.349,6.611,81.18
2023-05-08 08:00:00,27935.45,1862.57,21.23,317.8,0.3694,0.07495,15.89,5.445,6.728,81.42
2023-05-08 12:00:00,27888.23,1865.24,21.14,318.0,0.3743,0.07447,15.75,5.416,6.73,81.07
2023-05-08 16:00:00,27339.91,1829.88,20.39,311.5,0.361,0.07186,15.23,5.322,6.56,76.74
2023-05-08 20:00:00,27669.62,1847.12,20.64,313.8,0.3655,0.07238,15.4,5.379,6.571,77.85
2023-05-09 00:00:00,27632.54,1843.45,20.67,314.4,0.3641,0.07246,15.4,5.374,6.551,78.28
2023-05-09 04:00:00,27669.57,1848.4,20.67,315.5,0.3651,0.07284,15.48,5.35,6.586,78.52
2023-05-09 08:00:00,27676.25,1846.56,20.81,314.7,0.3655,0.07298,15.41,5.353,6.576,79.25
2023-05-09 12:00:00,27400.14,1839.44,20.56,312.4,0.3613,0.07259,15.27,5.325,6.464,78.41
2023-05-09 16:00:00,27704.59,1852.5,20.6,312.3,0.3636,0.0729,15.27,5.312,6.514,79.86
2023-05-09 20:00:00,27623.4,1846.95,20.69,312.0,0.3641,0.07315,15.33,5.319,6.509,80.03
2023-05-10 00:00:00,27679.82,1843.98,20.71,312.7,0.3643,0.07325,15.3,5.331,6.504,79.86
2023-05-10 04:00:00,27544.73,1838.04,20.6,312.2,0.3612,0.07291,15.26,5.332,6.496,79.24
2023-05-10 08:00:00,27674.12,1850.39,20.74,311.5,0.3585,0.07285,15.24,5.33,6.549,79.72
2023-05-10 12:00:00,28142.85,1872.42,21.06,315.0,0.3702,0.07395,15.6,5.492,6.625,81.27
2023-05-10 16:00:00,27689.72,1849.26,20.98,314.7,0.3695,0.07339,15.48,5.462,6.581,81.28
2023-05-10 20:00:00,27599.6,1840.0,20.91,314.4,0.3696,0.07319,15.53,5.459,6.592,81.04
2023-05-11 00:00:00,27448.8,1827.13,20.55,312.3,0.3657,0.0725,15.36,5.399,6.503,80.4
2023-05-11 04:00:00,27457.52,1829.25,20.59,310.9,0.3646,0.07237,15.39,5.456,6.491,80.56
2023-05-11 08:00:00,27409.96,1820.98,20.5,312.2,0.3599,0.07186,15.32,5.371,6.455,80.59
2023-05-11 12:00:00,27181.33,1808.01,20.16,309.6,0.3554,0.07084,15.08,5.32,6.376,81.0
2023-05-11 16:00:00,26828.4,1784.08,19.94,306.5,0.3538,0.07036,14.92,5.244,6.284,79.01
2023-05-11 20:00:00,26972.18,1794.21,20.25,307.3,0.36,0.07199,15.0,5.28,6.375,80.93
2023-05-12 00:00:00,26590.14,1762.42,20.02,304.2,0.3577,0.07075,14.76,5.203,6.274,77.93
2023-05-12 04:00:00,26313.82,1759.46,20.08,303.7,0.3612,0.07027,14.92,5.215,6.376,78.87
2023-05-12 08:00:00,26352.02,1764.8,20.34,305.2,0.3642,0.07164,14.96,5.241,6.408,79.11
2023-05-12 12:00:00,26321.5,1765.49,20.29,305.3,0.3593,0.07118,14.81,5.244,6.411,78.52
2023-05-12 16:00:00,26450.22,1791.03,20.48,305.8,0.3609,0.0713,14.92,5.238,6.476,79.28
2023-05-12 20:00:00,26790.85,1807.73,20.91,308.4,0.3701,0.07256,15.14,5.347,6.616,80.59
2023-05-13 00:00:00,26809.71,1805.67,21.17,310.1,0.367,0.07199,15.14,5.381,6.611,80.36
2023-05-13 04:00:00,26771.49,1803.49,21.22,310.1,0.3678,0.07188,15.09,5.362,6.589,80.44
2023-05-13 08:00:00,26826.24,1803.62,21.05,310.6,0.3643,0.07186,15.07,5.379,6.556,80.77
2023-05-13 12:00:00,26815.12,1795.85,20.84,309.7,0.3632,0.07161,14.94,5.325,6.539,80.22
2023-05-13 16:00:00,26837.98,1793.2,20.94,310.0,0.3638,0.07163,14.95,5.349,6.483,80.35
2023-05-13 20:00:00,26779.72,1795.19,20.84,310.9,0.3644,0.07172,14.94,5.347,6.499,80.25
2023-05-14 00:00:00,26860.37,1804.27,20.94,311.4,0.3672,0.07205,14.93,5.381,6.52,80.69
2023-05-14 04:00:00,26850.71,1805.77,21.14,312.7,0.368,0.07215,14.98,5.376,6.54,81.01
2023-05-14 08:00:00,26804.23,1801.85,20.97,311.9,0.3673,0.07194,14.95,5.371,6.54,80.95
2023-05-14 12:00:00,27079.09,1818.72,21.16,314.0,0.3722,0.07251,15.1,5.419,6.598,83.67
2023-05-14 16:00:00,26895.42,1797.29,20.94,311.4,0.368,0.07157,14.88,5.319,6.503,82.51
2023-05-14 20:00:00,26914.59,1799.78,20.92,311.9,0.3701,0.07195,15.02,5.358,6.54,83.47
2023-05-15 00:00:00,27236.37,1826.22,21.25,314.1,0.3717,0.07279,15.11,5.393,6.621,85.46
2023-05-15 04:00:00,27408.4,1828.67,21.39,315.2,0.3741,0.07297,15.27,5.417,6.679,87.03
2023-05-15 08:00:00,27340.71,1824.52,21.29,315.0,0.3698,0.07245,15.28,5.393,6.644,86.7
2023-05-15 12:00:00,27404.29,1827.83,21.44,315.1,0.3709,0.07255,15.32,5.382,6.65,88.1
2023-05-15 16:00:00,27418.62,1828.39,21.14,314.1,0.3696,0.0723,15.19,5.355,6.669,87.93
2023-05-15 20:00:00,27164.79,1815.99,21.01,313.4,0.367,0.07198,15.07,5.31,6.625,86.82
2023-05-16 00:00:00,27126.48,1812.86,20.88,312.7,0.3654,0.0717,14.92,5.276,6.62,87.51
2023-05-16 04:00:00,27252.12,1821.49,21.03,312.7,0.3681,0.07229,15.02,5.297,6.7,88.62
2023-05-16 08:00:00,27064.6,1816.57,20.89,310.8,0.3671,0.07204,14.91,5.302,6.679,89.38
2023-05-16 12:00:00,27039.16,1820.42,20.76,310.7,0.3674,0.0721,14.89,5.284,6.655,89.83
2023-05-16 16:00:00,26933.77,1817.06,20.49,310.5,0.3648,0.07195,14.78,5.29,6.621,89.19
2023-05-16 20:00:00,27035.73,1823.55,20.64,311.5,0.3683,0.07274,14.89,5.298,6.666,89.93
2023-05-17 00:00:00,27057.14,1823.86,20.98,312.1,0.3723,0.07326,14.98,5.343,6.697,93.02
2023-05-17 04:00:00,26852.72,1808.49,20.56,309.4,0.3664,0.07264,14.83,5.285,6.586,91.34
2023-05-17 08:00:00,26635.49,1790.08,20.54,307.9,0.3651,0.07261,14.74,5.265,6.556,91.63
2023-05-17 12:00:00,26792.36,1796.98,20.55,309.0,0.3665,0.07326,14.72,5.261,6.602,91.9
2023-05-17 16:00:00,27376.35,1827.49,21.04,314.0,0.3777,0.07503,15.25,5.42,6.801,94.78
2023-05-17 20:00:00,27405.87,1821.69,21.05,313.9,0.3755,0.07477,15.14,5.413,6.745,93.75
2023-05-18 00:00:00,27365.0,1826.65,21.0,314.3,0.3778,0.07464,15.12,5.455,6.756,94.09
2023-05-18 04:00:00,27387.31,1827.44,20.95,313.2,0.3782,0.0741,15.02,5.417,6.743,93.02
2023-05-18 08:00:00,27398.48,1825.21,20.81,313.7,0.3788,0.07457,15.03,5.437,6.684,92.56
2023-05-18 12:00:00,27082.71,1807.61,20.52,311.3,0.3741,0.07375,14.84,5.399,6.658,91.74
2023-05-18 16:00:00,26739.1,1795.4,20.35,308.0,0.3715,0.07252,14.59,5.325,6.517,90.28
2023-05-18 20:00:00,26820.9,1800.44,20.34,309.6,0.3713,0.07339,14.69,5.347,6.55,90.41
2023-05-19 00:00:00,26832.54,1801.44,20.35,308.9,0.369,0.07357,14.61,5.356,6.492,92.58
2023-05-19 04:00:00,26854.97,1805.67,20.42,310.0,0.3694,0.07366,14.68,5.375,6.517,91.79
2023-05-19 08:00:00,26851.49,1807.7,20.44,309.0,0.3685,0.07329,14.67,5.359,6.503,91.07
2023-05-19 12:00:00,26896.79,1815.5,20.43,309.8,0.3698,0.07373,14.59,5.367,6.516,92.18
2023-05-19 16:00:00,26837.35,1811.67,20.37,308.1,0.3674,0.07351,14.68,5.336,6.475,91.38
2023-05-19 20:00:00,26880.33,1812.37,20.34,308.7,0.3683,0.07355,14.7,5.382,6.516,91.6
2023-05-20 00:00:00,26868.64,1813.22,20.26,308.7,0.3655,0.07331,14.6,5.377,6.493,91.55
2023-05-20 04:00:00,26848.23,1811.46,20.15,308.0,0.364,0.07334,14.58,5.364,6.488,90.88
2023-05-20 08:00:00,26884.44,1813.45,20.19,309.0,0.3657,0.07316,14.63,5.405,6.491,91.11
2023-05-20 12:00:00,26951.02,1817.29,20.29,309.8,0.366,0.07336,14.62,5.43,6.492,91.94
2023-05-20 16:00:00,27066.66,1821.28,20.26,311.4,0.3658,0.07354,14.61,5.416,6.494,91.8
2023-05-20 20:00:00,27100.7,1819.47,20.29,310.5,0.3662,0.07358,14.62,5.415,6.503,92.25
2023-05-21 00:00:00,27178.14,1817.97,20.25,310.3,0.3654,0.07369,14.59,5.395,6.507,92.34
2023-05-21 04:00:00,27061.44,1816.73,20.26,311.4,0.3645,0.07376,14.61,5.386,6.506,92.86
2023-05-21 08:00:00,26834.62,1809.23,20.15,309.4,0.3618,0.0733,14.44,5.327,6.449,92.46
2023-05-21 12:00:00,26896.88,1807.27,19.93,308.8,0.3599,0.0722,14.34,5.281,6.422,91.62
2023-05-21 16:00:00,26899.5,1809.97,19.97,308.5,0.3608,0.07236,14.35,5.306,6.423,91.86
2023-05-21 20:00:00,26746.96,1804.57,19.62,306.7,0.3606,0.07213,14.35,5.265,6.43,92.18
2023-05-22 00:00:00,26645.68,1801.06,19.57,305.8,0.3613,0.07145,14.27,5.282,6.464,90.98
2023-05-22 04:00:00,26848.2,1810.91,19.73,307.6,0.3634,0.07178,14.34,5.302,6.477,91.11
2023-05-22 08:00:00,26827.44,1814.55,19.88,308.6,0.3691,0.07302,14.58,5.322,6.528,91.24
2023-05-22 12:00:00,26874.36,1816.87,19.67,309.9,0.367,0.07283,14.58,5.312,6.51,91.24
2023-05-22 16:00:00,26867.12,1816.51,19.74,310.1,0.3689,0.0729,14.72,5.313,6.518,90.73
2023-05-22 20:00:00,26853.73,1817.31,19.51,309.0,0.3677,0.07293,14.68,5.313,6.523,90.79
2023-05-23 00:00:00,27382.68,1865.66,20.06,314.7,0.3741,0.07384,14.9,5.443,6.626,92.78
2023-05-23 04:00:00,27299.77,1853.99,19.83,313.6,0.3696,0.07326,14.8,5.385,6.554,91.9
2023-05-23 08:00:00,27334.6,1855.29,19.91,313.9,0.3708,0.07308,14.78,5.384,6.531,91.79
2023-05-23 12:00:00,27322.09,1857.16,20.0,314.4,0.3706,0.07293,14.76,5.383,6.538,91.5
2023-05-23 16:00:00,27184.93,1851.61,19.96,313.0,0.3713,0.07274,14.65,5.35,6.49,91.17
2023-05-23 20:00:00,27224.87,1853.95,20.01,313.6,0.3705,0.07285,14.71,5.4,6.503,91.68
2023-05-24 00:00:00,26787.06,1821.67,19.43,309.0,0.3621,0.07138,14.35,5.275,6.368,89.08
2023-05-24 04:00:00,26684.02,1814.05,19.46,307.6,0.3662,0.07115,14.31,5.306,6.331,85.72
2023-05-24 08:00:00,26746.4,1816.28,19.39,308.8,0.3653,0.07101,14.34,5.281,6.329,86.32
2023-05-24 12:00:00,26315.36,1793.43,19.15,305.9,0.3619,0.07055,14.1,5.23,6.285,85.95
2023-05-24 16:00:00,26253.57,1792.84,19.15,305.5,0.3636,0.0708,14.15,5.248,6.33,85.2
2023-05-24 20:00:00,26331.72,1799.98,19.22,306.1,0.3642,0.07073,14.18,5.26,6.326,86.02
2023-05-25 00:00:00,26184.74,1780.89,19.39,304.5,0.3606,0.07022,14.13,5.243,6.274,84.29
2023-05-25 04:00:00,26133.56,1778.74,19.29,304.6,0.3565,0.07028,14.15,5.255,6.291,84.11
2023-05-25 08:00:00,26297.52,1789.57,19.37,305.3,0.3572,0.07052,14.12,5.262,6.293,84.82
2023-05-25 12:00:00,26226.56,1791.8,19.24,303.9,0.3565,0.06992,14.06,5.237,6.242,84.64
2023-05-25 16:00:00,26469.25,1808.78,19.29,304.9,0.358,0.0707,14.17,5.269,6.305,84.95
2023-05-25 20:00:00,26473.26,1805.47,19.27,304.5,0.3587,0.07086,14.1,5.236,6.275,86.5
2023-05-26 00:00:00,26432.13,1807.56,19.28,303.3,0.3564,0.07071,14.1,5.218,6.276,86.76
2023-05-26 04:00:00,26505.0,1816.6,19.29,305.9,0.3582,0.07084,13.97,5.241,6.306,87.29
2023-05-26 08:00:00,26466.88,1812.29,19.29,306.6,0.3572,0.07084,14.14,5.227,6.324,87.03
2023-05-26 12:00:00,26752.29,1830.65,19.49,307.6,0.3605,0.07114,14.26,5.262,6.357,87.82
2023-05-26 16:00:00,26770.47,1835.94,19.48,306.9,0.3643,0.0711,14.35,5.258,6.368,87.78
2023-05-26 20:00:00,26701.03,1827.93,19.37,306.8,0.3628,0.07097,14.33,5.249,6.346,87.13
2023-05-27 00:00:00,26750.78,1833.77,19.47,306.9,0.366,0.07137,14.45,5.274,6.343,87.91
2023-05-27 04:00:00,26723.61,1829.56,19.54,306.2,0.3635,0.07144,14.47,5.276,6.345,88.15
2023-05-27 08:00:00,26701.74,1827.13,19.52,305.1,0.3634,0.07136,14.26,5.277,6.363,87.89
2023-05-27 12:00:00,26691.77,1823.85,19.58,304.8,0.3639,0.0714,14.35,5.314,6.401,87.73
2023-05-27 16:00:00,26733.18,1825.52,19.66,305.0,0.3647,0.07161,14.42,5.332,6.416,88.27
2023-05-27 20:00:00,26855.5,1829.67,20.41,307.3,0.366,0.07269,14.52,5.331,6.443,88.63
2023-05-28 00:00:00,27185.61,1850.44,20.53,309.1,0.373,0.07279,14.77,5.361,6.526,89.95
2023-05-28 04:00:00,27226.78,1848.17,20.49,308.1,0.3736,0.07275,14.72,5.367,6.504,89.57
2023-05-28 08:00:00,27157.79,1843.66,20.56,307.7,0.3757,0.0724,14.48,5.405,6.491,89.43
2023-05-28 12:00:00,27268.19,1842.65,20.48,307.9,0.375,0.07252,14.5,5.4,6.505,89.27
2023-05-28 16:00:00,27525.0,1848.61,20.74,308.8,0.377,0.07273,14.64,5.435,6.543,89.89
2023-05-28 20:00:00,28063.46,1908.43,20.8,314.4,0.3822,0.07375,14.9,5.504,6.628,91.59
2023-05-29 00:00:00,27946.79,1903.29,20.68,314.9,0.3801,0.07318,14.74,5.466,6.596,90.57
2023-05-29 04:00:00,27912.39,1899.73,20.67,314.4,0.3794,0.07307,14.77,5.473,6.61,91.38
2023-05-29 08:00:00,27914.11,1903.3,20.75,315.2,0.379,0.07314,14.67,5.473,6.618,91.62
2023-05-29 12:00:00,27634.66,1889.3,20.44,313.1,0.3775,0.07284,14.52,5.437,6.554,90.79
2023-05-29 16:00:00,27640.0,1890.66,20.5,311.7,0.378,0.07312,14.48,5.468,6.593,90.79
2023-05-29 20:00:00,27738.83,1892.4,20.64,311.6,0.3788,0.0732,14.49,5.466,6.627,90.82
2023-05-30 00:00:00,27830.19,1900.53,20.87,312.4,0.3817,0.07328,14.52,5.479,6.621,91.26
2023-05-30 04:00:00,27731.2,1898.48,20.75,312.2,0.3802,0.07236,14.54,5.464,6.548,91.34
2023-05-30 08:00:00,28022.84,1915.39,21.25,313.7,0.3819,0.07317,14.73,5.501,6.626,92.85
2023-05-30 12:00:00,27677.82,1900.63,20.98,311.6,0.3769,0.07246,14.46,5.441,6.552,91.72
2023-05-30 16:00:00,27850.17,1907.12,21.36,312.7,0.3788,0.07233,14.55,5.452,6.623,92.28
2023-05-30 20:00:00,27696.3,1900.5,21.27,311.5,0.3776,0.0723,14.44,5.438,6.602,92.3
2023-05-31 00:00:00,27658.14,1897.81,21.12,310.7,0.3793,0.07245,14.27,5.442,6.594,91.73
2023-05-31 04:00:00,27162.7,1869.24,20.75,307.0,0.3755,0.07164,14.12,5.316,6.496,89.18
2023-05-31 08:00:00,27097.4,1864.98,20.61,306.9,0.3735,0.07129,14.12,5.316,6.506,89.19
2023-05-31 12:00:00,26905.1,1858.2,20.45,305.3,0.3725,0.07128,14.0,5.278,6.452,88.84
2023-05-31 16:00:00,27011.3,1863.37,20.68,305.8,0.3757,0.07158,14.04,5.297,6.455,89.5
2023-05-31 20:00:00,27213.15,1873.45,20.8,306.8,0.3748,0.07164,14.11,5.309,6.478,90.52
2023-06-01 00:00:00,26788.17,1855.62,20.71,304.8,0.3653,0.07126,14.01,5.24,6.425,90.74
2023-06-01 04:00:00,26806.99,1854.31,20.67,304.1,0.3636,0.07147,14.04,5.225,6.449,92.28
2023-06-01 08:00:00,26893.83,1861.33,20.72,304.7,0.3634,0.07186,14.15,5.226,6.395,92.31
2023-06-01 12:00:00,26896.75,1862.7,20.66,304.5,0.3648,0.07167,14.2,5.231,6.404,94.93
2023-06-01 16:00:00,26865.19,1869.61,20.7,304.7,0.3656,0.07187,14.09,5.207,6.388,94.99
2023-06-01 20:00:00,26815.41,1861.82,20.52,305.0,0.3647,0.07143,14.09,5.203,6.336,94.15
2023-06-02 00:00:00,27003.87,1879.11,20.76,306.6,0.3714,0.07193,14.25,5.253,6.443,95.0
2023-06-02 04:00:00,27044.88,1885.3,21.0,307.2,0.3718,0.07205,14.35,5.268,6.424,94.43
2023-06-02 08:00:00,27128.13,1894.68,21.22,307.4,0.3756,0.07214,14.48,5.271,6.415,95.2
2023-06-02 12:00:00,27092.78,1891.7,21.17,305.8,0.3749,0.07216,14.48,5.226,6.384,94.71
2023-06-02 16:00:00,27240.51,1907.99,21.32,307.4,0.3787,0.07297,14.51,5.255,6.449,95.1
2023-06-02 20:00:00,27241.48,1906.44,21.25,307.3,0.3781,0.07255,14.49,5.275,6.451,95.55
2023-06-03 00:00:00,27139.0,1900.32,21.14,306.1,0.3769,0.07241,14.45,5.265,6.405,94.54
2023-06-03 04:00:00,27177.99,1902.87,21.15,306.2,0.3764,0.07251,14.58,5.278,6.405,94.78
2023-06-03 08:00:00,27136.31,1903.57,21.22,306.2,0.3759,0.07257,14.55,5.289,6.437,96.74
2023-06-03 12:00:00,27303.63,1903.58,21.24,307.8,0.3763,0.07279,14.57,5.28,6.428,96.69
2023-06-03 16:00:00,27097.13,1886.18,21.08,306.0,0.3736,0.0724,14.46,5.261,6.388,96.24
2023-06-03 20:00:00,27068.35,1891.74,21.19,306.7,0.3755,0.07261,14.56,5.338,6.407,95.93
2023-06-04 00:00:00,27061.15,1894.73,21.29,305.8,0.3783,0.07259,14.63,5.33,6.456,95.27
2023-06-04 04:00:00,27148.5,1900.33,21.6,306.6,0.38,0.07282,14.71,5.348,6.488,95.77
2023-06-04 08:00:00,27200.07,1902.74,21.67,307.1,0.3797,0.07281,14.74,5.342,6.494,96.39
2023-06-04 12:00:00,27175.26,1901.62,22.05,306.7,0.3805,0.07279,14.78,5.327,6.502,95.68
2023-06-04 16:00:00,27210.42,1904.48,22.22,306.1,0.3804,0.07291,14.84,5.353,6.509,95.67
2023-06-04 20:00:00,27124.27,1890.16,21.79,305.0,0.3772,0.07242,14.77,5.313,6.454,94.32
2023-06-05 00:00:00,26847.57,1869.53,21.58,301.1,0.374,0.07152,14.65,5.256,6.372,92.95
2023-06-05 04:00:00,26835.02,1873.18,21.65,301.1,0.3753,0.07172,14.8,5.295,6.379,93.3
2023-06-05 08:00:00,26773.2,1869.9,21.65,300.9,0.3739,0.07184,14.81,5.294,6.385,93.02
2023-06-05 12:00:00,25993.13,1821.56,19.95,276.8,0.3578,0.06832,14.0,5.031,6.114,86.14
2023-06-05 16:00:00,25624.0,1806.68,20.04,276.4,0.35,0.06664,13.88,5.058,6.048,87.35
2023-06-05 20:00:00,25725.97,1810.45,20.07,276.9,0.3518,0.06674,13.88,5.075,6.06,87.8
2023-06-06 00:00:00,25732.61,1811.81,19.97,276.1,0.3504,0.06666,13.99,5.066,6.044,87.4
2023-06-06 04:00:00,25732.4,1813.42,20.1,277.3,0.352,0.06653,14.11,5.075,6.073,87.57
2023-06-06 08:00:00,25678.35,1813.18,19.83,277.7,0.3525,0.06677,14.07,5.068,6.103,87.56
2023-06-06 12:00:00,26068.53,1842.06,19.89,278.9,0.3501,0.06834,14.18,5.068,6.205,88.35
2023-06-06 16:00:00,27081.27,1891.68,20.62,285.4,0.3566,0.07126,14.62,5.255,6.299,90.97
2023-06-06 20:00:00,27235.2,1884.28,20.39,279.9,0.3533,0.07031,14.57,5.193,6.236,90.98
2023-06-07 00:00:00,26925.82,1876.92,20.17,277.9,0.3448,0.06953,14.57,5.164,6.183,90.14
2023-06-07 04:00:00,26808.54,1875.07,20.0,277.0,0.3412,0.06939,14.57,5.178,6.199,90.25
2023-06-07 08:00:00,26876.26,1872.39,19.93,273.8,0.3376,0.0683,14.44,5.141,6.094,90.32
2023-06-07 12:00:00,26350.07,1841.0,19.29,258.6,0.3182,0.06708,13.99,5.015,5.952,87.8
2023-06-07 16:00:00,26640.88,1855.98,18.87,260.3,0.3227,0.06773,14.14,5.024,5.929,88.73
2023-06-07 20:00:00,26344.3,1823.9,18.47,256.6,0.3167,0.06703,13.88,4.942,5.872,86.93
2023-06-08 00:00:00,26373.26,1821.42,18.36,257.0,0.3183,0.06692,13.77,4.943,5.9,87.61
2023-06-08 04:00:00,26438.0,1843.21,18.72,259.0,0.3248,0.06752,13.9,5.022,5.979,88.35
2023-06-08 08:00:00,26443.3,1844.96,18.8,263.2,0.3255,0.06777,13.89,4.997,5.982,88.04
2023-06-08 12:00:00,26731.96,1854.01,18.9,264.9,0.3283,0.06789,14.04,5.047,6.021,88.89
2023-06-08 16:00:00,26558.12,1846.76,18.81,263.4,0.3218,0.06807,13.95,5.018,6.012,88.38
2023-06-08 20:00:00,26525.73,1846.36,18.86,261.7,0.3229,0.06791,13.94,5.0,5.986,88.47
2023-06-09 00:00:00,26459.76,1826.8,18.55,253.4,0.3136,0.06712,13.71,4.976,5.931,87.04
2023-06-09 04:00:00,26504.7,1834.93,18.44,257.3,0.3104,0.06663,13.61,4.964,5.868,87.94
2023-06-09 08:00:00,26623.58,1844.37,19.27,252.4,0.3102,0.06723,13.9,5.01,5.953,88.38
2023-06-09 12:00:00,26515.44,1843.14,18.39,259.8,0.311,0.06875,13.81,5.025,5.916,89.13
2023-06-09 16:00:00,26413.76,1830.7,17.3,259.2,0.295,0.06643,13.25,4.94,5.834,88.62
2023-06-09 20:00:00,26504.97,1838.5,17.26,255.0,0.286,0.06896,13.52,4.947,5.846,89.38
2023-06-10 00:00:00,26344.49,1828.08,16.25,249.4,0.2765,0.06786,13.05,4.824,5.779,85.37
2023-06-10 04:00:00,25639.55,1732.58,14.47,234.0,0.2397,0.05991,11.27,4.332,5.111,77.01
2023-06-10 08:00:00,25775.71,1748.29,14.84,237.8,0.2477,0.05994,11.65,4.47,4.995,77.4
2023-06-10 12:00:00,25635.97,1736.74,14.74,234.9,0.2511,0.06013,11.27,4.404,5.029,75.9
2023-06-10 16:00:00,25778.5,1742.38,15.3,236.5,0.2657,0.0612,11.6,4.478,5.158,76.69
2023-06-10 20:00:00,25849.51,1752.49,15.63,237.7,0.2752,0.06161,11.66,4.53,5.295,77.15
2023-06-11 00:00:00,25769.81,1750.67,15.55,236.2,0.2635,0.06157,11.66,4.488,5.236,77.16
2023-06-11 04:00:00,25715.67,1752.37,15.44,236.9,0.2622,0.0615,11.62,4.434,5.162,77.53
2023-06-11 08:00:00,25844.11,1754.75,15.53,237.0,0.2692,0.06202,11.72,4.486,5.183,78.39
2023-06-11 12:00:00,25768.79,1740.96,15.19,235.0,0.2636,0.06131,11.5,4.453,5.093,77.2
2023-06-11 16:00:00,26020.59,1761.45,16.04,236.9,0.2742,0.06195,11.73,4.519,5.153,78.42
2023-06-11 20:00:00,25919.52,1747.55,15.48,234.5,0.2712,0.06147,11.56,4.509,5.147,77.5
2023-06-12 00:00:00,25832.03,1732.32,14.96,225.5,0.2666,0.06061,11.49,4.485,5.058,76.32
2023-06-12 04:00:00,25825.28,1736.3,15.07,223.6,0.2779,0.0605,11.36,4.473,5.082,75.76
2023-06-12 08:00:00,26020.58,1745.68,15.4,233.4,0.2827,0.06127,11.54,4.515,5.1,77.31
2023-06-12 12:00:00,25879.28,1730.05,15.19,230.0,0.2771,0.06087,11.48,4.515,5.104,76.72
2023-06-12 16:00:00,25880.55,1732.56,14.92,225.3,0.2713,0.06106,11.44,4.512,5.104,76.65
2023-06-12 20:00:00,25925.43,1741.56,15.15,230.9,0.2729,0.06121,11.45,4.527,5.1,77.63
2023-06-13 00:00:00,26065.84,1747.14,15.36,233.7,0.2766,0.06178,11.62,4.596,5.2,78.16
2023-06-13 04:00:00,26087.02,1748.08,15.49,235.3,0.2791,0.0619,11.71,4.644,5.248,78.52
2023-06-13 08:00:00,26170.2,1752.29,15.62,243.0,0.2842,0.062,11.81,4.653,5.323,78.52
2023-06-13 12:00:00,25790.5,1728.71,14.84,234.5,0.2702,0.06055,11.76,4.568,5.184,76.58
2023-06-13 16:00:00,25900.0,1739.12,14.95,236.9,0.2749,0.06125,11.68,4.607,5.239,77.34
2023-06-13 20:00:00,25924.41,1739.62,14.99,243.7,0.2736,0.06169,11.75,4.607,5.273,77.42
2023-06-14 00:00:00,26051.8,1745.12,15.26,250.2,0.2754,0.06187,11.9,4.645,5.328,77.63
2023-06-14 04:00:00,25901.59,1740.11,15.06,246.5,0.2726,0.06148,11.78,4.614,5.371,77.47
2023-06-14 08:00:00,25999.72,1746.19,15.21,247.8,0.2735,0.06199,11.87,4.682,5.384,77.83
2023-06-14 12:00:00,25997.34,1739.32,15.04,245.7,0.2725,0.06171,11.91,4.693,5.367,77.68
2023-06-14 16:00:00,25887.54,1729.53,15.12,244.1,0.2704,0.06144,11.93,4.736,5.432,77.06
2023-06-14 20:00:00,25124.36,1650.79,14.46,237.5,0.263,0.06019,11.31,4.571,5.206,72.99
2023-06-15 00:00:00,25085.36,1653.0,14.94,237.8,0.2622,0.06007,11.46,4.62,5.276,73.24
2023-06-15 04:00:00,24962.08,1639.91,14.85,235.4,0.2562,0.06018,11.21,4.403,5.236,72.88
2023-06-15 08:00:00,25026.99,1646.3,14.62,233.5,0.2587,0.06093,11.24,4.347,5.253,73.51
2023-06-15 12:00:00,25010.99,1641.85,14.47,232.3,0.2583,0.0609,11.23,4.344,5.239,73.57
2023-06-15 16:00:00,25451.98,1670.76,14.7,235.8,0.2611,0.06142,11.46,4.385,5.33,74.54
2023-06-15 20:00:00,25595.96,1666.43,14.76,236.9,0.2614,0.06144,11.4,4.385,5.294,74.43
2023-06-16 00:00:00,25586.46,1668.04,14.81,237.3,0.2636,0.0618,11.44,4.389,5.285,75.3
2023-06-16 04:00:00,25549.5,1670.09,14.86,239.1,0.263,0.0618,11.42,4.365,5.256,75.1
2023-06-16 08:00:00,25473.0,1663.92,14.56,233.7,0.2567,0.06107,11.32,4.322,5.193,74.62
2023-06-16 12:00:00,25754.19,1681.17,14.99,238.3,0.2597,0.06144,11.37,4.361,5.255,75.64
2023-06-16 16:00:00,26299.0,1719.02,15.28,241.1,0.2636,0.06222,11.55,4.411,5.335,76.47
2023-06-16 20:00:00,26354.99,1718.49,15.31,239.5,0.263,0.06214,11.52,4.414,5.305,76.19
2023-06-17 00:00:00,26244.93,1717.85,15.4,238.7,0.2622,0.06185,11.55,4.425,5.28,76.13
2023-06-17 04:00:00,26586.34,1743.2,15.77,246.5,0.2689,0.06254,11.7,4.531,5.338,77.4
2023-06-17 08:00:00,26527.33,1740.88,15.77,245.1,0.2685,0.06257,11.78,4.542,5.394,77.25
2023-06-17 12:00:00,26432.0,1729.3,15.64,243.3,0.2659,0.06225,11.7,4.539,5.345,77.03
2023-06-17 16:00:00,26491.47,1726.71,15.68,245.1,0.2671,0.06231,11.68,4.519,5.315,77.11
2023-06-17 20:00:00,26528.85,1728.81,15.64,245.1,0.2665,0.06224,11.63,4.527,5.294,77.02
2023-06-18 00:00:00,26516.12,1728.81,15.6,246.1,0.2671,0.06195,11.51,4.526,5.248,77.12
2023-06-18 04:00:00,26565.0,1729.52,15.55,246.6,0.2659,0.06182,11.58,4.535,5.261,77.49
2023-06-18 08:00:00,26500.08,1733.35,15.72,247.4,0.2665,0.06218,11.5,4.611,5.279,77.46
2023-06-18 12:00:00,26546.93,1736.71,15.74,247.1,0.2675,0.063,11.49,4.596,5.271,77.54
2023-06-18 16:00:00,26656.14,1739.36,15.75,246.7,0.268,0.06273,11.57,4.591,5.304,78.23
2023-06-18 20:00:00,26349.44,1719.56,15.38,243.9,0.2602,0.06218,11.36,4.526,5.166,77.29
2023-06-19 00:00:00,26390.0,1722.65,15.38,243.4,0.2601,0.06188,11.31,4.585,5.176,77.11
2023-06-19 04:00:00,26446.0,1723.08,15.43,243.8,0.2605,0.06201,11.39,4.553,5.162,77.55
2023-06-19 08:00:00,26439.04,1725.01,15.53,242.4,0.2602,0.06188,11.32,4.516,5.095,77.07
2023-06-19 12:00:00,26437.01,1719.65,15.58,241.1,0.2589,0.06179,11.27,4.465,5.061,76.63
2023-06-19 16:00:00,26697.96,1724.9,15.86,240.5,0.2609,0.06231,11.39,4.496,5.095,76.94
2023-06-19 20:00:00,26832.67,1737.37,16.06,242.4,0.2633,0.06219,11.42,4.528,5.123,77.37
2023-06-20 00:00:00,26921.78,1729.78,16.05,241.6,0.2598,0.06237,11.47,4.517,5.17,77.45
2023-06-20 04:00:00,26844.99,1730.72,15.96,240.5,0.2593,0.06211,11.46,4.476,5.098,77.21
2023-06-20 08:00:00,26894.01,1733.27,15.84,241.8,0.26,0.06191,11.41,4.488,5.055,76.97
2023-06-20 12:00:00,27067.73,1732.53,15.93,240.3,0.2572,0.06129,11.33,4.424,5.083,76.18
2023-06-20 16:00:00,27958.64,1782.24,16.33,242.8,0.2663,0.06221,11.87,4.629,5.203,79.8
2023-06-20 20:00:00,28316.76,1790.29,16.64,246.8,0.2699,0.06298,12.07,4.663,5.252,80.48
2023-06-21 00:00:00,28741.99,1810.45,16.77,251.5,0.2795,0.06376,12.27,4.72,5.319,81.99
2023-06-21 04:00:00,28880.12,1814.41,16.83,249.5,0.2785,0.06456,12.31,4.687,5.335,84.41
2023-06-21 08:00:00,28958.19,1828.97,16.78,247.3,0.2796,0.0639,12.28,4.671,5.36,84.25
2023-06-21 12:00:00,29855.08,1851.02,16.95,248.8,0.2812,0.06468,12.54,4.738,5.446,84.45
2023-06-21 16:00:00,30100.01,1880.12,17.15,248.7,0.2855,0.06568,12.84,4.79,5.529,85.27
2023-06-21 20:00:00,30009.46,1890.57,17.21,248.3,0.2871,0.06558,12.89,4.838,5.557,85.3
2023-06-22 00:00:00,30297.89,1916.03,17.54,255.0,0.2982,0.06838,13.1,4.925,5.753,87.8
2023-06-22 04:00:00,30120.91,1911.62,17.33,251.3,0.3027,0.06825,13.05,4.894,5.745,86.71
2023-06-22 08:00:00,29937.47,1887.02,16.96,247.0,0.2924,0.06577,12.76,4.821,5.638,85.35
2023-06-22 12:00:00,29903.98,1875.68,16.89,243.8,0.2909,0.06608,12.73,4.795,5.566,85.45
2023-06-22 16:00:00,30183.98,1887.13,16.94,244.7,0.2929,0.06643,12.82,4.828,5.628,85.9
2023-06-22 20:00:00,29922.22,1870.38,16.64,240.7,0.2895,0.0655,12.68,4.832,5.583,86.13
2023-06-23 00:00:00,30002.91,1881.03,16.78,241.9,0.2928,0.06604,12.76,4.885,5.637,86.15
2023-06-23 04:00:00,29938.99,1879.85,16.7,242.9,0.2928,0.06609,12.75,4.897,5.826,86.24
2023-06-23 08:00:00,30149.58,1878.45,16.57,243.7,0.2927,0.06601,12.82,4.922,5.859,86.48
2023-06-23 12:00:00,31225.57,1916.58,16.94,247.2,0.2981,0.06754,13.19,5.102,5.986,88.5
2023-06-23 16:00:00,30894.98,1899.99,17.1,245.5,0.2981,0.0678,13.24,5.085,6.067,91.37
2023-06-23 20:00:00,30660.0,1890.88,17.11,244.1,0.2956,0.06794,13.29,5.097,6.042,90.94
2023-06-24 00:00:00,30744.0,1896.28,17.36,246.0,0.2943,0.06812,13.39,5.085,6.096,92.1
2023-06-24 04:00:00,30563.8,1884.94,17.06,244.9,0.2934,0.06757,13.14,5.043,6.023,90.9
2023-06-24 08:00:00,30667.82,1889.75,17.2,245.1,0.2954,0.06759,13.14,5.035,6.142,90.93
2023-06-24 12:00:00,30400.82,1872.37,16.64,233.2,0.286,0.06556,12.9,4.982,6.021,87.43
2023-06-24 16:00:00,30625.08,1886.95,16.67,236.5,0.2924,0.06648,12.99,5.009,6.086,89.16
2023-06-24 20:00:00,30527.01,1877.26,16.68,234.9,0.29,0.06643,13.0,4.966,6.145,89.75
2023-06-25 00:00:00,30765.0,1894.59,16.97,239.2,0.2965,0.0676,13.46,5.11,6.232,89.98
2023-06-25 04:00:00,30729.1,1912.94,17.23,240.7,0.2964,0.06749,13.56,5.198,6.276,88.93
2023-06-25 08:00:00,30702.22,1917.1,17.17,239.4,0.298,0.06741,13.6,5.16,6.293,88.97
2023-06-25 12:00:00,30589.99,1887.5,17.13,238.9,0.2937,0.06694,13.38,5.157,6.197,88.09
2023-06-25 16:00:00,30407.39,1893.58,16.98,237.0,0.292,0.06674,13.4,5.12,6.094,87.69
2023-06-25 20:00:00,30470.93,1899.36,16.95,239.4,0.2922,0.06654,13.41,5.174,6.126,88.23
2023-06-26 00:00:00,30289.14,1879.53,16.77,236.0,0.2879,0.0659,13.33,5.202,6.108,87.24
2023-06-26 04:00:00,30387.0,1892.63,16.94,237.3,0.2902,0.06607,13.5,5.175,6.17,87.5
2023-06-26 08:00:00,30309.03,1880.07,16.93,237.4,0.2878,0.06565,13.62,5.197,6.165,88.14
2023-06-26 12:00:00,30408.32,1888.62,16.82,238.5,0.2898,0.06618,13.53,5.183,6.208,88.55
2023-06-26 16:00:00,30254.88,1854.56,16.36,235.1,0.2815,0.06493,13.25,5.107,6.075,87.18
2023-06-26 20:00:00,30275.0,1858.55,16.26,236.1,0.2802,0.06452,13.17,5.022,6.047,87.24
2023-06-27 00:00:00,30368.12,1873.49,16.49,237.7,0.2822,0.06528,13.29,5.07,6.183,88.56
2023-06-27 04:00:00,30405.08,1876.33,16.68,237.8,0.2825,0.06533,13.35,5.086,6.201,88.0
2023-06-27 08:00:00,30723.02,1883.51,16.69,238.7,0.2842,0.06543,13.33,5.121,6.199,88.99
2023-06-27 12:00:00,30547.99,1872.51,16.41,236.2,0.2811,0.06481,13.21,5.052,6.109,87.16
2023-06-27 16:00:00,30687.99,1895.76,16.73,238.5,0.2852,0.06534,13.31,5.097,6.232,88.21
2023-06-27 20:00:00,30707.77,1889.8,16.6,237.4,0.2867,0.06529,13.2,5.102,6.177,87.89
2023-06-28 00:00:00,30436.0,1866.73,16.41,233.6,0.2801,0.06507,12.96,5.063,6.088,87.19
2023-06-28 04:00:00,30198.67,1851.39,15.94,232.5,0.2759,0.06412,12.72,5.005,5.968,84.5
2023-06-28 08:00:00,30309.44,1861.56,16.18,233.3,0.2746,0.06452,12.8,5.004,5.999,85.94
2023-06-28 12:00:00,30393.32,1858.55,16.35,235.2,0.2758,0.06433,12.8,5.021,6.016,85.8
2023-06-28 16:00:00,30077.5,1832.17,15.93,228.1,0.267,0.06181,12.28,4.875,5.823,82.72
2023-06-28 20:00:00,30098.93,1827.06,16.0,229.4,0.2674,0.0625,12.34,4.869,5.812,83.21
2023-06-29 00:00:00,30184.61,1837.26,16.0,229.9,0.2701,0.06262,12.33,4.898,5.827,83.65
2023-06-29 04:00:00,30361.69,1847.56,16.25,233.3,0.2733,0.06298,12.28,4.931,5.883,84.01
2023-06-29 08:00:00,30671.37,1868.68,18.03,235.2,0.2773,0.06391,12.88,4.99,6.092,85.14
2023-06-29 12:00:00,30467.25,1852.61,17.67,233.6,0.2743,0.0633,12.65,5.025,5.968,84.55
2023-06-29 16:00:00,30575.01,1856.62,17.74,233.2,0.2737,0.06323,12.73,4.977,5.934,84.54
2023-06-29 20:00:00,30430.01,1853.06,18.01,232.7,0.2745,0.06318,12.65,4.986,5.884,84.83
2023-06-30 00:00:00,30735.0,1872.76,18.94,235.0,0.283,0.06511,13.01,5.097,6.108,96.1
2023-06-30 04:00:00,30770.01,1887.55,18.73,239.0,0.2834,0.06534,13.06,5.076,6.119,95.03
2023-06-30 08:00:00,30915.0,1892.5,18.86,240.4,0.2955,0.06636,13.23,5.172,6.234,100.84
2023-06-30 12:00:00,30110.0,1852.83,18.3,234.7,0.2778,0.0641,12.63,5.003,6.064,97.56
2023-06-30 16:00:00,30394.97,1928.76,19.14,239.8,0.2854,0.06603,12.92,5.131,6.311,105.27
2023-06-30 20:00:00,30476.8,1934.36,18.91,239.6,0.2865,0.06644,12.99,5.163,6.294,108.55
2023-07-01 00:00:00,30400.07,1921.44,18.32,240.5,0.286,0.0695,13.0,5.181,6.203,106.78
2023-07-01 04:00:00,30445.0,1917.7,18.44,241.2,0.2862,0.06799,12.95,5.224,6.238,106.82
2023-07-01 08:00:00,30530.0,1924.03,18.33,241.9,0.2883,0.06781,12.96,5.291,6.228,106.47
2023-07-01 12:00:00,30560.01,1923.64,18.41,246.4,0.2889,0.06773,12.91,5.283,6.339,105.32
2023-07-01 16:00:00,30595.0,1922.02,18.36,245.6,0.2879,0.06811,12.95,5.336,6.43,105.04
2023-07-01 20:00:00,30604.99,1923.17,18.7,245.8,0.292,0.06839,13.01,5.342,6.492,106.92
2023-07-02 00:00:00,30490.03,1913.77,18.8,242.8,0.289,0.06682,12.75,5.237,6.385,105.75
2023-07-02 04:00:00,30480.04,1913.94,19.19,245.5,0.2897,0.06729,12.86,5.275,6.413,111.59
2023-07-02 08:00:00,30555.0,1918.25,19.03,244.9,0.2903,0.06729,13.01,5.288,6.487,111.14
2023-07-02 12:00:00,30509.99,1918.74,19.29,245.1,0.289,0.06697,13.0,5.365,6.474,111.68
2023-07-02 16:00:00,30533.19,1912.47,19.37,243.9,0.2885,0.06809,12.99,5.4,6.455,111.49
2023-07-02 20:00:00,30625.0,1936.43,19.44,246.2,0.2923,0.06785,13.1,5.508,6.535,113.39
2023-07-03 00:00:00,30784.17,1950.45,19.59,247.6,0.2953,0.06828,13.38,5.584,6.595,113.07
2023-07-03 04:00:00,30675.0,1967.6,19.41,248.9,0.2942,0.06809,13.22,5.498,6.594,112.16
2023-07-03 08:00:00,30625.01,1961.51,19.5,248.8,0.2946,0.06796,13.25,5.455,6.641,109.46
2023-07-03 12:00:00,31047.0,1968.81,19.29,249.0,0.295,0.0681,13.25,5.481,6.63,109.53
2023-07-03 16:00:00,31256.27,1967.45,19.31,247.9,0.2988,0.06866,13.33,5.465,6.678,107.61
2023-07-03 20:00:00,31160.0,1955.5,19.23,245.5,0.2956,0.06846,13.2,5.413,6.619,107.09
2023-07-04 00:00:00,31204.99,1963.03,19.32,244.8,0.2995,0.06888,13.31,5.478,6.604,108.59
2023-07-04 04:00:00,30905.23,1950.24,19.14,243.3,0.295,0.06815,13.18,5.457,6.493,106.97
2023-07-04 08:00:00,31075.2,1960.96,19.2,245.8,0.2966,0.06835,13.26,5.495,6.516,107.11
2023-07-04 12:00:00,30964.99,1954.1,19.81,243.4,0.2935,0.07032,13.24,5.423,6.474,106.97
2023-07-04 16:00:00,30710.0,1936.48,19.5,239.7,0.2925,0.06877,13.12,5.298,6.46,105.27
2023-07-04 20:00:00,30780.94,1937.26,19.14,240.8,0.2921,0.06893,13.02,5.346,6.523,104.47
2023-07-05 00:00:00,30855.68,1939.8,19.27,242.9,0.2942,0.06905,13.11,5.355,6.546,105.6
2023-07-05 04:00:00,30779.99,1936.32,19.32,243.1,0.2949,0.06892,13.13,5.346,6.538,105.13
2023-07-05 08:00:00,30406.9,1908.82,18.7,237.6,0.286,0.06651,12.65,5.197,6.293,102.92
2023-07-05 12:00:00,30355.01,1903.63,18.58,237.4,0.2821,0.06619,12.57,5.176,6.265,100.15
2023-07-05 16:00:00,30449.98,1909.04,18.6,238.1,0.2833,0.06686,12.6,5.185,6.287,100.45
2023-07-05 20:00:00,30514.97,1911.72,18.99,238.8,0.284,0.06696,12.66,5.203,6.289,102.79
2023-07-06 00:00:00,30518.97,1914.66,19.49,239.5,0.2848,0.06719,12.6,5.184,6.297,103.62
2023-07-06 04:00:00,30810.0,1926.08,19.58,240.8,0.2882,0.06781,12.87,5.291,6.381,103.82
2023-07-06 08:00:00,30856.92,1918.5,19.92,240.1,0.2876,0.06698,12.84,5.242,6.341,102.33
2023-07-06 12:00:00,30429.94,1888.62,19.73,238.4,0.2827,0.06577,12.65,5.144,6.212,98.73
2023-07-06 16:00:00,30315.0,1886.66,20.88,237.9,0.2838,0.06573,12.66,5.095,6.173,97.61
2023-07-06 20:00:00,29895.19,1848.77,19.63,231.9,0.2787,0.06481,12.4,5.024,6.092,95.43
2023-07-07 00:00:00,30135.01,1857.36,20.18,234.1,0.2815,0.06537,12.57,5.093,6.149,97.22
2023-07-07 04:00:00,30004.71,1855.96,19.44,233.3,0.2794,0.06512,12.52,5.078,6.093,96.03
2023-07-07 08:00:00,30116.5,1861.44,20.2,234.0,0.2818,0.06519,12.64,5.107,6.152,95.57
2023-07-07 12:00:00,30395.92,1872.76,21.22,234.0,0.2837,0.06544,12.66,5.155,6.196,97.76
2023-07-07 16:00:00,30261.8,1864.07,21.35,233.5,0.2824,0.06506,12.66,5.091,6.15,97.5
2023-07-07 20:00:00,30360.58,1871.68,21.47,234.9,0.2841,0.06512,12.75,5.098,6.149,98.48
2023-07-08 00:00:00,30280.02,1864.92,21.7,234.5,0.2833,0.06509,13.34,5.131,6.131,97.09
2023-07-08 04:00:00,30209.91,1862.59,21.94,235.2,0.2847,0.06529,13.46,5.152,6.146,97.27
2023-07-08 08:00:00,30214.77,1859.99,21.93,234.9,0.2857,0.06513,13.53,5.14,6.164,97.36
2023-07-08 12:00:00,30215.01,1860.42,21.5,236.0,0.2893,0.06506,13.72,5.151,6.171,97.78
2023-07-08 16:00:00,30125.01,1847.28,21.61,233.9,0.2892,0.06524,13.55,5.066,6.115,97.3
2023-07-08 20:00:00,30280.01,1863.72,21.85,236.0,0.2901,0.06566,13.64,5.121,6.191,97.73
2023-07-09 00:00:00,30307.98,1868.14,21.69,234.5,0.2897,0.06595,14.07,5.15,6.215,97.25
2023-07-09 04:00:00,30294.99,1866.34,21.6,234.4,0.2864,0.06547,13.94,5.095,6.22,97.03
2023-07-09 08:00:00,30284.99,1868.21,21.65,234.0,0.2868,0.06594,14.12,5.111,6.211,96.6
2023-07-09 12:00:00,30355.07,1864.5,21.25,232.6,0.2864,0.06568,13.83,5.105,6.18,96.88
2023-07-09 16:00:00,30272.99,1866.84,21.31,233.7,0.2857,0.06526,13.68,5.092,6.147,96.62
2023-07-09 20:00:00,30194.99,1864.0,21.38,233.6,0.2849,0.0652,13.59,5.092,6.12,95.19
2023-07-10 00:00:00,30143.62,1860.63,21.22,233.7,0.2839,0.0648,13.31,5.042,6.088,93.72
2023-07-10 04:00:00,30095.01,1855.78,20.76,232.6,0.283,0.06447,13.35,5.068,6.088,93.52
2023-07-10 08:00:00,30245.31,1863.67,20.78,241.1,0.2851,0.06457,13.35,5.091,6.116,95.09
2023-07-10 12:00:00,30310.01,1870.87,21.12,245.4,0.2875,0.06465,13.33,5.094,6.151,95.45
2023-07-10 16:00:00,30828.67,1899.97,21.58,245.6,0.291,0.06569,13.73,5.197,6.275,97.06
2023-07-10 20:00:00,30435.98,1881.17,21.34,245.4,0.2874,0.06512,13.39,5.133,6.164,96.68
2023-07-11 00:00:00,30490.02,1879.14,21.71,246.2,0.2893,0.06504,13.62,5.114,6.171,97.06
2023-07-11 04:00:00,30545.01,1882.38,22.04,246.2,0.2916,0.06519,13.49,5.167,6.223,97.97
2023-07-11 08:00:00,30419.71,1868.74,22.02,244.9,0.291,0.06488,13.35,5.138,6.153,97.24
2023-07-11 12:00:00,30594.98,1872.35,22.11,246.3,0.2897,0.06459,13.33,5.155,6.183,96.44
2023-07-11 16:00:00,30588.89,1873.61,21.99,247.1,0.2896,0.06468,13.25,5.157,6.161,96.07
2023-07-11 20:00:00,30626.01,1877.2,22.09,248.4,0.2927,0.06508,13.24,5.214,6.213,96.86
2023-07-12 00:00:00,30595.0,1879.81,21.92,249.3,0.2933,0.06508,13.17,5.245,6.222,97.0
2023-07-12 04:00:00,30750.0,1889.34,22.05,249.8,0.2936,0.0655,13.2,5.27,6.279,97.4
2023-07-12 08:00:00,30780.0,1889.79,22.15,247.9,0.2922,0.06531,13.24,5.248,6.26,96.88
2023-07-12 12:00:00,30555.0,1881.35,22.36,244.4,0.2908,0.06478,13.03,5.181,6.252,95.64
2023-07-12 16:00:00,30286.84,1869.42,21.87,242.6,0.286,0.06419,12.9,5.108,6.211,95.04
2023-07-12 20:00:00,30365.0,1871.97,21.97,243.5,0.2885,0.06485,13.04,5.15,6.235,96.16
2023-07-13 00:00:00,30311.11,1868.07,21.64,242.9,0.2869,0.06452,12.98,5.12,6.225,96.14
2023-07-13 04:00:00,30369.97,1872.55,21.79,244.7,0.2867,0.06485,13.11,5.176,6.305,100.33
2023-07-13 08:00:00,30554.9,1883.49,22.39,246.1,0.2891,0.06534,13.22,5.248,6.456,100.95
2023-07-13 12:00:00,30914.83,1931.54,23.97,251.0,0.3088,0.06676,13.62,5.368,6.621,102.09
2023-07-13 16:00:00,31629.56,1995.71,26.2,253.0,0.3456,0.06986,14.08,5.521,6.917,102.7
2023-07-13 20:00:00,31454.17,2000.52,25.92,254.4,0.3538,0.07005,14.06,5.509,7.034,101.99
2023-07-14 00:00:00,31410.0,2004.51,28.38,258.2,0.3578,0.07059,14.7,5.618,7.171,101.11
2023-07-14 04:00:00,31154.94,1992.8,28.75,255.6,0.3525,0.07016,15.32,5.543,7.113,100.63
2023-07-14 08:00:00,31207.91,1993.0,28.02,254.3,0.3508,0.07012,15.49,5.635,7.076,100.93
2023-07-14 12:00:00,31240.04,1999.79,28.12,256.5,0.3459,0.07271,15.58,5.649,7.135,100.76
2023-07-14 16:00:00,30095.36,1911.97,26.06,242.9,0.3205,0.06772,14.26,5.33,6.78,93.3
2023-07-14 20:00:00,30313.0,1935.77,26.69,246.5,0.3282,0.06851,14.64,5.442,6.95,95.09
2023-07-15 00:00:00,30286.46,1928.78,27.1,248.4,0.3256,0.06786,14.43,5.387,6.854,94.9
2023-07-15 04:00:00,30361.31,1940.89,28.75,248.2,0.3346,0.07298,14.92,5.55,6.978,95.17
2023-07-15 08:00:00,30324.97,1937.79,28.97,249.9,0.3328,0.074,15.01,5.491,6.959,94.92
2023-07-15 12:00:00,30320.08,1935.99,27.59,249.7,0.3302,0.07285,15.1,5.507,6.974,94.33
2023-07-15 16:00:00,30329.97,1933.51,27.91,251.3,0.3293,0.07237,15.11,5.468,6.963,94.73
2023-07-15 20:00:00,30288.46,1931.4,27.36,249.1,0.3264,0.07191,14.8,5.425,6.9,94.73
2023-07-16 00:00:00,30198.58,1923.98,27.1,247.8,0.3205,0.07071,14.54,5.354,6.784,94.18
2023-07-16 04:00:00,30279.97,1927.19,27.66,248.2,0.3206,0.07101,14.63,5.399,6.823,94.87
2023-07-16 08:00:00,30317.97,1932.96,28.03,248.5,0.3223,0.07132,14.54,5.376,6.824,94.62
2023-07-16 12:00:00,30362.87,1937.57,28.05,246.7,0.3215,0.07113,14.6,5.387,6.822,94.98
2023-07-16 16:00:00,30261.57,1928.54,27.41,243.6,0.3153,0.0694,14.29,5.314,6.621,93.69
2023-07-16 20:00:00,30225.15,1920.96,27.39,241.9,0.3143,0.06943,14.3,5.313,6.594,92.82
2023-07-17 00:00:00,30299.0,1929.43,28.05,243.0,0.3179,0.07026,14.44,5.379,6.697,93.4
2023-07-17 04:00:00,30284.99,1927.83,27.62,242.8,0.3168,0.07104,14.51,5.391,6.687,92.99
2023-07-17 08:00:00,30164.99,1910.45,27.06,242.0,0.3116,0.06935,14.14,5.277,6.65,91.11
2023-07-17 12:00:00,30179.99,1909.85,26.94,243.5,0.3135,0.06951,14.25,5.28,6.643,91.72
2023-07-17 16:00:00,29893.23,1888.16,26.07,241.7,0.3098,0.06894,14.16,5.202,6.88,91.08
2023-07-17 20:00:00,30154.58,1912.29,26.85,243.7,0.3121,0.0698,14.46,5.281,7.162,91.99
2023-07-18 00:00:00,30115.56,1908.28,26.61,242.6,0.309,0.06971,14.35,5.336,7.109,91.96
2023-07-18 04:00:00,29974.97,1899.41,25.71,239.7,0.3061,0.06898,14.01,5.221,7.093,90.93
2023-07-18 08:00:00,29870.0,1894.65,24.95,240.2,0.3038,0.06803,13.84,5.197,6.927,90.74
2023-07-18 12:00:00,29908.95,1897.99,25.47,239.1,0.3041,0.0684,13.93,5.193,6.944,91.17
2023-07-18 16:00:00,29726.36,1890.76,25.3,239.2,0.3043,0.06792,13.77,5.119,6.879,90.4
2023-07-18 20:00:00,29864.32,1896.7,25.57,239.1,0.3084,0.06839,13.8,5.186,6.909,91.36
2023-07-19 00:00:00,30071.51,1912.53,26.41,242.7,0.3197,0.06936,14.04,5.234,6.973,93.54
2023-07-19 04:00:00,29994.97,1908.62,26.16,241.9,0.3154,0.06894,13.99,5.236,6.893,92.79
2023-07-19 08:00:00,30015.08,1910.42,26.42,242.3,0.3168,0.06932,13.98,5.183,6.844,93.13
2023-07-19 12:00:00,29945.03,1906.68,26.31,240.5,0.3129,0.07143,13.95,5.175,6.916,92.67
2023-07-19 16:00:00,30054.97,1908.62,26.78,241.2,0.3239,0.07092,14.2,5.215,7.03,92.84
2023-07-19 20:00:00,29925.02,1889.11,26.33,240.3,0.3237,0.07,13.99,5.186,6.914,92.02
2023-07-20 00:00:00,29970.33,1894.64,26.53,240.5,0.3274,0.0703,14.05,5.232,6.962,92.13
2023-07-20 04:00:00,30190.07,1912.03,26.86,243.1,0.3255,0.07077,14.27,5.3,7.4,93.28
2023-07-20 08:00:00,30285.0,1922.56,27.17,243.9,0.3252,0.07243,14.28,5.438,8.277,94.12
2023-07-20 12:00:00,29820.0,1888.53,25.72,241.5,0.3174,0.07065,13.79,5.288,8.029,91.92
2023-07-20 16:00:00,29760.55,1887.67,25.36,241.6,0.3162,0.06971,13.82,5.292,8.15,91.99
2023-07-20 20:00:00,29809.99,1890.19,25.33,241.5,0.3165,0.07055,13.84,5.344,8.349,92.27
2023-07-21 00:00:00,29908.42,1897.78,25.5,244.2,0.3173,0.0716,13.98,5.629,8.293,92.66
2023-07-21 04:00:00,29773.87,1888.64,25.19,242.4,0.3123,0.07115,13.87,5.444,8.097,91.89
2023-07-21 08:00:00,29770.0,1889.72,25.13,244.3,0.3133,0.07198,13.87,5.485,8.136,92.15
2023-07-21 12:00:00,29860.07,1892.39,25.34,244.2,0.3136,0.07394,13.94,5.473,8.133,92.58
2023-07-21 16:00:00,29883.1,1896.0,25.82,243.0,0.3143,0.07271,13.96,5.486,8.125,93.9
2023-07-21 20:00:00,29899.99,1892.77,25.52,241.8,0.3125,0.07321,13.95,5.48,8.148,94.07
2023-07-22 00:00:00,29910.01,1892.71,25.84,243.9,0.3142,0.07255,14.0,5.459,8.164,94.82
2023-07-22 04:00:00,29940.0,1891.27,25.79,242.4,0.3128,0.07252,13.94,5.397,8.172,94.56
2023-07-22 08:00:00,29893.91,1889.28,25.61,241.6,0.3117,0.07175,13.79,5.381,8.004,93.84
2023-07-22 12:00:00,29912.09,1889.68,25.73,241.7,0.3133,0.07157,13.79,5.373,8.055,93.93
2023-07-22 16:00:00,29839.98,1887.63,25.31,242.0,0.3118,0.07104,13.68,5.348,7.957,93.29
2023-07-22 20:00:00,29785.02,1866.46,24.55,239.6,0.3105,0.07042,13.52,5.301,7.858,91.99
2023-07-23 00:00:00,29840.0,1871.55,24.69,241.2,0.3148,0.07093,13.55,5.415,7.897,92.48
2023-07-23 04:00:00,29914.99,1874.74,24.62,241.7,0.3156,0.07182,13.57,5.424,7.976,92.45
2023-07-23 08:00:00,29892.49,1875.46,24.7,241.4,0.3146,0.07196,13.58,5.439,8.028,92.52
2023-07-23 12:00:00,29908.93,1873.74,24.65,241.4,0.3139,0.07214,13.54,5.384,8.01,92.03
2023-07-23 16:00:00,30090.0,1888.98,24.9,242.4,0.3157,0.0719,13.58,5.434,7.963,92.76
2023-07-23 20:00:00,30079.91,1887.04,24.75,241.1,0.3168,0.07179,13.58,5.396,7.883,93.28
2023-07-24 00:00:00,29723.62,1868.73,24.33,240.5,0.3117,0.07086,13.33,5.297,7.689,92.07
2023-07-24 04:00:00,29820.38,1874.16,24.65,241.7,0.3142,0.07661,13.47,5.343,7.736,92.7
2023-07-24 08:00:00,29273.79,1852.79,23.63,238.5,0.3063,0.07603,13.13,5.21,7.637,89.02
2023-07-24 12:00:00,29085.03,1842.55,23.14,236.6,0.3021,0.0743,12.9,5.186,7.604,88.88
2023-07-24 16:00:00,29111.5,1849.31,23.31,237.5,0.3031,0.07526,13.05,5.216,7.532,88.84
2023-07-24 20:00:00,29175.51,1849.71,23.34,238.8,0.3048,0.07433,13.12,5.216,7.574,89.13
2023-07-25 00:00:00,29122.85,1850.99,23.33,238.0,0.3033,0.07671,13.22,5.239,7.606,88.98
2023-07-25 04:00:00,29131.23,1850.67,23.12,235.9,0.3032,0.0768,13.09,5.18,7.422,89.11
2023-07-25 08:00:00,29125.0,1852.26,23.2,237.9,0.3035,0.0776,13.27,5.179,7.491,89.2
2023-07-25 12:00:00,29185.0,1858.69,23.29,236.5,0.3046,0.07739,13.35,5.144,7.419,89.08
2023-07-25 16:00:00,29200.48,1857.48,23.22,236.8,0.3031,0.08174,13.37,5.16,7.43,88.92
2023-07-25 20:00:00,29215.05,1857.14,23.22,236.6,0.3034,0.0817,13.34,5.178,7.401,89.45
2023-07-26 00:00:00,29232.89,1858.94,23.55,237.8,0.3034,0.08028,13.27,5.179,7.447,89.72
2023-07-26 04:00:00,29219.99,1853.88,23.51,237.1,0.3018,0.0804,13.3,5.206,7.436,89.64
2023-07-26 08:00:00,29179.99,1851.56,23.83,236.5,0.3011,0.07879,13.2,5.166,7.497,89.53
2023-07-26 12:00:00,29316.91,1859.98,25.04,238.3,0.305,0.07868,13.27,5.215,7.6,89.75
2023-07-26 16:00:00,29400.0,1872.76,25.39,238.2,0.3068,0.07829,13.34,5.226,7.814,89.2
2023-07-26 20:00:00,29352.35,1872.22,25.19,238.2,0.3056,0.07809,13.28,5.218,7.761,90.44
2023-07-27 00:00:00,29408.16,1874.83,24.95,239.6,0.3097,0.07823,13.3,5.282,7.976,91.36
2023-07-27 04:00:00,29425.39,1871.68,25.07,241.2,0.3107,0.07893,13.28,5.298,7.984,90.93
2023-07-27 08:00:00,29517.17,1876.4,25.35,241.9,0.3112,0.07965,13.35,5.282,8.037,91.19
2023-07-27 12:00:00,29295.8,1869.33,25.21,240.5,0.3089,0.07871,13.2,5.245,7.965,90.83
2023-07-27 16:00:00,29172.44,1860.73,24.9,239.1,0.3065,0.07728,13.08,5.202,7.91,90.19
2023-07-27 20:00:00,29220.01,1860.96,25.08,240.3,0.3075,0.07777,13.13,5.244,7.983,90.64
2023-07-28 00:00:00,29260.0,1862.83,24.93,240.8,0.3083,0.07734,13.16,5.22,7.921,90.95
2023-07-28 04:00:00,29151.7,1859.97,24.59,240.8,0.3083,0.07619,13.05,5.187,7.853,91.24
2023-07-28 08:00:00,29200.26,1866.98,24.67,241.1,0.312,0.07661,13.12,5.225,7.854,91.3
2023-07-28 12:00:00,29380.04,1875.66,25.24,241.9,0.3107,0.07709,13.25,5.254,7.917,91.68
2023-07-28 16:00:00,29308.49,1873.97,25.02,242.5,0.3111,0.07752,13.21,5.2,7.816,91.34
2023-07-28 20:00:00,29310.22,1874.53,24.84,242.0,0.3097,0.07717,13.23,5.211,7.792,91.46
2023-07-29 00:00:00,29379.99,1873.4,25.11,242.0,0.311,0.07787,13.25,5.224,7.783,91.15
2023-07-29 04:00:00,29314.99,1869.67,25.16,241.2,0.3105,0.07785,13.2,5.232,7.745,91.19
2023-07-29 08:00:00,29270.01,1869.55,24.99,241.2,0.3092,0.07785,13.21,5.241,7.748,90.98
2023-07-29 12:00:00,29284.5,1871.56,25.05,242.1,0.3106,0.07802,13.19,5.235,7.758,91.22
2023-07-29 16:00:00,29336.34,1877.0,25.22,241.6,0.3123,0.08088,13.27,5.243,7.801,91.56
2023-07-29 20:00:00,29345.0,1880.02,25.17,242.7,0.3127,0.08016,13.27,5.25,7.852,94.63
2023-07-30 00:00:00,29310.01,1878.4,25.06,242.2,0.3128,0.08028,13.33,5.244,7.834,94.72
2023-07-30 04:00:00,29294.06,1874.21,24.93,241.8,0.3152,0.08005,13.25,5.235,7.772,94.13
2023-07-30 08:00:00,29307.99,1876.7,24.94,242.3,0.3146,0.08007,13.26,5.216,7.75,94.51
2023-07-30 12:00:00,29345.01,1876.89,25.0,243.0,0.3137,0.07896,13.26,5.24,7.727,94.31
2023-07-30 16:00:00,29205.0,1861.63,24.22,241.7,0.3093,0.07762,13.1,5.142,7.512,92.99
2023-07-30 20:00:00,29290.11,1860.96,24.27,242.7,0.3157,0.07787,13.13,5.189,7.575,94.08
2023-07-31 00:00:00,29435.0,1867.43,24.64,243.2,0.3146,0.07863,13.19,5.216,7.606,94.04
2023-07-31 04:00:00,29376.09,1864.98,24.52,243.5,0.3122,0.07875,13.08,5.175,7.627,93.27
2023-07-31 08:00:00,29410.56,1866.66,24.47,243.4,0.3128,0.07955,13.12,5.169,7.665,93.6
2023-07-31 12:00:00,29248.8,1857.66,23.98,242.3,0.3113,0.07817,12.91,5.127,7.524,92.11
2023-07-31 16:00:00,29160.01,1856.77,23.66,241.0,0.3086,0.07708,12.74,5.094,7.476,91.28
2023-07-31 20:00:00,29227.24,1855.81,23.75,241.1,0.3078,0.07786,12.81,5.095,7.54,92.23
2023-08-01 00:00:00,28825.0,1825.63,23.44,239.2,0.301,0.07597,12.61,5.038,7.378,90.14
2023-08-01 04:00:00,28944.98,1835.4,23.46,245.1,0.3049,0.07663,12.68,5.054,7.449,90.46
2023-08-01 08:00:00,28852.84,1832.14,23.35,244.5,0.3062,0.07667,12.68,5.074,7.462,90.27
2023-08-01 12:00:00,28944.9,1833.16,23.27,245.1,0.305,0.07677,12.69,5.073,7.458,93.12
2023-08-01 16:00:00,29270.0,1851.72,23.6,246.8,0.3064,0.07741,12.8,5.141,7.521,93.5
2023-08-01 20:00:00,29600.0,1873.45,23.95,247.5,0.31,0.07806,12.87,5.195,7.639,93.75
2023-08-02 00:00:00,29634.99,1864.19,23.69,245.6,0.3078,0.07754,12.81,5.163,7.661,92.82
2023-08-02 04:00:00,29575.0,1857.74,23.67,244.6,0.3062,0.07675,12.72,5.138,7.597,90.83
2023-08-02 08:00:00,29562.08,1859.55,23.61,245.6,0.3077,0.07709,12.76,5.163,7.65,91.37
2023-08-02 12:00:00,29335.0,1843.41,23.37,243.0,0.3028,0.07536,12.6,5.09,7.508,88.85
2023-08-02 16:00:00,29175.26,1841.75,23.18,241.2,0.3019,0.07499,12.56,5.062,7.421,88.06
2023-08-02 20:00:00,29185.0,1839.5,23.15,240.4,0.2996,0.07419,12.54,5.064,7.353,87.63
2023-08-03 00:00:00,29170.66,1840.54,23.21,239.9,0.2993,0.0745,12.54,5.035,7.347,87.48
2023-08-03 04:00:00,29054.99,1832.26,22.73,239.9,0.2956,0.07418,12.42,5.019,7.319,85.9
2023-08-03 08:00:00,29140.05,1838.36,22.78,240.8,0.2954,0.07346,12.54,4.999,7.315,86.17
2023-08-03 12:00:00,29254.69,1839.63,22.84,241.2,0.2962,0.07436,12.55,5.035,7.23,86.35
2023-08-03 16:00:00,29285.0,1845.96,22.89,240.4,0.2956,0.07439,12.53,5.016,7.217,86.11
2023-08-03 20:00:00,29194.99,1836.0,22.66,240.6,0.2928,0.07368,12.45,4.98,7.14,82.61
2023-08-04 00:00:00,29171.43,1834.95,22.75,240.6,0.2938,0.07435,12.49,4.997,7.161,82.77
2023-08-04 04:00:00,29219.05,1837.86,22.96,242.1,0.2928,0.07436,12.44,5.006,7.137,82.9
2023-08-04 08:00:00,29170.01,1835.36,22.93,241.5,0.2928,0.074,12.46,4.99,7.103,83.03
2023-08-04 12:00:00,29275.01,1847.76,23.34,242.9,0.2959,0.07451,12.53,5.032,7.174,83.33
2023-08-04 16:00:00,29062.58,1831.44,22.92,241.5,0.2931,0.07332,12.43,4.978,7.1,82.18
2023-08-04 20:00:00,29119.99,1830.7,22.85,241.0,0.294,0.07355,12.41,4.989,7.141,82.26
2023-08-05 00:00:00,29110.01,1830.97,22.76,240.2,0.2922,0.07388,12.36,4.966,7.192,82.23
2023-08-05 04:00:00,29050.05,1830.67,22.79,240.6,0.2911,0.07541,12.34,4.96,7.191,82.39
2023-08-05 08:00:00,29034.75,1833.78,22.8,241.0,0.2918,0.07583,12.34,4.962,7.2,82.63
2023-08-05 12:00:00,29034.67,1833.35,22.62,242.3,0.2917,0.07528,12.31,4.934,7.171,82.69
2023-08-05 16:00:00,29063.16,1835.91,22.58,242.9,0.2927,0.076,12.39,4.957,7.203,82.79
2023-08-05 20:00:00,29065.97,1836.38,22.64,242.9,0.2937,0.07566,12.44,4.964,7.238,83.23
2023-08-06 00:00:00,29075.47,1835.02,22.83,244.5,0.2951,0.07575,12.57,5.0,7.22,83.28
2023-08-06 04:00:00,29090.03,1834.82,23.02,244.4,0.2947,0.07522,12.61,5.002,7.193,83.32
2023-08-06 08:00:00,29090.63,1833.34,23.24,244.4,0.2941,0.07518,12.59,4.999,7.143,83.18
2023-08-06 12:00:00,29000.17,1828.2,23.04,243.5,0.291,0.07442,12.57,4.969,7.115,82.0
2023-08-06 16:00:00,29090.0,1831.53,23.23,243.0,0.2922,0.07481,12.59,4.994,7.089,82.67
2023-08-06 20:00:00,29091.77,1829.92,23.21,243.0,0.2919,0.07436,12.58,5.011,7.106,82.45
2023-08-07 00:00:00,29159.32,1839.89,23.32,243.6,0.2945,0.07523,12.71,5.035,7.177,83.08
2023-08-07 04:00:00,29105.0,1837.15,23.17,242.7,0.2919,0.07489,12.64,5.003,7.175,82.49
2023-08-07 08:00:00,29090.01,1834.74,23.07,242.3,0.2923,0.07463,12.73,5.003,7.224,82.98
2023-08-07 12:00:00,28859.97,1817.84,22.77,241.0,0.2896,0.07348,12.44,4.929,7.08,81.6
2023-08-07 16:00:00,29139.23,1824.75,22.92,241.2,0.2888,0.0734,12.42,4.952,7.104,81.88
2023-08-07 20:00:00,29200.01,1829.24,23.08,241.8,0.2908,0.0735,12.43,4.957,7.317,82.36
2023-08-08 00:00:00,29192.19,1830.93,23.11,242.5,0.2916,0.0738,12.44,4.95,7.338,82.27
2023-08-08 04:00:00,29199.99,1830.89,23.22,242.9,0.2907,0.07357,12.53,4.971,7.351,82.38
2023-08-08 08:00:00,29433.0,1838.77,23.35,243.9,0.2928,0.07399,12.57,5.005,7.428,83.13
2023-08-08 12:00:00,29530.01,1843.25,23.72,245.1,0.2957,0.07454,12.62,5.032,7.386,84.32
2023-08-08 16:00:00,29870.0,1859.61,24.55,246.1,0.2994,0.07466,12.74,5.05,7.348,84.29
2023-08-08 20:00:00,29774.97,1856.71,24.19,245.3,0.2976,0.07504,12.7,5.059,7.445,83.99
2023-08-09 00:00:00,29712.72,1855.11,24.32,244.0,0.2966,0.07474,12.63,5.035,7.384,83.68
2023-08-09 04:00:00,29812.3,1861.73,24.59,244.8,0.2992,0.07568,12.69,5.035,7.513,83.9
2023-08-09 08:00:00,29894.45,1863.18,24.85,244.3,0.2984,0.07549,12.67,5.055,7.642,83.87
2023-08-09 12:00:00,29758.1,1853.56,24.54,244.1,0.2978,0.07501,12.64,5.059,7.711,83.73
2023-08-09 16:00:00,29430.62,1849.27,24.27,242.9,0.2988,0.07466,12.57,5.015,7.66,83.62
2023-08-09 20:00:00,29575.01,1856.2,24.42,243.8,0.3009,0.0754,12.64,5.055,7.685,84.02
2023-08-10 00:00:00,29594.6,1853.16,24.24,243.1,0.3012,0.07588,12.55,5.048,7.629,84.22
2023-08-10 04:00:00,29511.43,1850.0,24.35,241.9,0.2974,0.0753,12.51,5.015,7.613,83.83
2023-08-10 08:00:00,29504.44,1850.86,24.42,242.4,0.2973,0.07522,12.52,5.017,7.617,83.37
2023-08-10 12:00:00,29474.97,1853.69,24.52,242.2,0.2977,0.07617,12.55,5.007,7.677,83.42
2023-08-10 16:00:00,29437.47,1849.45,24.57,240.7,0.2965,0.07571,12.54,4.982,7.588,82.8
2023-08-10 20:00:00,29454.17,1853.38,24.61,241.3,0.2964,0.07582,12.49,4.999,7.609,83.07
2023-08-11 00:00:00,29402.36,1846.84,24.71,240.7,0.2959,0.07545,12.47,4.992,7.565,83.28
2023-08-11 04:00:00,29429.11,1848.85,24.51,240.8,0.2964,0.07571,12.47,5.008,7.576,83.1
2023-08-11 08:00:00,29452.0,1851.76,24.52,241.0,0.2959,0.0757,12.45,5.003,7.577,83.07
2023-08-11 12:00:00,29399.25,1845.31,24.56,239.0,0.294,0.07552,12.41,4.977,7.488,82.97
2023-08-11 16:00:00,29428.06,1844.86,24.46,239.4,0.2933,0.07532,12.43,4.987,7.424,82.87
2023-08-11 20:00:00,29427.14,1848.8,24.59,240.0,0.2936,0.07568,12.43,5.01,7.494,83.52
2023-08-12 00:00:00,29414.99,1847.91,24.48,240.2,0.2927,0.07604,12.45,5.001,7.485,83.8
2023-08-12 04:00:00,29411.39,1851.33,24.53,240.3,0.2937,0.07635,12.43,5.005,7.439,83.65
2023-08-12 08:00:00,29437.22,1850.99,24.52,241.0,0.2939,0.07681,12.49,5.025,7.458,83.91
2023-08-12 12:00:00,29441.33,1851.02,24.64,240.4,0.2938,0.07654,12.47,5.025,7.439,83.55
2023-08-12 16:00:00,29419.99,1847.53,24.76,240.7,0.2917,0.07686,12.44,5.027,7.388,83.4
2023-08-12 20:00:00,29424.99,1850.01,24.89,240.1,0.2918,0.07672,12.38,5.036,7.443,83.47
2023-08-13 00:00:00,29416.98,1848.91,24.91,240.1,0.2914,0.0764,12.32,5.033,7.473,83.32
2023-08-13 04:00:00,29386.18,1849.96,24.77,240.3,0.2906,0.07629,12.33,5.031,7.509,83.18
2023-08-13 08:00:00,29376.2,1849.97,24.7,240.6,0.2906,0.076,12.35,5.027,7.473,83.08
2023-08-13 12:00:00,29374.06,1847.47,24.61,240.1,0.2905,0.07574,12.34,5.014,7.423,83.06
2023-08-13 16:00:00,29462.45,1858.76,24.69,241.5,0.2933,0.07589,12.4,5.04,7.535,83.27
2023-08-13 20:00:00,29311.08,1840.49,24.26,240.2,0.2899,0.07485,12.28,4.982,7.371,81.94
2023-08-14 00:00:00,29394.56,1846.1,24.39,240.7,0.2903,0.07475,12.31,5.0,7.456,82.11
2023-08-14 04:00:00,29424.97,1849.57,24.43,240.4,0.2902,0.0751,12.35,5.003,7.478,82.11
2023-08-14 08:00:00,29412.5,1847.78,24.49,240.7,0.2902,0.07499,12.37,4.988,7.528,82.25
2023-08-14 12:00:00,29590.03,1853.52,24.84,241.2,0.2919,0.07508,12.44,5.051,7.587,82.74
2023-08-14 16:00:00,29362.1,1842.62,24.86,240.4,0.2901,0.07409,12.31,4.972,7.469,82.05
2023-08-14 20:00:00,29432.1,1844.59,25.19,240.3,0.2905,0.07476,12.35,4.991,7.447,82.07
2023-08-15 00:00:00,29401.28,1844.09,24.99,239.9,0.2893,0.07447,12.32,4.974,7.368,81.56
2023-08-15 04:00:00,29405.01,1844.06,24.83,239.7,0.2896,0.07439,12.29,4.951,7.378,81.88
2023-08-15 08:00:00,29365.0,1840.43,24.84,238.7,0.2887,0.07405,12.3,4.972,7.29,81.66
2023-08-15 12:00:00,29336.21,1840.02,24.74,239.1,0.2882,0.07362,12.25,4.963,7.268,81.43
2023-08-15 16:00:00,29185.03,1829.42,24.04,236.3,0.2818,0.07123,11.75,4.758,7.011,79.47
2023-08-15 20:00:00,29190.12,1828.82,23.94,236.5,0.2822,0.07085,11.83,4.816,7.044,79.32
2023-08-16 00:00:00,29231.27,1828.68,23.71,236.4,0.2809,0.07109,11.82,4.833,7.034,79.23
2023-08-16 04:00:00,29190.23,1827.43,23.44,235.3,0.2795,0.07063,11.7,4.79,7.007,79.0
2023-08-16 08:00:00,29164.81,1824.06,23.55,234.6,0.2786,0.07013,11.69,4.787,7.007,78.68
2023-08-16 12:00:00,29109.97,1820.88,23.18,233.6,0.2737,0.06908,11.54,4.73,6.812,78.09
2023-08-16 16:00:00,29114.29,1821.6,23.34,234.6,0.275,0.06908,11.52,4.743,6.812,77.12
2023-08-16 20:00:00,28734.96,1807.97,22.85,232.2,0.2749,0.06725,11.39,4.669,6.764,74.54
2023-08-17 00:00:00,28652.09,1799.97,23.36,231.4,0.2764,0.06803,11.41,4.712,6.855,75.22
2023-08-17 04:00:00,28620.0,1799.18,23.27,231.1,0.2765,0.06792,11.47,4.743,6.809,75.39
2023-08-17 08:00:00,28549.96,1789.74,23.1,230.6,0.2752,0.06713,11.4,4.77,6.788,75.05
2023-08-17 12:00:00,27931.97,1742.07,22.9,224.9,0.2687,0.06554,11.18,4.676,6.611,73.38
2023-08-17 16:00:00,27899.94,1740.12,23.1,226.3,0.274,0.06614,11.28,4.706,6.62,74.44
2023-08-17 20:00:00,26630.0,1681.96,21.69,218.4,0.2557,0.06094,10.56,4.45,6.191,64.69
2023-08-18 00:00:00,26400.01,1677.35,21.55,215.1,0.2589,0.0609,10.64,4.386,6.143,64.35
2023-08-18 04:00:00,26437.77,1690.38,22.09,219.1,0.2637,0.06259,10.94,4.505,6.261,65.46
2023-08-18 08:00:00,26495.02,1685.46,22.04,219.8,0.2662,0.06316,10.92,4.495,6.249,64.93
2023-08-18 12:00:00,26000.52,1662.02,21.58,216.8,0.2631,0.06258,10.83,4.53,6.161,64.54
2023-08-18 16:00:00,26070.0,1656.7,21.28,216.3,0.2632,0.063,10.74,4.508,6.144,64.33
2023-08-18 20:00:00,26060.19,1661.94,21.3,216.5,0.2639,0.06308,10.82,4.513,6.164,64.03
2023-08-19 00:00:00,25970.5,1659.05,21.43,215.7,0.2618,0.06376,10.75,4.489,6.168,63.99
2023-08-19 04:00:00,25929.92,1660.65,21.82,215.8,0.2628,0.06349,10.64,4.459,6.159,63.87
2023-08-19 08:00:00,25914.99,1659.85,21.66,215.9,0.2639,0.06344,10.73,4.479,6.155,63.91
2023-08-19 12:00:00,26215.1,1682.4,21.97,217.3,0.269,0.06394,10.78,4.497,6.216,64.47
2023-08-19 16:00:00,26130.0,1679.09,21.91,216.7,0.2685,0.0636,10.84,4.527,6.174,64.17
2023-08-19 20:00:00,26106.91,1669.84,21.88,216.9,0.2684,0.06379,10.8,4.524,6.177,64.02
2023-08-20 00:00:00,26118.0,1667.92,21.8,216.7,0.2665,0.06404,10.76,4.498,6.164,64.39
2023-08-20 04:00:00,26088.44,1664.98,21.71,216.2,0.266,0.06412,10.77,4.48,6.124,64.2
2023-08-20 08:00:00,26180.03,1674.9,21.95,216.4,0.2678,0.06419,10.87,4.48,6.206,64.9
2023-08-20 12:00:00,26108.24,1670.3,21.79,216.1,0.2688,0.06356,10.86,4.496,6.16,64.35
2023-08-20 16:00:00,26139.99,1677.82,21.81,216.8,0.2721,0.06377,10.84,4.495,6.199,64.87
2023-08-20 20:00:00,26186.42,1684.98,21.78,216.6,0.2707,0.06386,10.87,4.514,6.22,65.31
2023-08-21 00:00:00,26092.51,1676.92,21.38,215.6,0.271,0.06385,10.76,4.495,6.206,66.45
2023-08-21 04:00:00,26015.95,1671.46,21.31,214.8,0.2678,0.06312,10.73,4.489,6.182,65.52
2023-08-21 08:00:00,26028.85,1673.54,21.24,210.5,0.2675,0.0628,10.53,4.475,6.204,65.69
2023-08-21 12:00:00,25934.92,1659.38,20.73,207.8,0.2617,0.06158,10.34,4.407,6.114,65.21
2023-08-21 16:00:00,26094.98,1672.54,21.28,210.5,0.265,0.06277,10.35,4.445,6.198,66.42
2023-08-21 20:00:00,26122.59,1667.26,21.24,210.5,0.2632,0.06248,10.35,4.442,6.196,67.0
2023-08-22 00:00:00,26059.14,1662.83,21.07,209.8,0.2618,0.06253,10.31,4.43,6.144,66.65
2023-08-22 04:00:00,26095.73,1666.72,21.17,209.2,0.2615,0.0631,10.31,4.409,6.196,66.38
2023-08-22 08:00:00,26049.99,1662.33,20.97,208.9,0.2587,0.06286,10.2,4.405,6.203,66.07
2023-08-22 12:00:00,25941.43,1650.99,20.71,204.6,0.2558,0.06232,10.05,4.368,6.129,65.82
2023-08-22 16:00:00,25775.12,1624.86,20.08,207.8,0.2538,0.06177,9.91,4.334,6.031,64.14
2023-08-22 20:00:00,26054.99,1634.29,20.59,210.8,0.2585,0.06261,10.15,4.416,6.104,64.86
2023-08-23 00:00:00,26010.0,1632.67,20.62,212.4,0.2583,0.06252,10.11,4.41,6.136,64.73
2023-08-23 04:00:00,26050.0,1644.13,20.78,216.0,0.2594,0.06387,10.24,4.418,6.19,65.05
2023-08-23 08:00:00,25940.0,1643.2,20.63,214.8,0.2598,0.06331,10.12,4.418,6.255,64.57
2023-08-23 12:00:00,26154.38,1656.87,20.89,215.5,0.2626,0.06385,10.3,4.457,6.366,65.13
2023-08-23 16:00:00,26650.0,1686.96,21.5,217.5,0.2687,0.06423,10.44,4.523,6.425,66.44
2023-08-23 20:00:00,26449.68,1680.24,21.71,216.5,0.2679,0.06366,10.32,4.49,6.346,65.56
2023-08-24 00:00:00,26446.14,1675.39,21.79,217.1,0.2687,0.06383,10.27,4.499,6.323,65.84
2023-08-24 04:00:00,26480.99,1674.96,21.76,219.2,0.2686,0.06386,10.3,4.502,6.311,65.64
2023-08-24 08:00:00,26447.56,1668.0,21.87,219.2,0.2677,0.06352,10.36,4.472,6.315,65.61
2023-08-24 12:00:00,26014.99,1643.38,21.05,217.1,0.2628,0.06275,10.06,4.406,6.128,64.43
2023-08-24 16:00:00,26029.31,1648.9,21.04,217.0,0.2652,0.0627,10.11,4.42,6.095,64.67
2023-08-24 20:00:00,26175.01,1660.91,21.02,218.9,0.2658,0.06307,10.12,4.408,6.085,64.92
2023-08-25 00:00:00,26090.01,1653.97,20.72,217.4,0.2631,0.06237,9.93,4.4,6.005,64.1
2023-08-25 04:00:00,25990.36,1650.67,20.67,215.1,0.2621,0.06229,10.02,4.398,5.975,64.65
2023-08-25 08:00:00,26106.12,1653.9,20.68,216.4,0.2624,0.06239,10.03,4.466,5.997,64.76
2023-08-25 12:00:00,25934.24,1646.7,20.35,217.0,0.2604,0.06227,9.99,4.45,5.955,64.82
2023-08-25 16:00:00,25974.99,1647.39,20.23,217.2,0.2597,0.06266,10.01,4.472,5.978,64.79
2023-08-25 20:00:00,26064.1,1654.35,20.41,218.4,0.2611,0.06309,10.05,4.488,6.015,65.08
2023-08-26 00:00:00,26084.91,1654.27,20.41,217.9,0.2603,0.06322,10.08,4.497,6.033,65.33
2023-08-26 04:00:00,26053.77,1653.66,20.42,217.4,0.2602,0.06326,10.03,4.492,6.017,65.42
2023-08-26 08:00:00,26054.53,1650.0,20.32,216.8,0.259,0.06279,10.05,4.485,6.003,65.45
2023-08-26 12:00:00,26059.94,1652.25,20.36,217.3,0.2607,0.0629,10.03,4.51,5.999,65.26
2023-08-26 16:00:00,26031.03,1646.95,20.28,216.5,0.2601,0.06293,10.03,4.504,5.99,65.01
2023-08-26 20:00:00,26013.79,1647.7,20.28,216.1,0.2613,0.06287,10.08,4.506,6.002,65.01
2023-08-27 00:00:00,26019.83,1646.8,20.32,216.0,0.2607,0.06286,10.07,4.522,5.961,65.01
2023-08-27 04:00:00,26048.0,1648.65,20.39,217.0,0.2628,0.06338,10.11,4.53,5.981,65.23
2023-08-27 08:00:00,26064.83,1649.99,20.56,216.8,0.2637,0.06313,10.17,4.523,5.981,65.23
2023-08-27 12:00:00,26113.87,1654.82,20.74,218.3,0.2636,0.06339,10.25,4.505,6.015,65.55
2023-08-27 16:00:00,26129.65,1656.46,20.79,218.8,0.2622,0.06304,10.17,4.499,6.014,65.48
2023-08-27 20:00:00,26098.81,1658.18,20.81,218.4,0.2629,0.0632,10.2,4.488,6.021,65.41
2023-08-28 00:00:00,26017.31,1649.34,20.49,217.7,0.2611,0.0625,10.06,4.459,5.911,64.78
2023-08-28 04:00:00,25935.97,1641.49,20.39,215.9,0.2597,0.06239,9.98,4.45,5.926,64.56
2023-08-28 08:00:00,26011.52,1639.77,20.35,216.2,0.2603,0.06236,10.06,4.45,5.923,64.33
2023-08-28 12:00:00,26103.17,1648.14,20.48,218.1,0.2652,0.06318,10.31,4.571,5.99,65.15
2023-08-28 16:00:00,25995.17,1646.18,20.49,218.0,0.2647,0.06312,10.31,4.587,5.962,64.99
2023-08-28 20:00:00,26128.11,1653.59,20.55,218.8,0.2675,0.0634,10.38,4.603,5.984,65.42
2023-08-29 00:00:00,26092.2,1654.04,20.48,217.8,0.2657,0.06326,10.51,4.606,5.94,65.34
2023-08-29 04:00:00,26009.43,1647.2,20.24,217.9,0.263,0.06306,10.45,4.58,5.901,65.18
2023-08-29 08:00:00,25984.99,1641.92,20.18,217.6,0.2613,0.06257,10.36,4.573,5.901,65.01
2023-08-29 12:00:00,27424.77,1715.96,21.33,228.1,0.2745,0.06693,10.82,4.686,6.179,68.18
2023-08-29 16:00:00,27840.0,1735.62,21.59,227.1,0.2759,0.06681,10.86,4.685,6.214,68.62
2023-08-29 20:00:00,27723.71,1728.73,21.73,226.6,0.2727,0.06623,10.81,4.674,6.188,68.77
2023-08-30 00:00:00,27395.01,1719.52,21.66,225.4,0.2671,0.06555,10.61,4.616,6.077,67.89
2023-08-30 04:00:00,27430.01,1716.73,21.62,224.9,0.2657,0.06552,10.61,4.596,6.071,67.72
2023-08-30 08:00:00,27345.01,1717.7,21.41,224.3,0.2647,0.06513,10.52,4.575,6.024,67.52
2023-08-30 12:00:00,27204.99,1704.58,20.82,223.1,0.2629,0.06488,10.38,4.545,5.957,67.05
2023-08-30 16:00:00,27175.01,1701.82,20.72,222.6,0.2643,0.06539,10.4,4.549,5.947,67.64
2023-08-30 20:00:00,27295.85,1705.67,20.84,223.9,0.2655,0.0659,10.4,4.527,5.934,67.6
2023-08-31 00:00:00,27215.47,1699.38,20.64,222.8,0.2648,0.06545,10.31,4.483,5.948,67.18
2023-08-31 04:00:00,27264.87,1707.01,20.82,223.6,0.2658,0.06653,10.41,4.489,5.991,67.85
2023-08-31 08:00:00,27305.01,1713.82,20.91,225.0,0.2657,0.06662,10.52,4.5,6.036,68.0
2023-08-31 12:00:00,26916.23,1687.1,20.36,221.2,0.2595,0.06536,10.21,4.376,5.942,66.09
2023-08-31 16:00:00,26165.04,1657.15,19.86,217.3,0.2547,0.064,10.02,4.313,5.852,64.35
2023-08-31 20:00:00,25949.97,1646.74,19.75,216.8,0.2552,0.06394,9.99,4.276,5.878,63.9
2023-09-01 00:00:00,26084.98,1653.29,19.88,216.8,0.2565,0.06402,10.02,4.272,5.958,63.88
2023-09-01 04:00:00,25994.96,1646.42,19.8,214.2,0.2566,0.0634,9.98,4.258,5.952,63.55
2023-09-01 08:00:00,26047.85,1648.19,19.85,214.7,0.2582,0.06396,10.03,4.274,6.007,63.71
2023-09-01 12:00:00,25820.04,1635.82,19.39,213.3,0.2558,0.06338,9.93,4.236,5.947,63.3
2023-09-01 16:00:00,25639.97,1618.0,19.29,213.1,0.2536,0.06329,9.86,4.204,5.886,62.79
2023-09-01 20:00:00,25814.53,1628.14,19.37,214.1,0.2554,0.06383,9.92,4.204,5.933,63.07
2023-09-02 00:00:00,25804.99,1632.84,19.56,214.8,0.2565,0.0637,9.91,4.211,5.923,63.43
2023-09-02 04:00:00,25790.28,1632.22,19.58,214.2,0.2549,0.06339,9.9,4.239,5.955,63.49
2023-09-02 08:00:00,25824.13,1634.49,19.56,214.9,0.2554,0.06341,9.89,4.244,5.961,64.17
2023-09-02 12:00:00,25899.97,1639.05,19.57,214.4,0.257,0.06386,9.86,4.262,5.967,64.4
2023-09-02 16:00:00,25852.4,1635.38,19.41,213.8,0.2556,0.06333,9.86,4.244,5.936,64.46
2023-09-02 20:00:00,25865.0,1637.8,19.49,214.2,0.256,0.06346,9.91,4.266,5.966,64.57
2023-09-03 00:00:00,25869.99,1635.56,19.58,214.2,0.2553,0.06358,9.92,4.275,6.021,64.6
2023-09-03 04:00:00,25957.12,1635.45,19.57,214.3,0.2556,0.06362,9.96,4.28,6.043,64.17
2023-09-03 08:00:00,25946.25,1634.63,19.43,214.2,0.2547,0.06329,9.93,4.278,6.035,64.09
2023-09-03 12:00:00,25874.99,1632.62,19.39,214.0,0.254,0.06327,9.9,4.257,5.974,63.81
2023-09-03 16:00:00,26008.22,1638.26,19.44,214.3,0.2555,0.06323,9.89,4.272,6.014,64.03
2023-09-03 20:00:00,25979.99,1635.28,19.6,214.4,0.2559,0.06314,9.85,4.259,6.029,63.85
2023-09-04 00:00:00,25990.88,1638.14,19.76,215.6,0.2582,0.06345,9.99,4.304,6.107,64.6
2023-09-04 04:00:00,25969.9,1639.62,19.83,214.6,0.2571,0.06326,9.94,4.272,6.096,64.2
2023-09-04 08:00:00,25889.04,1632.75,19.62,213.6,0.2559,0.06321,9.89,4.287,6.067,64.17
2023-09-04 12:00:00,25819.96,1625.7,19.42,214.8,0.2557,0.06321,9.84,4.206,6.018,63.55
2023-09-04 16:00:00,25902.72,1630.73,19.44,215.6,0.2557,0.06313,9.86,4.255,6.011,63.65
2023-09-04 20:00:00,25829.98,1631.0,19.51,215.1,0.2561,0.06322,9.82,4.26,6.017,63.73
2023-09-05 00:00:00,25696.44,1617.16,19.18,214.0,0.2551,0.06327,9.7,4.212,5.926,63.47
2023-09-05 04:00:00,25715.5,1626.29,19.44,214.7,0.2565,0.06409,9.76,4.235,5.977,62.91
2023-09-05 08:00:00,25787.72,1635.16,19.55,215.3,0.2566,0.06404,9.86,4.28,6.069,63.13
2023-09-05 12:00:00,25760.38,1637.27,20.42,215.3,0.2578,0.06404,9.95,4.28,6.074,63.22
2023-09-05 16:00:00,25683.67,1632.6,20.24,214.6,0.2567,0.06379,9.92,4.261,6.119,63.14
2023-09-05 20:00:00,25780.4,1634.18,20.29,214.7,0.258,0.06408,9.93,4.258,6.147,63.2
2023-09-06 00:00:00,25780.91,1634.53,20.12,214.7,0.258,0.06415,9.97,4.26,6.211,63.15
2023-09-06 04:00:00,25729.99,1629.55,19.72,214.5,0.2561,0.06383,9.85,4.242,6.136,62.93
2023-09-06 08:00:00,25726.14,1633.4,19.79,214.8,0.2564,0.06387,9.92,4.243,6.145,63.02
2023-09-06 12:00:00,25587.1,1625.59,19.4,213.8,0.2554,0.06338,9.89,4.227,6.192,63.03
2023-09-06 16:00:00,25684.28,1631.02,19.48,214.9,0.2565,0.06327,9.9,4.226,6.262,62.68
2023-09-06 20:00:00,25764.99,1633.43,19.62,215.3,0.2579,0.06356,9.93,4.264,6.295,62.93
2023-09-07 00:00:00,25839.49,1639.96,19.78,215.5,0.2571,0.0638,10.0,4.278,6.364,63.3
2023-09-07 04:00:00,25769.47,1635.93,19.56,215.2,0.2569,0.0633,9.96,4.269,6.282,63.22
2023-09-07 08:00:00,25707.32,1626.53,19.38,213.8,0.2544,0.0629,9.91,4.246,6.244,62.95
2023-09-07 12:00:00,25784.95,1632.1,19.48,214.9,0.255,0.06316,9.92,4.247,6.269,62.9
2023-09-07 16:00:00,25881.07,1637.38,19.66,214.6,0.2558,0.06313,9.98,4.264,6.327,62.93
2023-09-07 20:00:00,26253.88,1648.71,19.9,216.9,0.2578,0.06356,10.07,4.285,6.388,63.67
2023-09-08 00:00:00,26267.26,1647.47,20.04,217.7,0.2574,0.06373,10.09,4.313,6.349,63.63
2023-09-08 04:00:00,26259.97,1646.44,19.88,216.9,0.2579,0.06365,10.09,4.298,6.311,63.36
2023-09-08 08:00:00,25840.2,1627.05,19.51,214.5,0.2536,0.06287,9.94,4.246,6.226,62.59
2023-09-08 12:00:00,25849.93,1628.18,19.51,213.9,0.2544,0.063,9.95,4.225,6.222,62.66
2023-09-08 16:00:00,25900.0,1635.26,19.56,214.3,0.2538,0.06318,9.92,4.241,6.264,62.6
2023-09-08 20:00:00,25912.99,1636.93,19.61,214.8,0.2544,0.06361,9.92,4.247,6.284,62.67
2023-09-09 00:00:00,25882.91,1634.11,19.55,214.3,0.2549,0.06358,9.89,4.253,6.258,62.88
2023-09-09 04:00:00,25891.74,1635.61,19.51,214.8,0.2555,0.06353,9.9,4.275,6.245,62.72
2023-09-09 08:00:00,25864.71,1636.0,19.56,214.7,0.2551,0.06356,9.9,4.269,6.222,62.76
2023-09-09 12:00:00,25895.02,1636.46,19.53,215.3,0.2541,0.06351,9.89,4.264,6.184,63.06
2023-09-09 16:00:00,25877.52,1634.38,19.42,214.5,0.2533,0.06347,9.88,4.247,6.164,63.11
2023-09-09 20:00:00,25907.4,1635.47,19.46,214.3,0.2535,0.06335,9.84,4.243,6.17,63.09
2023-09-10 00:00:00,25874.33,1630.11,19.22,214.1,0.2511,0.063,9.64,4.208,6.111,62.77
2023-09-10 04:00:00,25859.99,1625.01,18.59,213.2,0.2496,0.06213,9.56,4.185,6.121,61.98
2023-09-10 08:00:00,25806.03,1624.03,18.34,212.9,0.2507,0.06182,9.52,4.187,6.092,61.28
2023-09-10 12:00:00,25784.98,1620.29,18.19,212.6,0.2478,0.0614,9.55,4.146,6.048,60.91
2023-09-10 16:00:00,25812.23,1618.32,18.18,212.0,0.2486,0.06117,9.54,4.145,6.052,60.92
2023-09-10 20:00:00,25837.78,1617.2,18.26,212.1,0.2489,0.0614,9.47,4.147,6.017,61.18
2023-09-11 00:00:00,25744.97,1613.0,18.35,212.0,0.2485,0.06116,9.44,4.104,6.006,61.23
2023-09-11 04:00:00,25815.0,1612.38,18.21,211.4,0.2472,0.06185,9.49,4.122,5.987,61.4
2023-09-11 08:00:00,25601.01,1587.43,17.65,207.1,0.243,0.06005,9.2,4.007,5.894,59.97
2023-09-11 12:00:00,25129.99,1562.31,17.82,206.7,0.2424,0.06018,9.28,4.01,5.858,59.35
2023-09-11 16:00:00,25024.72,1539.94,17.48,204.9,0.2385,0.05969,9.12,3.948,5.779,58.1
2023-09-11 20:00:00,25164.13,1552.13,17.73,206.0,0.2419,0.06031,9.23,3.985,5.816,58.78
2023-09-12 00:00:00,25804.72,1586.38,18.26,209.4,0.2473,0.0616,9.43,4.03,5.953,60.07
2023-09-12 04:00:00,25823.12,1581.18,18.0,209.7,0.2456,0.06107,9.31,4.016,5.927,59.59
2023-09-12 08:00:00,26095.01,1609.5,18.3,212.1,0.2486,0.06184,9.45,4.048,6.024,60.82
2023-09-12 12:00:00,26192.26,1604.0,18.04,212.8,0.2486,0.06154,9.31,3.993,5.992,60.54
2023-09-12 16:00:00,26069.79,1600.69,17.97,212.5,0.2471,0.06129,9.32,4.006,5.971,60.42
2023-09-12 20:00:00,25840.19,1593.29,17.91,210.8,0.2457,0.06098,9.18,3.996,5.961,59.9
2023-09-13 00:00:00,25870.0,1587.9,17.86,209.6,0.2439,0.06058,9.24,3.976,5.971,59.96
2023-09-13 04:00:00,25874.37,1583.06,17.86,210.2,0.245,0.06082,9.16,3.981,5.974,60.17
2023-09-13 08:00:00,26200.0,1605.32,18.18,212.1,0.2484,0.06128,9.29,4.01,6.01,61.28
2023-09-13 12:00:00,26249.86,1608.83,18.37,212.4,0.2495,0.06141,9.29,4.042,6.027,61.68
2023-09-13 16:00:00,26149.99,1601.64,18.39,212.1,0.2478,0.06111,9.24,4.008,5.963,61.9
2023-09-13 20:00:00,26215.57,1607.36,18.4,212.2,0.2487,0.06133,9.3,3.999,6.018,61.95
2023-09-14 00:00:00,26269.98,1619.73,18.9,211.6,0.2481,0.06121,9.35,4.003,6.047,62.45
2023-09-14 04:00:00,26336.67,1623.4,18.87,212.2,0.2481,0.06135,9.34,3.984,6.027,62.55
2023-09-14 08:00:00,26451.8,1623.43,18.85,212.3,0.2492,0.06155,9.34,4.039,6.036,62.55
2023-09-14 12:00:00,26690.0,1633.16,18.91,213.2,0.2505,0.06188,9.38,4.048,6.073,63.22
2023-09-14 16:00:00,26689.55,1635.35,19.0,212.7,0.2517,0.06209,9.34,4.05,6.155,62.95
2023-09-14 20:00:00,26521.8,1626.45,18.82,211.9,0.2509,0.06199,9.38,4.057,6.146,62.87
2023-09-15 00:00:00,26618.1,1633.67,19.1,212.7,0.254,0.06208,9.45,4.094,6.202,63.26
2023-09-15 04:00:00,26569.69,1627.41,19.06,212.1,0.2512,0.06185,9.32,4.094,6.149,63.19
2023-09-15 08:00:00,26428.7,1618.74,19.01,212.0,0.2488,0.0616,9.28,4.083,6.103,63.24
2023-09-15 12:00:00,26323.99,1619.09,18.87,211.9,0.248,0.06181,9.2,4.104,6.2,64.35
2023-09-15 16:00:00,26400.0,1620.91,18.75,212.3,0.2474,0.06192,9.28,4.122,6.228,65.11
2023-09-15 20:00:00,26603.66,1642.0,19.15,213.9,0.2504,0.06245,9.43,4.146,6.361,65.97
2023-09-16 00:00:00,26615.0,1642.09,19.27,214.7,0.2514,0.06243,9.51,4.2,6.317,66.21
2023-09-16 04:00:00,26492.19,1636.92,19.09,214.7,0.2501,0.06228,9.48,4.214,6.29,65.56
2023-09-16 08:00:00,26517.42,1635.69,19.17,214.0,0.2511,0.06228,9.46,4.169,6.272,64.98
2023-09-16 12:00:00,26500.01,1635.92,19.02,214.0,0.2498,0.06215,9.42,4.158,6.209,64.57
2023-09-16 16:00:00,26544.99,1632.25,18.94,214.3,0.2484,0.06198,9.38,4.146,6.189,64.72
2023-09-16 20:00:00,26564.87,1635.04,19.13,214.8,0.2502,0.06212,9.38,4.184,6.264,65.14
2023-09-17 00:00:00,26528.51,1628.63,19.03,214.7,0.2494,0.06196,9.27,4.124,6.222,64.07
2023-09-17 04:00:00,26503.45,1630.75,19.01,214.7,0.2492,0.06228,9.27,4.13,6.191,63.94
2023-09-17 08:00:00,26570.5,1629.54,19.03,214.5,0.2496,0.06221,9.27,4.135,6.217,64.16
2023-09-17 12:00:00,26553.17,1630.31,19.01,216.2,0.2498,0.06199,9.2,4.133,6.176,64.19
2023-09-17 16:00:00,26510.65,1626.74,18.9,216.2,0.2478,0.06161,9.19,4.101,6.143,63.99
2023-09-17 20:00:00,26525.01,1621.93,18.77,216.2,0.2471,0.06151,9.09,4.059,6.142,63.59
2023-09-18 00:00:00,26650.12,1628.89,19.17,217.8,0.2492,0.06182,9.12,4.12,6.607,64.77
2023-09-18 04:00:00,26709.99,1633.49,19.14,217.1,0.2484,0.06174,9.11,4.132,6.541,64.79
2023-09-18 08:00:00,27193.07,1654.77,19.55,219.4,0.2533,0.06238,9.25,4.197,6.722,65.63
2023-09-18 12:00:00,27265.01,1655.85,19.98,219.5,0.2543,0.06244,9.26,4.194,6.738,66.89
2023-09-18 16:00:00,26820.0,1641.04,19.78,216.8,0.2525,0.06188,9.17,4.12,6.624,66.34
2023-09-18 20:00:00,26756.08,1637.23,19.66,215.9,0.2518,0.06196,9.09,4.106,6.559,65.81
2023-09-19 00:00:00,26833.29,1634.96,19.98,216.5,0.2549,0.06209,9.13,4.111,6.756,66.42
2023-09-19 04:00:00,26840.4,1636.98,19.81,216.9,0.2523,0.06221,9.17,4.101,6.694,67.0
2023-09-19 08:00:00,27235.0,1646.68,20.19,218.1,0.2557,0.06266,9.21,4.151,6.715,67.47
2023-09-19 12:00:00,27426.63,1656.6,20.13,218.5,0.2569,0.06318,9.26,4.134,6.862,68.13
2023-09-19 16:00:00,27190.0,1644.48,19.88,217.2,0.2558,0.06249,9.2,4.136,6.825,67.63
2023-09-19 20:00:00,27212.67,1643.51,20.01,217.2,0.2549,0.0627,9.22,4.151,6.837,67.4
2023-09-20 00:00:00,27125.0,1636.9,19.93,216.3,0.2533,0.06234,9.05,4.139,6.895,66.85
2023-09-20 04:00:00,27105.0,1635.08,19.97,216.1,0.2528,0.06235,9.06,4.118,6.795,66.47
2023-09-20 08:00:00,27095.01,1630.55,20.08,216.0,0.2525,0.06213,9.09,4.107,6.827,65.51
2023-09-20 12:00:00,27181.66,1628.53,20.2,215.9,0.2551,0.0623,9.09,4.114,6.927,64.41
2023-09-20 16:00:00,26950.0,1617.28,20.13,214.3,0.2508,0.06219,8.92,4.099,6.88,64.27
2023-09-20 20:00:00,27134.94,1622.99,20.32,214.5,0.2517,0.0626,9.06,4.131,6.904,64.53
2023-09-21 00:00:00,27039.99,1623.0,20.16,214.6,0.251,0.06281,9.08,4.157,6.87,64.9
2023-09-21 04:00:00,26991.55,1618.66,19.92,213.2,0.2496,0.06253,8.99,4.121,6.794,64.42
2023-09-21 08:00:00,26724.54,1593.07,19.58,210.1,0.2473,0.06173,8.85,4.028,6.699,63.33
2023-09-21 12:00:00,26594.54,1584.73,19.63,210.6,0.2489,0.06176,8.88,4.041,6.777,64.46
2023-09-21 16:00:00,26610.85,1589.97,19.6,210.9,0.2473,0.0615,8.84,4.033,6.717,64.59
2023-09-21 20:00:00,26566.44,1585.32,19.46,210.6,0.2462,0.0614,8.86,4.014,6.684,64.69
2023-09-22 00:00:00,26629.98,1592.16,19.67,211.7,0.246,0.06157,8.85,4.021,6.686,65.01
2023-09-22 04:00:00,26680.0,1596.53,19.61,210.9,0.245,0.06177,8.86,4.007,6.7,64.76
2023-09-22 08:00:00,26646.2,1597.3,19.7,211.0,0.2452,0.06153,8.91,4.021,6.78,64.77
2023-09-22 12:00:00,26638.91,1593.35,19.55,210.8,0.2449,0.06148,8.82,4.015,6.788,64.6
2023-09-22 16:00:00,26535.0,1592.43,19.36,210.5,0.2438,0.06138,8.8,4.01,6.878,64.59
2023-09-22 20:00:00,26579.73,1593.66,19.44,211.1,0.2447,0.06149,8.86,4.02,6.926,64.29
2023-09-23 00:00:00,26528.1,1591.92,19.37,210.3,0.2448,0.0615,8.85,4.012,6.998,64.78
2023-09-23 04:00:00,26577.16,1592.54,19.5,211.0,0.2453,0.06157,8.89,4.017,7.037,64.76
2023-09-23 08:00:00,26569.9,1593.19,19.48,210.5,0.2465,0.06148,8.95,4.01,6.994,65.0
2023-09-23 12:00:00,26576.1,1590.49,19.32,210.3,0.2449,0.06135,8.93,4.005,6.945,64.66
2023-09-23 16:00:00,26612.91,1594.54,19.47,210.9,0.2466,0.06161,8.89,4.019,7.189,65.18
2023-09-23 20:00:00,26580.03,1593.34,19.44,210.2,0.2457,0.06153,8.88,4.028,7.18,65.11
2023-09-24 00:00:00,26582.94,1592.38,19.56,209.9,0.2452,0.06157,8.9,4.019,7.161,64.82
2023-09-24 04:00:00,26560.55,1592.35,19.58,210.6,0.2453,0.06143,8.9,4.014,7.177,64.63
2023-09-24 08:00:00,26594.51,1594.69,19.56,210.6,0.2458,0.06153,8.95,4.039,7.087,64.61
2023-09-24 12:00:00,26584.94,1591.48,19.53,210.4,0.245,0.06145,8.98,4.044,7.108,64.65
2023-09-24 16:00:00,26467.17,1586.69,19.47,209.5,0.2441,0.06111,8.88,4.016,7.084,64.13
2023-09-24 20:00:00,26243.85,1580.11,19.35,208.1,0.2428,0.06066,8.77,3.986,6.972,63.51
2023-09-25 00:00:00,26164.6,1577.41,19.46,208.7,0.2448,0.06094,8.81,4.0,7.163,64.34
2023-09-25 04:00:00,26192.92,1581.41,19.48,209.3,0.2452,0.06077,8.86,4.06,7.28,64.65
2023-09-25 08:00:00,26079.99,1569.77,19.53,207.7,0.2429,0.06054,8.82,4.036,7.231,63.98
2023-09-25 12:00:00,26245.0,1584.2,19.57,209.2,0.2453,0.06097,8.83,4.076,7.375,64.67
2023-09-25 16:00:00,26347.94,1592.49,19.51,210.1,0.2451,0.06095,8.91,4.067,7.462,64.4
2023-09-25 20:00:00,26300.0,1588.32,19.38,209.9,0.2459,0.06088,8.93,4.062,7.494,64.39
2023-09-26 00:00:00,26356.42,1592.66,19.49,211.1,0.2467,0.06107,9.05,4.076,7.521,64.7
2023-09-26 04:00:00,26269.21,1588.32,19.33,212.3,0.2462,0.06085,8.97,4.038,7.441,64.33
2023-09-26 08:00:00,26276.46,1591.06,19.39,212.0,0.2453,0.06078,9.0,4.034,7.432,64.26
2023-09-26 12:00:00,26132.96,1582.65,19.16,210.8,0.2447,0.06054,8.93,4.011,7.326,63.84
2023-09-26 16:00:00,26250.04,1588.75,19.22,211.9,0.2442,0.06036,8.97,4.006,7.383,63.99
2023-09-26 20:00:00,26211.63,1593.81,19.04,212.3,0.2455,0.0606,9.04,4.012,7.366,63.8
2023-09-27 00:00:00,26275.43,1597.08,19.03,212.9,0.245,0.06081,9.03,3.997,7.363,64.03
2023-09-27 04:00:00,26251.54,1592.4,18.94,213.2,0.2446,0.06056,9.0,3.996,7.357,63.78
2023-09-27 08:00:00,26773.4,1629.56,19.41,215.7,0.248,0.0614,9.13,4.06,7.654,65.41
2023-09-27 12:00:00,26303.41,1601.16,18.93,212.1,0.2439,0.06064,8.97,3.997,7.605,63.68
2023-09-27 16:00:00,26265.74,1596.99,18.95,211.6,0.2445,0.06056,8.95,4.011,7.655,63.62
2023-09-27 20:00:00,26373.99,1598.77,19.08,212.0,0.2444,0.06049,8.91,3.995,7.669,63.44
2023-09-28 00:00:00,26380.59,1605.57,19.19,211.9,0.2438,0.06052,8.95,3.995,7.651,63.25
2023-09-28 04:00:00,26455.27,1619.47,19.25,213.0,0.2451,0.06079,9.1,4.024,7.744,63.97
2023-09-28 08:00:00,26474.86,1623.87,19.16,213.7,0.2467,0.061,9.16,4.039,7.753,63.98
2023-09-28 12:00:00,27014.45,1651.64,19.59,215.5,0.2492,0.06152,9.26,4.075,7.879,64.75
2023-09-28 16:00:00,27104.22,1657.17,19.68,214.9,0.2488,0.06147,9.23,4.079,7.965,65.03
2023-09-28 20:00:00,27023.99,1653.8,19.94,214.8,0.2491,0.06143,9.27,4.075,7.811,65.18
2023-09-29 00:00:00,26962.0,1651.1,20.18,214.6,0.2503,0.06148,9.34,4.07,7.741,65.03
2023-09-29 04:00:00,27174.17,1685.11,20.33,217.1,0.2523,0.06196,9.35,4.105,7.804,66.46
2023-09-29 08:00:00,26979.81,1668.45,20.11,216.3,0.2512,0.06164,9.24,4.082,7.712,65.67
2023-09-29 12:00:00,26881.75,1672.64,20.34,215.9,0.2542,0.06183,9.23,4.081,7.814,65.57
2023-09-29 16:00:00,26915.91,1665.75,20.28,215.5,0.2486,0.06188,9.09,4.073,8.036,66.15
2023-09-29 20:00:00,26909.86,1668.41,20.26,215.4,0.2495,0.06205,9.17,4.079,7.976,65.61
2023-09-30 00:00:00,26920.0,1669.0,20.23,214.5,0.2505,0.0618,9.14,4.081,8.017,65.43
2023-09-30 04:00:00,26926.31,1672.88,20.3,214.4,0.2507,0.06177,9.18,4.081,8.083,65.52
2023-09-30 08:00:00,26939.56,1676.65,20.38,214.8,0.2508,0.06181,9.19,4.086,8.2,65.74
2023-09-30 12:00:00,27017.29,1683.29,21.41,216.0,0.2525,0.06211,9.25,4.099,8.226,66.22
2023-09-30 16:00:00,27027.62,1680.04,21.43,215.8,0.2543,0.06228,9.26,4.099,8.167,66.33
2023-09-30 20:00:00,26960.01,1670.9,21.38,214.4,0.254,0.06198,9.25,4.107,8.167,66.28
2023-10-01 00:00:00,27047.95,1674.2,21.2,215.1,0.2544,0.06206,9.33,4.114,8.155,65.99
2023-10-01 04:00:00,27108.17,1677.56,21.39,215.0,0.2549,0.06211,9.43,4.145,8.062,66.23
2023-10-01 08:00:00,27175.01,1687.05,22.92,216.2,0.2622,0.06278,9.62,4.194,8.135,67.42
2023-10-01 12:00:00,27149.93,1680.5,23.04,215.5,0.2593,0.06244,9.58,4.191,7.998,66.92
2023-10-01 16:00:00,27096.39,1675.03,22.69,214.0,0.2588,0.06204,9.49,4.195,7.848,66.45
2023-10-01 20:00:00,27994.99,1733.1,23.81,218.0,0.2655,0.0632,9.72,4.261,8.05,68.24
2023-10-02 00:00:00,28110.37,1726.9,24.02,219.2,0.2643,0.06362,9.78,4.263,7.89,67.86
2023-10-02 04:00:00,28313.08,1728.08,24.25,219.6,0.2663,0.06343,9.77,4.277,8.036,67.9
2023-10-02 08:00:00,28200.56,1725.65,23.81,218.8,0.2671,0.06361,9.69,4.235,7.895,67.73
2023-10-02 12:00:00,28038.02,1690.76,24.0,216.1,0.2629,0.06267,9.5,4.165,7.663,66.68
2023-10-02 16:00:00,27955.02,1672.53,23.76,215.0,0.2599,0.06211,9.39,4.153,7.606,65.93
2023-10-02 20:00:00,27544.99,1663.21,23.32,214.7,0.2588,0.06205,9.33,4.119,7.454,66.02
2023-10-03 00:00:00,27602.94,1665.13,23.57,215.2,0.2622,0.0622,9.3,4.159,7.533,66.22
2023-10-03 04:00:00,27549.64,1662.77,23.77,215.1,0.2626,0.06209,9.35,4.128,7.623,66.47
2023-10-03 08:00:00,27559.94,1657.13,23.93,213.9,0.2605,0.06182,9.36,4.128,7.532,65.66
2023-10-03 12:00:00,27345.07,1649.16,23.91,213.3,0.2612,0.06136,9.24,4.084,7.428,65.79
2023-10-03 16:00:00,27273.54,1651.5,23.57,213.1,0.259,0.06132,9.34,4.06,7.402,65.51
2023-10-03 20:00:00,27420.0,1657.88,23.53,213.2,0.2608,0.06132,9.41,4.08,7.401,65.54
2023-10-04 00:00:00,27431.48,1642.82,23.13,212.1,0.2557,0.06091,9.3,4.025,7.464,64.42
2023-10-04 04:00:00,27452.19,1643.87,23.06,212.1,0.2563,0.06099,9.62,4.031,7.582,64.48
2023-10-04 08:00:00,27576.43,1648.08,23.55,212.1,0.2565,0.06087,9.69,4.053,7.551,64.58
2023-10-04 12:00:00,27397.26,1633.97,22.69,211.9,0.2555,0.0606,9.76,4.02,7.632,64.0
2023-10-04 16:00:00,27619.57,1646.37,22.97,213.0,0.2571,0.06107,10.04,4.036,7.62,64.35
2023-10-04 20:00:00,27790.15,1647.96,23.15,213.7,0.259,0.06142,10.07,4.043,7.667,64.41
2023-10-05 00:00:00,27658.55,1643.18,23.22,213.2,0.2579,0.0611,10.13,4.033,7.639,64.73
2023-10-05 04:00:00,27614.99,1632.34,22.89,212.0,0.2579,0.0609,9.97,4.033,7.725,64.49
2023-10-05 08:00:00,27718.6,1636.92,23.23,212.3,0.2613,0.06105,10.17,4.064,7.693,64.85
2023-10-05 12:00:00,27569.94,1618.62,22.89,211.2,0.2594,0.06078,9.92,4.016,7.553,64.31
2023-10-05 16:00:00,27473.28,1616.97,22.82,210.8,0.2617,0.06105,10.13,4.002,7.517,64.91
2023-10-05 20:00:00,27419.92,1611.76,22.68,210.7,0.259,0.06093,10.16,4.022,7.47,64.96
2023-10-06 00:00:00,27549.99,1624.05,23.21,211.4,0.2618,0.06092,10.42,4.044,7.518,65.19
2023-10-06 04:00:00,27641.31,1629.45,23.34,212.3,0.2635,0.06107,10.6,4.053,7.558,65.44
2023-10-06 08:00:00,27742.46,1633.76,23.14,212.1,0.2632,0.06108,10.64,4.053,7.557,65.14
2023-10-06 12:00:00,27888.69,1643.96,23.47,212.4,0.2639,0.06129,10.78,4.069,7.671,65.64
2023-10-06 16:00:00,27954.99,1647.5,23.45,213.5,0.2656,0.06116,10.67,4.085,7.7,65.59
2023-10-06 20:00:00,27935.03,1645.83,23.37,213.4,0.2645,0.06127,10.63,4.069,7.649,65.53
2023-10-07 00:00:00,27914.49,1642.69,23.71,213.4,0.2639,0.06155,10.96,4.064,7.621,65.74
2023-10-07 04:00:00,27886.01,1636.46,23.52,213.5,0.2608,0.06134,10.74,4.094,7.573,65.88
2023-10-07 08:00:00,27936.4,1638.91,23.44,212.6,0.2579,0.0613,10.54,4.093,7.603,65.81
2023-10-07 12:00:00,27915.12,1637.63,23.32,212.5,0.2589,0.06111,10.51,4.082,7.556,65.5
2023-10-07 16:00:00,27855.8,1631.08,23.11,211.7,0.2569,0.06091,10.27,4.048,7.485,65.06
2023-10-07 20:00:00,27952.0,1634.43,23.25,212.4,0.2582,0.06128,10.36,4.05,7.535,65.43
2023-10-08 00:00:00,28065.05,1639.73,23.54,212.7,0.2586,0.06131,10.51,4.064,7.612,65.91
2023-10-08 04:00:00,27913.87,1629.71,23.38,211.8,0.2563,0.0611,10.18,4.03,7.647,65.57
2023-10-08 08:00:00,27822.78,1618.44,23.21,210.0,0.256,0.06079,10.07,4.009,7.561,65.0
2023-10-08 12:00:00,27898.26,1631.35,23.47,211.5,0.2571,0.06103,10.04,4.009,7.684,65.37
2023-10-08 16:00:00,27896.46,1636.52,23.33,211.7,0.2564,0.06084,10.09,4.026,7.732,65.3
2023-10-08 20:00:00,27920.0,1633.81,23.18,211.2,0.2563,0.06095,10.11,4.013,7.675,65.31
2023-10-09 00:00:00,27920.0,1634.1,23.2,211.7,0.2574,0.06082,10.02,4.028,7.667,65.05
2023-10-09 04:00:00,27823.12,1620.82,22.98,210.7,0.2567,0.0603,9.92,3.992,7.582,64.3
2023-10-09 08:00:00,27494.99,1592.49,22.14,206.9,0.251,0.05873,9.64,3.852,7.332,63.07
2023-10-09 12:00:00,27445.28,1586.96,22.23,206.7,0.2506,0.05879,9.54,3.857,7.343,63.02
2023-10-09 16:00:00,27615.0,1580.29,22.19,206.0,0.2528,0.05897,9.52,3.859,7.306,62.83
2023-10-09 20:00:00,27584.59,1579.72,22.13,205.6,0.2516,0.05876,9.53,3.878,7.269,62.99
2023-10-10 00:00:00,27632.69,1586.23,22.13,206.9,0.2517,0.05897,9.58,3.856,7.309,63.35
2023-10-10 04:00:00,27645.51,1591.16,22.38,209.4,0.2526,0.05919,9.74,3.841,7.367,63.38
2023-10-10 08:00:00,27509.94,1579.12,22.14,207.1,0.2495,0.05869,9.7,3.816,7.292,62.85
2023-10-10 12:00:00,27395.01,1568.57,22.0,207.5,0.2481,0.05863,9.61,3.806,7.218,63.19
2023-10-10 16:00:00,27395.02,1565.58,22.02,208.5,0.2485,0.0589,9.53,3.812,7.25,63.5
2023-10-10 20:00:00,27418.69,1568.21,22.09,208.3,0.2493,0.05903,9.53,3.813,7.261,63.68
2023-10-11 00:00:00,27022.85,1556.24,21.96,205.7,0.2459,0.05885,9.33,3.75,7.171,62.73
2023-10-11 04:00:00,27023.79,1557.51,22.05,206.2,0.2459,0.05882,9.27,3.745,7.203,62.83
2023-10-11 08:00:00,27190.76,1571.58,22.15,207.7,0.2473,0.05883,9.43,3.774,7.322,62.26
2023-10-11 12:00:00,26780.19,1558.89,21.99,205.3,0.2471,0.05798,9.33,3.736,7.321,61.48
2023-10-11 16:00:00,26765.0,1562.62,21.96,205.9,0.2469,0.05815,9.35,3.729,7.348,61.48
2023-10-11 20:00:00,26879.99,1565.47,21.97,205.8,0.2481,0.05847,9.27,3.738,7.38,61.35
2023-10-12 00:00:00,26849.97,1561.07,21.68,205.3,0.2459,0.0581,9.13,3.724,7.338,61.18
2023-10-12 04:00:00,26812.56,1559.37,21.69,205.5,0.246,0.05835,9.18,3.72,7.342,61.23
2023-10-12 08:00:00,26835.05,1553.91,21.53,205.7,0.2454,0.05802,8.99,3.689,7.257,60.94
2023-10-12 12:00:00,26674.98,1542.95,21.28,205.1,0.2443,0.05788,8.98,3.669,7.219,61.08
2023-10-12 16:00:00,26710.38,1532.36,21.25,204.9,0.2441,0.05774,9.05,3.672,7.189,60.87
2023-10-12 20:00:00,26764.31,1540.14,21.28,203.8,0.2458,0.05789,9.12,3.673,7.188,61.07
2023-10-13 00:00:00,26775.27,1539.54,21.16,204.5,0.2452,0.05788,9.1,3.692,7.12,61.16
2023-10-13 04:00:00,26875.0,1547.01,21.38,205.3,0.2467,0.05798,9.18,3.673,7.221,61.48
2023-10-13 08:00:00,26824.97,1546.84,21.5,205.6,0.2461,0.05845,9.12,3.688,7.221,61.46
2023-10-13 12:00:00,26710.35,1538.65,21.4,205.8,0.2463,0.05824,9.03,3.69,7.184,61.37
2023-10-13 16:00:00,26782.19,1543.89,21.5,205.2,0.2461,0.05813,9.18,3.708,7.171,61.27
2023-10-13 20:00:00,26859.53,1548.57,21.78,206.1,0.2458,0.05825,9.15,3.715,7.249,61.61
2023-10-14 00:00:00,26940.21,1553.88,21.95,206.3,0.246,0.05859,9.2,3.745,7.294,61.77
2023-10-14 04:00:00,26868.35,1548.09,21.99,205.7,0.2451,0.0584,9.15,3.73,7.228,61.54
2023-10-14 08:00:00,26874.8,1545.21,21.88,205.9,0.2462,0.05882,9.2,3.731,7.259,61.56
2023-10-14 12:00:00,26943.7,1555.98,21.99,206.4,0.2473,0.05944,9.18,3.752,7.312,61.48
2023-10-14 16:00:00,26865.0,1554.13,21.97,206.5,0.2469,0.05956,9.18,3.736,7.334,61.95
2023-10-14 20:00:00,26858.31,1555.3,21.95,205.8,0.2467,0.05981,9.14,3.74,7.318,61.65
2023-10-15 00:00:00,26884.98,1553.96,21.9,207.0,0.2476,0.0595,9.2,3.727,7.333,61.75
2023-10-15 04:00:00,26889.99,1554.52,21.89,206.9,0.2473,0.0593,9.17,3.718,7.36,61.54
2023-10-15 08:00:00,26861.63,1555.96,21.81,206.4,0.2467,0.05923,9.12,3.742,7.371,61.54
2023-10-15 12:00:00,26895.28,1553.7,21.65,208.8,0.2458,0.05935,9.11,3.742,7.292,61.98
2023-10-15 16:00:00,27000.0,1558.75,21.84,209.2,0.2465,0.05946,9.15,3.762,7.443,61.84
2023-10-15 20:00:00,27135.01,1556.24,21.91,209.6,0.2466,0.05932,9.17,3.748,7.414,61.51
2023-10-16 00:00:00,27205.38,1560.92,22.11,209.7,0.2474,0.0594,9.38,3.742,7.424,61.8
2023-10-16 04:00:00,27819.88,1580.88,22.75,212.7,0.2519,0.06003,9.49,3.779,7.563,63.17
2023-10-16 08:00:00,27738.2,1582.7,23.07,212.6,0.2519,0.05978,9.47,3.762,7.562,62.89
2023-10-16 12:00:00,28028.01,1578.89,23.23,212.6,0.2503,0.05973,9.32,3.758,7.455,63.57
2023-10-16 16:00:00,28406.7,1589.66,23.73,214.3,0.2515,0.06001,9.41,3.8,7.511,64.04
2023-10-16 20:00:00,28466.74,1599.99,23.91,214.8,0.2517,0.06001,9.44,3.789,7.532,63.21
2023-10-17 00:00:00,28229.14,1588.44,23.98,213.3,0.2503,0.05988,9.32,3.742,7.458,63.03
2023-10-17 04:00:00,28411.38,1590.11,24.03,213.3,0.2501,0.05982,9.34,3.744,7.477,63.24
2023-10-17 08:00:00,28437.62,1586.24,24.06,212.8,0.2509,0.05992,9.28,3.726,7.48,62.99
2023-10-17 12:00:00,28471.13,1576.51,23.9,212.7,0.2473,0.05921,9.15,3.692,7.4,62.31
2023-10-17 16:00:00,28509.81,1564.54,24.04,211.2,0.2466,0.05899,9.13,3.672,7.296,61.87
2023-10-17 20:00:00,28403.58,1565.94,23.89,211.0,0.2461,0.05902,9.09,3.681,7.336,62.19
2023-10-18 00:00:00,28516.6,1567.6,23.95,212.4,0.2456,0.05893,9.09,3.662,7.341,62.14
2023-10-18 04:00:00,28520.92,1571.75,23.85,213.0,0.2464,0.05896,9.12,3.684,7.36,62.06
2023-10-18 08:00:00,28356.9,1580.04,23.78,212.8,0.247,0.05873,9.15,3.693,7.45,62.06
2023-10-18 12:00:00,28250.0,1569.4,23.65,211.5,0.2452,0.05864,9.0,3.671,7.402,61.42
2023-10-18 16:00:00,28256.8,1567.36,23.7,210.5,0.2444,0.0584,8.92,3.656,7.37,60.95
2023-10-18 20:00:00,28318.99,1564.13,23.41,210.2,0.2428,0.05862,8.92,3.657,7.358,60.22
2023-10-19 00:00:00,28260.46,1548.59,23.4,208.7,0.2409,0.05818,8.81,3.624,7.281,60.38
2023-10-19 04:00:00,28314.99,1552.97,23.78,209.7,0.2423,0.05818,8.91,3.62,7.347,60.85
2023-10-19 08:00:00,28445.88,1553.93,24.19,210.6,0.2427,0.05823,8.91,3.626,7.338,61.0
2023-10-19 12:00:00,28690.03,1560.54,24.66,210.3,0.2455,0.05833,9.01,3.63,7.375,61.55
2023-10-19 16:00:00,28710.49,1568.11,25.16,210.7,0.2449,0.05843,9.07,3.637,7.359,61.25
2023-10-19 20:00:00,28717.45,1567.0,24.95,210.9,0.2459,0.05877,9.07,3.64,7.297,61.77
2023-10-20 00:00:00,29200.0,1586.27,25.49,212.6,0.2481,0.05941,9.23,3.706,7.425,62.68
2023-10-20 04:00:00,29240.39,1582.64,26.23,212.4,0.2484,0.0594,9.22,3.732,7.462,62.9
2023-10-20 08:00:00,29534.74,1608.0,26.77,214.2,0.2499,0.05962,9.26,3.78,7.605,63.2
2023-10-20 12:00:00,29500.0,1603.58,26.89,212.8,0.2501,0.05992,9.17,3.706,7.636,63.45
2023-10-20 16:00:00,29558.61,1606.86,26.86,212.5,0.2509,0.06014,9.21,3.711,7.618,63.4
2023-10-20 20:00:00,29659.06,1604.05,27.03,212.0,0.2506,0.05987,9.23,3.725,7.567,63.35
2023-10-21 00:00:00,29551.97,1597.56,26.81,212.1,0.25,0.05978,9.22,3.729,7.607,63.85
2023-10-21 04:00:00,29689.75,1606.34,28.13,213.0,0.2522,0.0603,9.4,3.754,7.837,64.11
2023-10-21 08:00:00,29773.89,1608.11,29.35,213.3,0.2564,0.0605,9.55,3.809,8.049,64.4
2023-10-21 12:00:00,29934.62,1629.06,29.04,213.9,0.2597,0.06121,9.73,3.849,8.954,64.95
2023-10-21 16:00:00,30135.02,1635.06,29.47,214.9,0.2606,0.06092,9.64,3.923,8.888,64.87
2023-10-21 20:00:00,29904.46,1629.05,29.35,213.9,0.258,0.06111,9.63,3.9,8.912,64.66
2023-10-22 00:00:00,29904.94,1628.52,29.62,213.8,0.259,0.06104,9.59,3.87,9.267,64.97
2023-10-22 04:00:00,29797.42,1629.94,28.73,213.9,0.2578,0.06073,9.91,3.881,9.311,64.16
2023-10-22 08:00:00,29898.0,1628.33,28.21,213.8,0.257,0.06059,9.69,3.823,9.088,63.88
2023-10-22 12:00:00,29828.1,1625.49,28.34,213.9,0.2571,0.06066,9.77,3.821,9.233,64.76
2023-10-22 16:00:00,29846.74,1634.01,28.69,215.2,0.2598,0.06079,9.87,3.868,9.411,64.68
2023-10-22 20:00:00,29992.78,1661.29,28.9,217.4,0.2635,0.06161,10.05,3.965,10.2,65.12
2023-10-23 00:00:00,30669.99,1691.07,30.55,222.1,0.266,0.0623,10.29,4.024,10.73,66.23
2023-10-23 04:00:00,30486.02,1675.98,30.02,219.2,0.2635,0.06238,10.14,3.944,10.437,66.19
2023-10-23 08:00:00,30663.26,1676.59,29.73,220.3,0.2654,0.06479,10.01,4.024,10.237,66.5
2023-10-23 12:00:00,30875.8,1674.47,29.01,219.3,0.2641,0.06414,9.95,4.082,10.013,65.96
2023-10-23 16:00:00,31335.98,1710.14,29.8,222.0,0.2678,0.06418,10.17,4.191,10.286,67.03
2023-10-23 20:00:00,32915.0,1761.61,31.87,227.5,0.2797,0.06739,10.53,4.356,10.524,68.95
2023-10-24 00:00:00,34000.0,1809.59,31.51,230.7,0.2825,0.06762,10.45,4.307,10.257,70.07
2023-10-24 04:00:00,33989.23,1810.83,31.23,227.6,0.2793,0.06651,10.41,4.256,10.096,69.15
2023-10-24 08:00:00,34515.41,1845.0,31.85,231.5,0.2853,0.06783,10.6,4.298,10.509,69.89
2023-10-24 12:00:00,33690.0,1778.4,30.92,223.3,0.2776,0.06567,10.19,4.176,9.907,68.27
2023-10-24 16:00:00,33810.5,1776.15,30.53,225.5,0.2786,0.06666,10.26,4.194,10.013,68.62
2023-10-24 20:00:00,33932.19,1785.54,30.17,225.1,0.2786,0.06643,10.28,4.183,10.393,69.02
2023-10-25 00:00:00,33999.0,1785.81,31.0,227.4,0.2808,0.0659,10.36,4.219,11.329,69.61
2023-10-25 04:00:00,33847.19,1766.85,30.97,224.9,0.2783,0.06512,10.21,4.162,10.989,68.3
2023-10-25 08:00:00,34158.93,1783.0,32.18,223.9,0.2798,0.06551,10.34,4.204,11.122,68.82
2023-10-25 12:00:00,34816.73,1804.97,33.31,226.6,0.2877,0.06802,10.55,4.316,11.39,70.19
2023-10-25 16:00:00,34671.18,1787.99,32.66,222.7,0.2804,0.06789,10.45,4.314,11.17,68.44
2023-10-25 20:00:00,34520.97,1786.58,32.49,222.0,0.2806,0.06825,10.49,4.284,11.05,68.77
2023-10-26 00:00:00,34797.05,1815.0,32.68,225.4,0.2885,0.07144,10.95,4.355,11.053,70.0
2023-10-26 04:00:00,34655.99,1845.25,32.86,227.0,0.2937,0.0722,11.34,4.372,11.113,70.01
2023-10-26 08:00:00,34092.91,1810.96,31.83,224.7,0.287,0.07346,10.97,4.286,10.85,69.28
2023-10-26 12:00:00,34063.0,1778.51,31.38,221.1,0.2856,0.07059,10.55,4.189,10.514,67.8
2023-10-26 16:00:00,34036.84,1791.51,31.56,222.4,0.2841,0.07135,10.78,4.216,10.681,68.04
2023-10-26 20:00:00,34157.97,1800.44,32.74,223.0,0.2872,0.0718,11.04,4.233,10.929,68.86
2023-10-27 00:00:00,34117.29,1790.4,32.37,222.8,0.2847,0.07157,10.74,4.171,11.033,68.0
2023-10-27 04:00:00,33942.64,1776.57,32.37,223.4,0.2821,0.07005,10.62,4.125,10.742,67.3
2023-10-27 08:00:00,34046.66,1781.82,32.61,227.4,0.2851,0.07151,10.68,4.116,10.887,67.51
2023-10-27 12:00:00,33990.0,1780.47,32.2,226.0,0.2903,0.07039,10.75,4.171,11.085,67.86
2023-10-27 16:00:00,33684.28,1773.21,31.94,224.6,0.2889,0.06832,10.59,4.124,11.07,66.26
2023-10-27 20:00:00,33870.0,1778.03,31.72,224.3,0.2893,0.0678,10.6,4.137,11.215,66.95
2023-10-28 00:00:00,34063.39,1786.74,32.3,226.9,0.2949,0.06843,10.74,4.194,11.39,67.99
2023-10-28 04:00:00,34047.7,1787.85,32.26,226.8,0.2937,0.0687,10.88,4.173,11.318,68.06
2023-10-28 08:00:00,34157.95,1787.1,32.2,226.8,0.2926,0.06913,10.98,4.206,11.349,67.96
2023-10-28 12:00:00,34168.52,1789.51,32.01,226.4,0.2924,0.06895,10.84,4.187,11.122,67.98
2023-10-28 16:00:00,34112.29,1777.74,31.57,225.6,0.2906,0.06836,10.92,4.172,10.95,67.6
2023-10-28 20:00:00,34097.09,1777.08,31.64,225.5,0.2906,0.06887,10.96,4.184,10.915,67.75
2023-10-29 00:00:00,33967.07,1774.12,31.56,224.3,0.2894,0.0681,10.83,4.16,10.83,67.32
2023-10-29 04:00:00,34084.9,1783.3,32.25,225.6,0.2923,0.06863,11.02,4.182,11.008,67.43
2023-10-29 08:00:00,34220.0,1787.95,32.28,225.9,0.2946,0.06883,10.94,4.185,10.99,67.96
2023-10-29 12:00:00,34433.79,1792.9,32.58,226.3,0.2959,0.06944,11.17,4.283,11.018,68.78
2023-10-29 16:00:00,34574.82,1792.99,32.87,226.6,0.2964,0.06939,11.23,4.279,11.057,68.69
2023-10-29 20:00:00,34522.08,1795.82,32.78,227.2,0.2939,0.0694,11.36,4.316,11.082,68.68
2023-10-30 00:00:00,34255.14,1783.81,32.73,225.8,0.2934,0.0687,11.2,4.281,11.188,68.06
2023-10-30 04:00:00,34221.45,1788.44,32.61,226.0,0.293,0.0687,11.2,4.239,10.959,68.22
2023-10-30 08:00:00,34593.41,1816.87,34.89,228.2,0.2995,0.06948,11.56,4.344,11.439,69.33
2023-10-30 12:00:00,34650.12,1819.03,35.01,228.6,0.3008,0.06989,11.63,4.352,11.388,69.57
2023-10-30 16:00:00,34438.82,1800.5,34.83,228.2,0.3008,0.06935,11.53,4.374,11.204,69.1
2023-10-30 20:00:00,34481.52,1808.57,34.94,227.9,0.3026,0.0696,11.46,4.522,11.222,69.16
2023-10-31 00:00:00,34235.1,1795.0,35.73,226.5,0.2997,0.06899,11.43,4.486,11.473,69.07
2023-10-31 04:00:00,34153.3,1791.26,35.7,226.2,0.2983,0.06875,11.43,4.434,11.456,68.71
2023-10-31 08:00:00,34479.71,1812.0,36.59,227.9,0.3006,0.07002,11.63,4.506,11.515,70.15
2023-10-31 12:00:00,34260.0,1792.07,36.17,224.5,0.2894,0.06716,11.22,4.332,11.133,68.18
2023-10-31 16:00:00,34533.3,1806.08,36.21,225.7,0.2912,0.06808,11.24,4.422,11.284,68.33
2023-10-31 20:00:00,34627.47,1814.98,38.37,226.6,0.293,0.06832,11.32,4.438,11.38,68.88
2023-11-01 00:00:00,34448.75,1811.4,38.38,225.4,0.2896,0.06741,11.22,4.427,11.214,68.38
2023-11-01 04:00:00,34450.7,1806.75,38.44,225.0,0.2875,0.06683,11.13,4.383,11.139,68.26
2023-11-01 08:00:00,34415.38,1799.69,39.23,224.0,0.2878,0.0668,11.0,4.331,10.883,67.95
2023-11-01 12:00:00,34291.27,1793.33,40.69,223.2,0.2893,0.06623,11.02,4.333,10.833,66.69
2023-11-01 16:00:00,34572.49,1834.46,42.01,226.4,0.3003,0.0683,11.94,4.657,11.224,68.2
2023-11-01 20:00:00,35400.13,1845.9,41.15,228.1,0.3069,0.06894,12.19,4.736,11.616,69.89
2023-11-02 00:00:00,35569.7,1858.44,42.49,230.9,0.3098,0.06964,12.46,4.752,11.632,70.66
2023-11-02 04:00:00,35334.25,1835.0,43.12,229.2,0.3065,0.06973,12.01,4.669,11.218,69.64
2023-11-02 08:00:00,35382.54,1836.74,44.41,231.6,0.3099,0.0694,12.09,4.695,11.248,70.29
2023-11-02 12:00:00,34698.44,1803.61,41.58,229.8,0.3007,0.06763,11.55,4.631,10.892,68.71
2023-11-02 16:00:00,34994.45,1811.51,41.41,232.2,0.3217,0.06833,11.88,4.675,11.048,69.35
2023-11-02 20:00:00,34942.95,1800.72,40.21,231.9,0.3229,0.06789,11.9,4.635,10.997,69.38
2023-11-03 00:00:00,34690.07,1799.1,38.97,230.2,0.3152,0.06722,11.76,4.513,10.84,68.65
2023-11-03 04:00:00,34462.49,1798.29,39.01,230.0,0.3223,0.06737,11.8,4.548,11.18,69.11
2023-11-03 08:00:00,34200.0,1789.97,39.16,227.2,0.3169,0.06718,11.63,4.516,11.003,68.43
2023-11-03 12:00:00,34754.81,1812.23,39.81,229.8,0.3207,0.06771,12.02,4.614,11.256,69.12
2023-11-03 16:00:00,34541.38,1818.79,39.21,228.6,0.3224,0.06758,12.03,4.574,11.213,68.91
2023-11-03 20:00:00,34720.25,1830.98,39.47,230.1,0.328,0.06803,12.11,4.618,11.451,69.46
2023-11-04 00:00:00,34716.04,1835.7,41.09,231.4,0.3267,0.06875,12.11,4.624,11.353,69.67
2023-11-04 04:00:00,34758.38,1834.79,41.71,231.5,0.3255,0.06886,12.01,4.665,11.237,69.5
2023-11-04 08:00:00,34712.32,1837.59,41.55,234.5,0.3247,0.06859,11.99,4.652,11.268,69.66
2023-11-04 12:00:00,34673.0,1831.2,41.19,234.3,0.3224,0.0683,12.06,4.643,11.245,69.03
2023-11-04 16:00:00,34729.99,1834.2,41.46,235.9,0.3239,0.06832,12.06,4.664,11.372,69.03
2023-11-04 20:00:00,35048.07,1855.38,42.29,237.2,0.3278,0.06903,12.23,4.679,11.501,70.48
2023-11-05 00:00:00,35250.0,1888.21,42.52,242.4,0.33,0.06982,12.35,4.761,12.377,71.41
2023-11-05 04:00:00,35151.94,1886.52,41.56,244.4,0.3343,0.06945,12.38,4.79,12.242,71.38
2023-11-05 08:00:00,35042.54,1888.56,41.65,243.6,0.3422,0.07063,12.46,4.806,12.162,71.51
2023-11-05 12:00:00,34890.0,1874.74,40.79,240.9,0.3426,0.0697,12.26,4.758,11.774,70.41
2023-11-05 16:00:00,35004.3,1888.89,40.84,243.7,0.3451,0.07092,12.39,4.818,11.952,72.02
2023-11-05 20:00:00,35024.18,1892.71,41.16,244.1,0.3418,0.07103,12.36,4.77,12.206,71.5
2023-11-06 00:00:00,34972.48,1887.2,41.09,243.6,0.3441,0.0717,12.62,4.788,12.321,71.8
2023-11-06 04:00:00,34903.7,1878.81,39.95,244.1,0.3435,0.07132,12.54,4.777,12.454,71.87
2023-11-06 08:00:00,35224.38,1897.72,40.33,245.1,0.3518,0.07253,12.92,4.865,12.561,72.76
2023-11-06 12:00:00,35067.72,1900.52,40.21,251.4,0.3508,0.07397,12.99,4.858,12.659,73.65
2023-11-06 16:00:00,35052.82,1901.35,40.42,253.1,0.3662,0.07582,13.02,4.914,12.779,74.15
2023-11-06 20:00:00,35042.52,1900.8,42.09,254.5,0.3636,0.07643,13.06,4.972,12.992,74.58
2023-11-07 00:00:00,34917.7,1888.85,40.74,251.1,0.3568,0.07449,12.89,4.93,13.0,73.26
2023-11-07 04:00:00,34944.49,1892.13,41.58,250.9,0.3533,0.0754,13.05,4.964,13.087,73.38
2023-11-07 08:00:00,34627.56,1873.91,41.05,247.1,0.3449,0.07365,12.73,4.874,12.78,72.92
2023-11-07 12:00:00,34720.52,1861.6,41.22,244.6,0.34,0.07221,12.37,4.758,12.688,71.88
2023-11-07 16:00:00,35447.03,1895.03,43.7,248.0,0.3505,0.07368,12.78,4.976,13.063,73.54
2023-11-07 20:00:00,35385.6,1886.39,42.97,246.2,0.3506,0.07351,12.79,4.917,13.054,73.49
2023-11-08 00:00:00,35273.23,1881.32,43.34,245.2,0.3542,0.07357,12.76,4.867,13.208,72.8
2023-11-08 04:00:00,35240.94,1876.4,43.46,246.2,0.3567,0.07399,12.83,4.928,13.448,73.57
2023-11-08 08:00:00,35332.51,1882.25,43.3,246.6,0.3564,0.07446,12.84,4.928,13.566,73.46
2023-11-08 12:00:00,35237.4,1888.58,42.68,246.0,0.355,0.07402,12.73,4.924,13.721,72.99
2023-11-08 16:00:00,35621.05,1899.55,43.12,247.2,0.3569,0.0755,13.0,5.05,14.455,73.88
2023-11-08 20:00:00,35628.94,1888.61,43.14,246.6,0.3582,0.07533,12.99,5.056,14.928,73.17
2023-11-09 00:00:00,36399.99,1920.32,43.97,249.9,0.3646,0.07615,13.15,5.102,14.506,74.35
2023-11-09 04:00:00,36553.96,1914.32,43.92,248.7,0.3669,0.07582,13.34,5.085,14.536,74.16
2023-11-09 08:00:00,36808.93,1911.88,47.1,249.4,0.3732,0.07569,13.7,5.097,14.791,74.45
2023-11-09 12:00:00,37115.1,2040.79,46.46,252.0,0.3773,0.07575,13.78,5.152,15.285,74.77
2023-11-09 16:00:00,36373.48,2019.74,45.24,244.7,0.3614,0.07133,12.79,4.882,14.337,71.21
2023-11-09 20:00:00,36680.47,2121.32,45.38,251.5,0.3674,0.07312,12.96,5.088,14.619,72.82
2023-11-10 00:00:00,36738.0,2121.62,47.31,255.2,0.3725,0.07362,13.48,5.104,14.301,73.33
2023-11-10 04:00:00,36481.68,2102.86,47.54,251.3,0.3752,0.07449,13.33,5.083,14.463,73.15
2023-11-10 08:00:00,37070.45,2097.1,50.0,253.2,0.3761,0.07453,13.37,5.183,14.716,73.4
2023-11-10 12:00:00,37084.25,2090.48,50.76,249.7,0.3671,0.07326,13.28,5.045,15.083,71.92
2023-11-10 16:00:00,37221.05,2086.66,54.14,251.5,0.3733,0.07387,14.48,5.134,15.087,72.88
2023-11-10 20:00:00,37295.58,2078.0,56.6,251.0,0.3851,0.07542,14.63,5.297,15.518,73.32
2023-11-11 00:00:00,37025.79,2049.16,55.72,248.4,0.3746,0.07522,14.16,5.189,14.965,72.14
2023-11-11 04:00:00,37025.13,2054.96,54.39,248.7,0.3774,0.07844,14.25,5.204,15.035,72.16
2023-11-11 08:00:00,36996.83,2057.33,55.29,249.5,0.3785,0.08,14.17,5.262,14.999,74.04
2023-11-11 12:00:00,37070.7,2070.19,60.99,252.9,0.3874,0.08018,15.02,5.478,16.311,74.43
2023-11-11 16:00:00,37117.32,2077.18,60.46,254.1,0.3915,0.08,16.75,5.623,16.302,74.8
2023-11-11 20:00:00,37143.52,2051.42,56.49,251.4,0.3854,0.07852,16.8,5.551,16.44,75.21
2023-11-12 00:00:00,36977.89,2050.54,57.49,248.5,0.3804,0.07787,16.5,5.58,15.753,74.49
2023-11-12 04:00:00,37107.1,2059.03,61.11,250.4,0.3873,0.07948,18.37,5.726,16.263,75.53
2023-11-12 08:00:00,37076.15,2048.18,60.06,249.4,0.3877,0.07905,18.52,5.802,16.139,75.94
2023-11-12 12:00:00,37145.01,2057.45,58.69,248.6,0.3854,0.07849,18.01,5.786,15.897,75.24
2023-11-12 16:00:00,37105.0,2050.53,56.41,248.3,0.3815,0.07807,18.41,5.701,16.19,74.46
2023-11-12 20:00:00,37085.2,2044.51,57.01,247.4,0.3825,0.078,18.96,5.715,16.009,74.98
2023-11-13 00:00:00,36993.57,2041.73,57.01,245.9,0.3772,0.07666,18.13,5.634,15.524,73.69
2023-11-13 04:00:00,36980.03,2050.0,58.24,245.8,0.3774,0.07718,18.08,5.736,15.326,73.99
2023-11-13 08:00:00,36816.19,2046.38,56.74,244.9,0.3682,0.07713,17.97,5.586,15.134,72.98
2023-11-13 12:00:00,36840.53,2104.76,55.99,246.8,0.3707,0.07691,17.57,5.584,15.15,73.63
2023-11-13 16:00:00,36849.29,2100.67,54.72,245.6,0.368,0.07649,17.12,5.522,15.137,72.76
2023-11-13 20:00:00,36466.15,2054.98,51.64,241.2,0.3571,0.07471,16.14,5.354,14.378,71.21
2023-11-14 00:00:00,36463.17,2057.08,54.01,242.1,0.3581,0.07485,16.74,5.37,14.669,71.95
2023-11-14 04:00:00,36689.4,2060.5,55.28,244.2,0.3678,0.07517,17.26,5.465,14.801,72.25
2023-11-14 08:00:00,36268.17,2034.79,52.73,244.8,0.3572,0.07355,16.82,5.295,14.3,70.69
2023-11-14 12:00:00,36153.72,2037.46,56.13,244.3,0.3638,0.07412,17.32,5.37,14.089,71.19
2023-11-14 16:00:00,35342.11,1975.4,55.13,239.9,0.3496,0.07139,16.72,5.126,14.035,70.0
2023-11-14 20:00:00,35557.53,1979.43,56.64,242.2,0.3575,0.07241,17.06,5.247,13.953,70.71
2023-11-15 00:00:00,35399.99,1969.73,56.3,244.0,0.3539,0.07266,17.53,5.242,14.17,71.16
2023-11-15 04:00:00,35606.03,1982.5,58.99,245.2,0.3629,0.07376,18.63,5.303,14.593,71.52
2023-11-15 08:00:00,36199.99,2012.44,62.77,246.9,0.3696,0.07474,19.7,5.44,15.059,72.09
2023-11-15 12:00:00,36408.18,2021.41,62.42,252.4,0.3714,0.07424,20.44,5.424,14.891,71.95
2023-11-15 16:00:00,37478.76,2050.0,65.0,253.0,0.375,0.07519,20.66,5.607,15.117,73.17
2023-11-15 20:00:00,37846.08,2060.03,65.39,253.8,0.3783,0.07633,20.68,5.545,15.033,74.08
2023-11-16 00:00:00,37448.0,2054.0,65.69,253.3,0.3805,0.07693,22.4,5.593,14.924,73.9
2023-11-16 04:00:00,37446.03,2056.42,65.7,254.6,0.3946,0.07928,23.35,5.705,14.983,73.9
2023-11-16 08:00:00,37250.0,2068.59,64.3,251.4,0.3923,0.08061,23.17,5.603,14.681,73.47
2023-11-16 12:00:00,36394.44,1998.82,61.58,246.6,0.3829,0.07702,22.77,5.465,14.143,71.63
2023-11-16 16:00:00,35929.12,1966.39,62.23,243.0,0.3656,0.07937,22.03,5.405,14.023,71.1
2023-11-16 20:00:00,36209.38,1962.08,58.21,243.3,0.3703,0.07897,21.72,5.364,13.915,71.03
2023-11-17 00:00:00,36437.85,1983.41,59.52,244.4,0.3736,0.08085,23.62,5.459,13.994,70.7
2023-11-17 04:00:00,36225.52,1970.84,58.17,244.2,0.3675,0.0822,22.72,5.365,13.748,70.2
2023-11-17 08:00:00,36391.44,1967.59,58.23,244.3,0.3732,0.08368,21.86,5.318,13.457,70.83
2023-11-17 12:00:00,36046.82,1918.3,54.97,239.0,0.3551,0.07995,20.17,5.071,12.938,68.51
2023-11-17 16:00:00,36300.99,1940.68,57.59,243.5,0.3637,0.0828,21.29,5.209,13.525,69.64
2023-11-17 20:00:00,36566.73,1959.02,58.46,244.3,0.365,0.08641,21.97,5.225,13.616,70.03
2023-11-18 00:00:00,36383.83,1942.68,56.69,241.6,0.36,0.08457,20.8,5.135,13.396,69.11
2023-11-18 04:00:00,36418.38,1936.63,56.4,241.9,0.357,0.08354,21.07,5.095,13.347,68.63
2023-11-18 08:00:00,36419.43,1935.87,56.94,243.5,0.3582,0.08449,21.02,5.138,13.311,69.05
2023-11-18 12:00:00,36664.9,1954.26,58.09,244.6,0.3658,0.08098,22.25,5.224,13.536,69.77
2023-11-18 16:00:00,36666.59,1963.12,58.93,244.9,0.3719,0.08155,22.08,5.264,13.758,69.95
2023-11-18 20:00:00,36568.81,1960.52,58.52,244.5,0.3754,0.08021,21.96,5.288,13.735,69.87
2023-11-19 00:00:00,36520.43,1956.59,58.18,244.2,0.3746,0.07872,21.1,5.285,14.1,69.69
2023-11-19 04:00:00,36618.66,1962.83,60.46,244.7,0.374,0.07941,21.67,5.3,14.248,69.92
2023-11-19 08:00:00,36439.3,1950.76,59.92,243.2,0.3754,0.07837,21.3,5.229,14.195,68.98
2023-11-19 12:00:00,36568.28,1966.22,59.81,243.3,0.377,0.07835,21.54,5.289,14.177,69.27
2023-11-19 16:00:00,36931.7,1985.28,60.89,245.7,0.3825,0.08044,22.27,5.469,14.834,70.29
2023-11-19 20:00:00,37352.05,2011.62,61.14,246.2,0.3837,0.08049,22.89,5.446,14.94,70.56
2023-11-20 00:00:00,37105.26,1999.01,59.99,246.8,0.3811,0.07991,22.54,5.452,14.874,70.11
2023-11-20 04:00:00,37250.86,2015.42,59.85,246.7,0.3852,0.08084,22.37,5.471,15.185,70.4
2023-11-20 08:00:00,37155.64,2025.47,60.16,247.6,0.3915,0.08145,21.97,5.485,15.107,70.36
2023-11-20 12:00:00,37401.0,2040.21,58.98,248.2,0.3918,0.08034,21.96,5.434,15.108,70.45
2023-11-20 16:00:00,37555.81,2037.61,57.62,257.3,0.3855,0.07979,21.27,5.355,14.756,70.08
2023-11-20 20:00:00,37400.0,2020.53,57.05,252.8,0.38,0.07778,20.99,5.295,14.466,69.42
2023-11-21 00:00:00,37448.58,2019.41,56.02,262.7,0.385,0.07727,20.79,5.246,14.39,69.74
2023-11-21 04:00:00,37247.81,2004.0,55.44,257.5,0.3851,0.07643,20.62,5.198,14.143,69.51
2023-11-21 08:00:00,37180.94,2004.54,56.23,258.9,0.3784,0.07681,21.38,5.182,14.161,69.92
2023-11-21 12:00:00,36978.82,1992.41,55.14,264.3,0.3751,0.07592,21.55,5.155,14.237,69.7
2023-11-21 16:00:00,36979.56,1989.93,54.78,239.6,0.3712,0.07474,20.78,5.051,13.961,68.04
2023-11-21 20:00:00,35780.49,1938.09,51.95,225.4,0.3604,0.07182,18.99,4.876,13.381,66.26
2023-11-22 00:00:00,36397.83,1979.87,54.46,233.3,0.3707,0.07427,19.86,5.019,13.886,67.7
2023-11-22 04:00:00,36452.64,1994.21,54.67,232.9,0.3683,0.0742,20.17,5.068,14.137,67.61
2023-11-22 08:00:00,36457.77,2015.66,54.52,233.4,0.3687,0.07431,19.97,5.086,14.155,67.62
2023-11-22 12:00:00,36479.33,2030.88,54.96,230.6,0.37,0.0742,20.01,5.106,14.194,67.71
2023-11-22 16:00:00,37286.73,2074.83,57.3,235.0,0.3779,0.07585,20.92,5.223,14.498,68.42
2023-11-22 20:00:00,37360.0,2064.05,57.48,235.3,0.3802,0.07566,20.79,5.164,14.207,68.71
2023-11-23 00:00:00,37294.96,2060.61,57.61,235.3,0.3805,0.07584,20.84,5.19,14.404,69.14
2023-11-23 04:00:00,37357.96,2066.27,57.79,234.7,0.3807,0.0757,21.1,5.168,14.531,70.47
2023-11-23 08:00:00,37366.1,2060.43,57.89,232.7,0.3828,0.07591,20.76,5.175,14.335,69.13
2023-11-23 12:00:00,36956.01,2044.32,56.56,231.0,0.3773,0.07504,20.46,5.108,14.136,68.73
2023-11-23 16:00:00,37289.61,2063.61,56.43,233.5,0.3801,0.07573,20.41,5.104,14.566,69.47
2023-11-23 20:00:00,37290.14,2063.03,56.44,233.4,0.3852,0.07612,20.63,5.126,14.4,69.48
2023-11-24 00:00:00,37310.12,2064.98,57.25,234.4,0.3954,0.07718,20.78,5.183,14.382,69.55
2023-11-24 04:00:00,37514.56,2079.73,57.34,235.5,0.3926,0.07773,20.74,5.225,14.39,69.78
2023-11-24 08:00:00,37718.75,2097.06,58.04,235.6,0.391,0.07735,21.11,5.22,14.423,70.02
2023-11-24 12:00:00,38224.15,2115.87,58.15,234.8,0.3929,0.07792,21.62,5.253,14.582,70.48
2023-11-24 16:00:00,37757.66,2087.52,57.26,232.4,0.387,0.07732,21.04,5.217,14.365,70.97
2023-11-24 20:00:00,37716.86,2081.63,56.92,231.6,0.3861,0.07817,20.89,5.215,14.487,70.69
2023-11-25 00:00:00,37795.19,2087.82,58.79,233.1,0.3909,0.07888,21.35,5.305,14.723,71.58
2023-11-25 04:00:00,37780.73,2089.65,58.56,234.5,0.3928,0.07879,21.2,5.312,14.727,71.29
2023-11-25 08:00:00,37659.07,2070.59,57.77,232.1,0.3882,0.07777,20.72,5.252,14.723,70.73
2023-11-25 12:00:00,37690.69,2078.98,58.63,232.9,0.3937,0.07801,20.95,5.349,14.737,71.11
2023-11-25 16:00:00,37809.14,2082.0,59.06,232.6,0.3945,0.07832,21.15,5.341,14.708,71.27
2023-11-25 20:00:00,37794.42,2083.77,58.81,234.1,0.3935,0.0785,21.35,5.32,14.75,71.69
2023-11-26 00:00:00,37730.75,2076.84,58.22,231.8,0.3913,0.07761,21.01,5.325,14.809,71.28
2023-11-26 04:00:00,37796.67,2089.64,58.58,233.2,0.3944,0.07811,21.26,5.365,15.137,71.03
2023-11-26 08:00:00,37676.89,2084.99,57.81,233.2,0.391,0.07764,21.06,5.337,15.208,70.78
2023-11-26 12:00:00,37446.88,2066.89,57.0,231.3,0.3863,0.07734,20.72,5.265,14.749,70.17
2023-11-26 16:00:00,37381.15,2055.46,57.22,230.7,0.3831,0.07705,20.81,5.295,14.65,69.68
2023-11-26 20:00:00,37450.0,2063.68,57.57,232.0,0.3875,0.07838,21.14,5.322,14.791,70.0
2023-11-27 00:00:00,37295.35,2048.12,56.66,229.0,0.3829,0.07829,20.65,5.253,14.678,69.04
2023-11-27 04:00:00,37301.74,2043.89,55.94,228.4,0.3825,0.08096,20.54,5.216,14.526,69.67
2023-11-27 08:00:00,37046.52,2024.12,55.06,225.3,0.38,0.07935,20.58,5.137,14.256,68.63
2023-11-27 12:00:00,36746.45,2006.7,53.99,223.0,0.3754,0.07736,20.2,5.093,14.126,68.42
2023-11-27 16:00:00,36878.42,1995.88,54.12,224.8,0.3738,0.07745,20.0,5.056,13.973,68.01
2023-11-27 20:00:00,37237.52,2026.75,55.14,227.1,0.3781,0.07877,20.35,5.165,14.218,69.22
2023-11-28 00:00:00,37135.49,2026.68,55.01,226.4,0.3763,0.07798,20.18,5.185,14.143,68.73
2023-11-28 04:00:00,37114.06,2014.76,55.14,226.0,0.3736,0.07735,19.76,5.135,13.963,68.09
2023-11-28 08:00:00,37262.15,2027.8,56.21,229.0,0.3783,0.07812,20.18,5.196,14.292,69.07
2023-11-28 12:00:00,37511.71,2038.8,56.02,229.2,0.3804,0.07988,20.34,5.214,14.378,68.97
2023-11-28 16:00:00,38147.07,2060.83,58.03,230.7,0.3867,0.08049,20.67,5.28,14.571,69.93
2023-11-28 20:00:00,37823.4,2049.79,57.94,229.3,0.385,0.08088,20.66,5.264,14.532,69.68
2023-11-29 00:00:00,37943.53,2051.78,58.45,229.3,0.3846,0.08063,20.83,5.261,14.641,69.63
2023-11-29 04:00:00,38105.0,2058.61,59.28,229.5,0.385,0.08097,21.12,5.27,14.696,69.91
2023-11-29 08:00:00,38111.62,2053.64,60.61,229.4,0.3849,0.08129,21.15,5.345,14.754,69.95
2023-11-29 12:00:00,37827.97,2032.25,60.07,227.8,0.3802,0.08032,21.25,5.219,14.583,69.6
2023-11-29 16:00:00,37887.28,2038.91,60.1,227.8,0.3845,0.08135,21.07,5.192,14.58,69.85
2023-11-29 20:00:00,37861.76,2030.27,59.29,227.1,0.3812,0.0806,21.08,5.17,14.491,70.02
2023-11-30 00:00:00,38036.88,2040.19,60.45,228.6,0.3817,0.08142,21.14,5.189,14.623,69.82
2023-11-30 04:00:00,37814.35,2035.62,59.9,227.7,0.3768,0.08145,21.02,5.17,14.435,69.64
2023-11-30 08:00:00,37881.5,2045.0,60.75,228.6,0.3774,0.08185,21.09,5.195,14.787,69.56
2023-11-30 12:00:00,37618.49,2033.43,59.53,226.2,0.3748,0.08209,20.98,5.479,14.395,69.21
2023-11-30 16:00:00,37744.59,2040.06,59.97,227.6,0.3754,0.08412,21.06,5.448,14.338,69.4
2023-11-30 20:00:00,37730.97,2050.4,59.25,227.8,0.3773,0.08342,21.29,5.447,14.415,69.45
2023-12-01 00:00:00,38020.59,2090.7,60.75,228.9,0.3796,0.084,22.01,5.485,14.591,70.01
2023-12-01 04:00:00,38254.2,2092.46,60.91,228.3,0.3788,0.08444,22.3,5.436,14.712,70.36
2023-12-01 08:00:00,38601.24,2093.9,61.06,228.7,0.3821,0.08378,22.28,5.449,14.786,71.07
2023-12-01 12:00:00,38399.44,2077.69,60.15,228.2,0.3808,0.08296,22.22,5.429,14.966,71.53
2023-12-01 16:00:00,38766.18,2090.61,60.4,228.6,0.3848,0.08322,22.03,5.47,14.957,71.63
2023-12-01 20:00:00,38688.5,2086.18,59.77,228.5,0.384,0.08382,21.84,5.475,14.979,71.51
2023-12-02 00:00:00,38780.6,2092.51,60.91,229.1,0.3848,0.08416,22.05,5.483,15.326,71.82
2023-12-02 04:00:00,38722.93,2097.53,61.94,228.6,0.3861,0.08391,22.13,5.505,15.792,72.05
2023-12-02 08:00:00,38751.95,2099.27,62.0,226.9,0.3887,0.08385,22.02,5.533,15.625,71.49
2023-12-02 12:00:00,38805.1,2098.0,61.91,227.2,0.3883,0.08435,21.94,5.481,15.796,71.89
2023-12-02 16:00:00,39426.59,2150.66,62.69,228.5,0.3923,0.0857,22.25,5.55,16.076,71.97
2023-12-02 20:00:00,39453.91,2162.06,63.48,229.0,0.3968,0.08623,22.18,5.577,15.966,72.14
2023-12-03 00:00:00,39346.89,2157.48,64.01,228.6,0.396,0.08585,22.27,5.543,15.872,71.59
2023-12-03 04:00:00,39487.53,2161.78,63.94,228.5,0.3969,0.08544,22.17,5.53,16.238,71.94
2023-12-03 08:00:00,39494.29,2158.45,63.58,228.1,0.3941,0.08473,21.91,5.47,15.98,72.33
2023-12-03 12:00:00,39763.57,2158.58,62.95,227.1,0.3907,0.08404,21.8,5.505,15.83,71.75
2023-12-03 16:00:00,39599.99,2165.85,63.05,227.4,0.3898,0.08544,21.8,5.465,15.806,71.55
2023-12-03 20:00:00,40020.0,2191.22,63.0,228.2,0.3949,0.08567,21.93,5.564,15.752,71.96
2023-12-04 00:00:00,40714.59,2212.29,64.43,228.8,0.4029,0.08632,22.14,5.602,15.873,73.83
2023-12-04 04:00:00,41450.07,2246.67,63.7,231.6,0.4079,0.09003,22.49,5.633,16.067,73.65
2023-12-04 08:00:00,41615.0,2236.55,62.17,229.4,0.4021,0.08748,22.02,5.579,15.613,73.53
2023-12-04 12:00:00,41292.26,2211.07,60.97,229.4,0.3979,0.0892,21.39,5.496,15.442,72.47
2023-12-04 16:00:00,41973.62,2234.0,61.0,231.2,0.4005,0.08872,21.77,5.557,15.607,72.38
2023-12-04 20:00:00,41998.28,2242.26,61.63,233.2,0.4057,0.09192,22.7,5.629,15.797,72.87
2023-12-05 00:00:00,41826.58,2229.84,60.75,232.8,0.4051,0.0901,22.37,5.605,15.656,72.5
2023-12-05 04:00:00,41532.09,2203.47,59.69,229.1,0.3988,0.08854,22.22,5.636,15.277,71.65
2023-12-05 08:00:00,41732.43,2202.66,60.15,230.4,0.3992,0.08884,22.03,5.537,15.334,71.94
2023-12-05 12:00:00,42275.1,2230.15,61.05,230.9,0.4026,0.08982,22.36,5.625,15.504,72.09
2023-12-05 16:00:00,43815.33,2273.35,61.36,231.4,0.421,0.09417,23.54,5.767,15.741,72.98
2023-12-05 20:00:00,44151.45,2296.53,61.04,231.1,0.4251,0.09395,24.47,5.887,15.731,74.26
2023-12-06 00:00:00,43723.35,2280.75,64.05,231.6,0.4246,0.09503,26.68,5.878,15.694,73.37
2023-12-06 04:00:00,43691.24,2267.11,63.41,233.5,0.4309,0.10279,25.89,5.949,15.65,73.99
2023-12-06 08:00:00,43844.11,2252.76,63.07,229.5,0.433,0.10003,25.59,5.943,15.553,73.44
2023-12-06 12:00:00,43798.49,2253.3,62.6,230.3,0.45,0.10079,25.83,6.13,15.523,73.28
2023-12-06 16:00:00,43999.6,2263.98,64.34,230.8,0.4476,0.09918,27.42,6.091,15.734,73.93
2023-12-06 20:00:00,43779.58,2233.38,62.0,229.3,0.4429,0.09486,26.15,6.029,15.25,72.41
2023-12-07 00:00:00,43937.44,2248.01,62.89,232.0,0.4436,0.09706,26.39,6.046,15.43,72.81
2023-12-07 04:00:00,43912.62,2261.21,63.37,232.6,0.4463,0.09766,26.64,6.123,15.59,73.74
2023-12-07 08:00:00,43183.09,2237.12,64.04,229.7,0.4352,0.09434,26.56,5.955,15.083,72.67
2023-12-07 12:00:00,43660.26,2317.27,65.73,232.8,0.4432,0.09616,26.78,6.101,15.257,73.66
2023-12-07 16:00:00,43301.0,2334.84,64.73,231.0,0.4516,0.09408,26.41,6.175,15.223,73.57
2023-12-07 20:00:00,43283.59,2356.2,67.63,232.8,0.4551,0.09592,26.2,6.22,15.705,73.91
2023-12-08 00:00:00,43381.48,2370.01,71.48,234.8,0.4614,0.09682,26.66,6.228,15.819,74.66
2023-12-08 04:00:00,43179.06,2351.79,71.47,232.3,0.4734,0.09731,26.89,6.25,15.891,74.21
2023-12-08 08:00:00,43624.86,2361.4,72.79,234.4,0.5204,0.09772,27.45,6.357,16.35,75.55
2023-12-08 12:00:00,43787.07,2347.71,72.08,234.8,0.5468,0.09748,27.73,6.671,16.723,75.96
2023-12-08 16:00:00,43923.02,2352.22,72.31,238.0,0.5329,0.10026,29.12,6.642,16.795,77.9
2023-12-08 20:00:00,44178.56,2359.11,74.84,238.7,0.5439,0.1016,30.43,6.837,16.894,78.23
2023-12-09 00:00:00,44150.01,2359.35,74.12,243.8,0.5765,0.10235,31.44,7.406,16.844,78.2
2023-12-09 04:00:00,44188.03,2384.56,76.86,244.5,0.6209,0.10436,31.7,7.568,17.197,78.75
2023-12-09 08:00:00,43826.83,2357.92,77.15,242.4,0.623,0.10158,33.21,7.571,16.966,77.68
2023-12-09 12:00:00,44042.81,2363.69,75.58,241.0,0.6123,0.10118,32.95,7.329,16.64,77.66
2023-12-09 16:00:00,43920.34,2355.94,74.13,239.6,0.5914,0.10021,31.8,7.288,16.56,76.87
2023-12-09 20:00:00,43701.86,2339.79,72.01,237.8,0.5793,0.09828,31.5,7.135,16.25,76.33
2023-12-10 00:00:00,43854.1,2350.83,73.12,240.6,0.5914,0.09992,32.6,7.232,16.318,77.28
2023-12-10 04:00:00,43974.18,2349.65,72.51,240.2,0.5896,0.09977,32.65,7.175,16.273,78.34
2023-12-10 08:00:00,43746.56,2338.11,71.47,238.6,0.59,0.09839,32.01,7.066,15.951,77.37
2023-12-10 12:00:00,43912.9,2350.03,73.71,240.0,0.595,0.10051,33.05,7.24,16.165,78.37
2023-12-10 16:00:00,43799.17,2354.52,73.46,239.7,0.5983,0.10199,35.57,7.175,16.197,77.53
2023-12-10 20:00:00,43788.74,2352.3,74.6,239.6,0.5931,0.10174,37.04,7.333,16.35,77.1
2023-12-11 00:00:00,42369.7,2254.62,71.13,233.5,0.5619,0.10084,36.62,6.852,15.1,74.03
2023-12-11 04:00:00,42152.3,2237.09,68.42,232.6,0.5539,0.09694,35.27,6.665,14.881,73.1
2023-12-11 08:00:00,42350.18,2249.61,69.72,236.2,0.5529,0.09892,36.56,6.747,15.045,73.48
2023-12-11 12:00:00,41791.22,2218.39,69.3,244.1,0.5424,0.09538,35.39,6.686,14.762,72.69
2023-12-11 16:00:00,40799.2,2188.76,69.34,240.0,0.5301,0.09348,36.51,6.496,14.554,72.47
2023-12-11 20:00:00,41237.41,2226.63,70.47,246.6,0.5507,0.09413,38.0,6.702,14.756,72.58
2023-12-12 00:00:00,41747.33,2232.29,71.39,252.8,0.5625,0.0962,41.85,6.905,14.986,73.44
2023-12-12 04:00:00,41931.44,2233.0,71.73,250.5,0.5923,0.09689,40.97,7.271,15.007,73.21
2023-12-12 08:00:00,41602.0,2209.55,70.54,249.9,0.5914,0.09529,40.18,7.162,14.807,72.55
2023-12-12 12:00:00,41352.08,2192.29,68.67,253.7,0.5816,0.09391,37.73,7.131,14.657,71.94
2023-12-12 16:00:00,41146.74,2178.15,67.85,255.2,0.5703,0.09246,37.69,7.03,14.418,71.92
2023-12-12 20:00:00,41465.48,2203.76,68.6,254.4,0.5762,0.09391,37.4,7.127,14.504,72.35
2023-12-13 00:00:00,40801.77,2167.18,65.78,246.3,0.5595,0.09108,34.99,6.794,14.066,71.17
2023-12-13 04:00:00,41091.01,2173.43,65.0,248.1,0.5592,0.09175,35.24,6.786,14.187,71.45
2023-12-13 08:00:00,41020.84,2171.01,65.44,249.3,0.5772,0.09212,35.83,6.823,14.086,71.21
2023-12-13 12:00:00,41930.05,2217.33,67.6,251.7,0.6253,0.093,39.03,7.052,14.571,72.53
2023-12-13 16:00:00,42756.31,2253.5,70.38,253.5,0.6417,0.09476,40.96,7.289,14.752,73.08
2023-12-13 20:00:00,42878.34,2261.97,70.73,252.4,0.6664,0.09606,38.95,7.61,14.79,73.18
2023-12-14 00:00:00,42706.12,2252.16,70.07,248.9,0.6558,0.09558,38.71,7.385,14.746,72.78
2023-12-14 04:00:00,42903.46,2281.29,71.46,251.2,0.6541,0.09593,38.72,7.377,14.842,73.12
2023-12-14 08:00:00,43274.66,2307.68,73.52,251.7,0.6576,0.09779,39.59,7.564,15.263,73.99
2023-12-14 12:00:00,42450.5,2274.96,71.7,251.2,0.6344,0.09562,38.31,7.278,14.88,71.8
2023-12-14 16:00:00,43102.89,2291.2,73.33,252.0,0.6372,0.0973,38.95,7.4,15.305,72.72
2023-12-14 20:00:00,43031.93,2315.87,75.63,253.5,0.6441,0.09842,39.27,7.506,15.364,72.91
2023-12-15 00:00:00,42759.08,2281.41,74.3,251.3,0.6374,0.09745,39.44,7.432,15.012,72.38
2023-12-15 04:00:00,42693.44,2272.54,76.58,249.2,0.6293,0.09585,39.41,7.237,14.892,71.8
2023-12-15 08:00:00,42759.68,2273.12,78.95,249.9,0.6386,0.09608,41.02,7.325,15.067,71.98
2023-12-15 12:00:00,41898.68,2231.35,75.93,245.9,0.621,0.09391,40.24,7.103,14.764,71.28
2023-12-15 16:00:00,42088.12,2243.67,76.86,246.3,0.6167,0.09489,41.21,7.07,14.776,71.79
2023-12-15 20:00:00,41932.39,2217.76,72.95,244.9,0.6021,0.09304,39.67,6.947,14.266,70.88
2023-12-16 00:00:00,42357.19,2254.82,74.21,247.5,0.615,0.0939,41.15,7.089,14.504,71.9
2023-12-16 04:00:00,42233.49,2240.04,74.38,246.4,0.612,0.09353,41.98,7.099,14.423,72.07
2023-12-16 08:00:00,42339.4,2252.8,75.11,246.8,0.6159,0.09456,43.68,7.187,14.529,72.23
2023-12-16 12:00:00,42590.34,2256.98,77.12,246.2,0.6205,0.095,44.92,7.279,14.643,72.25
2023-12-16 16:00:00,42384.51,2235.89,74.16,244.8,0.61,0.09429,42.48,7.078,14.37,71.91
2023-12-16 20:00:00,42258.78,2229.56,73.77,244.2,0.6073,0.09689,42.23,7.071,14.306,72.06
2023-12-17 00:00:00,41915.83,2217.11,73.65,243.1,0.6123,0.09529,43.38,7.076,14.186,72.44
2023-12-17 04:00:00,41853.29,2209.37,72.31,240.2,0.5926,0.09393,41.4,6.962,14.026,72.99
2023-12-17 08:00:00,41950.01,2216.54,73.0,241.8,0.6015,0.09511,42.4,6.994,14.249,72.6
2023-12-17 12:00:00,41823.97,2223.27,72.58,241.3,0.5936,0.09403,41.98,6.926,14.218,72.55
2023-12-17 16:00:00,42116.57,2234.17,73.57,242.9,0.5947,0.09499,41.83,6.938,14.274,72.76
2023-12-17 20:00:00,41368.43,2196.92,70.75,239.1,0.5832,0.09264,40.65,6.793,14.024,71.28
2023-12-18 00:00:00,41098.3,2176.44,69.86,237.3,0.5726,0.09198,39.53,6.711,13.858,70.37
2023-12-18 04:00:00,41134.18,2170.07,71.14,236.9,0.5693,0.09087,38.88,6.656,13.869,70.46
2023-12-18 08:00:00,41091.62,2142.03,68.98,235.5,0.56,0.08826,38.14,6.502,14.176,68.75
2023-12-18 12:00:00,41255.25,2154.8,70.7,237.3,0.5673,0.08903,39.1,6.598,14.007,69.45
2023-12-18 16:00:00,41700.98,2174.0,72.29,238.3,0.5769,0.0903,39.86,6.716,14.285,70.11
2023-12-18 20:00:00,42628.76,2218.91,74.41,241.7,0.6006,0.09202,41.13,6.878,14.663,70.77
2023-12-19 00:00:00,43026.85,2234.47,75.13,245.2,0.6089,0.09248,40.81,6.935,14.673,71.05
2023-12-19 04:00:00,43021.78,2246.86,75.76,245.1,0.61,0.09324,40.75,6.978,14.589,71.22
2023-12-19 08:00:00,42990.57,2235.73,74.76,252.5,0.5944,0.09228,41.02,6.85,14.538,71.15
2023-12-19 12:00:00,42504.97,2193.23,73.43,251.2,0.5801,0.09136,39.73,6.78,14.262,70.9
2023-12-19 16:00:00,42350.08,2176.16,74.25,253.4,0.5781,0.09024,40.43,6.717,14.078,70.54
2023-12-19 20:00:00,42270.46,2179.38,73.06,252.7,0.5773,0.09018,39.78,6.707,14.102,70.53
2023-12-20 00:00:00,42417.79,2185.56,74.9,252.0,0.5765,0.09054,40.21,6.761,14.128,70.62
2023-12-20 04:00:00,42936.0,2215.81,75.89,256.1,0.5897,0.09038,41.5,6.881,14.415,71.23
2023-12-20 08:00:00,42883.85,2214.64,77.07,255.3,0.5901,0.09063,42.37,7.003,14.375,71.06
2023-12-20 12:00:00,44035.52,2246.9,80.65,258.0,0.5997,0.09266,43.69,7.064,14.733,71.51
2023-12-20 16:00:00,43748.51,2205.43,81.09,259.5,0.5951,0.09163,42.97,6.964,14.355,70.85
2023-12-20 20:00:00,43676.0,2201.03,81.97,260.0,0.5882,0.09144,43.36,6.947,14.238,69.83
2023-12-21 00:00:00,43665.2,2201.31,83.51,258.8,0.5933,0.09137,44.27,7.117,14.269,69.75
2023-12-21 04:00:00,43765.85,2215.28,86.79,261.7,0.5981,0.09143,44.85,7.424,14.43,69.8
2023-12-21 08:00:00,43935.81,2251.82,86.97,271.7,0.6102,0.09259,45.42,7.547,15.074,70.42
2023-12-21 12:00:00,43807.18,2230.11,87.64,271.9,0.5972,0.09128,44.68,7.515,14.951,70.09
2023-12-21 16:00:00,43596.22,2225.68,92.91,270.0,0.6127,0.09313,45.65,8.241,14.932,70.34
2023-12-21 20:00:00,43854.69,2240.11,93.9,271.8,0.635,0.09485,45.68,8.402,15.262,70.87
2023-12-22 00:00:00,44010.83,2247.96,97.76,271.7,0.6285,0.09372,47.75,8.256,15.218,71.02
2023-12-22 04:00:00,43601.06,2272.8,93.72,265.7,0.6125,0.09249,45.68,7.917,15.136,70.66
2023-12-22 08:00:00,43762.07,2314.12,93.84,270.6,0.619,0.09323,44.61,8.118,15.317,71.44
2023-12-22 12:00:00,43664.98,2322.24,96.45,271.3,0.6197,0.0939,45.12,8.072,15.476,71.79
2023-12-22 16:00:00,43654.24,2311.69,96.85,269.8,0.6172,0.09363,44.95,7.92,15.351,72.5
2023-12-22 20:00:00,43961.99,2326.43,97.81,270.7,0.6234,0.0952,45.31,7.968,15.484,73.52
2023-12-23 00:00:00,43559.0,2274.4,94.01,266.7,0.601,0.09219,43.75,7.632,14.996,71.54
2023-12-23 04:00:00,43562.89,2285.13,95.33,266.0,0.6042,0.0926,45.13,7.738,15.029,71.83
2023-12-23 08:00:00,43555.23,2288.61,95.56,267.6,0.6045,0.09285,45.02,7.864,15.224,71.93
2023-12-23 12:00:00,43774.23,2287.51,96.64,269.5,0.603,0.09315,44.95,7.821,15.815,72.11
2023-12-23 16:00:00,43700.06,2292.95,102.75,270.2,0.6044,0.09304,45.2,7.981,15.631,72.15
2023-12-23 20:00:00,43700.1,2307.59,107.94,270.6,0.6135,0.09334,48.1,8.331,15.661,72.55
2023-12-24 00:00:00,43850.36,2315.0,116.66,269.0,0.619,0.09439,48.3,8.8,15.68,72.71
2023-12-24 04:00:00,43670.71,2295.12,114.39,269.0,0.6132,0.09327,48.16,8.6,15.54,72.36
2023-12-24 08:00:00,43630.15,2288.45,110.22,267.9,0.6127,0.09434,47.45,9.038,15.661,72.05
2023-12-24 12:00:00,43708.84,2293.85,113.55,269.5,0.6146,0.09388,47.84,8.98,15.807,72.1
2023-12-24 16:00:00,43638.53,2288.93,115.12,268.5,0.616,0.09394,49.39,8.876,15.845,72.21
2023-12-24 20:00:00,42991.17,2263.72,112.91,263.9,0.5921,0.09173,47.56,8.631,15.303,71.16
2023-12-25 00:00:00,43154.8,2276.16,112.15,264.7,0.6039,0.09258,47.39,8.729,15.415,71.19
2023-12-25 04:00:00,43221.14,2280.87,112.71,264.9,0.6023,0.09253,47.2,9.2,15.378,71.9
2023-12-25 08:00:00,43201.18,2278.34,111.8,266.3,0.6073,0.09296,46.43,9.133,15.255,72.02
2023-12-25 12:00:00,43633.69,2285.75,122.73,267.3,0.6157,0.09376,48.64,9.146,15.587,72.51
2023-12-25 16:00:00,43464.97,2274.48,121.34,265.7,0.62,0.09422,47.64,9.182,15.391,72.27
2023-12-25 20:00:00,43607.38,2272.21,120.69,266.9,0.6257,0.09439,48.2,9.202,15.618,72.31
2023-12-26 00:00:00,43459.22,2269.63,119.34,270.4,0.6171,0.0937,47.15,9.29,15.768,72.73
2023-12-26 04:00:00,42803.39,2239.76,113.44,271.6,0.603,0.0922,45.94,9.088,15.255,72.13
2023-12-26 08:00:00,42707.28,2242.72,114.94,289.9,0.6118,0.09257,46.52,9.158,15.411,73.39
2023-12-26 12:00:00,42371.6,2229.42,111.29,296.2,0.608,0.09155,44.89,8.833,15.089,72.78
2023-12-26 16:00:00,42161.01,2210.02,106.67,295.5,0.5877,0.09002,43.02,8.662,14.844,72.59
2023-12-26 20:00:00,42526.37,2232.35,112.64,298.1,0.6076,0.09127,44.47,8.827,15.091,72.95
2023-12-27 00:00:00,42226.73,2217.0,108.52,290.1,0.5906,0.09004,42.81,8.479,14.743,72.57
2023-12-27 04:00:00,42465.12,2226.38,111.44,292.9,0.5963,0.09189,43.22,8.678,14.907,73.65
2023-12-27 08:00:00,43007.72,2284.84,112.9,310.0,0.6115,0.09228,44.4,8.793,15.464,75.35
2023-12-27 12:00:00,42968.82,2345.02,108.58,312.0,0.619,0.0933,43.28,8.925,16.175,75.61
2023-12-27 16:00:00,43159.99,2344.89,109.12,312.1,0.6339,0.09337,42.89,8.792,16.291,75.26
2023-12-27 20:00:00,43410.09,2372.18,106.97,323.3,0.6335,0.09352,42.35,8.703,16.71,75.96
2023-12-28 00:00:00,43392.82,2413.9,104.63,325.3,0.6601,0.09476,42.06,8.568,17.398,75.68
2023-12-28 04:00:00,43018.58,2378.16,105.68,323.2,0.6608,0.0934,41.51,8.579,16.916,76.47
2023-12-28 08:00:00,43055.0,2401.24,104.83,335.6,0.6451,0.09343,42.18,8.674,17.278,77.21
2023-12-28 12:00:00,42449.96,2358.01,99.69,328.9,0.6173,0.09139,40.02,8.368,16.237,74.98
2023-12-28 16:00:00,42621.15,2364.59,101.15,330.3,0.6254,0.09198,40.03,8.44,16.498,76.5
2023-12-28 20:00:00,42601.54,2339.83,101.91,323.1,0.6191,0.09169,39.87,8.445,16.022,76.62
2023-12-29 00:00:00,42699.5,2350.49,104.98,320.2,0.614,0.09191,41.02,8.45,15.96,77.26
2023-12-29 04:00:00,42294.87,2332.8,105.05,313.1,0.6085,0.09122,40.54,8.299,15.701,75.46
2023-12-29 08:00:00,42850.2,2370.17,107.39,317.5,0.6231,0.09282,41.75,8.542,16.208,76.18
2023-12-29 12:00:00,42278.1,2324.53,106.31,311.8,0.6048,0.09156,39.92,8.368,15.611,75.57
2023-12-29 16:00:00,42095.06,2315.72,106.08,313.9,0.607,0.09132,40.37,8.275,15.606,74.87
2023-12-29 20:00:00,42085.42,2298.84,106.18,313.3,0.6057,0.09094,40.1,8.278,15.531,73.2
2023-12-30 00:00:00,42015.24,2298.01,103.59,316.0,0.6039,0.09071,39.78,8.376,15.312,72.9
2023-12-30 04:00:00,41938.1,2295.99,103.54,318.2,0.6022,0.09053,39.08,8.323,15.295,73.62
2023-12-30 08:00:00,41899.99,2285.9,102.21,316.5,0.5979,0.08982,39.13,8.195,15.169,73.06
2023-12-30 12:00:00,42394.18,2313.94,103.96,318.8,0.6101,0.09091,39.88,8.385,15.395,73.68
2023-12-30 16:00:00,42360.0,2299.0,103.29,315.6,0.6078,0.09071,39.96,8.338,15.27,73.27
2023-12-30 20:00:00,42138.01,2293.4,101.77,316.8,0.6014,0.09009,39.27,8.367,15.2,73.31
2023-12-31 00:00:00,42153.38,2285.17,100.73,318.6,0.5994,0.08935,38.87,8.181,15.018,72.78
2023-12-31 04:00:00,42556.74,2297.1,104.0,321.8,0.6079,0.09045,40.33,8.575,15.181,73.34
2023-12-31 08:00:00,42523.41,2310.08,104.08,318.0,0.605,0.09039,39.99,8.481,15.35,74.1
2023-12-31 12:00:00,42460.08,2298.98,102.41,315.9,0.601,0.09028,39.3,8.467,15.263,73.94
2023-12-31 16:00:00,42610.0,2293.09,103.84,316.5,0.6001,0.0903,39.38,8.456,15.328,73.96
2023-12-31 20:00:00,42255.16,2280.61,101.53,312.1,0.5941,0.08951,38.6,8.197,14.929,72.83
2024-01-01 00:00:00,42320.95,2275.96,102.66,309.3,0.5951,0.08933,38.31,8.16,14.952,72.65
2024-01-01 04:00:00,42490.0,2283.05,102.47,310.8,0.5985,0.08969,38.51,8.152,15.197,73.21
2024-01-01 08:00:00,42666.4,2302.86,104.02,309.3,0.6019,0.08992,39.47,8.233,15.281,73.22
2024-01-01 12:00:00,42749.39,2310.03,105.68,312.1,0.6042,0.09113,40.0,8.35,15.24,73.7
2024-01-01 16:00:00,43328.05,2332.44,108.41,310.8,0.6155,0.09153,40.96,8.579,15.44,73.93
2024-01-01 20:00:00,43999.99,2340.0,109.08,312.4,0.6207,0.09189,41.82,8.581,15.506,74.5
2024-01-02 00:00:00,45392.69,2384.08,111.43,319.2,0.6288,0.0934,42.0,8.62,15.747,75.15
2024-01-02 04:00:00,45438.04,2381.03,114.55,317.2,0.628,0.09345,43.09,8.698,15.878,74.66
2024-01-02 08:00:00,45406.03,2390.72,113.73,318.9,0.6253,0.09276,42.27,8.617,15.801,74.79
2024-01-02 12:00:00,45157.6,2358.41,109.63,309.7,0.6156,0.09153,41.15,8.429,15.365,73.41
2024-01-02 16:00:00,45028.22,2368.41,107.82,310.7,0.614,0.0913,40.79,8.41,15.181,73.07
2024-01-02 20:00:00,44953.74,2355.61,106.93,311.6,0.6052,0.09103,40.5,8.379,15.141,72.82
2024-01-03 00:00:00,45286.17,2368.36,107.71,312.6,0.6073,0.09129,40.67,8.418,15.279,72.98
2024-01-03 04:00:00,45036.44,2363.52,107.78,315.5,0.6097,0.09153,40.7,8.451,15.303,73.51
2024-01-03 08:00:00,43970.13,2306.38,104.42,323.9,0.5989,0.08955,39.35,8.152,14.913,71.8
2024-01-03 12:00:00,43022.24,2240.61,101.02,316.9,0.565,0.08237,37.13,7.763,14.155,65.87
2024-01-03 16:00:00,42639.85,2205.21,97.87,313.7,0.5684,0.08158,36.17,7.707,14.076,65.03
2024-01-03 20:00:00,42823.2,2209.05,98.54,316.0,0.5578,0.08197,36.82,7.64,14.111,65.56
2024-01-04 00:00:00,43118.69,2228.77,100.99,317.6,0.5593,0.08214,36.95,7.638,14.32,65.1
2024-01-04 04:00:00,42799.38,2221.7,98.89,318.4,0.5575,0.08233,36.62,7.598,14.307,65.05
2024-01-04 08:00:00,43160.16,2225.9,98.37,317.1,0.5588,0.0825,36.97,7.657,14.347,65.03
2024-01-04 12:00:00,44117.19,2278.31,103.96,319.3,0.5755,0.08414,39.23,7.891,14.655,66.3
2024-01-04 16:00:00,43986.43,2274.24,105.21,317.9,0.5731,0.08389,39.19,7.895,14.565,66.11
2024-01-04 20:00:00,44146.81,2269.13,105.02,323.9,0.5672,0.084,38.75,7.88,14.536,66.4
2024-01-05 00:00:00,43451.38,2242.28,100.82,320.8,0.5523,0.08316,37.03,7.713,14.14,65.26
2024-01-05 04:00:00,43785.6,2255.17,101.14,317.2,0.5529,0.08314,37.08,7.633,14.456,65.83
2024-01-05 08:00:00,43734.62,2242.0,99.62,318.6,0.5417,0.08218,36.47,7.449,14.19,65.28
2024-01-05 12:00:00,43516.09,2224.84,97.71,313.5,0.5335,0.08187,36.05,7.328,14.062,64.69
2024-01-05 16:00:00,43614.85,2228.24,97.88,313.8,0.5273,0.08195,35.84,7.3,13.812,65.51
2024-01-05 20:00:00,44167.0,2265.47,99.88,317.5,0.5388,0.08262,36.4,7.437,14.072,65.91
2024-01-06 00:00:00,43937.08,2253.42,98.54,307.4,0.5313,0.08206,35.42,7.297,13.809,65.45
2024-01-06 04:00:00,43662.65,2229.67,94.42,303.2,0.5165,0.08015,34.44,7.108,13.343,64.59
2024-01-06 08:00:00,43656.24,2233.42,94.74,307.1,0.5206,0.08054,34.76,7.209,13.57,65.12
2024-01-06 12:00:00,43859.39,2240.27,95.25,306.6,0.5254,0.08137,34.92,7.262,13.612,65.44
2024-01-06 16:00:00,43894.97,2241.62,95.11,306.1,0.5225,0.0808,34.65,7.189,13.52,65.51
2024-01-06 20:00:00,43952.87,2236.14,93.8,307.8,0.5218,0.08056,34.57,7.137,13.424,65.66
2024-01-07 00:00:00,43949.96,2240.62,92.75,306.5,0.5216,0.08078,34.42,7.095,13.553,65.33
2024-01-07 04:00:00,44084.9,2247.74,95.29,309.4,0.5263,0.08066,35.07,7.276,13.647,65.74
2024-01-07 08:00:00,44037.22,2237.3,94.56,306.5,0.5195,0.08007,34.92,7.229,13.5,65.35
2024-01-07 12:00:00,44052.54,2232.73,94.01,305.3,0.5129,0.07968,34.7,7.124,13.447,64.99
2024-01-07 16:00:00,44236.11,2246.89,94.74,305.8,0.5152,0.08012,34.93,7.215,13.55,65.34
2024-01-07 20:00:00,43896.76,2222.5,89.26,302.0,0.4923,0.07817,33.55,6.893,13.137,64.21
2024-01-08 00:00:00,43535.0,2190.39,87.23,294.2,0.4769,0.07603,31.88,6.704,12.825,62.53
2024-01-08 04:00:00,43955.73,2224.1,89.68,298.8,0.4873,0.07755,32.56,6.928,13.482,64.72
2024-01-08 08:00:00,44300.0,2232.32,91.31,298.4,0.4971,0.07812,33.66,7.124,13.482,64.43
2024-01-08 12:00:00,44977.75,2269.93,94.5,301.0,0.5105,0.07912,34.25,7.236,13.583,65.64
2024-01-08 16:00:00,46977.02,2354.1,99.46,307.8,0.5403,0.08122,36.28,7.439,14.392,67.2
2024-01-08 20:00:00,46901.44,2332.51,98.0,304.2,0.54,0.08128,36.27,7.485,14.112,67.71
2024-01-09 00:00:00,46884.62,2310.65,99.48,298.4,0.5261,0.07984,35.71,7.316,14.007,67.0
2024-01-09 04:00:00,46859.32,2307.63,101.86,303.6,0.5306,0.08054,36.98,7.424,14.122,68.02
2024-01-09 08:00:00,46619.92,2298.16,101.87,304.8,0.5214,0.07891,36.36,7.335,13.833,65.88
2024-01-09 12:00:00,46864.62,2258.06,99.84,301.0,0.5104,0.07836,35.83,7.159,13.559,64.98
2024-01-09 16:00:00,46875.0,2269.95,99.36,299.1,0.5046,0.07981,34.96,7.024,13.641,65.6
2024-01-09 20:00:00,46186.0,2345.06,99.38,301.0,0.513,0.07915,34.59,7.107,13.706,66.99
2024-01-10 00:00:00,46134.46,2358.01,99.61,301.5,0.5137,0.07985,34.4,7.143,13.632,67.16
2024-01-10 04:00:00,45885.19,2366.12,98.17,299.3,0.5076,0.07865,34.18,7.073,13.658,66.51
2024-01-10 08:00:00,45582.31,2400.69,97.36,298.7,0.5141,0.07915,34.71,7.116,14.232,66.63
2024-01-10 12:00:00,45551.9,2438.96,94.65,294.6,0.5063,0.07837,34.36,7.065,14.3,66.91
2024-01-10 16:00:00,46489.34,2479.87,96.26,297.4,0.5196,0.07924,35.43,7.239,14.301,68.79
2024-01-10 20:00:00,46665.7,2578.95,102.16,305.5,0.5659,0.08286,38.52,7.962,15.057,70.22
2024-01-11 00:00:00,46493.9,2608.52,100.07,306.3,0.579,0.08391,38.6,8.221,14.956,71.22
2024-01-11 04:00:00,46103.07,2588.75,99.73,307.0,0.5748,0.08374,38.41,8.348,14.822,71.21
2024-01-11 08:00:00,47016.23,2657.86,104.15,313.5,0.5971,0.08568,39.63,8.358,15.284,73.09
2024-01-11 12:00:00,46772.71,2608.41,100.51,307.2,0.585,0.08466,39.45,8.214,15.01,71.68
2024-01-11 16:00:00,46718.12,2622.19,100.8,307.0,0.5838,0.0845,39.89,8.246,15.084,71.85
2024-01-11 20:00:00,46367.61,2619.5,99.95,308.5,0.5825,0.08431,39.35,8.176,14.99,71.85
2024-01-12 00:00:00,46003.85,2590.3,98.03,311.0,0.5792,0.08372,38.83,8.119,14.821,72.74
2024-01-12 04:00:00,45990.47,2595.47,98.78,308.0,0.5791,0.08389,38.5,8.037,14.738,72.89
2024-01-12 08:00:00,45948.49,2648.21,98.38,310.0,0.5815,0.08465,38.6,8.085,14.957,75.22
2024-01-12 12:00:00,44461.6,2647.96,95.57,305.1,0.5663,0.08248,37.4,7.902,14.78,74.16
2024-01-12 16:00:00,43620.57,2583.5,95.28,301.1,0.5572,0.08151,36.63,7.731,14.325,72.8
2024-01-12 20:00:00,42789.35,2525.43,92.08,296.5,0.5459,0.07991,35.93,7.567,14.162,72.49
2024-01-13 00:00:00,42632.19,2544.99,92.59,296.0,0.5434,0.08005,35.53,7.592,14.018,72.08
2024-01-13 04:00:00,43094.5,2548.98,93.33,298.8,0.5485,0.08083,36.05,7.729,14.162,72.43
2024-01-13 08:00:00,42636.57,2541.05,92.25,297.6,0.5483,0.07995,35.81,7.617,14.21,71.08
2024-01-13 12:00:00,43261.64,2562.52,93.0,300.0,0.5494,0.08114,36.1,7.737,14.229,72.19
2024-01-13 16:00:00,42869.35,2573.46,95.03,302.1,0.5472,0.0809,36.08,7.631,14.314,71.96
2024-01-13 20:00:00,42815.6,2576.5,95.95,302.3,0.5481,0.08069,36.07,7.624,14.324,72.0
2024-01-14 00:00:00,42696.93,2550.0,96.92,302.2,0.5437,0.08043,36.02,7.506,14.423,71.36
2024-01-14 04:00:00,42901.86,2545.01,97.6,303.1,0.5445,0.0823,36.81,7.67,14.807,71.9
2024-01-14 08:00:00,42823.81,2539.41,97.13,302.7,0.5456,0.08296,36.5,7.576,15.044,71.56
2024-01-14 12:00:00,42880.1,2536.34,99.5,305.3,0.5462,0.08167,36.92,7.675,15.212,71.66
2024-01-14 16:00:00,42662.76,2503.95,96.58,304.2,0.54,0.08075,36.12,7.473,14.921,70.43
2024-01-14 20:00:00,41700.01,2476.31,94.5,299.0,0.5247,0.07977,35.33,7.353,14.777,69.7
2024-01-15 00:00:00,42538.31,2503.84,96.2,307.9,0.5361,0.08093,36.06,7.6,15.616,71.11
2024-01-15 04:00:00,42702.54,2515.63,95.74,314.9,0.5365,0.08054,35.94,7.563,15.445,70.95
2024-01-15 08:00:00,42670.0,2540.73,95.48,312.5,0.536,0.0816,36.2,7.608,15.637,70.54
2024-01-15 12:00:00,42286.92,2516.58,93.85,313.9,0.5246,0.08,35.21,7.442,15.325,69.41
2024-01-15 16:00:00,42976.0,2536.57,96.34,317.9,0.5335,0.08116,36.58,7.63,15.34,70.15
2024-01-15 20:00:00,42532.82,2518.0,94.75,317.7,0.5276,0.08111,35.65,7.528,15.21,69.32
2024-01-16 00:00:00,42916.63,2535.68,96.07,315.4,0.5357,0.08106,36.24,7.589,15.263,70.02
2024-01-16 04:00:00,42787.17,2532.33,97.45,315.8,0.5316,0.08084,35.89,7.561,15.102,69.65
2024-01-16 08:00:00,42916.6,2531.47,96.66,317.6,0.5375,0.08176,35.86,7.538,15.053,70.01
2024-01-16 12:00:00,43220.0,2558.66,97.4,315.9,0.5416,0.08132,35.69,7.527,15.129,70.4
2024-01-16 16:00:00,43181.92,2572.53,96.82,314.7,0.5397,0.0813,35.5,7.441,15.072,69.53
2024-01-16 20:00:00,43125.41,2586.17,97.79,315.4,0.5351,0.0813,35.62,7.5,15.275,70.01
2024-01-17 00:00:00,42868.71,2571.09,99.9,314.2,0.5343,0.08109,36.31,7.472,15.775,69.5
2024-01-17 04:00:00,42660.99,2553.73,97.38,308.5,0.5284,0.08039,35.41,7.357,15.775,69.53
2024-01-17 08:00:00,42690.0,2544.86,102.02,312.6,0.5334,0.08062,36.23,7.395,15.811,69.22
2024-01-17 12:00:00,42518.89,2542.62,99.39,311.8,0.5259,0.08001,35.77,7.328,16.092,68.78
2024-01-17 16:00:00,42612.3,2535.97,100.7,308.4,0.5283,0.08048,35.91,7.368,15.879,69.5
2024-01-17 20:00:00,42788.24,2529.9,102.02,309.5,0.5266,0.08052,36.07,7.329,15.744,69.37
2024-01-18 00:00:00,42575.87,2529.78,99.98,309.4,0.5206,0.08014,35.69,7.356,15.28,69.35
2024-01-18 04:00:00,42889.42,2538.54,100.8,310.9,0.525,0.08069,35.83,7.343,15.47,70.02
2024-01-18 08:00:00,42574.4,2520.01,98.78,312.1,0.5172,0.08,35.22,7.199,15.39,68.93
2024-01-18 12:00:00,42613.76,2526.09,98.28,315.2,0.5188,0.07987,35.25,7.23,15.213,69.27
2024-01-18 16:00:00,41000.0,2450.05,92.75,308.8,0.5,0.07749,33.0,6.824,14.236,66.76
2024-01-18 20:00:00,41323.0,2470.59,94.28,313.1,0.5014,0.07811,33.59,7.02,14.675,68.21
2024-01-19 00:00:00,41061.6,2460.11,93.07,310.4,0.494,0.07739,33.16,6.946,14.796,68.05
2024-01-19 04:00:00,41288.56,2466.78,94.36,311.9,0.5014,0.07808,33.5,7.0,15.041,68.7
2024-01-19 08:00:00,41490.92,2491.31,94.94,314.3,0.5005,0.07805,33.64,7.02,15.513,68.98
2024-01-19 12:00:00,40953.43,2464.12,91.46,311.7,0.4912,0.07753,32.67,6.815,15.181,70.18
2024-01-19 16:00:00,41864.02,2497.15,94.15,313.5,0.4975,0.07826,32.82,6.856,15.53,70.86
2024-01-19 20:00:00,41694.1,2500.0,93.45,314.5,0.5034,0.07861,32.66,6.854,16.107,70.97
2024-01-20 00:00:00,41626.07,2481.0,93.43,313.2,0.5061,0.07845,32.73,6.838,16.078,71.75
2024-01-20 04:00:00,41686.63,2482.79,91.94,313.2,0.514,0.07922,32.56,6.91,16.396,72.31
2024-01-20 08:00:00,41576.07,2470.1,91.91,314.7,0.5149,0.07918,32.4,6.862,16.017,71.16
2024-01-20 12:00:00,41545.13,2467.87,90.9,313.6,0.5103,0.0793,32.62,6.87,15.74,71.1
2024-01-20 16:00:00,41629.21,2462.87,92.04,314.8,0.51,0.08199,32.39,6.852,15.778,70.6
2024-01-20 20:00:00,41766.8,2471.0,92.47,317.3,0.5147,0.08764,32.88,6.907,15.726,71.38
2024-01-21 00:00:00,41704.75,2475.43,93.02,318.4,0.5156,0.0869,33.07,6.944,15.686,71.31
2024-01-21 04:00:00,41642.89,2475.69,92.66,317.9,0.516,0.08589,33.0,6.871,15.641,71.17
2024-01-21 08:00:00,41724.56,2474.95,93.51,319.1,0.5175,0.08674,33.26,6.931,15.733,71.19
2024-01-21 12:00:00,41672.01,2471.12,92.83,318.4,0.5149,0.08722,33.02,6.872,15.544,70.83
2024-01-21 16:00:00,41716.28,2473.35,92.65,320.1,0.5125,0.08634,33.09,6.895,15.486,70.59
2024-01-21 20:00:00,41572.24,2460.54,91.74,318.4,0.5045,0.08541,32.5,6.813,15.391,71.59
2024-01-22 00:00:00,41185.17,2436.45,91.87,316.4,0.4978,0.08336,32.23,6.725,15.639,72.3
2024-01-22 04:00:00,41075.81,2424.46,89.14,317.9,0.4981,0.08315,31.95,6.734,15.635,72.47
2024-01-22 08:00:00,40823.93,2385.25,88.54,313.4,0.4942,0.08347,31.19,6.564,15.179,69.25
2024-01-22 12:00:00,40764.17,2380.03,87.24,310.8,0.4961,0.08428,30.64,6.516,15.096,68.58
2024-01-22 16:00:00,39823.98,2322.96,83.59,306.0,0.4817,0.08162,30.09,6.377,14.676,67.4
2024-01-22 20:00:00,39553.71,2314.61,83.8,305.7,0.4787,0.08033,29.5,6.348,14.592,67.35
2024-01-23 00:00:00,39983.41,2338.73,85.16,310.2,0.4844,0.08087,29.96,6.433,14.71,68.1
2024-01-23 04:00:00,39773.87,2321.09,82.73,307.9,0.4747,0.07965,29.48,6.3,14.518,67.75
2024-01-23 08:00:00,38825.19,2216.71,80.1,295.3,0.456,0.07727,27.91,6.078,13.982,64.47
2024-01-23 12:00:00,39215.69,2222.56,82.67,296.4,0.4671,0.07744,29.08,6.211,14.074,64.97
2024-01-23 16:00:00,39140.8,2189.94,81.01,295.0,0.4641,0.07694,28.93,6.236,13.907,64.71
2024-01-23 20:00:00,39885.18,2241.61,84.23,298.5,0.4778,0.07815,30.46,6.344,14.258,65.53
2024-01-24 00:00:00,39602.5,2215.93,83.62,298.4,0.4646,0.07779,29.56,6.282,14.11,65.04
2024-01-24 04:00:00,39966.96,2238.14,86.09,293.3,0.4704,0.08,30.55,6.429,14.146,65.45
2024-01-24 08:00:00,40214.36,2248.51,87.14,294.5,0.4754,0.08025,31.09,6.46,14.239,65.92
2024-01-24 12:00:00,40111.69,2239.58,86.9,294.2,0.4732,0.07903,30.96,6.413,14.163,65.3
2024-01-24 16:00:00,39780.8,2216.48,86.39,291.9,0.4711,0.07851,30.71,6.343,13.988,65.65
2024-01-24 20:00:00,40080.86,2237.1,88.68,293.0,0.4767,0.07897,31.2,6.458,14.255,66.15
2024-01-25 00:00:00,40012.4,2218.22,88.4,290.4,0.471,0.07831,30.78,6.477,14.008,65.56
2024-01-25 04:00:00,40114.16,2226.45,88.25,291.8,0.474,0.07811,30.55,6.484,14.009,65.79
2024-01-25 08:00:00,40160.79,2231.59,88.97,294.5,0.4807,0.07821,30.56,6.558,13.851,65.33
2024-01-25 12:00:00,39831.61,2196.35,86.5,292.4,0.4676,0.07736,29.86,6.364,13.582,64.94
2024-01-25 16:00:00,39969.05,2221.25,87.6,291.9,0.4686,0.07791,30.5,6.432,13.787,65.47
2024-01-25 20:00:00,39930.97,2221.0,87.06,292.1,0.4654,0.07785,30.46,6.444,13.778,65.54
2024-01-26 00:00:00,40091.89,2225.73,87.81,293.7,0.4691,0.07802,30.83,6.444,13.848,65.69
2024-01-26 04:00:00,39955.85,2198.81,86.86,294.5,0.4677,0.07789,30.5,6.369,13.728,65.42
2024-01-26 08:00:00,41270.0,2256.18,92.27,302.9,0.4828,0.07946,32.29,6.612,14.164,66.86
2024-01-26 12:00:00,41369.43,2258.84,92.21,302.9,0.4849,0.07947,32.2,6.616,14.184,67.0
2024-01-26 16:00:00,42055.46,2262.5,92.68,301.8,0.4832,0.07989,32.68,6.677,14.124,67.5
2024-01-26 20:00:00,41800.02,2268.12,92.36,301.9,0.4853,0.07984,32.25,6.652,14.184,67.16
2024-01-27 00:00:00,41801.0,2274.29,92.71,305.8,0.4865,0.07996,32.64,6.677,14.275,67.31
2024-01-27 04:00:00,41679.92,2260.28,91.04,302.8,0.479,0.07908,31.98,6.563,14.127,66.6
2024-01-27 08:00:00,41716.82,2266.86,91.92,302.8,0.4817,0.07975,32.31,6.649,14.244,67.09
2024-01-27 12:00:00,41821.02,2270.99,92.68,303.0,0.4843,0.07961,32.6,6.697,14.269,67.32
2024-01-27 16:00:00,41856.79,2271.36,93.1,305.1,0.4877,0.07976,32.74,6.688,14.389,67.75
2024-01-27 20:00:00,42103.0,2268.04,93.87,305.7,0.4855,0.08022,33.09,6.661,14.347,68.01
2024-01-28 00:00:00,42198.11,2287.62,95.89,305.8,0.4953,0.08055,35.81,6.726,14.523,68.21
2024-01-28 04:00:00,42383.09,2283.45,95.89,305.8,0.4947,0.08029,35.71,6.699,14.467,67.86
2024-01-28 08:00:00,42422.55,2282.0,98.49,307.0,0.4958,0.07998,36.13,6.707,14.499,68.01
2024-01-28 12:00:00,42267.4,2273.1,97.06,304.8,0.4913,0.07968,35.61,6.631,14.399,67.48
2024-01-28 16:00:00,41808.19,2254.04,94.52,303.8,0.4864,0.07861,34.66,6.594,14.307,67.79
2024-01-28 20:00:00,42063.04,2257.74,95.91,304.7,0.4897,0.07892,34.82,6.865,14.522,68.45
2024-01-29 00:00:00,42366.35,2272.46,97.93,306.2,0.4937,0.07909,35.38,6.932,14.714,68.24
2024-01-29 04:00:00,42030.0,2259.16,96.71,305.7,0.4871,0.07849,34.87,6.813,14.596,67.55
2024-01-29 08:00:00,42206.21,2264.2,97.19,307.9,0.4884,0.08055,34.85,6.833,14.545,67.69
2024-01-29 12:00:00,42572.15,2270.89,99.26,308.3,0.4952,0.08216,35.68,6.819,14.684,67.41
2024-01-29 16:00:00,42989.99,2294.73,100.51,310.0,0.5203,0.08233,35.97,7.095,15.006,68.37
2024-01-29 20:00:00,43275.97,2317.51,101.37,310.3,0.5246,0.08125,36.13,7.037,14.984,68.48
2024-01-30 00:00:00,43497.13,2310.7,102.21,311.3,0.5311,0.08154,35.72,7.008,14.968,68.27
2024-01-30 04:00:00,43344.06,2308.57,102.85,310.0,0.5275,0.08122,35.77,6.969,15.0,68.09
2024-01-30 08:00:00,43554.52,2312.0,105.61,310.1,0.5305,0.08162,37.03,7.054,15.2,68.36
2024-01-30 12:00:00,43353.11,2337.69,104.69,309.1,0.5218,0.08096,36.1,7.005,15.577,68.13
2024-01-30 16:00:00,43500.07,2372.35,105.4,309.4,0.5195,0.08114,36.22,7.045,15.604,68.3
2024-01-30 20:00:00,42983.77,2343.0,101.41,307.6,0.5136,0.07958,35.17,6.861,15.464,67.52
2024-01-31 00:00:00,42987.18,2343.6,101.0,307.0,0.5129,0.08018,34.93,6.81,15.897,67.9
2024-01-31 04:00:00,43050.0,2340.38,101.74,306.3,0.511,0.07974,34.98,6.871,15.816,68.2
2024-01-31 08:00:00,42661.1,2297.62,99.19,302.6,0.5023,0.07896,34.68,6.766,15.764,68.06
2024-01-31 12:00:00,43386.95,2327.95,101.41,304.2,0.5093,0.0795,35.21,6.79,15.692,68.19
2024-01-31 16:00:00,43283.26,2320.66,100.96,304.8,0.5135,0.07993,35.09,6.82,15.741,67.79
2024-01-31 20:00:00,42600.0,2285.98,97.17,300.5,0.4986,0.0787,33.22,6.642,15.418,66.86
2024-02-01 00:00:00,42052.88,2259.03,93.62,297.7,0.4911,0.07866,32.92,6.657,15.197,66.5
2024-02-01 04:00:00,42210.96,2275.34,95.01,297.5,0.4918,0.0789,33.47,6.657,15.744,66.59
2024-02-01 08:00:00,42055.46,2267.45,95.34,299.2,0.4891,0.07859,33.06,6.67,15.566,66.01
2024-02-01 12:00:00,42551.97,2290.86,96.05,300.1,0.4934,0.07903,33.39,6.737,16.671,66.78
2024-02-01 16:00:00,43200.0,2306.01,97.72,300.1,0.5002,0.0798,33.77,6.82,16.91,67.66
2024-02-01 20:00:00,43085.14,2302.94,97.91,300.1,0.5073,0.07935,33.78,6.766,17.193,67.5
2024-02-02 00:00:00,43088.93,2301.0,99.0,302.6,0.507,0.07972,34.37,6.796,17.848,67.82
2024-02-02 04:00:00,43115.0,2313.7,101.2,303.4,0.51,0.07965,34.85,6.874,18.15,67.98
2024-02-02 08:00:00,43139.27,2314.7,102.06,303.2,0.5179,0.0796,36.16,6.903,17.836,67.93
2024-02-02 12:00:00,43204.09,2314.16,101.33,302.1,0.5173,0.0794,36.54,6.99,18.76,68.18
2024-02-02 16:00:00,43074.18,2300.16,99.38,300.6,0.5107,0.07894,36.2,6.933,18.223,67.73
2024-02-02 20:00:00,43198.29,2308.79,100.49,300.9,0.5142,0.07919,36.66,6.943,17.809,68.05
2024-02-03 00:00:00,43168.96,2322.63,99.29,302.5,0.5155,0.07925,36.05,6.926,17.532,68.23
2024-02-03 04:00:00,43061.43,2316.74,98.92,302.5,0.5158,0.07893,35.89,6.864,17.73,68.15
2024-02-03 08:00:00,43001.86,2306.68,98.68,301.4,0.5214,0.07896,35.65,6.878,17.942,68.2
2024-02-03 12:00:00,43095.01,2305.05,98.02,300.6,0.5166,0.07895,35.81,6.881,18.022,68.64
2024-02-03 16:00:00,43112.68,2303.78,98.08,300.2,0.5183,0.0793,36.3,6.9,17.753,68.29
2024-02-03 20:00:00,42975.14,2297.61,97.99,299.7,0.5128,0.07864,35.96,6.834,17.625,68.82
2024-02-04 00:00:00,43046.36,2303.08,98.26,300.4,0.5099,0.079,36.17,6.821,17.895,68.33
2024-02-04 04:00:00,42872.02,2290.83,96.58,299.4,0.504,0.07873,35.65,6.752,17.548,67.67
2024-02-04 08:00:00,43067.05,2307.52,97.94,300.3,0.5078,0.07903,35.99,6.819,18.156,68.13
2024-02-04 12:00:00,42945.7,2301.35,97.58,305.4,0.5051,0.07912,35.79,6.785,18.185,67.8
2024-02-04 16:00:00,42630.69,2281.2,96.51,305.5,0.4999,0.07904,35.54,6.733,18.242,67.13
2024-02-04 20:00:00,42571.73,2289.23,95.57,304.7,0.4937,0.07829,34.88,6.657,18.188,66.7
2024-02-05 00:00:00,42695.89,2295.12,96.04,303.9,0.4976,0.07823,34.91,6.85,18.427,67.18
2024-02-05 04:00:00,43064.22,2307.68,97.72,304.3,0.5022,0.07872,35.54,6.92,18.667,67.47
2024-02-05 08:00:00,43204.85,2327.23,97.7,304.2,0.5039,0.07967,35.58,6.958,19.681,67.84
2024-02-05 12:00:00,42669.99,2298.36,95.5,300.6,0.4949,0.07865,34.56,6.804,19.262,67.39
2024-02-05 16:00:00,42751.55,2304.46,95.97,301.7,0.494,0.07896,34.65,6.794,19.157,67.79
2024-02-05 20:00:00,42701.18,2302.19,95.64,301.0,0.4945,0.07834,34.54,6.731,19.161,67.72
2024-02-06 00:00:00,42875.95,2319.32,96.02,302.2,0.495,0.07844,34.43,6.748,18.918,67.88
2024-02-06 04:00:00,42875.04,2325.63,95.79,301.5,0.4933,0.07847,34.17,6.737,19.097,67.9
2024-02-06 08:00:00,42781.06,2324.06,94.54,302.0,0.4927,0.07806,34.0,6.711,18.763,67.86
2024-02-06 12:00:00,43247.69,2340.54,95.57,302.8,0.4967,0.07851,34.23,6.778,18.612,68.01
2024-02-06 16:00:00,43263.94,2378.56,97.47,303.6,0.5023,0.07905,34.21,6.778,18.536,68.32
2024-02-06 20:00:00,43106.39,2371.28,96.87,302.6,0.499,0.07849,34.18,6.83,18.284,68.3
2024-02-07 00:00:00,42798.99,2364.18,95.6,301.1,0.4895,0.07853,33.92,6.737,18.294,67.96
2024-02-07 04:00:00,42907.03,2359.5,95.54,302.4,0.4862,0.07828,34.0,6.68,18.322,67.89
2024-02-07 08:00:00,42924.08,2360.62,95.1,301.9,0.4757,0.07838,34.21,6.697,18.284,67.82
2024-02-07 12:00:00,43070.97,2369.72,96.22,303.1,0.4825,0.07884,34.42,6.812,18.41,68.08
2024-02-07 16:00:00,43610.0,2420.84,97.02,305.8,0.4913,0.07968,35.1,6.888,18.5,68.02
2024-02-07 20:00:00,44346.1,2425.11,100.95,306.9,0.5014,0.08002,35.26,6.932,18.821,68.41
2024-02-08 00:00:00,44554.15,2435.53,101.68,311.3,0.5121,0.08021,35.45,6.969,18.812,68.87
2024-02-08 04:00:00,44500.46,2420.45,100.64,314.1,0.5253,0.07976,35.21,6.943,19.123,68.79
2024-02-08 08:00:00,44676.17,2423.99,101.15,314.7,0.5317,0.07999,35.37,6.923,18.701,68.74
2024-02-08 12:00:00,45398.83,2454.42,104.74,319.5,0.5326,0.08066,35.91,7.072,18.701,69.27
2024-02-08 16:00:00,45313.91,2422.48,102.39,316.7,0.5283,0.08032,35.51,7.026,18.189,68.72
2024-02-08 20:00:00,45313.39,2419.44,102.81,318.0,0.53,0.07984,35.42,7.015,18.228,70.36
2024-02-09 00:00:00,46046.25,2449.13,103.9,320.6,0.5336,0.08048,35.94,7.085,18.266,71.32
2024-02-09 04:00:00,46229.22,2453.12,105.33,319.4,0.5359,0.08177,36.1,7.089,18.378,70.91
2024-02-09 08:00:00,47150.0,2499.57,105.66,324.6,0.5393,0.08181,36.42,7.178,18.416,70.89
2024-02-09 12:00:00,47154.2,2496.35,105.6,321.9,0.5412,0.0815,37.54,7.223,18.351,70.98
2024-02-09 16:00:00,47483.36,2485.23,105.03,322.6,0.5405,0.08127,38.04,7.134,18.21,70.62
2024-02-09 20:00:00,47091.85,2487.48,106.78,323.4,0.5396,0.08152,38.0,7.188,18.486,70.76
2024-02-10 00:00:00,47370.0,2509.72,110.61,324.1,0.5421,0.08184,39.36,7.276,18.652,70.87
2024-02-10 04:00:00,47150.0,2496.14,108.84,323.0,0.5346,0.08128,39.08,7.2,18.399,70.71
2024-02-10 08:00:00,47182.99,2482.09,108.0,320.0,0.5325,0.08072,38.79,7.108,18.156,70.17
2024-02-10 12:00:00,47337.99,2491.95,108.62,320.9,0.5376,0.08108,39.48,7.146,18.359,70.39
2024-02-10 16:00:00,47544.94,2496.35,109.09,321.5,0.5408,0.08108,39.41,7.201,18.628,70.68
2024-02-10 20:00:00,47775.49,2500.01,109.15,322.3,0.5508,0.08139,40.18,7.234,19.068,70.8
2024-02-11 00:00:00,48499.99,2527.94,109.46,323.5,0.5605,0.08208,40.5,7.217,19.63,72.25
2024-02-11 04:00:00,48173.83,2526.05,109.13,323.8,0.5583,0.08296,40.8,7.294,20.357,72.34
2024-02-11 08:00:00,48415.67,2530.54,109.51,322.1,0.5538,0.08258,40.44,7.288,20.613,72.09
2024-02-11 12:00:00,48125.0,2510.95,108.93,320.9,0.5435,0.08179,39.99,7.256,20.259,72.2
2024-02-11 16:00:00,48296.48,2509.49,108.28,321.7,0.5405,0.08191,39.83,7.2,20.277,72.36
2024-02-11 20:00:00,48247.73,2506.64,107.48,320.9,0.5407,0.08121,39.75,7.09,20.137,71.44
2024-02-12 00:00:00,48142.92,2500.0,106.27,320.0,0.5399,0.08042,38.77,7.068,20.009,71.17
2024-02-12 04:00:00,48214.43,2501.54,106.02,318.1,0.537,0.08042,38.96,7.11,20.244,71.19
2024-02-12 08:00:00,47885.01,2486.4,104.19,316.8,0.5338,0.07984,38.58,7.026,20.445,70.62
2024-02-12 12:00:00,49926.88,2559.43,108.96,322.1,0.5564,0.08151,40.19,7.217,20.285,72.21
2024-02-12 16:00:00,49526.37,2609.69,109.7,324.9,0.5542,0.08186,40.32,7.236,20.677,72.29
2024-02-12 20:00:00,49947.62,2660.34,111.74,327.9,0.5593,0.08227,41.0,7.342,20.519,72.9
2024-02-13 00:00:00,49772.35,2640.31,113.1,326.4,0.549,0.08184,40.54,7.312,20.101,72.05
2024-02-13 04:00:00,49958.14,2649.29,113.95,326.4,0.56,0.08246,41.06,7.386,20.166,72.51
2024-02-13 08:00:00,49943.75,2680.23,114.05,326.5,0.5528,0.0825,41.0,7.364,20.115,72.0
2024-02-13 12:00:00,48753.54,2632.43,110.4,322.0,0.541,0.0811,39.48,7.196,19.9,68.86
2024-02-13 16:00:00,49019.69,2610.92,111.56,322.3,0.5399,0.08084,39.6,7.257,19.652,68.45
2024-02-13 20:00:00,49738.87,2639.0,112.58,324.3,0.545,0.08112,39.72,7.328,19.892,69.02
2024-02-14 00:00:00,49519.72,2635.66,112.05,326.2,0.5465,0.08103,39.48,7.518,20.11,69.01
2024-02-14 04:00:00,49859.01,2652.17,113.19,328.0,0.551,0.0818,39.92,7.584,20.066,69.29
2024-02-14 08:00:00,51541.2,2753.02,115.69,333.0,0.574,0.083,41.62,7.67,20.302,70.33
2024-02-14 12:00:00,51599.99,2745.61,116.85,332.3,0.5748,0.08297,41.62,7.584,20.078,70.22
2024-02-14 16:00:00,51634.98,2759.92,116.24,332.6,0.5752,0.08595,41.86,7.63,20.178,69.83
2024-02-14 20:00:00,51759.58,2774.42,116.83,333.9,0.5767,0.08551,42.23,7.662,20.252,69.87
2024-02-15 00:00:00,52345.13,2800.78,117.59,342.5,0.5819,0.08688,42.33,7.691,20.177,70.39
2024-02-15 04:00:00,51803.17,2772.69,115.58,344.8,0.5772,0.08561,42.86,7.65,19.941,69.97
2024-02-15 08:00:00,52313.85,2787.84,116.05,346.8,0.5892,0.08564,42.86,7.91,19.995,70.0
2024-02-15 12:00:00,51934.39,2825.05,114.12,360.0,0.5987,0.0852,41.81,7.786,19.802,69.39
2024-02-15 16:00:00,51976.31,2834.61,114.07,356.0,0.6035,0.08547,41.64,7.763,19.99,69.75
2024-02-15 20:00:00,51901.75,2819.2,113.62,354.3,0.6086,0.08531,41.59,7.778,19.938,69.96
2024-02-16 00:00:00,52179.63,2843.85,113.7,361.6,0.6084,0.08629,41.75,7.809,20.034,70.42
2024-02-16 04:00:00,51745.0,2815.37,111.59,356.1,0.5978,0.08527,40.81,7.751,19.852,69.86
2024-02-16 08:00:00,52249.28,2824.67,112.16,357.1,0.5994,0.08631,40.97,7.786,19.892,70.44
2024-02-16 12:00:00,51870.67,2769.85,109.61,357.7,0.5892,0.0854,39.97,7.628,19.49,69.57
2024-02-16 16:00:00,51940.35,2764.87,108.81,354.2,0.5901,0.08469,39.86,7.584,19.282,69.66
2024-02-16 20:00:00,52132.09,2803.1,110.35,360.5,0.5986,0.08581,40.31,7.658,19.522,70.54
2024-02-17 00:00:00,51950.02,2792.27,109.75,359.7,0.5918,0.08502,40.19,7.572,19.504,70.5
2024-02-17 04:00:00,51946.28,2798.38,110.28,359.9,0.5932,0.08511,40.28,7.658,19.59,70.4
2024-02-17 08:00:00,51703.0,2781.24,109.34,357.1,0.5878,0.08464,39.72,7.606,19.559,70.15
2024-02-17 12:00:00,50982.89,2750.8,107.34,351.0,0.5792,0.08296,39.09,7.45,19.548,69.12
2024-02-17 16:00:00,51378.17,2771.77,107.96,353.4,0.5867,0.08333,39.68,7.537,20.074,69.75
2024-02-17 20:00:00,51670.97,2786.26,108.97,352.7,0.608,0.08359,39.76,7.704,20.013,70.01
2024-02-18 00:00:00,51456.06,2782.33,108.32,351.3,0.621,0.08352,39.26,7.751,19.86,70.45
2024-02-18 04:00:00,51658.12,2798.77,109.06,355.5,0.6239,0.08385,39.99,7.784,19.981,70.31
2024-02-18 08:00:00,51793.85,2803.8,111.75,354.2,0.6353,0.08395,40.36,7.751,20.031,70.43
2024-02-18 12:00:00,51782.28,2807.69,112.2,353.0,0.6217,0.08387,40.16,7.763,19.914,70.16
2024-02-18 16:00:00,51798.07,2828.99,112.71,351.2,0.6202,0.08498,40.15,7.787,19.995,70.65
2024-02-18 20:00:00,52120.0,2879.08,112.22,349.7,0.6173,0.08524,40.23,7.812,20.094,70.73
2024-02-19 00:00:00,52079.63,2886.01,111.62,352.4,0.6193,0.08621,40.06,7.83,20.017,70.85
2024-02-19 04:00:00,52294.9,2920.0,113.07,352.9,0.6277,0.08659,40.46,7.878,20.114,71.03
2024-02-19 08:00:00,52369.88,2909.74,112.7,353.1,0.629,0.08661,39.9,7.832,19.897,70.95
2024-02-19 12:00:00,52132.23,2905.02,113.58,354.3,0.625,0.08755,39.68,7.759,19.757,71.13
2024-02-19 16:00:00,51819.81,2933.46,112.03,352.8,0.6226,0.08899,39.31,7.774,20.009,71.34
2024-02-19 20:00:00,51751.84,2942.8,111.52,351.6,0.634,0.08936,39.48,8.033,19.814,71.39
2024-02-20 00:00:00,51618.94,2907.93,109.57,353.3,0.6266,0.08798,38.98,7.831,19.607,70.55
2024-02-20 04:00:00,51838.58,2919.77,109.41,358.1,0.6286,0.08728,39.24,7.853,19.582,71.09
2024-02-20 08:00:00,52274.24,2935.29,110.41,357.7,0.6304,0.08743,39.22,7.815,19.602,70.59
2024-02-20 12:00:00,51711.34,2925.6,106.56,350.5,0.6097,0.08466,37.7,7.562,18.994,69.18
2024-02-20 16:00:00,52064.88,2987.37,107.33,353.7,0.6171,0.0852,38.37,7.644,19.202,70.37
2024-02-20 20:00:00,52250.08,3012.72,108.35,354.6,0.6215,0.08627,38.5,7.751,19.292,69.95
2024-02-21 00:00:00,52024.55,3004.69,106.61,353.2,0.6126,0.08566,37.96,7.606,18.971,69.3
2024-02-21 04:00:00,51598.76,2936.9,104.88,358.1,0.5954,0.08419,37.35,7.444,18.701,68.96
2024-02-21 08:00:00,50992.91,2898.62,102.87,364.1,0.5859,0.08302,36.78,7.32,18.282,67.93
2024-02-21 12:00:00,51167.63,2915.5,103.81,369.3,0.5888,0.08343,36.69,7.386,18.403,68.3
2024-02-21 16:00:00,51049.32,2913.01,101.77,371.0,0.5821,0.08334,36.76,7.352,18.264,68.05
2024-02-21 20:00:00,51821.06,2968.58,105.08,378.8,0.5982,0.08461,37.58,7.457,18.586,69.01
2024-02-22 00:00:00,51583.88,2941.24,103.66,375.6,0.5878,0.08403,36.96,7.377,18.318,68.29
2024-02-22 04:00:00,51786.78,2989.74,104.9,381.8,0.6012,0.08518,37.77,7.512,18.788,68.94
2024-02-22 08:00:00,51652.6,2991.67,105.85,382.3,0.5974,0.08482,37.42,7.498,18.653,69.22
2024-02-22 12:00:00,51588.95,2986.0,105.22,380.6,0.5955,0.08482,37.52,7.562,18.481,69.64
2024-02-22 16:00:00,51488.04,2984.44,103.53,381.7,0.5935,0.08501,37.26,7.562,18.383,69.27
2024-02-22 20:00:00,51348.64,2972.41,101.76,382.2,0.5855,0.08416,36.85,7.494,18.155,68.79
2024-02-23 00:00:00,51069.45,2952.12,101.74,378.6,0.5848,0.0839,36.51,7.356,17.906,68.57
2024-02-23 04:00:00,50924.58,2933.69,102.0,374.5,0.5835,0.08362,36.48,7.353,17.919,68.31
2024-02-23 08:00:00,51203.23,2943.78,102.64,376.7,0.5832,0.08387,36.79,7.355,17.924,68.18
2024-02-23 12:00:00,50902.35,2918.27,100.39,371.4,0.578,0.0838,35.77,7.399,17.867,68.43
2024-02-23 16:00:00,51100.0,2944.03,101.37,377.3,0.5905,0.0853,36.3,7.624,18.134,68.7
2024-02-23 20:00:00,50754.22,2923.81,99.93,375.5,0.5839,0.08439,35.95,7.562,17.958,68.82
2024-02-24 00:00:00,50861.55,2934.09,100.31,377.7,0.5752,0.08516,35.84,7.606,18.176,69.6
2024-02-24 04:00:00,51078.8,2961.73,102.23,379.2,0.585,0.08513,36.41,7.808,18.437,69.75
2024-02-24 08:00:00,51125.55,2963.34,102.14,380.4,0.5881,0.0853,36.66,7.763,18.408,69.9
2024-02-24 12:00:00,51146.19,2958.9,102.06,379.7,0.5881,0.0859,36.62,7.786,18.231,70.17
2024-02-24 16:00:00,51577.26,2987.92,104.09,382.2,0.5931,0.08592,36.79,7.811,18.481,70.5
2024-02-24 20:00:00,51562.84,2990.94,104.18,381.6,0.5961,0.08616,36.76,7.809,18.516,70.43
2024-02-25 00:00:00,51583.38,3023.61,103.39,379.6,0.5959,0.08607,36.73,7.761,18.513,70.07
2024-02-25 04:00:00,51713.58,3031.67,103.11,380.9,0.5957,0.08607,36.89,7.74,18.538,70.17
2024-02-25 08:00:00,51638.52,3038.24,102.77,383.8,0.5889,0.08609,36.76,7.724,18.52,69.93
2024-02-25 12:00:00,51518.85,3043.17,102.65,384.3,0.5837,0.08628,36.83,7.753,18.604,70.29
2024-02-25 16:00:00,51695.54,3080.21,103.39,388.5,0.5881,0.08641,37.04,7.826,18.73,70.31
2024-02-25 20:00:00,51745.0,3114.12,103.48,388.6,0.591,0.08612,37.5,7.925,18.701,70.1
2024-02-26 00:00:00,51553.79,3107.26,103.42,384.4,0.5849,0.08551,36.93,7.855,18.654,70.0
2024-02-26 04:00:00,51329.01,3087.67,103.34,385.9,0.5851,0.08537,36.9,7.752,18.489,69.85
2024-02-26 08:00:00,51111.16,3059.03,100.91,389.9,0.5792,0.08457,36.63,7.662,18.23,69.49
2024-02-26 12:00:00,52718.63,3135.0,104.57,396.5,0.6035,0.08637,37.97,7.862,18.802,70.97
2024-02-26 16:00:00,54321.52,3170.0,109.55,398.4,0.6158,0.08862,38.82,8.081,19.15,71.3
2024-02-26 20:00:00,54489.99,3171.2,109.8,401.4,0.6197,0.0893,39.3,8.11,19.097,71.79
2024-02-27 00:00:00,55600.0,3214.27,110.0,398.0,0.6201,0.08925,39.18,8.06,19.01,74.41
2024-02-27 04:00:00,56018.16,3218.98,110.6,396.2,0.6145,0.09078,39.17,8.039,19.002,75.48
2024-02-27 08:00:00,56516.59,3251.54,111.41,398.4,0.619,0.09434,39.51,8.103,19.226,74.87
2024-02-27 12:00:00,56751.99,3229.14,106.98,393.2,0.6133,0.09602,38.65,8.061,18.91,73.33
2024-02-27 16:00:00,57231.52,3248.65,108.25,394.7,0.6254,0.09871,39.04,8.218,19.032,74.19
2024-02-27 20:00:00,57067.0,3241.31,108.37,394.9,0.6233,0.0976,39.21,8.39,19.008,73.99
2024-02-28 00:00:00,56930.12,3246.72,107.61,395.6,0.6162,0.09461,39.23,8.267,18.864,73.98
2024-02-28 04:00:00,57821.29,3279.24,109.39,398.6,0.6234,0.09651,39.36,8.362,19.021,74.72
2024-02-28 08:00:00,58903.9,3297.61,111.44,406.1,0.6251,0.0974,39.58,8.419,19.254,74.43
2024-02-28 12:00:00,60936.07,3349.36,113.01,412.8,0.6407,0.09998,39.95,8.416,19.809,74.95
2024-02-28 16:00:00,60950.58,3297.92,111.52,409.2,0.6173,0.11294,38.52,8.134,18.843,72.97
2024-02-28 20:00:00,62413.39,3384.93,118.11,415.0,0.6284,0.11612,40.15,8.344,19.404,74.43
2024-02-29 00:00:00,61503.22,3402.94,123.0,412.0,0.6411,0.12441,41.24,8.422,19.524,76.62
2024-02-29 04:00:00,62597.4,3465.12,125.0,414.8,0.6798,0.12852,41.4,8.642,19.963,82.21
2024-02-29 08:00:00,62942.18,3514.3,128.97,409.9,0.6908,0.12915,42.97,8.721,20.131,82.09
2024-02-29 12:00:00,62814.59,3467.35,132.4,407.3,0.6929,0.13389,43.52,8.86,20.09,82.69
2024-02-29 16:00:00,61598.61,3403.12,130.15,405.3,0.6767,0.12638,42.37,8.547,19.738,82.94
2024-02-29 20:00:00,61125.22,3345.28,125.41,399.5,0.6556,0.11719,41.0,8.276,19.262,79.87
2024-03-01 00:00:00,61124.83,3370.48,134.19,404.9,0.6737,0.11957,42.61,8.35,19.542,83.41
2024-03-01 04:00:00,61452.73,3367.36,132.07,403.7,0.6649,0.11855,42.07,8.35,19.696,84.07
2024-03-01 08:00:00,61874.87,3411.55,135.36,406.3,0.6851,0.12129,42.51,8.441,19.916,84.88
2024-03-01 12:00:00,61251.14,3390.76,131.12,403.0,0.6793,0.1242,41.59,8.318,19.693,82.87
2024-03-01 16:00:00,62199.7,3423.45,131.03,406.3,0.6913,0.13565,41.88,8.382,19.829,83.78
2024-03-01 20:00:00,62394.58,3434.67,129.51,407.6,0.7188,0.13951,42.82,8.646,20.051,85.05
2024-03-02 00:00:00,62246.22,3442.0,130.08,410.7,0.7545,0.14109,43.36,8.899,20.576,91.08
2024-03-02 04:00:00,61939.42,3425.99,128.96,407.0,0.7342,0.14678,42.53,8.925,21.21,89.97
2024-03-02 08:00:00,61779.1,3401.52,128.51,405.7,0.7339,0.14119,42.36,8.991,20.735,90.39
2024-03-02 12:00:00,61779.29,3416.05,128.31,407.3,0.7312,0.13769,42.21,9.043,21.104,90.81
2024-03-02 16:00:00,61999.0,3425.01,130.26,408.5,0.7397,0.14141,42.99,9.2,21.392,91.97
2024-03-02 20:00:00,62006.35,3421.83,130.0,410.8,0.7399,0.14191,44.35,9.37,21.411,94.24
2024-03-03 00:00:00,61939.17,3432.1,130.13,410.1,0.7399,0.14042,43.88,9.354,21.233,92.84
2024-03-03 04:00:00,61611.28,3398.47,126.87,407.8,0.7153,0.13189,41.88,8.946,20.304,88.64
2024-03-03 08:00:00,61793.77,3414.59,128.77,413.0,0.7265,0.14056,42.5,9.148,20.489,91.3
2024-03-03 12:00:00,62188.04,3424.46,129.33,413.3,0.7239,0.14026,42.55,9.314,20.539,91.0
2024-03-03 16:00:00,62736.3,3472.23,130.24,412.8,0.7267,0.15056,42.51,9.656,20.551,90.56
2024-03-03 20:00:00,63068.89,3485.29,130.38,413.4,0.7292,0.15315,42.7,9.805,20.492,90.44
2024-03-04 00:00:00,63399.9,3467.56,128.73,413.7,0.752,0.15581,42.25,9.698,20.296,89.66
2024-03-04 04:00:00,63864.91,3476.93,129.51,413.6,0.7869,0.16411,42.87,9.793,20.342,90.46
2024-03-04 08:00:00,65181.78,3507.96,132.55,417.6,0.7817,0.16247,43.58,9.943,20.459,90.62
2024-03-04 12:00:00,66426.27,3557.16,131.68,419.4,0.7877,0.17145,43.51,10.167,20.505,90.21
2024-03-04 16:00:00,67349.98,3592.79,129.53,414.8,0.7767,0.17751,42.65,9.975,20.327,89.78
2024-03-04 20:00:00,68152.44,3609.9,132.51,416.4,0.7674,0.17978,43.01,9.941,20.321,88.77
2024-03-05 00:00:00,68000.0,3684.15,129.88,416.2,0.768,0.19608,41.97,9.798,20.072,89.04
2024-03-05 04:00:00,66207.67,3683.38,129.58,418.4,0.758,0.17883,42.54,10.561,20.426,88.94
2024-03-05 08:00:00,66659.64,3733.56,130.75,418.7,0.7683,0.18083,42.72,10.476,20.718,89.67
2024-03-05 12:00:00,66923.65,3783.09,139.7,417.1,0.7545,0.17286,44.18,10.267,20.492,88.9
2024-03-05 16:00:00,60000.0,3288.63,123.91,369.3,0.6748,0.1325,36.47,9.108,18.02,81.36
2024-03-05 20:00:00,63830.27,3555.01,125.51,393.7,0.6998,0.15344,39.36,9.292,18.984,81.81
2024-03-06 00:00:00,63319.25,3541.54,122.56,391.1,0.6759,0.15092,38.65,9.082,18.63,81.36
2024-03-06 04:00:00,66546.35,3777.91,132.84,408.8,0.7348,0.16759,41.11,10.037,19.43,85.62
2024-03-06 08:00:00,67276.68,3879.22,131.99,426.7,0.7322,0.16876,40.88,10.134,19.548,85.18
2024-03-06 12:00:00,66418.21,3789.6,128.27,419.7,0.7155,0.16114,39.62,9.991,19.276,82.96
2024-03-06 16:00:00,66764.57,3851.77,130.72,424.1,0.7273,0.15955,40.82,10.241,19.953,84.41
2024-03-06 20:00:00,66193.8,3819.35,130.93,428.8,0.7346,0.15793,41.55,10.531,20.06,85.83
2024-03-07 00:00:00,65900.0,3774.64,138.08,427.1,0.7376,0.1521,42.91,10.501,20.034,84.76
2024-03-07 04:00:00,66359.23,3789.86,138.33,434.3,0.7342,0.15087,42.6,10.425,19.952,84.73
2024-03-07 08:00:00,66865.45,3788.28,140.31,438.5,0.7379,0.15347,42.75,10.441,19.915,86.12
2024-03-07 12:00:00,67312.48,3838.68,145.41,449.3,0.7444,0.15901,43.83,10.441,20.076,86.56
2024-03-07 16:00:00,67547.76,3870.53,148.7,467.9,0.7507,0.15578,43.89,10.441,20.071,88.56
2024-03-07 20:00:00,66845.27,3870.7,143.65,474.6,0.7436,0.15781,43.22,10.424,20.089,88.01
2024-03-08 00:00:00,67127.32,3901.17,144.33,464.6,0.7387,0.16806,42.95,10.429,19.963,88.76
2024-03-08 04:00:00,67143.13,3910.75,144.49,469.4,0.7309,0.17228,43.12,10.353,19.823,87.74
2024-03-08 08:00:00,67700.0,3946.34,148.95,474.2,0.7343,0.16876,43.15,10.419,19.98,87.97
2024-03-08 12:00:00,67638.01,3900.14,145.29,473.0,0.7188,0.16386,42.39,10.237,19.722,86.62
2024-03-08 16:00:00,68825.08,3925.0,147.7,484.6,0.7207,0.1675,42.48,10.48,19.738,86.84
2024-03-08 20:00:00,68163.76,3884.87,144.81,486.2,0.7228,0.16476,42.67,10.629,19.679,88.42
2024-03-09 00:00:00,68273.04,3921.82,145.79,488.4,0.7291,0.16923,42.55,10.65,20.054,88.7
2024-03-09 04:00:00,68300.15,3927.18,148.5,487.7,0.7376,0.16786,43.09,10.711,19.988,88.81
2024-03-09 08:00:00,68320.18,3910.71,146.7,487.6,0.7299,0.16574,43.07,10.923,19.899,87.93
2024-03-09 12:00:00,68254.8,3911.02,146.6,483.5,0.7349,0.16973,43.12,10.748,20.167,89.46
2024-03-09 16:00:00,68170.0,3880.71,145.21,481.9,0.7377,0.17614,42.91,10.439,19.897,88.67
2024-03-09 20:00:00,68309.0,3906.36,144.32,488.4,0.7432,0.17885,42.91,10.523,19.982,90.62
2024-03-10 00:00:00,69100.0,3937.08,146.68,488.7,0.735,0.17593,42.9,10.449,19.887,89.28
2024-03-10 04:00:00,69326.46,3946.68,148.3,502.9,0.7358,0.17594,43.8,10.531,19.98,88.93
2024-03-10 08:00:00,69587.87,3932.5,145.44,531.4,0.7276,0.17305,42.81,10.411,19.795,88.5
2024-03-10 12:00:00,69245.21,3886.92,142.96,520.4,0.7154,0.17246,41.73,10.178,19.59,87.73
2024-03-10 16:00:00,69395.79,3899.85,145.01,529.7,0.7193,0.17353,42.2,10.283,19.774,88.26
2024-03-10 20:00:00,68978.46,3883.04,143.76,528.6,0.7161,0.16985,42.01,10.259,21.725,87.37
2024-03-11 00:00:00,68634.1,3865.26,141.24,523.1,0.7127,0.16621,41.5,10.324,21.181,86.7
2024-03-11 04:00:00,70991.8,4000.0,147.77,528.4,0.7355,0.1765,42.73,10.531,21.353,89.99
2024-03-11 08:00:00,71456.35,4034.85,148.36,521.7,0.7392,0.17573,46.24,10.762,21.359,94.76
2024-03-11 12:00:00,72040.71,4020.49,147.05,515.2,0.7585,0.17428,46.68,10.863,21.21,101.14
2024-03-11 16:00:00,71905.66,4031.47,146.59,517.2,0.7711,0.17386,47.42,11.03,21.164,105.36
2024-03-11 20:00:00,72115.58,4067.53,148.85,522.8,0.7744,0.18193,48.91,11.303,21.267,103.76
2024-03-12 00:00:00,71651.59,4031.4,151.02,534.6,0.7574,0.17363,48.26,10.88,20.851,101.55
2024-03-12 04:00:00,72128.9,4026.33,152.1,538.5,0.7535,0.17243,47.8,10.736,20.577,99.09
2024-03-12 08:00:00,72050.0,4021.2,150.59,530.6,0.7481,0.1705,47.84,10.622,20.477,97.77
2024-03-12 12:00:00,71715.64,3986.07,150.5,540.7,0.7476,0.16988,53.86,10.665,20.533,97.07
2024-03-12 16:00:00,71299.99,3979.07,149.35,541.0,0.7445,0.1676,56.36,10.771,20.708,98.01
2024-03-12 20:00:00,71420.43,3978.36,150.88,537.1,0.7474,0.16809,55.5,10.713,20.672,97.66
2024-03-13 00:00:00,71977.19,4040.76,149.48,537.9,0.7515,0.17209,53.35,10.955,20.706,98.13
2024-03-13 04:00:00,72860.1,4039.79,150.71,561.2,0.7635,0.17219,53.95,11.009,20.778,98.28
2024-03-13 08:00:00,73038.12,4052.36,153.51,590.0,0.7589,0.16979,54.01,11.02,20.719,97.24
2024-03-13 12:00:00,72667.8,3963.81,157.17,583.2,0.7461,0.16642,53.54,10.85,20.399,95.8
2024-03-13 16:00:00,73315.66,4004.04,161.27,594.7,0.753,0.16861,53.96,11.018,20.386,96.34
2024-03-13 20:00:00,73020.03,4004.39,163.3,630.0,0.7639,0.16876,54.76,11.319,20.758,97.05
2024-03-14 00:00:00,73210.84,3991.99,167.34,614.5,0.7579,0.1715,57.7,11.142,20.584,95.96
2024-03-14 04:00:00,73221.35,3966.77,168.27,607.8,0.7831,0.1852,55.8,11.337,20.421,95.26
2024-03-14 08:00:00,72874.76,3956.61,172.99,605.7,0.7956,0.18325,56.55,11.698,21.633,96.07
2024-03-14 12:00:00,70910.8,3847.09,167.69,593.1,0.7486,0.17296,53.33,11.173,20.59,94.13
2024-03-14 16:00:00,69512.6,3789.25,162.46,579.0,0.7269,0.17012,51.61,10.982,20.36,91.61
2024-03-14 20:00:00,71389.23,3884.24,176.52,603.2,0.7507,0.17712,53.97,11.588,20.911,94.04
2024-03-15 00:00:00,68199.87,3720.41,177.0,581.0,0.7209,0.1685,54.16,10.741,19.552,89.69
2024-03-15 04:00:00,68492.6,3755.66,176.25,583.7,0.7219,0.16789,53.67,10.783,19.606,89.68
2024-03-15 08:00:00,67653.73,3689.11,170.23,582.2,0.7008,0.16017,51.51,10.382,19.296,87.87
2024-03-15 12:00:00,68144.08,3691.02,181.78,595.6,0.7179,0.16243,55.5,10.411,19.386,88.38
2024-03-15 16:00:00,68925.5,3697.87,183.11,594.3,0.7194,0.16212,56.25,10.665,19.286,88.63
2024-03-15 20:00:00,69506.22,3739.08,183.84,629.7,0.7255,0.16347,58.14,10.801,19.602,89.68
2024-03-16 00:00:00,69203.99,3742.05,186.81,610.2,0.7222,0.16242,56.92,10.7,19.388,89.44
2024-03-16 04:00:00,69419.57,3743.28,193.06,613.9,0.7317,0.16325,60.68,10.649,19.603,90.2
2024-03-16 08:00:00,68318.14,3695.8,193.11,609.7,0.7201,0.15832,59.26,10.357,19.334,89.82
2024-03-16 12:00:00,68341.87,3678.96,195.01,600.6,0.7039,0.15392,58.03,10.273,18.99,88.09
2024-03-16 16:00:00,67009.99,3600.92,180.5,583.0,0.67,0.14346,52.79,9.855,18.19,84.73
2024-03-16 20:00:00,65354.59,3526.2,182.06,577.3,0.6599,0.14267,53.56,9.699,18.124,84.29
2024-03-17 00:00:00,66466.39,3567.43,186.39,588.0,0.6728,0.14709,53.49,9.85,18.366,86.1
2024-03-17 04:00:00,65696.77,3476.9,182.23,560.9,0.6454,0.14117,51.49,9.459,17.696,83.29
2024-03-17 08:00:00,66951.08,3580.0,191.91,572.3,0.6795,0.1485,55.74,9.866,18.314,86.13
2024-03-17 12:00:00,67907.13,3620.75,195.5,586.7,0.6845,0.15272,55.79,10.048,18.552,86.26
2024-03-17 16:00:00,68548.19,3657.02,195.83,583.0,0.6842,0.15473,57.88,10.22,18.688,86.34
2024-03-17 20:00:00,68397.9,3645.09,201.64,570.3,0.6791,0.15422,58.35,10.092,18.667,85.88
2024-03-18 00:00:00,67946.5,3601.53,203.96,565.3,0.6705,0.15081,60.42,10.001,18.89,85.44
2024-03-18 04:00:00,68245.73,3627.0,202.92,576.7,0.6885,0.14979,61.27,10.356,19.357,85.82
2024-03-18 08:00:00,68267.26,3599.09,208.47,569.5,0.6808,0.14845,63.81,10.198,19.231,84.87
2024-03-18 12:00:00,67370.14,3525.65,203.92,552.6,0.6597,0.14357,61.72,9.861,18.602,82.96
2024-03-18 16:00:00,66957.38,3481.62,198.19,547.0,0.6494,0.14241,62.31,9.745,18.19,82.28
2024-03-18 20:00:00,67562.87,3528.1,196.0,555.0,0.6597,0.14352,60.51,9.89,18.382,86.87
2024-03-19 00:00:00,65902.35,3419.4,185.38,533.2,0.6361,0.13548,59.08,9.424,17.68,83.92
2024-03-19 04:00:00,64662.4,3351.97,185.37,528.5,0.6261,0.13258,60.03,9.182,17.329,80.6
2024-03-19 08:00:00,63064.84,3275.33,177.83,512.6,0.6179,0.13056,57.83,9.124,17.293,80.01
2024-03-19 12:00:00,63936.65,3303.47,182.35,530.1,0.6268,0.13388,59.66,9.185,17.711,81.25
2024-03-19 16:00:00,64430.17,3330.99,182.15,533.7,0.6167,0.13459,58.78,9.211,17.621,81.45
2024-03-19 20:00:00,62057.44,3165.0,170.35,507.4,0.5867,0.12849,54.01,8.773,16.858,78.93
2024-03-20 00:00:00,62002.88,3160.67,169.93,514.1,0.591,0.13001,51.48,8.72,16.843,78.92
2024-03-20 04:00:00,62978.1,3216.16,173.88,533.1,0.6089,0.13333,53.74,9.107,17.358,81.49
2024-03-20 08:00:00,63403.39,3286.2,172.13,533.3,0.6114,0.13474,53.52,9.258,17.44,81.25
2024-03-20 12:00:00,63545.7,3294.22,170.86,516.7,0.6001,0.13247,52.71,8.925,17.365,80.95
2024-03-20 16:00:00,65776.77,3378.42,182.29,539.8,0.6302,0.14546,55.16,9.289,17.994,83.86
2024-03-20 20:00:00,67630.03,3512.04,191.64,555.1,0.6402,0.15117,56.97,9.476,18.323,84.55
2024-03-21 00:00:00,66698.69,3505.87,190.02,553.3,0.635,0.14954,55.96,9.466,18.246,85.61
2024-03-21 04:00:00,67003.0,3518.9,188.71,550.1,0.6307,0.15345,54.4,9.343,18.102,84.89
2024-03-21 08:00:00,67050.0,3528.5,189.02,558.8,0.6319,0.15166,54.96,9.397,18.219,85.49
2024-03-21 12:00:00,66579.13,3490.36,185.22,557.7,0.634,0.15678,54.61,9.295,18.424,86.12
2024-03-21 16:00:00,65269.72,3449.35,179.12,553.2,0.6334,0.15146,53.77,9.228,18.567,86.92
2024-03-21 20:00:00,65513.13,3494.18,179.92,553.4,0.6328,0.1554,53.85,9.185,18.426,85.8
2024-03-22 00:00:00,66000.11,3512.94,179.1,575.4,0.6348,0.15736,55.01,9.237,18.45,85.87
2024-03-22 04:00:00,66150.23,3511.68,179.17,580.5,0.64,0.16288,55.86,9.318,18.387,85.22
2024-03-22 08:00:00,64196.64,3411.49,172.37,566.4,0.6201,0.15566,54.87,9.055,17.892,82.78
2024-03-22 12:00:00,63822.17,3348.6,171.78,554.4,0.6184,0.14995,53.71,8.888,17.746,82.8
2024-03-22 16:00:00,63950.0,3350.93,172.98,550.4,0.6133,0.152,53.92,8.928,18.284,82.95
2024-03-22 20:00:00,63811.92,3336.93,175.1,553.2,0.6144,0.15313,53.4,8.917,18.333,83.05
2024-03-23 00:00:00,63621.09,3304.14,171.65,548.3,0.6186,0.15817,53.36,8.941,18.122,83.89
2024-03-23 04:00:00,64567.62,3364.53,175.59,554.0,0.6273,0.16163,55.0,9.08,18.382,84.29
2024-03-23 08:00:00,64631.67,3358.74,175.9,553.9,0.6289,0.16374,54.61,9.09,18.438,86.61
2024-03-23 12:00:00,65047.99,3408.72,175.78,562.4,0.6335,0.16623,54.9,9.159,18.271,86.3
2024-03-23 16:00:00,64800.0,3384.93,174.84,559.7,0.6294,0.16967,54.92,9.15,18.345,87.07
2024-03-23 20:00:00,64041.82,3332.0,172.72,551.4,0.6233,0.16191,53.51,9.0,18.041,85.25
2024-03-24 00:00:00,64055.41,3309.59,171.79,550.9,0.6264,0.16876,53.25,9.016,18.047,86.95
2024-03-24 04:00:00,64549.98,3339.81,173.42,553.0,0.6368,0.17324,53.06,9.081,18.119,86.49
2024-03-24 08:00:00,65226.76,3387.46,174.74,555.7,0.6349,0.17167,53.8,9.192,18.317,87.54
2024-03-24 12:00:00,65596.92,3399.24,176.64,559.8,0.635,0.17449,53.67,9.221,18.262,89.47
2024-03-24 16:00:00,65750.01,3384.11,176.12,563.6,0.6336,0.17377,53.87,9.255,18.204,89.42
2024-03-24 20:00:00,67173.0,3455.92,183.3,567.1,0.644,0.17637,55.6,9.372,18.498,89.7
2024-03-25 00:00:00,67145.2,3444.69,184.83,578.6,0.6468,0.17235,56.33,9.453,18.684,89.64
2024-03-25 04:00:00,66728.42,3443.23,186.09,583.5,0.6423,0.17148,56.11,9.339,18.614,89.21
2024-03-25 08:00:00,66780.7,3435.52,188.0,579.4,0.6413,0.17025,57.07,9.417,18.883,88.6
2024-03-25 12:00:00,69789.11,3580.23,192.66,591.1,0.6611,0.18309,58.36,9.721,19.302,90.85
2024-03-25 16:00:00,70888.96,3640.94,192.54,594.6,0.6653,0.18034,58.18,9.754,19.498,91.15
2024-03-25 20:00:00,69853.45,3592.95,189.09,585.5,0.6569,0.17529,57.8,9.714,19.375,90.72
2024-03-26 00:00:00,70412.01,3627.79,192.05,591.8,0.6665,0.17712,58.31,9.883,19.753,90.97
2024-03-26 04:00:00,70443.11,3633.13,194.14,589.5,0.6721,0.17931,58.33,9.891,19.868,90.83
2024-03-26 08:00:00,70648.16,3635.59,194.81,591.9,0.6767,0.18389,57.92,9.928,20.421,91.21
2024-03-26 12:00:00,70217.93,3592.9,190.12,579.3,0.66,0.17846,56.57,9.782,20.147,88.92
2024-03-26 16:00:00,69480.75,3567.32,188.43,575.7,0.6577,0.17617,55.64,9.557,19.664,94.97
2024-03-26 20:00:00,69983.99,3588.28,190.48,579.8,0.6637,0.18275,55.75,9.697,19.998,95.83
2024-03-27 00:00:00,70398.96,3607.97,189.95,581.7,0.6626,0.18462,56.11,9.685,19.818,96.8
2024-03-27 04:00:00,69723.13,3568.25,186.95,574.1,0.6481,0.18322,54.89,9.503,19.549,95.44
2024-03-27 08:00:00,70144.01,3585.15,188.16,578.4,0.6563,0.18531,55.05,9.589,19.722,97.67
2024-03-27 12:00:00,68907.31,3516.44,181.53,569.8,0.6342,0.18781,53.35,9.399,19.192,93.91
2024-03-27 16:00:00,68710.4,3496.51,182.93,569.5,0.6449,0.1826,53.89,9.395,19.277,93.84
2024-03-27 20:00:00,69437.7,3503.76,186.05,574.9,0.6478,0.19034,54.08,9.453,19.326,93.72
2024-03-28 00:00:00,69265.28,3497.4,182.49,582.0,0.64,0.19474,53.73,9.37,19.195,95.26
2024-03-28 04:00:00,70353.54,3571.46,187.36,590.1,0.6506,0.19972,54.88,9.592,19.537,96.45
2024-03-28 08:00:00,70587.0,3580.41,185.45,587.7,0.6492,0.21715,54.31,9.583,19.606,94.99
2024-03-28 12:00:00,71299.94,3580.46,187.86,584.5,0.6553,0.21744,54.68,9.588,19.333,94.99
2024-03-28 16:00:00,70819.49,3567.59,187.02,581.5,0.6511,0.22754,54.7,9.499,19.21,93.56
2024-03-28 20:00:00,70811.57,3557.32,189.59,582.0,0.6508,0.22007,54.6,9.528,19.161,94.27
2024-03-29 00:00:00,70413.0,3563.89,188.14,588.8,0.6472,0.21779,54.26,9.426,18.99,94.45
2024-03-29 04:00:00,69843.82,3532.96,184.08,605.2,0.6365,0.2095,53.14,9.376,18.722,93.21
2024-03-29 08:00:00,70132.98,3553.76,185.98,615.8,0.6534,0.21345,53.77,9.556,18.923,102.38
2024-03-29 12:00:00,69175.0,3496.71,185.44,607.2,0.6492,0.20806,53.13,9.588,18.951,104.17
2024-03-29 16:00:00,69659.25,3502.04,187.56,612.9,0.6466,0.21374,53.03,9.519,18.936,105.63
2024-03-29 20:00:00,69849.99,3514.41,191.73,611.1,0.6624,0.2134,53.36,9.588,18.958,108.8
2024-03-30 00:00:00,69772.47,3493.85,192.76,607.3,0.6584,0.21204,53.31,9.568,18.822,105.27
2024-03-30 04:00:00,69922.57,3494.89,195.76,598.9,0.651,0.20642,53.81,9.521,19.144,104.93
2024-03-30 08:00:00,70196.61,3563.89,197.8,605.1,0.6587,0.21087,54.28,9.6,19.186,103.46
2024-03-30 12:00:00,70036.14,3539.51,196.19,604.9,0.6511,0.20379,53.72,9.527,19.135,102.12
2024-03-30 16:00:00,69993.54,3517.88,195.6,604.9,0.6507,0.2012,53.48,9.5,19.063,102.36
2024-03-30 20:00:00,69763.07,3511.95,194.12,600.0,0.6438,0.1992,53.01,9.44,18.951,103.0
2024-03-31 00:00:00,70018.97,3541.86,194.45,608.4,0.6445,0.20163,53.16,9.474,18.99,102.91
2024-03-31 04:00:00,70399.99,3625.95,196.88,606.9,0.6508,0.20746,54.01,9.559,19.215,102.84
2024-03-31 08:00:00,70404.48,3609.69,196.0,605.9,0.6469,0.20664,53.72,9.561,19.01,102.1
2024-03-31 12:00:00,70397.19,3616.71,195.75,602.5,0.6465,0.21244,53.21,9.569,19.062,103.17
2024-03-31 16:00:00,71042.7,3638.07,200.25,606.1,0.6471,0.22205,54.15,9.561,19.082,104.54
2024-03-31 20:00:00,71319.74,3650.01,202.66,606.1,0.6475,0.22011,54.08,9.629,19.15,105.08
2024-04-01 00:00:00,70587.29,3612.16,202.6,597.9,0.6444,0.21616,53.84,9.658,19.171,109.94
2024-04-01 04:00:00,69663.68,3549.84,197.85,586.4,0.631,0.20774,52.2,9.332,18.688,108.56
2024-04-01 08:00:00,69600.49,3540.96,195.27,586.0,0.6278,0.20587,52.45,9.202,18.345,104.49
2024-04-01 12:00:00,68265.07,3459.81,188.66,576.0,0.6083,0.19952,51.2,9.01,17.933,98.38
2024-04-01 16:00:00,69556.33,3494.17,194.0,579.7,0.6198,0.20625,51.33,9.159,18.219,99.02
2024-04-01 20:00:00,69700.0,3506.04,193.4,576.0,0.622,0.20546,51.48,9.159,18.371,99.35
2024-04-02 00:00:00,66879.13,3374.61,190.88,561.1,0.5958,0.18837,47.89,8.76,17.677,96.21
2024-04-02 04:00:00,66606.66,3364.7,190.32,559.9,0.596,0.18709,48.16,8.746,18.342,98.9
2024-04-02 08:00:00,65609.54,3305.35,180.0,555.4,0.5851,0.184,47.11,8.513,18.028,102.59
2024-04-02 12:00:00,64922.15,3247.23,177.09,550.6,0.5805,0.18173,46.79,8.452,17.612,105.84
2024-04-02 16:00:00,65936.68,3284.0,185.81,558.3,0.5865,0.18706,47.52,8.603,17.965,107.72
2024-04-02 20:00:00,65473.99,3273.21,181.37,551.0,0.5801,0.18236,46.8,8.599,17.951,106.74
2024-04-03 00:00:00,66236.12,3315.2,188.32,559.8,0.5867,0.1855,47.63,8.63,18.156,103.17
2024-04-03 04:00:00,66149.72,3309.51,189.3,558.9,0.5883,0.1842,48.02,8.721,18.023,101.25
2024-04-03 08:00:00,66069.92,3321.02,187.79,557.1,0.5874,0.18346,47.39,8.673,17.962,100.49
2024-04-03 12:00:00,65842.02,3329.51,189.41,556.0,0.5818,0.17934,46.48,8.57,17.897,99.01
2024-04-03 16:00:00,65995.36,3321.75,185.86,559.1,0.5766,0.17625,45.9,8.411,17.605,98.3
2024-04-03 20:00:00,66008.96,3312.56,185.06,561.2,0.5695,0.17522,45.9,8.456,17.709,98.39
2024-04-04 00:00:00,65639.22,3289.82,181.95,577.4,0.5671,0.17401,46.23,8.339,17.613,98.3
2024-04-04 04:00:00,66115.38,3323.79,184.8,581.2,0.5753,0.17912,46.88,8.443,17.889,101.43
2024-04-04 08:00:00,66354.65,3343.36,185.5,587.3,0.5827,0.18155,47.0,8.483,17.904,100.31
2024-04-04 12:00:00,67628.25,3364.08,186.92,590.2,0.5888,0.18295,47.47,8.57,17.984,99.53
2024-04-04 16:00:00,68442.12,3366.92,185.58,593.5,0.585,0.18193,47.04,8.519,17.86,98.8
2024-04-04 20:00:00,68369.41,3332.06,184.25,584.7,0.5838,0.18027,46.51,8.478,17.786,98.3
2024-04-05 00:00:00,67800.52,3307.63,179.32,580.6,0.577,0.17695,45.97,8.41,17.495,98.34
2024-04-05 04:00:00,66901.6,3284.24,175.08,575.0,0.5723,0.17532,45.32,8.269,17.265,98.96
2024-04-05 08:00:00,66431.75,3253.02,169.91,577.0,0.5633,0.1701,44.24,8.128,16.981,96.5
2024-04-05 12:00:00,68114.59,3328.21,175.88,583.7,0.5773,0.17652,45.52,8.381,17.459,98.02
2024-04-05 16:00:00,67422.7,3319.07,175.9,581.2,0.5755,0.17678,45.37,8.391,17.354,99.82
2024-04-05 20:00:00,67829.31,3319.12,175.07,576.6,0.5755,0.17706,45.38,8.396,17.387,97.93
2024-04-06 00:00:00,67792.19,3333.15,175.71,580.0,0.58,0.18045,46.51,8.428,17.381,98.1
2024-04-06 04:00:00,68054.99,3328.33,177.99,582.3,0.5811,0.18397,47.31,8.439,17.425,99.63
2024-04-06 08:00:00,67689.11,3332.4,176.4,579.9,0.5799,0.18261,46.93,8.402,17.583,101.51
2024-04-06 12:00:00,68047.03,3333.25,177.26,582.7,0.5829,0.18295,48.1,8.408,17.469,100.58
2024-04-06 16:00:00,68219.58,3346.1,178.08,583.1,0.5808,0.1829,47.88,8.403,17.441,100.27
2024-04-06 20:00:00,68828.93,3352.43,178.95,585.6,0.5835,0.18559,48.21,8.535,17.573,101.61
2024-04-07 00:00:00,69357.18,3384.36,181.2,588.6,0.5871,0.19547,48.95,8.636,17.757,104.15
2024-04-07 04:00:00,69278.5,3386.83,179.36,586.1,0.5896,0.19508,48.33,8.605,17.599,103.46
2024-04-07 08:00:00,69243.97,3388.01,180.29,586.7,0.5928,0.19825,48.53,8.666,17.721,103.15
2024-04-07 12:00:00,69632.1,3393.41,179.59,584.6,0.5917,0.20057,48.3,8.673,17.704,102.36
2024-04-07 16:00:00,69056.47,3379.65,178.61,578.1,0.5832,0.19697,48.05,8.547,17.573,100.82
2024-04-07 20:00:00,69335.89,3450.59,179.76,582.1,0.5888,0.19868,49.17,8.692,17.885,101.09
2024-04-08 00:00:00,69410.48,3422.54,176.72,580.8,0.5816,0.19864,48.69,8.627,17.604,100.63
2024-04-08 04:00:00,70708.13,3471.73,179.89,582.9,0.5953,0.20567,49.42,8.773,17.956,102.2
2024-04-08 08:00:00,72382.99,3630.97,182.75,594.9,0.6084,0.20654,50.31,8.985,18.559,104.11
2024-04-08 12:00:00,71796.4,3631.09,181.47,587.8,0.6074,0.20282,49.6,9.008,18.32,102.82
2024-04-08 16:00:00,71705.28,3703.65,179.69,589.2,0.6144,0.20135,49.94,8.972,18.098,103.2
2024-04-08 20:00:00,71640.11,3693.86,180.93,586.6,0.6141,0.20253,49.95,9.039,18.102,103.4
2024-04-09 00:00:00,71250.03,3688.11,178.11,581.8,0.608,0.19912,48.92,8.954,17.895,102.41
2024-04-09 04:00:00,70312.75,3646.61,175.4,574.6,0.6028,0.19678,48.4,8.847,17.73,99.96
2024-04-09 08:00:00,70716.86,3628.52,176.16,583.5,0.6117,0.19664,48.59,8.977,17.799,100.11
2024-04-09 12:00:00,69225.63,3526.29,172.43,578.6,0.6053,0.18982,47.52,8.862,17.502,97.86
2024-04-09 16:00:00,69098.02,3519.86,174.53,580.5,0.6001,0.18942,47.4,8.837,17.627,98.35
2024-04-09 20:00:00,69173.8,3506.04,172.39,580.4,0.5909,0.18923,46.52,8.665,17.355,97.62
2024-04-10 00:00:00,69138.87,3511.29,171.46,578.9,0.582,0.18831,46.58,8.564,17.37,97.21
2024-04-10 04:00:00,69291.64,3539.47,172.65,587.7,0.5832,0.19047,47.35,8.537,17.385,97.6
2024-04-10 08:00:00,68997.03,3520.74,170.42,586.7,0.5774,0.18851,47.45,8.41,17.377,96.62
2024-04-10 12:00:00,68673.02,3482.29,167.79,592.8,0.5732,0.19259,46.49,8.321,17.159,95.96
2024-04-10 16:00:00,69950.0,3519.04,171.07,603.8,0.5823,0.20049,47.32,8.358,17.291,96.12
2024-04-10 20:00:00,70555.79,3539.31,173.42,608.3,0.5865,0.19991,47.27,8.402,17.427,96.74
2024-04-11 00:00:00,70853.61,3576.39,172.8,616.3,0.5887,0.19691,46.81,8.411,17.412,97.18
2024-04-11 04:00:00,70770.17,3585.8,174.53,605.6,0.5929,0.2009,47.28,8.493,17.57,97.97
2024-04-11 08:00:00,69991.68,3525.15,170.25,593.1,0.5808,0.19414,45.96,8.25,17.153,96.07
2024-04-11 12:00:00,69970.45,3508.53,173.18,602.9,0.5796,0.19271,45.82,8.25,17.226,96.07
2024-04-11 16:00:00,70403.28,3518.52,174.73,604.7,0.5828,0.19304,46.18,8.276,17.399,98.51
2024-04-11 20:00:00,70056.0,3506.23,172.61,604.4,0.5859,0.19383,45.95,8.383,17.553,98.65
2024-04-12 00:00:00,70920.23,3531.45,173.97,614.0,0.5902,0.19801,46.58,8.435,17.794,98.3
2024-04-12 04:00:00,70649.8,3517.16,173.06,621.1,0.5814,0.19736,46.29,8.389,17.673,98.34
2024-04-12 08:00:00,70900.98,3533.32,172.9,621.8,0.5857,0.19962,46.21,8.45,17.723,97.91
2024-04-12 12:00:00,69369.09,3442.63,167.58,612.6,0.5649,0.19329,44.23,8.155,17.11,95.75
2024-04-12 16:00:00,67071.79,3211.99,150.3,588.6,0.4843,0.17086,38.57,6.969,14.527,85.87
2024-04-12 20:00:00,67183.85,3243.59,153.56,594.7,0.5055,0.17416,39.42,7.26,15.186,86.32
2024-04-13 00:00:00,67114.35,3232.91,151.48,582.9,0.5032,0.173,38.2,7.132,15.071,85.58
2024-04-13 04:00:00,67462.2,3269.43,150.97,592.3,0.5057,0.17089,38.16,7.235,15.18,85.37
2024-04-13 08:00:00,67500.07,3277.65,151.25,592.7,0.5095,0.17129,38.47,7.302,15.071,85.62
2024-04-13 12:00:00,67753.65,3278.0,148.85,594.8,0.5027,0.17071,38.24,7.113,14.895,85.62
2024-04-13 16:00:00,65010.0,3106.9,135.77,552.5,0.4552,0.156,34.45,6.5,13.537,76.76
2024-04-13 20:00:00,63947.01,3002.71,138.19,552.2,0.4446,0.15281,33.92,6.442,13.307,77.47
2024-04-14 00:00:00,63355.57,2974.6,135.19,546.7,0.447,0.14867,33.7,6.373,13.085,75.67
2024-04-14 04:00:00,64488.33,3082.05,143.83,563.9,0.4719,0.15873,36.2,6.766,13.87,79.47
2024-04-14 08:00:00,64194.79,3028.98,138.88,552.1,0.4581,0.15179,36.05,6.608,13.431,77.5
2024-04-14 12:00:00,64227.14,3054.39,137.94,550.4,0.4533,0.15131,35.49,6.549,13.57,77.54
2024-04-14 16:00:00,64184.95,3073.72,141.65,551.4,0.4509,0.1522,35.75,6.604,13.578,77.69
2024-04-14 20:00:00,65780.16,3155.96,151.48,567.5,0.4677,0.16222,37.2,6.89,14.188,79.72
2024-04-15 00:00:00,65254.02,3151.6,148.34,568.5,0.4629,0.15775,35.83,6.77,13.884,78.56
2024-04-15 04:00:00,66342.54,3243.04,153.9,575.8,0.4881,0.16515,37.73,7.144,14.418,82.21
2024-04-15 08:00:00,65868.22,3229.05,150.9,577.9,0.4854,0.16216,37.52,7.09,14.472,80.85
2024-04-15 12:00:00,64579.21,3163.06,142.88,565.0,0.4682,0.15429,37.02,6.801,14.119,79.24
2024-04-15 16:00:00,63355.57,3104.53,137.74,556.2,0.4564,0.15907,35.4,6.726,13.774,78.2
2024-04-15 20:00:00,63449.83,3099.18,138.35,552.0,0.4599,0.16113,35.14,6.718,13.567,78.02
2024-04-16 00:00:00,62983.6,3069.01,134.5,545.1,0.4545,0.15537,34.44,6.594,13.37,77.18
2024-04-16 04:00:00,63460.82,3103.51,138.0,550.0,0.4735,0.15736,35.56,6.741,13.65,79.11
2024-04-16 08:00:00,63040.48,3092.11,135.9,543.7,0.466,0.15604,35.18,6.697,13.527,79.25
2024-04-16 12:00:00,61824.75,3009.92,127.72,526.7,0.4434,0.14811,32.85,6.426,12.977,77.35
2024-04-16 16:00:00,62822.83,3062.57,132.22,535.3,0.4478,0.15297,34.0,6.584,13.2,78.84
2024-04-16 20:00:00,63859.29,3084.91,136.35,537.3,0.4588,0.15604,34.71,6.701,13.486,79.9
2024-04-17 00:00:00,63916.2,3089.18,137.48,541.7,0.4563,0.15648,34.67,6.674,13.409,79.24
2024-04-17 04:00:00,63297.14,3077.99,139.52,544.7,0.4593,0.15529,35.01,6.607,13.484,78.87
2024-04-17 08:00:00,62678.61,3040.19,134.21,532.2,0.447,0.15313,33.89,6.539,13.262,77.47
2024-04-17 12:00:00,60324.94,2947.4,128.84,518.6,0.4331,0.14643,32.61,6.421,12.943,77.64
2024-04-17 16:00:00,61210.0,3003.76,134.56,535.1,0.4472,0.14855,34.42,6.62,13.269,79.82
2024-04-17 20:00:00,61289.21,2983.95,131.81,533.8,0.444,0.14796,33.5,6.584,13.105,80.23
2024-04-18 00:00:00,62005.51,3026.85,136.15,549.6,0.4506,0.14938,34.29,6.674,13.303,80.71
2024-04-18 04:00:00,61192.44,2974.68,129.43,543.3,0.4393,0.14268,33.36,6.502,12.999,79.31
2024-04-18 08:00:00,62639.25,3049.83,136.26,547.1,0.4522,0.14926,35.37,6.679,13.347,81.01
2024-04-18 12:00:00,63539.79,3070.25,139.27,550.2,0.4537,0.15053,34.86,6.736,13.514,81.49
2024-04-18 16:00:00,63501.09,3062.77,140.55,549.9,0.4535,0.15055,34.94,6.744,13.652,80.6
2024-04-18 20:00:00,63463.3,3065.3,142.12,552.2,0.458,0.15227,34.85,6.777,13.901,80.9
2024-04-19 00:00:00,61824.25,2984.32,136.4,540.9,0.4424,0.14612,33.62,6.495,13.326,79.08
2024-04-19 04:00:00,64588.02,3083.46,143.18,554.5,0.4553,0.15146,35.2,6.694,13.623,80.66
2024-04-19 08:00:00,64850.0,3105.46,144.41,559.9,0.4674,0.1525,35.35,6.831,13.816,81.3
2024-04-19 12:00:00,64348.3,3081.38,146.09,559.0,0.4703,0.15221,35.42,6.794,13.954,81.51
2024-04-19 16:00:00,64257.5,3103.0,145.46,559.6,0.4732,0.15374,35.35,6.777,13.982,81.5
2024-04-19 20:00:00,63843.37,3059.42,142.44,554.0,0.4704,0.15595,34.67,6.69,13.946,80.85
2024-04-20 00:00:00,63920.69,3054.4,142.14,556.3,0.4766,0.15512,35.08,6.706,13.952,82.22
2024-04-20 04:00:00,63907.31,3059.95,143.38,559.5,0.4959,0.15444,35.78,6.821,14.068,82.45
2024-04-20 08:00:00,63715.17,3047.57,141.63,556.2,0.4761,0.15198,35.15,6.746,14.182,82.29
2024-04-20 12:00:00,64857.25,3106.11,147.17,567.5,0.4918,0.1581,36.48,6.953,14.577,83.84
2024-04-20 16:00:00,64902.87,3149.58,151.29,572.6,0.5023,0.16122,37.54,7.237,14.941,85.15
2024-04-20 20:00:00,64930.63,3152.66,150.94,569.7,0.5074,0.16247,38.23,7.214,14.882,84.97
2024-04-21 00:00:00,65187.14,3165.62,150.85,572.8,0.5059,0.1633,38.24,7.21,14.972,85.06
2024-04-21 04:00:00,65206.25,3178.37,151.15,579.4,0.5049,0.16319,38.03,7.159,14.902,85.45
2024-04-21 08:00:00,65285.09,3165.49,151.85,579.5,0.5049,0.16199,37.4,7.202,14.926,85.12
2024-04-21 12:00:00,65051.26,3159.44,150.04,574.7,0.4974,0.15998,37.15,7.089,14.812,84.38
2024-04-21 16:00:00,64660.82,3138.32,148.35,575.0,0.4977,0.15732,36.95,7.109,14.846,84.0
2024-04-21 20:00:00,64957.64,3144.32,148.5,578.9,0.4993,0.15817,37.12,7.131,15.061,84.31
2024-04-22 00:00:00,65809.0,3189.2,150.38,591.0,0.507,0.16047,38.2,7.309,15.856,85.37
2024-04-22 04:00:00,66006.46,3203.17,153.59,603.2,0.5063,0.16053,38.51,7.444,15.576,84.94
2024-04-22 08:00:00,65895.19,3192.87,153.22,598.8,0.5102,0.15959,38.93,7.43,15.305,84.59
2024-04-22 12:00:00,66000.0,3183.52,153.4,595.4,0.5157,0.1585,38.97,7.461,15.338,84.97
2024-04-22 16:00:00,66568.09,3188.58,154.73,596.2,0.5186,0.16006,39.21,7.479,15.398,85.71
2024-04-22 20:00:00,66850.0,3198.9,157.08,604.5,0.5167,0.161,39.19,7.492,15.446,85.46
2024-04-23 00:00:00,66466.53,3183.25,155.98,600.7,0.5101,0.15863,38.9,7.398,15.414,84.63
2024-04-23 04:00:00,66097.0,3160.77,154.0,599.8,0.5083,0.15786,38.18,7.333,15.345,84.4
2024-04-23 08:00:00,66013.84,3179.25,154.05,604.9,0.5146,0.15807,37.95,7.343,15.297,84.2
2024-04-23 12:00:00,66365.02,3221.18,157.51,604.3,0.5044,0.16099,38.9,7.423,15.239,84.73
2024-04-23 16:00:00,66467.13,3218.42,157.52,609.0,0.5045,0.16101,38.74,7.371,15.325,85.93
2024-04-23 20:00:00,66399.99,3220.48,155.0,604.7,0.499,0.16003,38.28,7.248,15.177,85.19
2024-04-24 00:00:00,66553.01,3235.12,156.61,603.8,0.502,0.16249,39.17,7.282,15.288,86.03
2024-04-24 04:00:00,66612.09,3248.94,157.96,607.9,0.5039,0.16133,39.28,7.435,15.437,86.96
2024-04-24 08:00:00,66570.57,3280.54,159.27,613.5,0.4984,0.16333,39.3,7.424,15.602,86.76
2024-04-24 12:00:00,64658.75,3176.62,151.67,596.8,0.4774,0.15287,36.88,7.048,14.713,85.07
2024-04-24 16:00:00,64050.29,3133.84,149.84,601.7,0.48,0.15344,37.0,7.072,14.744,84.76
2024-04-24 20:00:00,64278.95,3141.69,148.16,607.7,0.4747,0.15146,36.4,6.926,14.533,83.19
2024-04-25 00:00:00,64292.11,3152.62,146.0,606.2,0.4734,0.15059,35.86,6.937,14.553,83.74
2024-04-25 04:00:00,63989.03,3138.19,146.49,607.8,0.4727,0.15029,35.43,6.873,14.795,83.23
2024-04-25 08:00:00,63904.63,3112.54,144.94,609.1,0.4699,0.15003,35.22,6.826,14.646,83.61
2024-04-25 12:00:00,64115.69,3158.03,147.91,609.3,0.4733,0.15154,35.68,6.908,14.714,83.65
2024-04-25 16:00:00,64758.76,3163.92,146.93,614.4,0.4723,0.15209,35.79,6.913,14.663,84.62
2024-04-25 20:00:00,64500.0,3158.22,144.87,612.4,0.4701,0.1513,35.64,6.85,14.562,83.96
2024-04-26 00:00:00,64454.44,3140.95,144.0,608.0,0.4723,0.15062,35.6,6.859,14.695,84.77
2024-04-26 04:00:00,64263.03,3137.48,143.65,607.4,0.4695,0.15051,35.49,6.848,14.881,85.57
2024-04-26 08:00:00,64234.37,3130.55,143.22,601.4,0.4695,0.14981,35.18,6.892,14.626,85.37
2024-04-26 12:00:00,63496.31,3119.41,142.59,599.1,0.4669,0.14817,35.28,6.816,14.665,86.96
2024-04-26 16:00:00,63759.55,3135.17,142.73,601.2,0.4667,0.14962,34.86,6.848,14.684,88.1
2024-04-26 20:00:00,63801.92,3131.31,139.5,595.7,0.4624,0.14792,34.44,6.751,14.461,87.87
2024-04-27 00:00:00,63066.46,3122.86,136.4,593.5,0.459,0.14654,34.26,6.726,14.206,87.98
2024-04-27 04:00:00,62977.26,3122.2,136.9,594.0,0.4547,0.14509,34.1,6.665,14.14,86.34
2024-04-27 08:00:00,62821.96,3123.78,136.25,587.0,0.4538,0.14407,34.03,6.619,14.086,85.26
2024-04-27 12:00:00,62878.43,3144.6,137.58,586.0,0.4565,0.14565,34.01,6.623,13.938,84.58
2024-04-27 16:00:00,63352.99,3235.01,142.28,594.5,0.4657,0.14813,34.37,6.795,14.158,84.2
2024-04-27 20:00:00,63460.73,3250.0,141.11,596.8,0.4678,0.14804,34.39,6.796,14.277,83.93
2024-04-28 00:00:00,64087.82,3307.26,143.95,598.1,0.4761,0.15005,34.99,6.913,14.415,84.76
2024-04-28 04:00:00,63966.61,3315.0,143.51,601.0,0.4747,0.15003,34.97,6.926,14.321,85.09
2024-04-28 08:00:00,63506.4,3280.27,141.0,601.7,0.4668,0.1488,34.34,6.813,14.023,84.08
2024-04-28 12:00:00,63472.44,3316.31,141.67,603.6,0.4668,0.14942,34.82,6.856,14.124,85.2
2024-04-28 16:00:00,63771.34,3320.73,142.13,603.5,0.4692,0.15018,35.01,6.866,14.096,85.18
2024-04-28 20:00:00,63137.36,3261.69,137.78,597.9,0.4597,0.1465,33.84,6.704,13.807,83.98
2024-04-29 00:00:00,62183.13,3172.54,134.9,590.4,0.4529,0.14395,33.38,6.665,13.844,83.21
2024-04-29 04:00:00,62401.58,3184.24,134.97,588.0,0.4504,0.14157,33.25,6.586,13.857,82.47
2024-04-29 08:00:00,62288.96,3160.13,134.74,584.4,0.453,0.14059,33.16,6.5,13.924,83.41
2024-04-29 12:00:00,62980.41,3181.69,136.4,592.0,0.4565,0.14319,34.87,6.603,13.966,83.48
2024-04-29 16:00:00,63003.32,3183.19,134.9,589.8,0.4529,0.14107,34.64,6.56,14.015,82.56
2024-04-29 20:00:00,63817.61,3215.77,137.63,592.3,0.4576,0.14343,35.3,6.594,14.077,83.67
2024-04-30 00:00:00,63672.79,3181.72,136.64,590.2,0.4575,0.14372,34.8,6.573,13.997,83.46
2024-04-30 04:00:00,63200.73,3155.18,135.29,597.9,0.4515,0.14193,34.8,6.552,13.924,83.38
2024-04-30 08:00:00,61156.39,3007.86,128.84,568.8,0.433,0.13573,33.31,6.291,13.224,79.67
2024-04-30 12:00:00,60760.41,2999.15,127.96,561.0,0.436,0.13442,32.81,6.162,13.048,78.76
2024-04-30 16:00:00,59344.02,2928.84,123.14,567.1,0.4323,0.13061,32.01,6.113,12.897,78.08
2024-04-30 20:00:00,60698.63,3013.94,127.53,577.3,0.4403,0.13338,32.83,6.414,13.145,79.45
2024-05-01 00:00:00,60254.64,3005.35,126.49,573.4,0.4412,0.13227,32.64,6.456,13.152,79.42
2024-05-01 04:00:00,57433.57,2869.37,120.33,546.1,0.4275,0.12522,31.23,6.279,12.72,76.51
2024-05-01 08:00:00,57878.4,2903.96,122.95,550.6,0.4343,0.12536,31.86,6.457,12.922,77.12
2024-05-01 12:00:00,56868.85,2886.74,123.32,544.8,0.4363,0.12089,32.36,6.503,12.754,77.11
2024-05-01 16:00:00,57039.3,2924.55,129.8,549.3,0.4418,0.12694,32.35,6.703,13.0,78.58
2024-05-01 20:00:00,58361.6,2975.99,134.6,561.0,0.4506,0.13026,33.29,6.886,13.362,80.18
2024-05-02 00:00:00,57493.08,2933.01,129.49,545.7,0.4453,0.12634,32.96,6.868,13.157,79.89
2024-05-02 04:00:00,57657.56,2920.21,131.27,546.7,0.4443,0.12688,32.7,6.886,13.248,78.94
2024-05-02 08:00:00,58616.28,2992.54,138.73,561.3,0.4532,0.13196,33.76,7.042,13.654,80.34
2024-05-02 12:00:00,59203.51,2991.62,138.49,563.7,0.4574,0.13341,33.78,7.004,13.617,80.56
2024-05-02 16:00:00,59252.37,2998.98,137.86,563.2,0.4544,0.13297,33.72,7.206,13.677,80.49
2024-05-02 20:00:00,59102.52,2985.97,137.63,558.9,0.4582,0.13196,33.63,7.281,13.596,80.1
2024-05-03 00:00:00,59686.95,3010.4,141.03,564.6,0.4609,0.1349,34.18,7.202,13.714,80.72
2024-05-03 04:00:00,59203.39,2966.99,137.18,560.9,0.4513,0.13206,33.52,7.055,13.482,79.53
2024-05-03 08:00:00,59253.79,2982.81,136.98,562.5,0.4487,0.13282,33.43,7.042,13.706,79.8
2024-05-03 12:00:00,61710.25,3078.98,142.28,578.2,0.467,0.13901,35.12,7.263,13.981,81.68
2024-05-03 16:00:00,61991.58,3072.03,142.56,580.4,0.4657,0.14054,35.12,7.251,14.046,81.49
2024-05-03 20:00:00,62849.56,3104.06,143.55,586.4,0.4668,0.14611,35.56,7.244,14.108,81.97
2024-05-04 00:00:00,62711.07,3113.46,143.96,583.4,0.4666,0.14937,35.51,7.217,14.093,82.0
2024-05-04 04:00:00,62936.95,3099.78,143.82,583.6,0.4655,0.15026,35.43,7.157,14.135,81.72
2024-05-04 08:00:00,63777.45,3130.52,146.35,587.4,0.4689,0.15824,35.78,7.191,14.176,82.23
2024-05-04 12:00:00,63563.09,3128.05,146.24,590.0,0.4688,0.1637,36.24,7.238,14.271,82.24
2024-05-04 16:00:00,63935.04,3137.95,147.5,589.8,0.4703,0.16093,37.25,7.227,14.387,82.2
2024-05-04 20:00:00,63800.39,3116.68,146.03,584.0,0.463,0.16017,37.25,7.144,14.307,81.81
2024-05-05 00:00:00,63231.91,3088.71,144.6,580.1,0.4546,0.15826,37.69,7.079,14.176,80.94
2024-05-05 04:00:00,63767.44,3106.34,145.57,584.7,0.4591,0.16146,36.93,7.107,14.261,81.51
2024-05-05 08:00:00,63812.18,3135.42,146.33,586.2,0.4588,0.16092,36.86,7.061,14.301,81.13
2024-05-05 12:00:00,64527.27,3162.36,147.39,590.5,0.4638,0.16172,37.45,7.232,14.523,81.59
2024-05-05 16:00:00,63877.0,3142.96,146.15,591.1,0.4603,0.16206,37.22,7.256,14.389,81.18
2024-05-05 20:00:00,64021.14,3137.1,145.9,589.3,0.458,0.16074,37.36,7.303,14.362,81.48
2024-05-06 00:00:00,63831.39,3134.1,146.29,587.4,0.4562,0.1616,37.18,7.235,14.389,80.74
2024-05-06 04:00:00,64555.15,3183.33,148.8,594.4,0.4665,0.16369,38.11,7.387,14.743,83.27
2024-05-06 08:00:00,64203.45,3148.94,154.17,589.9,0.4657,0.16221,38.54,7.284,15.028,82.29
2024-05-06 12:00:00,63675.77,3091.7,153.73,588.2,0.4609,0.15826,37.8,7.167,14.658,81.53
2024-05-06 16:00:00,63193.56,3069.14,153.05,587.7,0.4604,0.157,37.18,7.181,14.649,81.04
2024-05-06 20:00:00,63154.41,3063.02,152.88,588.5,0.4538,0.1567,37.13,7.119,14.483,80.74
2024-05-07 00:00:00,63244.83,3049.18,153.85,587.2,0.4499,0.15483,36.78,7.094,14.331,80.42
2024-05-07 04:00:00,63717.64,3075.15,154.96,587.6,0.4498,0.15613,36.88,7.159,14.294,80.51
2024-05-07 08:00:00,63495.86,3064.86,155.14,592.5,0.4487,0.1568,36.5,7.154,14.36,81.25
2024-05-07 12:00:00,63741.28,3076.02,154.74,594.8,0.4524,0.15649,36.79,7.198,14.512,81.97
2024-05-07 16:00:00,63020.0,3046.39,151.01,584.6,0.4474,0.15365,36.28,7.123,14.251,82.45
2024-05-07 20:00:00,62358.78,3010.0,148.18,577.3,0.441,0.15003,35.38,7.0,14.0,80.9
2024-05-08 00:00:00,62885.71,3033.65,149.47,585.5,0.4449,0.15148,35.38,7.1,14.05,80.9
2024-05-08 04:00:00,62172.13,2996.45,146.4,579.2,0.4387,0.14777,34.57,7.029,13.811,80.06
2024-05-08 08:00:00,62287.97,2992.7,145.36,585.3,0.4394,0.14701,34.44,6.963,13.8,80.29
2024-05-08 12:00:00,62325.7,3006.85,145.84,582.3,0.4628,0.14877,34.58,7.167,14.008,81.73
2024-05-08 16:00:00,62180.42,3002.66,145.79,587.0,0.4641,0.14683,34.46,7.056,13.974,81.97
2024-05-08 20:00:00,61193.08,2976.3,142.69,586.4,0.4531,0.14344,34.1,7.03,13.859,81.49
2024-05-09 00:00:00,61737.58,3000.27,144.5,593.7,0.4633,0.14802,34.35,7.025,14.008,82.19
2024-05-09 04:00:00,61244.72,2976.72,143.0,596.5,0.4526,0.14602,34.24,6.983,14.076,81.49
2024-05-09 08:00:00,61105.5,2980.46,142.84,593.3,0.4524,0.14605,34.12,6.839,14.008,81.73
2024-05-09 12:00:00,62200.72,3004.29,146.06,596.1,0.4553,0.14871,34.4,6.95,14.05,81.8
2024-05-09 16:00:00,62501.03,3019.69,150.8,594.8,0.4606,0.15009,34.68,7.039,14.257,82.48
2024-05-09 20:00:00,63061.0,3037.47,152.87,596.5,0.4639,0.15215,35.07,7.029,14.218,82.9
2024-05-10 00:00:00,62900.01,3026.43,154.01,593.9,0.4653,0.15059,35.57,7.113,14.304,82.97
2024-05-10 04:00:00,63136.78,3045.54,154.64,595.3,0.4656,0.15221,36.05,7.076,14.319,83.14
2024-05-10 08:00:00,63268.96,3036.74,154.76,595.5,0.4652,0.1512,35.75,7.123,14.322,83.29
2024-05-10 12:00:00,61000.0,2918.87,147.01,586.0,0.4493,0.1452,34.68,6.889,13.841,80.85
2024-05-10 16:00:00,60834.07,2902.24,146.92,583.6,0.4479,0.14287,33.9,6.79,13.625,80.48
2024-05-10 20:00:00,60935.38,2910.0,146.5,584.3,0.4483,0.14419,33.71,6.76,13.596,80.16
2024-05-11 00:00:00,60894.69,2912.46,144.28,581.4,0.4466,0.14411,33.55,6.732,13.61,80.27
2024-05-11 04:00:00,61060.36,2923.17,145.91,584.3,0.4493,0.14439,33.67,6.757,13.61,80.82
2024-05-11 08:00:00,60783.5,2903.54,144.43,588.9,0.4431,0.14343,33.09,6.676,13.509,81.25
2024-05-11 12:00:00,61242.01,2926.92,145.71,588.9,0.443,0.14439,33.54,6.711,13.492,80.96
2024-05-11 16:00:00,61227.26,2930.89,146.46,592.9,0.4411,0.1448,33.81,6.723,13.482,81.43
2024-05-11 20:00:00,60839.82,2913.85,145.31,590.3,0.439,0.14293,33.47,6.659,13.308,81.47
2024-05-12 00:00:00,60985.73,2922.55,146.67,588.9,0.4408,0.14358,33.47,6.686,13.361,81.41
2024-05-12 04:00:00,60788.4,2906.94,143.95,589.1,0.4383,0.14014,33.25,6.674,13.339,81.25
2024-05-12 08:00:00,61122.95,2926.89,145.12,591.9,0.4409,0.14335,33.77,6.725,13.46,81.37
2024-05-12 12:00:00,61364.65,2942.04,145.34,594.5,0.4424,0.14302,33.67,6.771,13.524,81.99
2024-05-12 16:00:00,61409.31,2926.81,145.3,595.2,0.4382,0.14096,33.36,6.773,13.482,81.69
2024-05-12 20:00:00,61493.88,2933.07,143.87,593.3,0.4375,0.14118,33.16,6.673,13.518,81.47
2024-05-13 00:00:00,61165.0,2888.53,140.31,586.2,0.4293,0.13747,32.3,6.497,13.293,79.97
2024-05-13 04:00:00,62318.42,2951.0,143.84,596.5,0.4448,0.14287,33.44,6.686,13.479,81.53
2024-05-13 08:00:00,62737.69,2965.04,146.07,594.5,0.447,0.14317,33.33,6.698,13.433,82.0
2024-05-13 12:00:00,63006.11,2964.84,147.3,594.9,0.4449,0.15239,33.35,6.757,13.531,81.78
2024-05-13 16:00:00,63144.99,2952.36,148.69,594.9,0.4415,0.15051,32.9,6.689,13.476,81.14
2024-05-13 20:00:00,62876.81,2949.59,147.66,591.4,0.4367,0.14854,32.42,6.67,13.384,80.65
2024-05-14 00:00:00,62520.99,2940.17,146.42,587.8,0.435,0.15016,32.15,6.637,13.434,79.99
2024-05-14 04:00:00,62059.4,2918.66,146.54,587.8,0.4369,0.15253,32.63,6.606,13.527,80.99
2024-05-14 08:00:00,61815.38,2906.58,146.53,585.4,0.4334,0.1522,32.76,6.646,13.357,80.31
2024-05-14 12:00:00,61817.2,2901.76,143.02,568.2,0.4352,0.14803,32.14,6.641,13.275,79.8
2024-05-14 16:00:00,61577.09,2891.28,143.9,569.1,0.4311,0.14615,32.03,6.556,13.107,79.42
2024-05-14 20:00:00,61620.22,2883.11,142.07,565.9,0.4284,0.14546,31.56,6.57,12.977,78.75
2024-05-15 00:00:00,61988.59,2900.67,143.96,568.8,0.4294,0.14656,32.33,6.515,12.948,78.87
2024-05-15 04:00:00,62201.63,2918.73,144.3,569.6,0.4312,0.14944,32.67,6.51,13.105,78.86
2024-05-15 08:00:00,62493.45,2897.8,144.0,566.6,0.4308,0.14922,32.63,6.545,13.039,78.66
2024-05-15 12:00:00,64692.84,2976.71,151.62,579.7,0.4466,0.15137,34.09,6.874,13.62,81.0
2024-05-15 16:00:00,65999.61,3024.17,154.8,585.9,0.4518,0.15354,34.3,6.994,13.867,81.96
2024-05-15 20:00:00,66232.38,3034.47,158.12,581.9,0.453,0.15494,34.68,7.003,13.865,82.64
2024-05-16 00:00:00,65933.7,3014.14,162.53,584.0,0.4576,0.15801,34.97,6.982,13.974,82.51
2024-05-16 04:00:00,66135.92,3017.11,162.59,583.1,0.4577,0.15609,34.83,6.95,13.935,82.4
2024-05-16 08:00:00,66505.22,3010.78,163.78,582.8,0.4551,0.15505,34.62,6.888,13.841,82.34
2024-05-16 12:00:00,65815.77,2964.06,160.38,568.6,0.4554,0.15177,34.16,6.949,13.797,82.45
2024-05-16 16:00:00,65199.99,2947.89,159.01,566.5,0.4581,0.14996,34.36,6.997,14.95,82.11
2024-05-16 20:00:00,65245.85,2946.39,159.0,568.5,0.46,0.14968,34.41,7.017,15.518,82.48
2024-05-17 00:00:00,65617.91,2952.86,162.16,571.2,0.4603,0.1507,34.86,7.022,15.933,82.19
2024-05-17 04:00:00,66383.16,3020.89,169.16,576.2,0.4807,0.15322,37.23,7.282,16.296,83.57
2024-05-17 08:00:00,66195.85,3029.26,167.41,577.4,0.4879,0.15215,36.59,7.214,16.539,83.01
2024-05-17 12:00:00,67197.79,3110.25,169.69,581.8,0.4826,0.15554,37.05,7.229,16.058,83.89
2024-05-17 16:00:00,66924.49,3084.87,168.98,578.4,0.4834,0.15399,36.43,7.198,16.183,83.24
2024-05-17 20:00:00,66965.81,3092.08,169.42,578.8,0.4819,0.15524,36.4,7.19,16.265,84.12
2024-05-18 00:00:00,66965.67,3115.73,173.18,580.7,0.485,0.15601,37.6,7.192,16.163,84.2
2024-05-18 04:00:00,66895.13,3100.0,172.11,578.8,0.4804,0.1545,37.2,7.181,16.277,84.23
2024-05-18 08:00:00,67207.99,3135.88,174.44,577.8,0.4839,0.1562,37.46,7.182,16.142,84.28
2024-05-18 12:00:00,66810.0,3109.67,172.37,576.0,0.4809,0.15283,37.35,7.127,16.371,83.97
2024-05-18 16:00:00,66872.23,3120.81,172.2,574.2,0.4833,0.15301,37.08,7.17,16.284,84.12
2024-05-18 20:00:00,66947.59,3119.63,172.59,578.3,0.482,0.15309,37.25,7.155,16.318,83.9
2024-05-19 00:00:00,67168.7,3129.21,174.38,579.9,0.4823,0.15574,37.45,7.162,16.459,84.32
2024-05-19 04:00:00,67300.0,3116.18,174.04,578.5,0.4803,0.15384,36.86,7.089,16.657,84.06
2024-05-19 08:00:00,67266.81,3102.46,172.0,579.1,0.4775,0.15244,36.54,7.11,16.657,83.39
2024-05-19 12:00:00,66903.05,3077.28,168.59,575.7,0.4697,0.15016,35.99,7.036,16.981,82.82
2024-05-19 16:00:00,66048.19,3067.2,169.31,572.1,0.469,0.14902,35.62,6.923,16.694,82.38
2024-05-19 20:00:00,66356.97,3072.22,170.14,573.4,0.4676,0.1492,35.56,6.937,16.558,82.31
2024-05-20 00:00:00,66695.61,3087.49,172.36,573.1,0.4703,0.15125,35.64,6.944,16.962,83.29
2024-05-20 04:00:00,66819.98,3094.52,178.05,572.5,0.4668,0.15103,36.11,7.011,16.693,83.61
2024-05-20 08:00:00,67051.43,3093.08,177.57,572.8,0.4689,0.15076,35.91,7.003,16.744,83.41
2024-05-20 12:00:00,67384.31,3114.49,179.09,572.9,0.4674,0.15216,36.58,7.043,16.433,83.8
2024-05-20 16:00:00,69950.0,3442.89,186.12,588.3,0.489,0.15756,38.72,7.426,17.124,86.62
2024-05-20 20:00:00,71400.0,3659.08,186.61,597.2,0.5016,0.16551,40.1,7.572,17.265,88.62
2024-05-21 00:00:00,71315.48,3697.89,184.99,596.0,0.499,0.16353,39.88,7.485,16.901,87.37
2024-05-21 04:00:00,70931.46,3661.05,181.76,629.9,0.5012,0.16317,40.64,7.512,16.958,88.41
2024-05-21 08:00:00,71178.77,3783.85,180.54,617.6,0.5014,0.16423,40.39,7.589,16.866,88.74
2024-05-21 12:00:00,69802.7,3759.92,176.77,612.5,0.4962,0.16625,40.06,7.523,16.586,88.28
2024-05-21 16:00:00,69336.79,3706.56,175.8,609.0,0.4955,0.16414,40.44,7.545,16.672,87.87
2024-05-21 20:00:00,70173.59,3788.16,178.34,616.8,0.495,0.1704,41.22,7.623,16.746,88.28
2024-05-22 00:00:00,69932.85,3788.74,177.9,617.4,0.492,0.17084,40.66,7.572,16.886,87.26
2024-05-22 04:00:00,69734.0,3749.53,180.05,621.7,0.4908,0.16844,40.97,7.656,16.707,87.37
2024-05-22 08:00:00,69790.44,3691.63,178.16,618.1,0.4836,0.16537,40.4,7.584,16.58,86.19
2024-05-22 12:00:00,70463.93,3769.15,181.26,620.1,0.4838,0.17008,40.31,7.627,16.59,87.41
2024-05-22 16:00:00,69613.21,3731.64,178.09,610.9,0.4819,0.16515,39.97,7.466,16.285,85.77
2024-05-22 20:00:00,69156.68,3741.27,177.1,613.4,0.4829,0.16632,39.9,7.468,16.348,85.85
2024-05-23 00:00:00,69478.67,3780.53,179.06,613.2,0.4866,0.16746,40.03,7.584,16.45,86.63
2024-05-23 04:00:00,69718.42,3813.0,177.71,614.2,0.4855,0.16735,40.16,7.588,16.665,86.5
2024-05-23 08:00:00,70012.8,3920.06,175.8,612.7,0.4844,0.16903,40.18,7.501,16.696,87.37
2024-05-23 12:00:00,68042.82,3813.04,172.63,592.8,0.4675,0.15958,38.34,7.208,16.084,85.62
2024-05-23 16:00:00,67507.99,3788.33,170.91,589.1,0.4602,0.15772,37.49,7.129,15.93,83.81
2024-05-23 20:00:00,67900.07,3782.63,175.51,597.3,0.4659,0.15958,38.64,7.193,16.581,85.49
2024-05-24 00:00:00,67903.55,3804.49,171.69,600.3,0.4675,0.15962,38.84,7.277,17.438,85.79
2024-05-24 04:00:00,67185.57,3680.02,166.37,592.0,0.4619,0.15799,37.71,7.108,16.876,85.05
2024-05-24 08:00:00,67404.68,3712.03,166.28,596.0,0.4635,0.16343,37.91,7.208,17.582,85.37
2024-05-24 12:00:00,68256.5,3706.69,167.11,594.7,0.4594,0.16668,38.05,7.256,17.24,84.62
2024-05-24 16:00:00,69095.98,3745.51,168.55,599.6,0.4606,0.16571,38.32,7.252,17.291,85.12
2024-05-24 20:00:00,68497.47,3733.79,168.45,600.2,0.4599,0.16386,37.99,7.247,17.256,84.87
2024-05-25 00:00:00,68773.07,3747.85,169.66,600.7,0.4612,0.164,38.24,7.295,17.17,85.45
2024-05-25 04:00:00,68775.48,3747.75,169.2,601.8,0.4626,0.16573,38.19,7.268,17.084,85.34
2024-05-25 08:00:00,69140.99,3742.46,169.14,602.3,0.4619,0.16688,38.34,7.303,17.094,85.37
2024-05-25 12:00:00,68899.47,3746.33,168.0,602.5,0.4598,0.16681,38.11,7.328,17.204,84.91
2024-05-25 16:00:00,69043.3,3755.82,167.79,601.8,0.4592,0.16972,38.03,7.364,17.316,84.74
2024-05-25 20:00:00,69244.29,3748.19,169.01,600.8,0.4623,0.17341,38.29,7.418,17.432,85.03
2024-05-26 00:00:00,69074.49,3767.52,166.9,602.4,0.4607,0.17361,37.89,7.464,17.777,84.94
2024-05-26 04:00:00,69323.19,3782.11,165.54,603.6,0.4619,0.17248,37.62,7.43,17.607,84.75
2024-05-26 08:00:00,69044.4,3812.16,164.4,601.3,0.4617,0.17017,37.36,7.443,17.368,84.78
2024-05-26 12:00:00,68799.98,3832.67,163.19,601.1,0.4595,0.16721,36.9,7.573,17.161,84.0
2024-05-26 16:00:00,68880.88,3868.68,162.99,600.7,0.4574,0.1683,37.02,7.548,17.065,83.73
2024-05-26 20:00:00,68555.48,3828.23,163.84,600.8,0.4585,0.16618,36.77,7.549,17.058,83.85
2024-05-27 00:00:00,68886.22,3918.71,165.76,605.9,0.4624,0.16635,37.28,7.484,17.182,84.57
2024-05-27 04:00:00,68634.72,3913.65,165.37,603.3,0.459,0.1658,36.97,7.386,17.055,84.57
2024-05-27 08:00:00,68451.08,3899.8,167.85,602.7,0.46,0.16757,37.46,7.468,17.289,84.86
2024-05-27 12:00:00,70396.79,3958.58,171.16,611.7,0.471,0.17237,38.44,7.715,17.999,85.96
2024-05-27 16:00:00,69248.15,3874.04,168.31,602.7,0.4641,0.16701,37.94,7.538,18.568,84.85
2024-05-27 20:00:00,69438.5,3891.97,169.92,603.8,0.4674,0.16925,38.29,7.641,18.777,85.32
2024-05-28 00:00:00,68089.53,3850.59,167.36,598.4,0.4601,0.16532,37.21,7.527,18.136,84.32
2024-05-28 04:00:00,67739.19,3849.96,166.29,597.4,0.4556,0.16391,36.9,7.326,18.053,83.13
2024-05-28 08:00:00,68401.37,3907.37,169.81,602.5,0.4594,0.16603,37.24,7.393,18.218,83.9
2024-05-28 12:00:00,68390.0,3860.62,168.31,602.0,0.4589,0.16407,37.14,7.39,18.183,83.04
2024-05-28 16:00:00,68442.66,3841.94,170.55,601.3,0.4582,0.16476,37.18,7.427,18.496,83.24
2024-05-28 20:00:00,68340.67,3841.22,168.9,601.8,0.4577,0.16501,37.08,7.367,18.537,83.6
2024-05-29 00:00:00,68759.87,3848.04,171.8,601.6,0.4607,0.16965,37.33,7.386,18.327,83.76
2024-05-29 04:00:00,67997.88,3821.83,170.92,598.1,0.4596,0.16742,36.99,7.415,18.308,83.47
2024-05-29 08:00:00,67790.67,3811.17,168.37,598.9,0.4608,0.16434,37.14,7.372,18.675,83.57
2024-05-29 12:00:00,67400.59,3756.13,168.38,595.0,0.4555,0.16341,36.61,7.224,18.883,83.89
2024-05-29 16:00:00,67311.4,3752.86,169.55,594.0,0.4525,0.16523,36.39,7.18,18.521,83.89
2024-05-29 20:00:00,67621.67,3768.18,168.27,595.4,0.451,0.16394,36.19,7.187,18.474,83.65
2024-05-30 00:00:00,68128.16,3791.84,170.01,597.4,0.4545,0.16537,36.79,7.241,18.731,83.8
2024-05-30 04:00:00,67572.38,3718.21,164.98,588.9,0.445,0.15855,35.64,6.964,18.342,82.39
2024-05-30 08:00:00,67860.52,3738.74,166.33,592.5,0.4487,0.15951,36.67,7.064,18.086,83.32
2024-05-30 12:00:00,68550.0,3776.97,168.68,596.6,0.4507,0.16418,36.73,7.081,18.299,85.28
2024-05-30 16:00:00,68594.2,3764.37,168.07,594.9,0.4513,0.16116,36.51,7.043,18.093,84.45
2024-05-30 20:00:00,68430.55,3751.63,167.03,592.5,0.4459,0.16003,36.01,7.002,17.966,84.48
2024-05-31 00:00:00,68523.01,3760.67,167.38,592.4,0.4501,0.16042,36.1,6.97,17.927,84.12
2024-05-31 04:00:00,68180.6,3727.24,166.62,589.8,0.4481,0.16,36.15,6.996,17.876,83.69
2024-05-31 08:00:00,68407.77,3801.96,168.77,594.7,0.4513,0.16109,36.29,7.003,18.024,84.24
2024-05-31 12:00:00,67265.8,3746.33,165.18,589.6,0.4467,0.15739,35.56,6.867,17.539,82.69
2024-05-31 16:00:00,67674.43,3793.39,166.72,594.5,0.4473,0.15913,36.09,6.997,18.218,83.67
2024-05-31 20:00:00,67570.0,3766.81,165.76,590.7,0.4477,0.15935,36.09,6.998,18.468,83.01
2024-06-01 00:00:00,67748.9,3778.06,167.14,593.6,0.4473,0.15962,35.97,6.998,18.382,83.11
2024-06-01 04:00:00,67628.73,3772.59,166.89,593.4,0.4489,0.15932,36.04,7.02,18.548,83.47
2024-06-01 08:00:00,67725.07,3787.41,166.93,594.1,0.4486,0.15948,35.96,7.067,18.561,83.33
2024-06-01 12:00:00,67707.8,3802.47,167.67,594.3,0.4499,0.16009,36.03,7.087,18.547,83.5
2024-06-01 16:00:00,67796.55,3803.43,167.33,596.5,0.4495,0.16076,35.99,7.075,18.483,83.36
2024-06-01 20:00:00,67858.33,3816.22,166.55,601.9,0.4501,0.16033,35.74,7.052,18.407,83.37
2024-06-02 00:00:00,67824.72,3810.02,166.8,603.6,0.4529,0.16017,36.1,7.083,18.476,83.34
2024-06-02 04:00:00,67716.94,3794.6,165.72,602.5,0.4529,0.15912,35.77,7.043,18.403,82.82
2024-06-02 08:00:00,68174.2,3805.75,166.28,601.7,0.4529,0.1591,35.94,7.088,18.416,83.07
2024-06-02 12:00:00,68174.15,3799.71,165.69,601.0,0.451,0.15892,35.86,7.091,18.351,82.94
2024-06-02 16:00:00,67738.18,3782.12,163.79,599.1,0.4469,0.15618,35.11,6.997,18.157,82.73
2024-06-02 20:00:00,67820.77,3785.36,163.75,603.6,0.4477,0.15717,34.99,6.993,18.166,83.16
2024-06-03 00:00:00,68332.81,3800.32,164.07,607.8,0.4494,0.15964,35.05,7.061,18.068,83.36
2024-06-03 04:00:00,68790.0,3816.28,165.59,623.2,0.453,0.16143,35.82,7.137,18.157,83.73
2024-06-03 08:00:00,69058.83,3811.79,164.9,627.8,0.4531,0.16157,35.89,7.123,17.936,83.51
2024-06-03 12:00:00,69568.97,3795.46,165.11,627.7,0.4528,0.16119,35.63,7.136,17.953,83.29
2024-06-03 16:00:00,69113.03,3772.1,166.84,625.2,0.462,0.16009,35.69,7.101,17.723,83.17
2024-06-03 20:00:00,68824.27,3775.62,165.01,626.0,0.4567,0.15841,35.0,7.01,17.629,82.9
2024-06-04 00:00:00,69199.96,3777.98,166.45,633.7,0.4593,0.15929,34.94,7.016,17.614,82.86
2024-06-04 04:00:00,69080.35,3778.45,165.3,627.9,0.4553,0.15838,34.84,6.997,17.677,82.42
2024-06-04 08:00:00,68974.89,3773.2,165.48,645.0,0.4558,0.15829,34.97,6.997,17.642,82.15
2024-06-04 12:00:00,70382.28,3813.99,167.8,664.0,0.4609,0.16036,35.66,7.179,17.806,82.75
2024-06-04 16:00:00,70436.58,3802.93,169.59,666.0,0.4635,0.16073,35.68,7.156,17.626,83.28
2024-06-04 20:00:00,70559.07,3813.47,171.76,686.7,0.4616,0.16138,36.07,7.197,17.705,83.7
2024-06-05 00:00:00,70884.49,3808.45,172.99,701.9,0.4624,0.16288,36.19,7.214,17.706,83.88
2024-06-05 04:00:00,71269.21,3810.18,173.59,705.4,0.4626,0.16411,36.42,7.276,17.98,83.78
2024-06-05 08:00:00,71008.07,3802.86,172.93,698.9,0.4607,0.16278,36.42,7.213,17.877,84.13
2024-06-05 12:00:00,71594.98,3813.78,174.72,704.8,0.4614,0.16345,36.48,7.227,17.71,84.46
2024-06-05 16:00:00,71331.79,3875.84,173.02,689.9,0.463,0.16365,36.57,7.261,17.848,84.91
2024-06-05 20:00:00,71111.73,3860.76,173.51,697.4,0.4614,0.16307,36.5,7.238,17.712,85.31
2024-06-06 00:00:00,71120.47,3861.9,173.69,696.7,0.4601,0.16278,36.46,7.212,17.623,84.99
2024-06-06 04:00:00,71008.82,3853.65,172.65,704.2,0.4589,0.16196,36.34,7.163,17.472,85.05
2024-06-06 08:00:00,71150.0,3848.74,173.08,705.4,0.4588,0.16324,36.76,7.217,17.351,85.37
2024-06-06 12:00:00,71319.73,3845.12,172.99,703.6,0.4603,0.16314,36.85,7.279,17.472,85.58
2024-06-06 16:00:00,70505.01,3792.27,169.53,705.1,0.4539,0.15968,36.02,7.139,17.202,85.12
2024-06-06 20:00:00,70840.76,3813.78,170.08,708.9,0.4582,0.16028,35.87,7.143,17.264,84.25
2024-06-07 00:00:00,71034.62,3808.45,170.5,704.3,0.4583,0.16097,35.79,7.084,17.374,84.02
2024-06-07 04:00:00,71153.69,3817.66,172.2,698.0,0.462,0.161,35.97,7.153,17.524,84.17
2024-06-07 08:00:00,71685.31,3835.87,172.2,703.1,0.4841,0.161,36.33,7.264,17.625,84.37
2024-06-07 12:00:00,71096.28,3800.95,169.95,698.3,0.4794,0.16003,36.2,7.211,17.59,83.54
2024-06-07 16:00:00,69347.25,3692.37,162.75,681.5,0.45,0.1483,33.5,6.581,16.312,79.7
2024-06-07 20:00:00,69376.8,3677.7,162.5,683.7,0.4505,0.14832,33.58,6.651,16.35,80.16
2024-06-08 00:00:00,69528.09,3689.98,162.79,680.9,0.4472,0.1487,33.68,6.636,16.26,80.34
2024-06-08 04:00:00,69589.95,3708.62,163.57,692.1,0.4456,0.14824,33.55,6.618,16.313,80.2
2024-06-08 08:00:00,69398.47,3682.94,160.36,682.2,0.4345,0.14547,32.69,6.493,15.884,79.51
2024-06-08 12:00:00,69434.14,3690.08,160.13,683.9,0.436,0.14663,32.54,6.47,15.963,79.46
2024-06-08 16:00:00,69459.01,3684.13,160.52,685.1,0.4365,0.14618,32.28,6.399,15.835,79.61
2024-06-08 20:00:00,69347.3,3684.98,158.02,679.3,0.4371,0.1461,32.34,6.373,15.954,80.0
2024-06-09 00:00:00,69251.43,3673.89,157.77,674.5,0.4357,0.14564,32.3,6.405,16.029,79.65
2024-06-09 04:00:00,69275.64,3689.12,159.11,679.9,0.4378,0.14567,32.35,6.413,16.064,79.95
2024-06-09 08:00:00,69402.97,3691.94,159.5,678.0,0.4413,0.14613,32.36,6.482,16.003,80.14
2024-06-09 12:00:00,69519.15,3692.12,161.67,676.5,0.4402,0.14689,32.41,6.486,16.043,80.55
2024-06-09 16:00:00,69704.17,3700.76,162.27,675.4,0.445,0.14776,32.93,6.522,16.175,80.56
2024-06-09 20:00:00,69669.98,3711.62,162.06,673.3,0.4452,0.14678,32.98,6.52,16.364,80.57
2024-06-10 00:00:00,69633.07,3685.77,159.84,667.0,0.4414,0.14588,33.0,6.461,16.118,79.7
2024-06-10 04:00:00,69279.77,3650.33,157.74,640.9,0.4352,0.1434,32.11,6.365,15.815,79.27
2024-06-10 08:00:00,69479.57,3678.6,159.48,640.7,0.4466,0.14479,32.66,6.499,15.975,79.24
2024-06-10 12:00:00,70083.56,3707.9,162.46,651.0,0.4485,0.14691,33.06,6.558,16.24,80.32
2024-06-10 16:00:00,69403.29,3667.64,160.36,647.4,0.4406,0.14447,32.69,6.57,15.838,79.91
2024-06-10 20:00:00,69510.12,3666.01,158.9,625.1,0.4403,0.14478,32.31,6.486,15.882,79.57
2024-06-11 00:00:00,68472.46,3597.51,156.08,622.9,0.4347,0.1421,32.15,6.444,15.691,78.29
2024-06-11 04:00:00,67582.78,3532.17,153.24,612.4,0.4317,0.14103,32.07,6.348,15.505,78.74
2024-06-11 08:00:00,66966.79,3532.64,153.84,606.2,0.4306,0.14125,32.07,6.364,15.458,78.97
2024-06-11 12:00:00,66324.0,3444.54,147.51,597.6,0.4196,0.13691,31.13,6.315,14.893,76.07
2024-06-11 16:00:00,67375.01,3498.11,149.02,607.6,0.4223,0.13793,31.62,6.439,15.049,77.39
2024-06-11 20:00:00,67391.67,3501.13,149.43,602.1,0.4216,0.13809,31.49,6.407,14.977,77.38
2024-06-12 00:00:00,67517.11,3510.28,149.42,605.4,0.4242,0.13888,31.77,6.405,15.144,77.65
2024-06-12 04:00:00,67549.19,3525.84,151.45,614.0,0.4259,0.14001,32.19,6.391,15.228,77.34
2024-06-12 08:00:00,67772.45,3531.97,151.8,609.7,0.426,0.13928,31.92,6.383,15.207,76.91
2024-06-12 12:00:00,69686.81,3618.07,158.78,627.5,0.4403,0.14977,33.4,6.697,16.054,78.74
2024-06-12 16:00:00,67562.87,3528.68,153.01,612.5,0.4323,0.14435,32.71,6.714,15.691,77.23
2024-06-12 20:00:00,68215.5,3561.35,155.33,618.7,0.4375,0.14626,33.26,6.734,15.996,78.55
2024-06-13 00:00:00,67401.65,3502.0,151.62,604.6,0.4308,0.14273,32.5,6.549,15.505,77.5
2024-06-13 04:00:00,67659.21,3504.83,152.11,604.1,0.4312,0.14396,32.31,6.524,15.551,78.11
2024-06-13 08:00:00,67680.58,3495.95,149.67,604.4,0.4293,0.14325,31.81,6.502,15.303,78.76
2024-06-13 12:00:00,66465.36,3438.74,147.22,596.9,0.42,0.14102,31.32,6.39,15.121,78.03
2024-06-13 16:00:00,66628.6,3481.46,147.96,601.7,0.4245,0.14241,31.5,6.463,15.366,79.63
2024-06-13 20:00:00,66774.83,3467.97,147.27,597.8,0.4213,0.14081,31.01,6.373,15.158,79.2
2024-06-14 00:00:00,66760.67,3489.51,147.61,600.0,0.4208,0.14154,31.17,6.379,15.273,79.64
2024-06-14 04:00:00,66915.11,3523.68,147.76,608.5,0.4224,0.14302,31.58,6.45,15.366,79.78
2024-06-14 08:00:00,67042.3,3513.07,147.98,610.3,0.4235,0.14262,31.88,6.404,15.422,79.72
2024-06-14 12:00:00,66426.41,3461.33,144.04,600.7,0.413,0.13944,30.64,6.21,15.185,78.59
2024-06-14 16:00:00,65564.22,3403.64,141.93,594.8,0.4035,0.13313,29.42,6.096,14.523,76.99
2024-06-14 20:00:00,66034.15,3480.36,143.13,602.1,0.4119,0.13492,30.33,6.165,14.713,77.44
2024-06-15 00:00:00,66224.59,3503.6,144.82,604.6,0.4118,0.13572,30.4,6.155,14.865,77.98
2024-06-15 04:00:00,66209.59,3533.0,143.77,606.1,0.4123,0.13628,30.41,6.238,15.08,79.04
2024-06-15 08:00:00,66310.0,3538.57,144.59,606.7,0.4116,0.13674,30.28,6.202,14.91,78.96
2024-06-15 12:00:00,66290.71,3563.01,145.47,606.3,0.4114,0.13681,30.28,6.236,15.015,78.46
2024-06-15 16:00:00,66182.17,3557.73,144.6,604.6,0.4133,0.13645,30.1,6.193,14.942,79.37
2024-06-15 20:00:00,66249.99,3565.48,145.41,607.2,0.4141,0.13697,29.94,6.23,14.896,79.19
2024-06-16 00:00:00,66237.55,3556.06,144.12,603.0,0.4097,0.13528,29.94,6.203,14.65,79.7
2024-06-16 04:00:00,66276.0,3561.33,144.57,605.5,0.4135,0.13626,30.41,6.225,14.843,79.45
2024-06-16 08:00:00,66484.34,3555.5,145.19,605.2,0.4148,0.13576,30.1,6.225,14.914,79.55
2024-06-16 12:00:00,66798.69,3591.12,148.64,608.9,0.4166,0.13696,30.23,6.339,15.17,79.19
2024-06-16 16:00:00,66694.33,3598.39,148.66,608.7,0.4161,0.13638,29.82,6.374,15.115,78.88
2024-06-16 20:00:00,66751.55,3623.11,151.22,610.1,0.4168,0.13703,30.02,6.391,15.109,78.87
2024-06-17 00:00:00,66270.83,3584.57,147.56,604.8,0.4121,0.13493,29.42,6.332,14.797,78.23
2024-06-17 04:00:00,66260.2,3552.69,146.67,601.5,0.411,0.134,29.18,6.287,14.781,78.18
2024-06-17 08:00:00,65865.96,3527.7,143.84,598.3,0.4049,0.13442,28.68,6.179,14.347,77.39
2024-06-17 12:00:00,65339.05,3496.12,141.12,597.5,0.3999,0.12936,28.06,6.101,14.238,76.35
2024-06-17 16:00:00,66620.35,3550.09,144.3,607.3,0.4131,0.13236,29.06,6.251,14.693,77.75
2024-06-17 20:00:00,66494.54,3512.94,143.69,603.7,0.4017,0.12889,28.51,6.069,14.526,76.52
2024-06-18 00:00:00,65586.04,3441.04,136.36,593.7,0.3791,0.12179,26.39,5.758,13.718,73.09
2024-06-18 04:00:00,65712.47,3442.15,137.14,593.2,0.3789,0.12258,26.66,5.856,13.759,73.38
2024-06-18 08:00:00,65353.29,3418.22,137.08,583.2,0.3742,0.12059,26.08,5.877,13.601,72.05
2024-06-18 12:00:00,64666.28,3417.34,135.47,581.5,0.3754,0.11902,26.3,5.796,13.555,71.9
2024-06-18 16:00:00,64495.21,3421.72,133.05,580.0,0.3732,0.12019,26.2,5.656,13.561,71.19
2024-06-18 20:00:00,65219.9,3483.02,137.59,588.4,0.3833,0.12221,26.61,5.758,13.979,72.54
2024-06-19 00:00:00,65472.35,3567.06,140.18,597.6,0.3916,0.1264,27.1,5.871,14.208,74.76
2024-06-19 04:00:00,65374.29,3542.82,139.97,604.0,0.393,0.12558,27.25,5.976,14.38,74.03
2024-06-19 08:00:00,65253.34,3537.98,137.79,596.1,0.3841,0.12333,27.07,5.914,14.279,73.43
2024-06-19 12:00:00,64859.92,3526.93,136.99,591.3,0.3814,0.12207,27.08,5.836,14.176,73.83
2024-06-19 16:00:00,64893.45,3546.73,136.79,597.2,0.3867,0.12278,27.11,5.825,14.45,74.23
2024-06-19 20:00:00,64943.29,3557.69,135.74,598.0,0.3832,0.12243,26.83,5.788,14.346,73.65
2024-06-20 00:00:00,65196.56,3548.63,133.11,597.1,0.3882,0.12263,26.86,5.808,14.353,74.12
2024-06-20 04:00:00,65869.49,3604.0,136.98,604.9,0.3935,0.12577,28.19,5.927,14.744,74.61
2024-06-20 08:00:00,66193.8,3598.62,139.22,603.4,0.3969,0.12651,28.36,5.903,14.662,75.15
2024-06-20 12:00:00,64943.59,3508.7,133.25,597.4,0.3817,0.12273,27.43,5.651,14.346,73.68
2024-06-20 16:00:00,65003.53,3534.26,134.09,592.2,0.3861,0.12459,27.66,5.707,14.475,74.92
2024-06-20 20:00:00,64902.5,3516.12,133.48,586.9,0.3842,0.12446,27.55,5.645,14.261,74.76
2024-06-21 00:00:00,64522.0,3497.04,132.51,586.3,0.3866,0.12397,27.74,5.646,14.218,74.21
2024-06-21 04:00:00,64259.69,3477.55,131.65,584.0,0.385,0.12342,27.54,5.651,14.304,72.99
2024-06-21 08:00:00,63801.37,3502.91,132.13,585.5,0.3835,0.12453,27.87,5.701,14.524,72.9
2024-06-21 12:00:00,63689.7,3492.29,131.19,582.0,0.3789,0.12251,27.31,5.641,14.304,72.9
2024-06-21 16:00:00,64213.66,3530.96,132.71,585.2,0.3784,0.12438,27.52,5.619,14.149,74.11
2024-06-21 20:00:00,64111.49,3517.78,134.55,584.4,0.3757,0.12415,27.52,5.608,13.854,74.09
2024-06-22 00:00:00,64276.25,3505.91,134.96,580.6,0.3738,0.12414,26.38,5.569,13.829,73.82
2024-06-22 04:00:00,64456.54,3492.44,134.61,585.3,0.3759,0.12387,25.33,5.643,13.764,74.11
2024-06-22 08:00:00,64272.0,3494.09,134.54,585.4,0.3769,0.1248,25.5,5.736,13.662,74.32
2024-06-22 12:00:00,64338.68,3503.11,134.27,586.0,0.386,0.12511,26.16,5.738,13.753,74.09
2024-06-22 16:00:00,64259.59,3492.41,134.53,584.4,0.3857,0.12423,25.8,5.759,13.628,74.81
2024-06-22 20:00:00,64298.52,3497.6,133.72,590.4,0.3845,0.12374,25.59,5.754,13.485,74.54
2024-06-23 00:00:00,64467.57,3517.39,134.85,590.7,0.3888,0.12484,25.98,5.765,13.643,74.83
2024-06-23 04:00:00,64405.1,3511.3,134.73,590.7,0.3885,0.1249,25.78,5.745,13.676,74.54
2024-06-23 08:00:00,64347.09,3496.06,133.74,587.4,0.3889,0.1246,25.3,5.763,13.579,74.08
2024-06-23 12:00:00,64110.95,3475.0,131.63,582.7,0.3861,0.12252,24.24,5.714,13.443,74.81
2024-06-23 16:00:00,64096.63,3477.57,131.53,583.4,0.3864,0.12336,25.07,5.689,13.394,74.53
2024-06-23 20:00:00,63216.34,3419.71,128.63,576.5,0.38,0.12226,25.03,5.639,13.154,73.44
2024-06-24 00:00:00,62896.83,3402.54,126.29,571.2,0.3814,0.1219,25.03,5.7,13.238,72.61
2024-06-24 04:00:00,62427.08,3370.3,125.14,568.8,0.3741,0.11843,24.44,5.606,13.039,71.4
2024-06-24 08:00:00,61281.29,3321.15,127.12,567.2,0.3725,0.11693,24.45,5.591,13.156,69.56
2024-06-24 12:00:00,60771.99,3278.16,125.8,561.8,0.3711,0.11659,23.84,5.531,13.156,68.89
2024-06-24 16:00:00,59599.98,3291.1,127.8,555.7,0.3677,0.11527,23.77,5.571,13.117,68.24
2024-06-24 20:00:00,60374.12,3350.0,132.4,566.0,0.3784,0.11937,24.77,5.724,13.611,69.72
2024-06-25 00:00:00,61400.0,3373.0,136.03,571.2,0.3875,0.12346,25.19,5.796,13.997,70.75
2024-06-25 04:00:00,60749.98,3359.19,134.83,571.6,0.3892,0.12196,25.12,5.81,13.883,70.66
2024-06-25 08:00:00,61249.51,3377.22,138.01,571.3,0.3933,0.12336,25.17,5.865,13.922,70.79
2024-06-25 12:00:00,61898.96,3421.2,139.52,577.9,0.3948,0.12734,25.67,5.949,14.146,71.33
2024-06-25 16:00:00,62135.64,3413.29,138.96,577.6,0.3957,0.12752,25.48,5.908,14.185,71.59
2024-06-25 20:00:00,61814.43,3397.27,136.5,578.4,0.3916,0.12617,25.39,5.845,14.176,71.36
2024-06-26 00:00:00,62001.01,3393.31,138.53,579.9,0.3924,0.12736,25.44,5.826,14.155,71.64
2024-06-26 04:00:00,61725.79,3400.53,137.97,577.8,0.3902,0.126,26.01,5.886,14.218,71.35
2024-06-26 08:00:00,61453.95,3379.39,137.28,572.6,0.3879,0.12446,26.1,5.891,13.996,71.81
2024-06-26 12:00:00,61498.29,3356.81,136.78,571.2,0.3885,0.12381,25.81,5.852,13.903,71.26
2024-06-26 16:00:00,61029.92,3406.44,137.75,572.0,0.3898,0.124,26.52,5.865,14.064,71.49
2024-06-26 20:00:00,60870.07,3368.84,136.68,572.5,0.3846,0.12265,25.83,5.794,13.927,71.02
2024-06-27 00:00:00,61072.7,3383.8,137.49,572.5,0.3814,0.12257,25.65,5.767,13.839,70.99
2024-06-27 04:00:00,60930.96,3376.2,135.93,567.8,0.3789,0.12124,26.09,5.788,13.673,70.7
2024-06-27 08:00:00,61281.26,3406.63,139.19,571.6,0.3809,0.12253,26.56,5.945,13.912,71.63
2024-06-27 12:00:00,61550.92,3451.92,147.82,576.5,0.3865,0.12337,27.85,6.292,14.106,72.15
2024-06-27 16:00:00,61481.28,3453.48,148.38,576.9,0.3911,0.12456,28.05,6.32,14.388,72.97
2024-06-27 20:00:00,61665.0,3448.3,149.56,580.4,0.3914,0.127,27.89,6.281,14.432,73.05
2024-06-28 00:00:00,61858.69,3460.04,147.57,580.7,0.3924,0.12682,28.01,6.248,14.404,73.77
2024-06-28 04:00:00,61367.78,3434.54,145.34,575.1,0.3871,0.12501,28.1,6.279,14.201,72.88
2024-06-28 08:00:00,61618.36,3453.86,145.42,575.4,0.3908,0.12712,28.64,6.366,14.366,74.51
2024-06-28 12:00:00,61100.73,3420.0,143.32,571.5,0.3937,0.12595,28.41,6.327,14.389,72.88
2024-06-28 16:00:00,60132.9,3377.38,140.86,567.9,0.3936,0.12301,28.09,6.268,14.125,73.37
2024-06-28 20:00:00,60455.65,3380.86,140.06,567.4,0.3859,0.12305,27.98,6.177,13.791,72.88
2024-06-29 00:00:00,60786.62,3385.78,142.0,570.7,0.3998,0.1241,28.44,6.269,14.076,73.75
2024-06-29 04:00:00,61053.52,3401.49,142.08,571.4,0.3949,0.12425,28.57,6.212,14.008,74.15
2024-06-29 08:00:00,61081.79,3404.6,142.64,573.6,0.3978,0.12421,28.12,6.147,13.912,74.51
2024-06-29 12:00:00,61095.93,3392.25,142.52,572.4,0.39,0.12368,27.81,6.084,13.681,74.86
2024-06-29 16:00:00,61067.39,3387.31,141.69,572.0,0.388,0.12275,27.91,6.129,13.655,75.68
2024-06-29 20:00:00,60947.08,3378.22,140.28,571.4,0.3838,0.12188,27.79,6.081,13.515,75.02
2024-06-30 00:00:00,60902.47,3370.44,138.43,570.7,0.3819,0.12114,27.71,6.077,13.55,75.43
2024-06-30 04:00:00,61530.99,3392.93,140.38,575.6,0.3879,0.12273,28.33,6.139,13.706,75.47
2024-06-30 08:00:00,61585.01,3390.5,141.42,575.5,0.3861,0.12217,28.41,6.112,13.566,75.06
2024-06-30 12:00:00,61765.07,3400.86,143.75,577.5,0.3869,0.12284,28.07,6.137,13.671,74.61
2024-06-30 16:00:00,62080.46,3426.35,144.94,579.2,0.3864,0.12387,28.51,6.205,13.966,74.59
2024-06-30 20:00:00,62840.74,3442.29,146.64,582.2,0.3925,0.12445,29.31,6.207,14.257,75.45
2024-07-01 00:00:00,63469.68,3502.47,148.04,585.6,0.3996,0.12668,29.92,6.273,14.279,75.42
2024-07-01 04:00:00,63245.29,3490.48,148.32,585.1,0.3978,0.12639,29.81,6.336,14.395,75.27
2024-07-01 08:00:00,62670.89,3460.81,145.97,579.1,0.3989,0.12454,29.66,6.348,14.362,74.84
2024-07-01 12:00:00,63149.62,3472.82,148.29,577.4,0.403,0.12465,29.75,6.33,14.403,74.66
2024-07-01 16:00:00,63303.88,3470.98,147.76,581.4,0.4047,0.12509,29.5,6.383,14.475,74.6
2024-07-01 20:00:00,62919.99,3443.86,147.22,576.8,0.4029,0.12329,28.86,6.336,14.432,74.36
2024-07-02 00:00:00,63175.94,3456.92,149.16,579.2,0.4079,0.12412,28.65,6.421,14.471,74.74
2024-07-02 04:00:00,62664.41,3438.32,147.18,577.7,0.4071,0.12307,28.19,6.381,14.543,75.18
2024-07-02 08:00:00,62819.89,3452.24,149.68,579.9,0.4155,0.12405,28.33,6.395,14.654,75.3
2024-07-02 12:00:00,61961.2,3413.91,148.3,576.1,0.4134,0.12309,28.39,6.387,14.547,74.88
2024-07-02 16:00:00,61962.26,3425.15,152.62,577.2,0.417,0.12427,28.71,6.45,14.519,75.31
2024-07-02 20:00:00,62129.19,3422.16,154.47,579.8,0.418,0.12523,28.71,6.513,14.426,76.03
2024-07-03 00:00:00,61030.09,3361.89,150.74,570.0,0.417,0.12245,28.15,6.302,14.218,75.45
2024-07-03 04:00:00,60928.88,3354.43,146.61,566.8,0.416,0.12173,27.87,6.303,14.405,75.0
2024-07-03 08:00:00,60359.17,3308.25,144.35,560.7,0.4072,0.1194,27.22,6.106,14.36,73.98
2024-07-03 12:00:00,60237.09,3302.72,141.76,557.8,0.4068,0.11813,26.92,6.208,14.432,74.42
2024-07-03 16:00:00,59694.26,3267.5,140.4,551.0,0.4035,0.11752,26.52,6.07,13.745,73.41
2024-07-03 20:00:00,60250.0,3297.53,140.9,556.3,0.407,0.11858,26.49,6.054,13.596,72.02
2024-07-04 00:00:00,59089.71,3241.17,137.18,539.7,0.3968,0.11553,26.23,5.908,13.221,70.63
2024-07-04 04:00:00,58217.8,3180.82,134.1,529.4,0.3941,0.11202,25.55,5.853,13.138,69.38
2024-07-04 08:00:00,57773.5,3157.42,132.67,525.2,0.3901,0.1109,25.87,5.812,13.02,69.58
2024-07-04 12:00:00,58140.98,3139.58,135.85,524.9,0.3867,0.1098,25.6,5.84,13.054,69.11
2024-07-04 16:00:00,58437.24,3135.85,134.05,523.3,0.3786,0.1079,25.61,5.745,12.946,68.15
2024-07-04 20:00:00,56926.92,3059.9,127.9,513.2,0.3616,0.105,24.49,5.567,12.599,65.37
2024-07-05 00:00:00,55301.97,2920.16,123.32,468.6,0.3246,0.09419,22.33,5.078,11.333,58.77
2024-07-05 04:00:00,54366.91,2879.18,126.76,472.1,0.331,0.09647,23.09,5.397,11.478,58.5
2024-07-05 08:00:00,55447.15,2945.56,129.99,485.1,0.3479,0.10008,24.38,5.616,11.978,59.86
2024-07-05 12:00:00,56556.35,2988.08,134.88,496.9,0.3535,0.10347,24.9,5.874,12.301,61.09
2024-07-05 16:00:00,56464.63,2991.62,134.65,498.0,0.3505,0.10417,25.06,5.781,12.352,61.7
2024-07-05 20:00:00,56721.54,2987.07,134.4,498.0,0.3503,0.10548,25.11,5.687,12.311,61.84
2024-07-06 00:00:00,56437.26,2984.13,134.38,503.7,0.3512,0.10609,25.05,5.671,12.311,61.91
2024-07-06 04:00:00,56574.28,3010.55,137.04,509.0,0.3538,0.10809,25.59,5.824,12.499,62.79
2024-07-06 08:00:00,56764.21,3015.98,138.82,513.2,0.3558,0.1094,25.82,5.99,12.525,63.18
2024-07-06 12:00:00,57326.96,3027.37,141.68,518.1,0.359,0.10928,26.21,6.003,12.689,64.53
2024-07-06 16:00:00,57925.29,3065.52,142.54,526.8,0.372,0.11267,27.1,6.297,13.064,65.0
2024-07-06 20:00:00,58309.13,3075.54,142.99,526.8,0.3709,0.11351,27.4,6.221,13.196,65.39
2024-07-07 00:00:00,58019.63,3056.1,141.97,519.0,0.3704,0.11161,26.68,6.235,13.034,65.26
2024-07-07 04:00:00,57385.43,3011.53,138.7,508.0,0.3655,0.10998,26.42,6.186,12.819,64.4
2024-07-07 08:00:00,57412.09,3024.49,139.44,509.1,0.3657,0.10993,26.32,6.202,12.883,64.7
2024-07-07 12:00:00,56874.23,2979.82,136.99,500.3,0.3573,0.10678,25.87,6.022,12.537,63.55
2024-07-07 16:00:00,57159.68,2992.13,137.16,499.8,0.3559,0.10759,25.99,6.074,12.617,63.15
2024-07-07 20:00:00,55855.27,2935.84,131.37,489.0,0.3463,0.10403,25.59,5.889,12.359,61.97
2024-07-08 00:00:00,55185.45,2885.43,130.99,487.5,0.3451,0.10245,25.21,5.919,12.284,61.79
2024-07-08 04:00:00,55875.0,2932.68,132.67,501.3,0.3509,0.1043,25.55,5.919,12.651,62.94
2024-07-08 08:00:00,57156.36,3052.37,140.6,515.1,0.3763,0.10923,27.07,6.175,13.455,65.94
2024-07-08 12:00:00,55788.2,2970.7,137.51,501.6,0.3598,0.10539,26.05,5.982,12.838,64.28
2024-07-08 16:00:00,56502.28,3007.57,138.47,507.5,0.3667,0.10772,25.44,5.971,12.922,65.0
2024-07-08 20:00:00,56682.21,3018.87,139.64,509.4,0.3681,0.10757,25.25,5.928,13.117,64.94
2024-07-09 00:00:00,57181.02,3066.19,140.56,512.9,0.3686,0.1081,25.11,5.945,13.039,65.21
2024-07-09 04:00:00,57137.29,3060.82,141.91,513.7,0.37,0.1078,25.67,6.093,12.946,65.26
2024-07-09 08:00:00,57449.37,3083.07,141.84,515.8,0.3726,0.10851,25.53,6.135,13.19,65.87
2024-07-09 12:00:00,57461.11,3067.34,140.47,515.3,0.3731,0.10785,25.49,6.146,12.87,65.76
2024-07-09 16:00:00,57819.52,3065.8,142.18,516.0,0.3799,0.10725,26.11,6.08,12.919,65.62
2024-07-09 20:00:00,57969.12,3061.44,141.17,515.0,0.3747,0.10744,26.43,6.109,12.818,65.35
2024-07-10 00:00:00,58057.96,3081.61,141.79,516.5,0.3767,0.10779,26.84,6.15,12.881,65.27
2024-07-10 04:00:00,58960.39,3095.15,144.08,521.4,0.3815,0.10951,26.81,6.143,12.909,65.76
2024-07-10 08:00:00,58508.59,3102.14,143.28,527.4,0.3817,0.1095,26.93,6.094,12.888,66.11
2024-07-10 12:00:00,57752.73,3124.2,141.48,523.2,0.3847,0.10965,26.47,6.142,12.898,66.81
2024-07-10 16:00:00,57448.35,3104.51,141.01,522.4,0.3849,0.10806,26.09,6.111,12.822,66.56
2024-07-10 20:00:00,57741.79,3099.21,141.91,523.3,0.3896,0.10795,25.79,6.083,12.801,67.0
2024-07-11 00:00:00,57577.03,3079.66,140.14,522.1,0.3883,0.10746,25.34,6.046,12.624,66.94
2024-07-11 04:00:00,58242.25,3123.87,142.19,526.7,0.3928,0.10872,25.84,6.136,12.805,67.72
2024-07-11 08:00:00,58808.49,3149.46,143.7,534.4,0.3961,0.10983,25.93,6.157,12.954,67.92
2024-07-11 12:00:00,57369.58,3109.73,138.41,522.5,0.3927,0.10733,25.04,6.01,12.699,68.12
2024-07-11 16:00:00,57388.03,3108.14,136.76,524.0,0.3954,0.10712,25.44,5.943,12.597,68.22
2024-07-11 20:00:00,57396.65,3100.02,136.15,523.7,0.3964,0.10668,25.2,5.903,12.362,67.55
2024-07-12 00:00:00,56909.54,3087.29,136.56,522.0,0.398,0.10606,25.52,5.894,12.499,68.14
2024-07-12 04:00:00,57071.35,3068.64,135.09,520.0,0.3982,0.10622,25.24,5.866,12.423,68.93
2024-07-12 08:00:00,57181.19,3068.5,135.49,520.5,0.3991,0.10549,25.09,5.841,12.414,68.51
2024-07-12 12:00:00,58200.02,3135.48,139.04,530.1,0.41,0.10735,25.61,6.007,12.689,68.91
2024-07-12 16:00:00,57620.02,3116.25,138.48,530.0,0.4155,0.10731,25.43,6.003,12.689,69.15
2024-07-12 20:00:00,57844.34,3134.76,138.87,531.8,0.4153,0.10737,25.97,6.082,12.727,69.06
2024-07-13 00:00:00,57830.0,3122.97,138.68,533.0,0.4121,0.10805,25.87,6.117,12.85,69.31
2024-07-13 04:00:00,58120.53,3137.3,139.23,534.0,0.4241,0.10919,25.68,6.264,13.008,70.38
2024-07-13 08:00:00,58499.99,3153.05,139.86,535.5,0.4205,0.10957,25.83,6.23,13.032,69.97
2024-07-13 12:00:00,58822.18,3156.46,140.42,530.1,0.4346,0.11059,26.25,6.266,13.026,70.27
2024-07-13 16:00:00,58647.41,3162.88,139.76,528.3,0.4454,0.11234,25.85,6.298,13.051,70.43
2024-07-13 20:00:00,59238.96,3173.03,141.84,531.2,0.4413,0.11195,25.95,6.25,13.039,69.84
2024-07-14 00:00:00,59450.4,3171.77,144.12,530.4,0.4287,0.11267,25.98,6.197,12.991,70.18
2024-07-14 04:00:00,60028.44,3199.55,144.87,537.9,0.4307,0.11364,26.07,6.241,13.078,70.4
2024-07-14 08:00:00,60105.45,3201.79,144.83,535.6,0.4297,0.11271,25.93,6.246,13.117,69.91
2024-07-14 12:00:00,60068.85,3190.82,145.67,534.8,0.4295,0.11278,25.83,6.276,13.252,69.34
2024-07-14 16:00:00,59921.96,3189.09,145.28,535.1,0.4336,0.11253,25.68,6.222,13.235,69.52
2024-07-14 20:00:00,60815.46,3245.09,147.66,543.2,0.4319,0.11552,26.45,6.339,13.511,69.92
2024-07-15 00:00:00,62614.49,3324.78,151.98,552.7,0.4352,0.11785,27.01,6.511,13.759,70.88
2024-07-15 04:00:00,62845.1,3355.06,153.38,559.7,0.4383,0.11864,27.18,6.511,13.836,70.33
2024-07-15 08:00:00,62425.78,3339.28,151.85,562.6,0.4318,0.11737,26.63,6.356,13.771,69.8
2024-07-15 12:00:00,62940.79,3362.89,152.79,572.0,0.4346,0.11844,26.91,6.299,13.857,70.44
2024-07-15 16:00:00,63401.39,3404.03,155.07,575.0,0.4338,0.121,27.09,6.395,14.086,71.55
2024-07-15 20:00:00,64588.45,3475.01,158.92,582.7,0.444,0.12449,27.82,6.494,14.41,72.31
2024-07-16 00:00:00,64670.0,3465.77,158.0,576.4,0.4506,0.12611,28.04,6.436,14.361,73.41
2024-07-16 04:00:00,62863.4,3376.56,154.31,562.1,0.4311,0.1207,26.85,6.221,13.947,71.27
2024-07-16 08:00:00,63720.8,3414.33,157.25,568.7,0.4317,0.12194,27.29,6.277,14.054,71.6
2024-07-16 12:00:00,64673.23,3474.48,160.73,575.6,0.4466,0.12552,28.47,6.467,14.45,73.7
2024-07-16 16:00:00,64999.0,3469.83,161.65,577.0,0.4406,0.12557,28.18,6.382,14.304,73.21
2024-07-16 20:00:00,65029.3,3443.28,160.37,573.8,0.4376,0.12483,27.91,6.338,14.26,73.15
2024-07-17 00:00:00,65721.68,3482.12,161.0,578.8,0.4418,0.12556,28.76,6.422,14.293,73.65
2024-07-17 04:00:00,65277.56,3488.46,160.87,578.0,0.4483,0.12536,28.72,6.484,14.365,73.13
2024-07-17 08:00:00,64627.41,3450.77,160.63,573.7,0.4451,0.12413,28.18,6.408,14.266,72.17
2024-07-17 12:00:00,64676.55,3437.37,158.06,571.5,0.4461,0.12299,28.05,6.389,14.208,72.06
2024-07-17 16:00:00,64602.0,3421.7,157.03,570.7,0.4433,0.12303,28.0,6.379,13.986,72.62
2024-07-17 20:00:00,64130.63,3389.9,155.32,567.1,0.4361,0.12176,27.22,6.25,13.759,71.48
2024-07-18 00:00:00,64822.51,3430.47,158.9,572.7,0.441,0.12348,27.73,6.374,13.924,72.3
2024-07-18 04:00:00,64713.04,3434.0,158.64,571.1,0.4422,0.12156,27.8,6.284,13.844,71.96
2024-07-18 08:00:00,64702.06,3456.86,159.41,572.5,0.4399,0.12196,27.53,6.173,13.793,72.37
2024-07-18 12:00:00,63510.45,3400.0,156.32,563.7,0.4249,0.11815,26.96,6.112,13.533,71.3
2024-07-18 16:00:00,63658.66,3408.31,157.04,566.7,0.422,0.11852,26.9,6.059,13.567,70.95
2024-07-18 20:00:00,63997.25,3429.92,158.97,569.1,0.4234,0.11959,27.12,6.092,13.596,71.59
2024-07-19 00:00:00,64216.6,3426.29,161.27,570.6,0.4253,0.12048,27.33,6.131,13.636,71.61
2024-07-19 04:00:00,63672.5,3395.44,161.48,567.5,0.4207,0.11882,26.8,6.075,13.538,70.71
2024-07-19 08:00:00,64120.0,3409.45,162.51,571.8,0.4195,0.11922,26.79,6.1,13.385,70.07
2024-07-19 12:00:00,65598.51,3462.51,168.54,589.4,0.4304,0.12315,27.6,6.232,13.863,71.92
2024-07-19 16:00:00,67124.72,3517.36,170.08,594.7,0.4393,0.12565,28.3,6.317,14.097,74.03
2024-07-19 20:00:00,66659.4,3506.09,169.17,593.1,0.4383,0.12553,28.19,6.338,14.046,73.39
2024-07-20 00:00:00,66654.08,3496.1,169.75,590.9,0.4384,0.1255,28.28,6.338,14.07,73.06
2024-07-20 04:00:00,66599.0,3492.9,168.71,590.3,0.4395,0.12749,28.17,6.339,14.134,73.4
2024-07-20 08:00:00,66498.72,3486.55,168.03,590.1,0.4323,0.1261,28.02,6.262,13.913,72.77
2024-07-20 12:00:00,66808.49,3500.42,169.15,594.4,0.4337,0.13459,28.31,6.342,14.094,73.41
2024-07-20 16:00:00,67216.79,3513.6,172.43,595.6,0.4354,0.13368,28.65,6.375,14.255,73.44
2024-07-20 20:00:00,67144.31,3520.57,173.66,592.9,0.4373,0.1342,29.16,6.317,14.219,73.04
2024-07-21 00:00:00,67178.8,3509.77,173.27,595.4,0.437,0.13222,29.11,6.34,14.165,73.1
2024-07-21 04:00:00,66739.72,3488.29,171.38,591.7,0.43,0.13106,28.78,6.263,14.045,72.67
2024-07-21 08:00:00,66925.77,3498.06,172.9,593.4,0.43,0.13146,29.24,6.268,14.195,73.21
2024-07-21 12:00:00,67129.86,3500.28,175.31,597.1,0.4297,0.13128,30.97,6.284,14.445,73.38
2024-07-21 16:00:00,67438.19,3490.28,178.0,596.0,0.4271,0.134,31.83,6.266,14.492,72.94
2024-07-21 20:00:00,68011.05,3534.72,183.86,600.3,0.4448,0.14018,32.52,6.4,14.763,73.74
2024-07-22 00:00:00,67822.51,3515.87,180.94,600.7,0.439,0.14137,32.18,6.371,14.487,73.91
2024-07-22 04:00:00,67237.46,3480.87,178.66,593.3,0.4352,0.13699,31.9,6.263,14.304,74.29
2024-07-22 08:00:00,67587.07,3501.96,180.75,599.9,0.4375,0.139,32.3,6.311,14.346,73.86
2024-07-22 12:00:00,67100.0,3458.88,179.78,594.0,0.4303,0.13976,31.91,6.241,14.191,72.28
2024-07-22 16:00:00,68000.0,3497.27,182.67,594.7,0.4322,0.14165,32.25,6.222,14.158,72.29
2024-07-22 20:00:00,67570.8,3441.54,179.08,586.9,0.4265,0.13769,31.81,6.128,13.94,71.4
2024-07-23 00:00:00,67451.79,3472.99,179.41,590.0,0.4266,0.13813,32.1,6.127,14.049,72.06
2024-07-23 04:00:00,66488.98,3450.44,175.89,579.5,0.4196,0.13431,30.38,6.003,13.84,71.26
2024-07-23 08:00:00,66753.25,3516.83,175.21,584.7,0.4249,0.13491,30.56,6.039,13.965,72.44
2024-07-23 12:00:00,66525.23,3452.59,176.28,585.1,0.4155,0.13176,30.27,5.941,13.796,72.14
2024-07-23 16:00:00,65511.94,3456.38,171.57,580.9,0.4093,0.13078,29.88,5.935,13.881,72.3
2024-07-23 20:00:00,65910.29,3482.5,172.89,582.4,0.4101,0.13062,29.8,5.914,13.912,72.94
2024-07-24 00:00:00,66022.34,3450.25,173.58,584.8,0.4108,0.13145,29.06,5.944,13.893,72.7
2024-07-24 04:00:00,66056.11,3447.63,174.09,585.6,0.4195,0.13226,29.25,5.965,13.814,72.82
2024-07-24 08:00:00,66400.39,3461.58,177.86,582.9,0.4184,0.13373,30.17,5.974,13.856,73.41
2024-07-24 12:00:00,66236.09,3416.57,177.84,583.4,0.4125,0.132,29.26,5.9,13.779,73.17
2024-07-24 16:00:00,65657.12,3360.86,178.02,579.4,0.4104,0.12957,28.95,5.824,13.587,72.5
2024-07-24 20:00:00,65394.89,3333.85,178.03,573.4,0.4068,0.12805,28.38,5.735,13.371,71.24
2024-07-25 00:00:00,64071.18,3177.08,170.67,556.0,0.3942,0.12298,27.41,5.618,12.933,68.83
2024-07-25 04:00:00,64168.47,3173.74,169.45,561.3,0.3958,0.12358,27.32,5.693,13.041,69.08
2024-07-25 08:00:00,64156.94,3177.72,169.16,563.0,0.3946,0.12441,27.35,5.728,12.941,68.7
2024-07-25 12:00:00,64715.2,3143.34,170.2,562.3,0.3927,0.12388,26.94,5.67,12.849,68.31
2024-07-25 16:00:00,64720.13,3124.31,167.99,565.6,0.3867,0.1221,26.73,5.653,12.631,68.51
2024-07-25 20:00:00,65716.16,3178.08,171.9,569.5,0.394,0.12508,27.25,5.746,12.884,68.76
2024-07-26 00:00:00,67000.0,3238.06,175.57,575.6,0.4068,0.12888,27.89,5.807,13.27,69.97
2024-07-26 04:00:00,66855.86,3250.68,176.78,579.0,0.4126,0.12922,28.13,5.869,13.397,71.02
2024-07-26 08:00:00,67267.7,3247.25,178.63,577.2,0.4116,0.12991,27.82,5.834,13.329,70.96
2024-07-26 12:00:00,67492.72,3254.95,181.38,578.2,0.415,0.13011,28.54,5.812,13.509,71.47
2024-07-26 16:00:00,67913.18,3273.41,182.08,579.6,0.4168,0.1331,28.71,5.848,13.613,71.25
2024-07-26 20:00:00,67849.25,3274.46,183.14,580.1,0.4174,0.13424,28.69,5.875,13.549,71.3
2024-07-27 00:00:00,67782.59,3245.92,182.06,583.0,0.4159,0.13393,28.84,5.841,13.555,71.33
2024-07-27 04:00:00,68018.19,3273.05,185.54,585.7,0.4171,0.13402,28.77,5.883,13.7,71.34
2024-07-27 08:00:00,68056.32,3278.15,184.85,585.0,0.4171,0.13504,28.6,5.864,13.63,71.37
2024-07-27 12:00:00,68803.04,3281.65,182.58,582.9,0.4224,0.13444,28.7,5.803,13.596,71.55
2024-07-27 16:00:00,68314.3,3260.75,181.51,581.5,0.4227,0.13616,28.17,5.813,13.491,71.55
2024-07-27 20:00:00,67869.19,3249.22,183.8,580.2,0.4176,0.13135,28.1,5.834,13.56,71.46
2024-07-28 00:00:00,68003.92,3240.51,184.41,580.1,0.415,0.12965,27.87,5.798,13.43,71.14
2024-07-28 04:00:00,67571.39,3228.38,184.0,576.4,0.4118,0.13042,27.78,5.736,13.432,71.1
2024-07-28 08:00:00,67896.24,3256.87,185.27,579.7,0.4124,0.13083,27.79,5.763,13.609,71.66
2024-07-28 12:00:00,67651.12,3268.41,184.0,579.5,0.408,0.12951,27.37,5.71,13.431,70.91
2024-07-28 16:00:00,68112.41,3275.35,184.73,582.3,0.4103,0.13,27.67,5.746,13.368,71.56
2024-07-28 20:00:00,68260.41,3272.14,184.89,584.0,0.4071,0.13009,27.4,5.726,13.283,71.06
2024-07-29 00:00:00,69352.79,3350.0,192.38,590.1,0.4225,0.13348,28.21,5.821,13.677,73.09
2024-07-29 04:00:00,69553.49,3366.69,192.19,591.5,0.4224,0.13465,28.71,5.851,13.85,74.97
2024-07-29 08:00:00,69672.61,3376.53,190.94,591.5,0.419,0.13342,28.74,5.823,13.8,75.76
2024-07-29 12:00:00,68116.61,3310.4,187.1,580.2,0.4091,0.1297,27.55,5.715,13.541,74.67
2024-07-29 16:00:00,67317.58,3310.89,186.67,576.3,0.4076,0.12933,27.52,5.693,13.592,74.0
2024-07-29 20:00:00,66822.0,3320.52,182.72,572.5,0.4038,0.12854,26.99,5.648,13.571,73.71
2024-07-30 00:00:00,66667.5,3318.57,182.57,571.1,0.4046,0.12944,27.13,5.685,13.75,73.9
2024-07-30 04:00:00,66916.03,3341.97,182.44,571.8,0.4036,0.13052,27.27,5.702,13.73,73.82
2024-07-30 08:00:00,66662.72,3333.83,181.05,572.0,0.4039,0.12903,27.01,5.675,13.529,73.59
2024-07-30 12:00:00,66233.84,3322.57,181.07,572.9,0.4014,0.12713,26.68,5.645,13.54,73.24
2024-07-30 16:00:00,66129.85,3273.05,178.09,573.1,0.3994,0.12528,26.41,5.562,13.137,71.97
2024-07-30 20:00:00,66290.09,3280.49,179.15,585.9,0.4015,0.12565,26.34,5.524,13.149,71.68
2024-07-31 00:00:00,66113.04,3292.2,181.06,583.5,0.4056,0.12537,26.53,5.494,13.269,72.4
2024-07-31 04:00:00,66462.94,3318.06,183.6,584.1,0.4019,0.12655,26.34,5.546,13.328,72.16
2024-07-31 08:00:00,66191.16,3321.19,181.77,584.7,0.4029,0.12558,26.12,5.537,13.122,71.52
2024-07-31 12:00:00,66436.11,3303.43,180.0,584.2,0.4022,0.12617,26.71,5.453,13.116,71.32
2024-07-31 16:00:00,65440.53,3263.21,176.62,580.2,0.3942,0.12312,26.01,5.432,12.915,70.73
2024-07-31 20:00:00,64623.68,3232.95,172.14,574.6,0.3886,0.12215,25.69,5.393,12.846,70.19
2024-08-01 00:00:00,63901.7,3180.02,168.76,569.3,0.3872,0.12099,25.49,5.381,12.86,70.77
2024-08-01 04:00:00,64317.07,3168.65,168.17,568.4,0.3859,0.12044,25.39,5.352,12.813,69.65
2024-08-01 08:00:00,64645.4,3190.77,169.81,570.7,0.3913,0.12055,25.34,5.364,13.012,70.51
2024-08-01 12:00:00,62950.0,3120.28,162.82,557.1,0.3797,0.11625,24.54,5.172,12.574,68.51
2024-08-01 16:00:00,63474.53,3132.47,162.34,559.9,0.3781,0.11506,24.79,5.2,12.437,67.14
2024-08-01 20:00:00,65392.96,3205.94,166.98,573.7,0.3924,0.11924,25.73,5.342,12.908,69.59
2024-08-02 00:00:00,64541.04,3168.31,164.7,571.9,0.3855,0.11779,25.36,5.277,12.79,68.91
2024-08-02 04:00:00,64241.24,3148.37,161.5,570.4,0.3843,0.11635,25.07,5.202,12.499,68.12
2024-08-02 08:00:00,64629.71,3153.32,164.25,571.4,0.3848,0.11741,25.04,5.232,12.566,69.04
2024-08-02 12:00:00,63401.45,3042.77,157.19,557.6,0.3687,0.11358,24.18,5.135,12.11,65.85
2024-08-02 16:00:00,62648.69,3016.09,151.5,554.1,0.3659,0.11282,23.9,5.119,11.918,65.17
2024-08-02 20:00:00,61536.09,2989.58,152.92,542.1,0.3639,0.11174,23.51,5.118,11.911,65.04
2024-08-03 00:00:00,61927.29,2987.0,153.59,540.6,0.3661,0.11282,23.72,5.128,11.958,65.27
2024-08-03 04:00:00,61681.08,2988.65,152.3,540.3,0.3699,0.11402,23.75,5.2,12.069,65.94
2024-08-03 08:00:00,61894.73,2998.26,152.68,539.1,0.3694,0.11306,23.96,5.174,12.049,66.03
2024-08-03 12:00:00,60981.43,2947.73,147.15,530.0,0.3597,0.11076,23.36,5.057,11.806,64.76
2024-08-03 16:00:00,60255.92,2894.03,140.52,522.6,0.3518,0.106,22.55,4.9,11.401,62.83
2024-08-03 20:00:00,60690.47,2907.82,142.49,528.8,0.3645,0.10803,22.84,5.043,11.709,64.64
2024-08-04 00:00:00,60768.67,2916.19,144.69,527.9,0.3629,0.10876,22.87,5.075,11.711,65.0
2024-08-04 04:00:00,60335.96,2896.88,141.57,522.1,0.357,0.10681,22.64,4.97,11.589,64.4
2024-08-04 08:00:00,60860.0,2919.03,143.71,524.1,0.3581,0.10753,22.56,4.923,11.581,65.04
2024-08-04 12:00:00,59117.28,2836.03,135.21,500.9,0.3502,0.10328,21.66,4.718,11.039,63.01
2024-08-04 16:00:00,59339.0,2762.98,142.09,506.4,0.3515,0.10484,21.87,4.8,11.115,63.39
2024-08-04 20:00:00,58156.48,2697.33,138.25,493.1,0.3442,0.10366,21.45,4.724,10.885,62.44
2024-08-05 00:00:00,54017.89,2321.25,128.05,441.0,0.308,0.09176,18.79,4.094,9.332,55.34
2024-08-05 04:00:00,52656.93,2355.77,122.79,435.5,0.3076,0.08901,19.05,4.028,9.082,54.18
2024-08-05 08:00:00,51360.23,2300.56,116.12,430.6,0.2941,0.08477,18.25,3.854,8.45,52.95
2024-08-05 12:00:00,54391.55,2447.12,130.39,458.7,0.32,0.09496,19.68,4.24,9.468,56.69
2024-08-05 16:00:00,53468.79,2403.79,128.6,457.3,0.3105,0.09372,19.64,4.149,9.304,55.51
2024-08-05 20:00:00,53944.07,2410.26,129.77,464.4,0.3121,0.09414,19.53,4.279,9.47,56.16
2024-08-06 00:00:00,55638.5,2499.74,139.08,478.1,0.3271,0.09836,20.54,4.352,9.94,57.8
2024-08-06 04:00:00,56053.53,2528.0,142.14,491.1,0.334,0.09971,20.97,4.441,10.111,58.61
2024-08-06 08:00:00,55256.3,2460.01,139.76,477.0,0.3243,0.09577,20.47,4.348,9.971,57.21
2024-08-06 12:00:00,56437.77,2528.32,145.85,486.1,0.3326,0.0976,21.09,4.485,10.35,58.61
2024-08-06 16:00:00,56787.37,2500.14,146.28,487.9,0.331,0.09728,21.29,4.547,10.118,58.43
2024-08-06 20:00:00,56025.43,2460.09,144.43,482.9,0.3306,0.09618,20.86,4.486,10.166,58.23
2024-08-07 00:00:00,56899.91,2511.43,151.38,490.7,0.3364,0.09816,21.2,4.546,10.261,58.8
2024-08-07 04:00:00,56892.74,2509.56,152.57,490.4,0.3344,0.09908,21.3,4.557,10.362,58.61
2024-08-07 08:00:00,56995.11,2473.73,151.64,489.1,0.3328,0.09928,21.0,4.544,10.141,57.94
2024-08-07 12:00:00,56075.89,2412.2,148.26,478.5,0.3237,0.09848,20.34,4.459,9.831,57.04
2024-08-07 16:00:00,54869.08,2352.7,143.07,471.3,0.3202,0.09621,20.05,4.575,9.58,56.14
2024-08-07 20:00:00,55043.02,2339.72,144.63,472.8,0.3228,0.09526,19.91,4.564,9.499,55.95
2024-08-08 00:00:00,57098.55,2434.47,153.07,483.6,0.3353,0.09894,20.74,4.745,9.972,57.98
2024-08-08 04:00:00,57169.0,2414.82,153.54,484.1,0.3353,0.09925,20.78,4.723,9.944,58.22
2024-08-08 08:00:00,57333.78,2450.82,154.12,487.2,0.3329,0.10018,20.56,4.614,10.001,58.08
2024-08-08 12:00:00,59445.73,2505.39,160.49,497.4,0.3394,0.10368,21.89,4.747,10.149,59.47
2024-08-08 16:00:00,59389.36,2574.6,155.86,502.9,0.3401,0.10191,21.67,4.751,10.312,59.7
2024-08-08 20:00:00,61678.13,2685.97,163.06,515.9,0.3517,0.10716,22.76,4.876,10.747,61.14
2024-08-09 00:00:00,61356.79,2693.98,159.13,512.5,0.3516,0.10566,22.23,4.833,10.545,60.79
2024-08-09 04:00:00,60869.64,2668.82,157.49,509.1,0.3472,0.10478,21.83,4.808,10.593,60.77
2024-08-09 08:00:00,60696.31,2637.06,156.92,504.7,0.3426,0.10448,21.6,4.777,10.386,60.4
2024-08-09 12:00:00,59900.0,2560.02,151.72,501.0,0.341,0.10174,21.38,4.781,10.182,59.88
2024-08-09 16:00:00,60661.75,2593.77,154.13,505.2,0.3468,0.10328,21.45,4.803,10.451,60.04
2024-08-09 20:00:00,60790.09,2599.14,156.15,507.7,0.3479,0.10389,21.65,4.758,10.544,60.73
2024-08-10 00:00:00,60408.93,2605.64,153.98,507.2,0.3472,0.10393,21.56,4.75,10.568,60.4
2024-08-10 04:00:00,60792.28,2632.98,155.33,510.0,0.3464,0.10464,21.65,4.765,10.625,60.63
2024-08-10 08:00:00,60843.08,2635.11,154.51,513.4,0.3472,0.10446,21.72,4.755,10.65,61.14
2024-08-10 12:00:00,60528.63,2598.21,154.65,513.6,0.3458,0.10472,21.81,4.772,10.609,61.09
2024-08-10 16:00:00,61010.37,2601.27,154.65,521.6,0.3481,0.10537,21.61,4.747,10.553,61.09
2024-08-10 20:00:00,60933.58,2608.0,154.33,520.6,0.3457,0.10509,21.53,4.755,10.559,61.21
2024-08-11 00:00:00,61103.65,2647.36,156.21,530.6,0.3498,0.10996,22.07,4.806,10.679,61.78
2024-08-11 04:00:00,61203.02,2676.11,157.04,531.7,0.3525,0.11006,22.11,4.782,10.689,61.65
2024-08-11 08:00:00,60699.84,2655.18,153.6,522.5,0.3468,0.10777,21.74,4.711,10.561,61.5
2024-08-11 12:00:00,60109.83,2611.44,148.67,519.3,0.3402,0.10451,21.33,4.624,10.372,60.04
2024-08-11 16:00:00,59631.21,2601.86,146.1,510.7,0.3356,0.10306,20.91,4.571,10.219,60.52
2024-08-11 20:00:00,58765.99,2554.55,141.89,502.7,0.328,0.1005,20.48,4.51,10.012,59.66
2024-08-12 00:00:00,58499.79,2540.0,144.1,504.6,0.3302,0.10164,20.66,4.529,10.047,60.4
2024-08-12 04:00:00,58702.59,2567.28,145.96,506.6,0.3352,0.1032,21.08,4.535,10.226,60.59
2024-08-12 08:00:00,59897.31,2669.91,150.65,515.4,0.3429,0.1064,21.56,4.644,10.665,61.73
2024-08-12 12:00:00,60086.25,2686.44,147.6,517.9,0.3408,0.10706,21.35,4.64,10.507,61.32
2024-08-12 16:00:00,59058.43,2660.53,143.65,510.1,0.3349,0.10511,21.01,4.543,10.342,60.95
2024-08-12 20:00:00,59305.49,2724.27,146.4,516.0,0.339,0.10789,21.33,4.57,10.504,61.54
2024-08-13 00:00:00,59022.5,2660.83,143.2,514.5,0.335,0.10477,20.83,4.515,10.307,61.88
2024-08-13 04:00:00,59192.73,2650.43,146.1,520.4,0.3375,0.10491,21.07,4.509,10.284,62.29
2024-08-13 08:00:00,58817.07,2641.47,145.68,518.5,0.3336,0.10419,20.68,4.434,10.216,61.77
2024-08-13 12:00:00,59365.07,2651.09,145.87,515.2,0.3361,0.10514,20.97,4.509,10.309,62.86
2024-08-13 16:00:00,60853.94,2712.36,146.48,521.3,0.3412,0.10565,21.28,4.559,10.613,63.2
2024-08-13 20:00:00,60580.19,2701.66,146.82,522.5,0.3396,0.10639,21.38,4.539,10.58,63.39
2024-08-14 00:00:00,60930.98,2706.9,145.08,524.5,0.3386,0.10582,21.35,4.512,10.592,63.84
2024-08-14 04:00:00,60901.99,2727.92,145.67,525.1,0.3393,0.1056,21.33,4.5,10.611,63.63
2024-08-14 08:00:00,61264.17,2745.62,148.31,527.7,0.3415,0.10569,21.64,4.51,10.564,63.58
2024-08-14 12:00:00,59481.78,2673.42,146.78,522.3,0.3375,0.10315,21.33,4.444,10.5,64.16
2024-08-14 16:00:00,58943.11,2667.89,144.28,523.3,0.3351,0.10268,21.06,4.383,10.344,64.36
2024-08-14 20:00:00,58652.81,2662.18,143.76,521.0,0.3351,0.10243,21.03,4.385,10.37,64.09
2024-08-15 00:00:00,58471.68,2650.83,144.7,520.6,0.3391,0.1026,21.0,4.394,10.44,64.3
2024-08-15 04:00:00,58048.88,2616.29,142.56,516.4,0.3353,0.10265,20.94,4.38,10.286,63.97
2024-08-15 08:00:00,58709.11,2637.99,143.1,522.1,0.3358,0.10281,21.11,4.424,10.438,65.43
2024-08-15 12:00:00,59664.86,2673.15,145.98,529.2,0.3392,0.10432,20.86,4.452,10.691,65.98
2024-08-15 16:00:00,57109.05,2549.03,139.9,511.8,0.3234,0.09901,20.06,4.275,10.022,64.21
2024-08-15 20:00:00,57631.87,2567.92,142.52,518.1,0.3254,0.10009,20.04,4.275,10.161,65.14
2024-08-16 00:00:00,57876.36,2579.43,141.92,513.1,0.3229,0.10035,20.18,4.283,10.175,65.34
2024-08-16 04:00:00,58477.71,2615.09,144.49,521.9,0.3347,0.10167,20.56,4.382,10.308,65.63
2024-08-16 08:00:00,58438.69,2613.14,142.24,517.5,0.3347,0.10079,20.29,4.314,10.189,65.57
2024-08-16 12:00:00,58063.95,2571.52,137.88,513.6,0.3235,0.09794,19.88,4.251,10.003,65.71
2024-08-16 16:00:00,59676.8,2620.47,140.88,521.4,0.331,0.10096,20.41,4.34,10.191,66.73
2024-08-16 20:00:00,58915.04,2593.04,139.06,519.3,0.3302,0.10028,20.41,4.284,10.132,66.58
2024-08-17 00:00:00,59183.7,2595.95,138.83,519.1,0.328,0.10082,20.44,4.277,10.059,65.9
2024-08-17 04:00:00,59203.0,2599.72,139.32,520.6,0.3292,0.10107,20.51,4.306,10.088,66.53
2024-08-17 08:00:00,59135.76,2598.53,139.04,527.2,0.3322,0.10107,20.42,4.298,10.068,67.37
2024-08-17 12:00:00,59319.51,2606.05,140.18,531.6,0.3346,0.10203,20.57,4.332,10.138,67.32
2024-08-17 16:00:00,59503.48,2616.56,141.07,542.1,0.3336,0.103,20.52,4.357,10.118,67.56
2024-08-17 20:00:00,59480.58,2612.18,141.77,540.2,0.3354,0.10271,20.67,4.369,10.11,67.53
2024-08-18 00:00:00,59327.08,2607.17,141.17,537.2,0.3332,0.10211,20.64,4.366,10.091,67.53
2024-08-18 04:00:00,59562.69,2608.11,141.33,539.7,0.3338,0.10209,20.73,4.383,10.078,67.33
2024-08-18 08:00:00,59910.1,2648.29,144.2,537.8,0.336,0.10343,21.0,4.417,10.2,67.6
2024-08-18 12:00:00,59888.41,2669.7,145.77,538.6,0.3376,0.10321,21.23,4.422,10.387,66.95
2024-08-18 16:00:00,59669.41,2664.97,146.37,537.9,0.3371,0.10252,21.28,4.489,10.305,66.93
2024-08-18 20:00:00,58720.08,2612.44,142.62,531.7,0.3339,0.10008,20.79,4.392,10.08,66.33
2024-08-19 00:00:00,58821.55,2643.83,143.4,537.1,0.3332,0.10044,20.92,4.404,10.151,66.33
2024-08-19 04:00:00,58601.4,2614.75,142.31,534.1,0.3303,0.09962,20.73,4.415,10.139,66.57
2024-08-19 08:00:00,58387.35,2587.98,142.43,537.4,0.3312,0.0999,20.7,4.418,10.05,66.86
2024-08-19 12:00:00,58778.21,2586.66,144.19,543.5,0.3326,0.10019,20.65,4.464,9.995,66.23
2024-08-19 16:00:00,59125.91,2610.76,143.04,552.0,0.3344,0.10052,20.84,4.474,10.025,66.76
2024-08-19 20:00:00,59479.09,2636.0,144.27,556.7,0.3364,0.10141,21.22,4.485,10.171,66.37
2024-08-20 00:00:00,60584.0,2661.76,145.48,568.6,0.3413,0.1045,21.79,4.58,10.402,66.76
2024-08-20 04:00:00,60879.59,2673.13,147.29,568.4,0.3437,0.10539,21.99,4.561,10.477,67.03
2024-08-20 08:00:00,60544.35,2642.38,145.27,568.0,0.3438,0.10467,21.98,4.526,10.403,66.05
2024-08-20 12:00:00,58852.38,2575.07,142.07,560.7,0.3396,0.10221,21.76,4.495,10.107,63.46
2024-08-20 16:00:00,59546.6,2604.54,143.96,571.8,0.3473,0.10424,22.54,4.544,10.251,64.62
2024-08-20 20:00:00,59170.25,2573.3,142.29,568.8,0.3434,0.10293,22.27,4.526,10.247,64.53
2024-08-21 00:00:00,59463.22,2590.97,142.48,562.7,0.348,0.10365,23.17,4.557,10.394,64.09
2024-08-21 04:00:00,59688.98,2600.43,142.91,562.4,0.3586,0.10446,23.3,4.597,10.404,63.48
2024-08-21 08:00:00,59368.59,2580.89,141.55,555.9,0.351,0.10382,22.87,4.533,10.343,62.69
2024-08-21 12:00:00,59557.7,2605.06,140.38,552.3,0.3581,0.10419,23.09,4.556,10.443,62.63
2024-08-21 16:00:00,61503.13,2647.03,143.66,571.5,0.3767,0.10672,23.6,4.716,11.117,64.36
2024-08-21 20:00:00,61191.09,2631.39,142.7,570.1,0.3686,0.10616,23.44,4.661,11.214,64.24
2024-08-22 00:00:00,60503.8,2615.24,141.78,568.6,0.3696,0.10528,23.21,4.655,11.373,63.26
2024-08-22 04:00:00,61004.2,2635.73,143.59,577.3,0.3656,0.10587,23.34,4.676,11.327,63.39
2024-08-22 08:00:00,61350.0,2641.53,144.41,583.2,0.3737,0.1065,23.5,4.687,11.316,63.58
2024-08-22 12:00:00,60389.55,2600.11,142.67,577.9,0.369,0.10511,24.69,4.625,11.458,63.07
2024-08-22 16:00:00,60311.26,2604.73,142.78,583.6,0.3703,0.10479,24.45,4.632,11.353,63.82
2024-08-22 20:00:00,60421.65,2620.53,143.26,581.5,0.3764,0.10537,25.27,4.684,11.454,64.02
2024-08-23 00:00:00,60636.52,2634.61,144.52,582.0,0.375,0.10603,26.43,4.723,11.495,63.99
2024-08-23 04:00:00,61114.09,2669.85,145.26,579.0,0.3823,0.10736,25.75,4.755,11.632,64.18
2024-08-23 08:00:00,60768.48,2653.93,143.48,574.4,0.3799,0.10604,26.06,4.722,11.527,64.01
2024-08-23 12:00:00,61514.45,2671.0,144.44,581.4,0.3825,0.10993,26.14,4.786,11.737,64.88
2024-08-23 16:00:00,63571.41,2747.99,149.81,586.0,0.3897,0.11291,26.56,4.867,11.937,66.01
2024-08-23 20:00:00,64020.9,2762.0,153.06,588.1,0.3908,0.11278,26.45,4.919,12.056,66.11
2024-08-24 00:00:00,63841.09,2744.61,153.28,578.6,0.3899,0.11252,26.26,4.876,11.961,66.15
2024-08-24 04:00:00,64280.0,2760.13,154.65,578.0,0.3883,0.11239,26.65,4.858,11.956,66.4
2024-08-24 08:00:00,63965.57,2757.86,157.33,578.5,0.3931,0.11221,27.45,4.93,12.092,66.89
2024-08-24 12:00:00,64013.55,2759.68,159.4,578.2,0.3945,0.11212,27.76,4.968,12.218,67.2
2024-08-24 16:00:00,64217.6,2793.33,160.62,588.0,0.3993,0.11413,27.46,5.075,12.392,67.49
2024-08-24 20:00:00,64114.27,2766.63,160.57,580.5,0.394,0.11256,27.11,4.967,12.32,66.53
2024-08-25 00:00:00,64097.69,2762.88,157.81,578.6,0.3856,0.11063,26.76,4.872,12.128,65.92
2024-08-25 04:00:00,63893.83,2740.31,156.14,570.0,0.3792,0.10838,26.28,4.768,12.065,64.93
2024-08-25 08:00:00,63900.38,2751.8,157.67,574.6,0.382,0.10899,26.62,4.826,12.055,65.14
2024-08-25 12:00:00,64151.75,2762.2,159.15,575.1,0.3876,0.1101,26.96,4.856,12.177,65.29
2024-08-25 16:00:00,64171.95,2764.66,159.13,575.9,0.3863,0.10961,26.95,4.815,12.128,65.13
2024-08-25 20:00:00,64250.24,2747.35,159.08,574.1,0.3845,0.10956,26.97,4.814,12.117,64.82
2024-08-26 00:00:00,64074.61,2743.23,160.08,569.3,0.3838,0.10922,26.82,4.815,12.059,64.28
2024-08-26 04:00:00,63699.29,2735.49,159.2,561.8,0.3772,0.10919,26.81,4.722,12.353,64.08
2024-08-26 08:00:00,63856.42,2738.62,160.28,564.1,0.3762,0.109,26.88,4.746,12.365,64.25
2024-08-26 12:00:00,63500.94,2723.56,157.88,558.6,0.3734,0.10737,26.59,4.66,12.251,64.47
2024-08-26 16:00:00,63353.91,2680.17,157.71,552.0,0.367,0.10531,26.22,4.56,12.02,63.78
2024-08-26 20:00:00,62840.29,2682.79,157.29,548.7,0.3662,0.10526,25.9,4.576,11.856,63.14
2024-08-27 00:00:00,62928.99,2682.98,157.97,551.9,0.3681,0.10559,26.31,4.611,11.877,63.42
2024-08-27 04:00:00,62831.35,2687.34,157.62,554.5,0.3684,0.10609,26.46,4.628,11.843,63.28
2024-08-27 08:00:00,62357.36,2627.48,154.26,551.7,0.3637,0.10437,25.82,4.519,11.6,62.91
2024-08-27 12:00:00,61688.8,2580.94,153.68,550.7,0.3627,0.10416,25.36,4.528,11.597,62.93
2024-08-27 16:00:00,62079.47,2581.17,154.62,549.7,0.3641,0.1043,25.52,4.546,11.632,63.43
2024-08-27 20:00:00,59558.1,2456.47,146.75,533.5,0.351,0.09885,24.16,4.378,11.152,60.4
2024-08-28 00:00:00,59665.62,2474.3,148.25,535.5,0.352,0.09967,24.24,4.36,11.166,60.79
2024-08-28 04:00:00,58720.0,2445.65,143.89,532.5,0.3471,0.09806,23.65,4.306,11.0,60.22
2024-08-28 08:00:00,60058.35,2527.79,147.3,541.4,0.3578,0.10088,24.68,4.375,11.52,61.51
2024-08-28 12:00:00,58983.33,2496.07,144.2,533.0,0.3516,0.09955,23.87,4.286,11.252,60.77
2024-08-28 16:00:00,58942.94,2503.88,144.0,533.8,0.3523,0.09899,23.85,4.286,11.218,61.32
2024-08-28 20:00:00,59083.32,2526.82,143.87,534.5,0.3502,0.09966,23.55,4.258,11.212,61.85
2024-08-29 00:00:00,59140.27,2523.41,143.46,537.9,0.3543,0.10048,23.61,4.29,11.196,62.12
2024-08-29 04:00:00,59619.43,2548.49,144.7,539.4,0.3576,0.10065,23.82,4.305,11.262,62.5
2024-08-29 08:00:00,60125.8,2556.03,145.79,542.7,0.3611,0.10137,23.66,4.323,11.252,62.26
2024-08-29 12:00:00,60811.93,2576.41,146.69,539.9,0.3625,0.10182,24.39,4.386,11.355,63.4
2024-08-29 16:00:00,59224.48,2525.57,140.84,533.9,0.3537,0.09895,23.16,4.24,10.951,62.98
2024-08-29 20:00:00,59365.65,2527.55,140.08,533.8,0.3571,0.10045,22.87,4.245,10.905,62.42
2024-08-30 00:00:00,59030.59,2520.43,139.12,529.5,0.3559,0.1,23.0,4.25,10.985,62.16
2024-08-30 04:00:00,59247.49,2519.13,139.15,531.4,0.3557,0.10068,23.38,4.316,11.122,63.93
2024-08-30 08:00:00,59416.49,2510.45,138.72,536.4,0.3517,0.10118,23.22,4.286,11.05,63.43
2024-08-30 12:00:00,58121.9,2447.56,132.88,523.6,0.3401,0.09818,22.38,4.105,10.557,61.69
2024-08-30 16:00:00,58724.11,2505.49,135.89,532.0,0.3459,0.10026,23.03,4.227,10.988,64.71
2024-08-30 20:00:00,59093.75,2528.03,138.12,533.5,0.3475,0.10199,23.27,4.285,11.055,64.9
2024-08-31 00:00:00,59258.08,2523.56,138.3,535.8,0.3473,0.10114,23.18,4.294,11.1,65.76
2024-08-31 04:00:00,59147.23,2521.55,137.69,535.1,0.3484,0.10108,23.04,4.294,11.104,65.75
2024-08-31 08:00:00,59087.16,2525.61,136.96,534.3,0.3486,0.10134,23.02,4.29,11.106,65.67
2024-08-31 12:00:00,59027.59,2518.35,136.54,533.7,0.3485,0.10153,23.02,4.267,11.08,65.43
2024-08-31 16:00:00,58816.77,2498.08,135.02,531.9,0.3468,0.10119,22.68,4.234,11.033,65.03
2024-08-31 20:00:00,58975.29,2513.17,135.32,531.5,0.3446,0.10123,22.74,4.251,11.017,65.05
2024-09-01 00:00:00,58546.3,2488.73,134.12,524.4,0.3447,0.10055,22.52,4.215,10.951,64.38
2024-09-01 04:00:00,58432.1,2480.72,132.47,520.5,0.3442,0.09959,22.23,4.195,10.885,64.51
2024-09-01 08:00:00,58214.7,2476.49,131.84,517.4,0.3425,0.09925,22.23,4.166,10.785,64.16
2024-09-01 12:00:00,58196.38,2478.89,134.25,517.8,0.3403,0.09856,22.46,4.187,10.758,64.36
2024-09-01 16:00:00,58506.39,2498.93,134.83,518.0,0.3399,0.09901,22.12,4.187,10.689,64.63
2024-09-01 20:00:00,57362.31,2429.64,128.63,510.7,0.3318,0.09515,21.45,4.078,10.349,63.58
2024-09-02 00:00:00,57679.41,2447.71,130.29,513.6,0.3315,0.09515,21.8,4.103,10.435,63.43
2024-09-02 04:00:00,57556.68,2439.26,127.67,501.9,0.3254,0.09418,21.55,4.066,10.39,62.9
2024-09-02 08:00:00,58435.34,2516.0,132.26,518.7,0.3343,0.09732,22.19,4.195,10.754,64.0
2024-09-02 12:00:00,58601.44,2514.25,132.9,520.1,0.3327,0.09738,22.14,4.159,10.657,64.36
2024-09-02 16:00:00,58458.99,2524.06,133.03,520.6,0.3311,0.09783,22.12,4.163,10.635,64.92
2024-09-02 20:00:00,59137.23,2539.23,134.88,524.7,0.3357,0.09913,22.42,4.205,10.729,65.32
2024-09-03 00:00:00,59088.21,2516.03,135.6,533.2,0.3352,0.09967,22.53,4.251,10.71,66.08
2024-09-03 04:00:00,59048.51,2519.54,134.48,531.8,0.3329,0.09949,22.49,4.261,10.68,65.93
2024-09-03 08:00:00,58987.0,2507.31,134.47,533.1,0.3301,0.09961,22.33,4.244,10.65,65.85
2024-09-03 12:00:00,57720.75,2440.09,129.59,520.9,0.3201,0.09709,21.57,4.105,10.3,65.07
2024-09-03 16:00:00,58091.93,2447.83,131.11,521.6,0.3242,0.09751,21.85,4.109,10.44,64.96
2024-09-03 20:00:00,57500.0,2426.44,127.5,516.7,0.3184,0.09668,21.4,4.066,10.32,64.3
2024-09-04 00:00:00,56702.02,2374.06,127.76,511.3,0.3159,0.09578,21.44,4.037,10.28,64.89
2024-09-04 04:00:00,56740.21,2402.54,130.39,510.2,0.3213,0.0963,21.73,4.079,10.3,65.47
2024-09-04 08:00:00,56671.39,2398.43,128.67,499.2,0.3181,0.09565,21.47,4.016,10.12,65.53
2024-09-04 12:00:00,58079.13,2453.79,133.98,507.7,0.3255,0.09857,22.01,4.15,10.37,65.88
2024-09-04 16:00:00,58013.77,2448.93,132.76,508.4,0.3229,0.09793,21.87,4.11,10.32,65.53
2024-09-04 20:00:00,57949.95,2447.9,133.55,505.2,0.3224,0.0979,21.9,4.103,10.25,65.38
2024-09-05 00:00:00,57070.84,2406.25,131.67,503.4,0.3202,0.09629,21.66,4.02,10.19,65.31
2024-09-05 04:00:00,57185.1,2413.44,132.94,503.6,0.3236,0.09777,21.89,4.066,10.28,68.21
2024-09-05 08:00:00,56754.47,2391.31,132.84,502.5,0.327,0.09754,21.7,4.051,10.17,66.31
2024-09-05 12:00:00,56000.0,2370.33,130.79,500.0,0.3262,0.09682,21.43,4.003,10.03,65.21
2024-09-05 16:00:00,56090.32,2362.04,128.3,497.3,0.3213,0.09724,21.31,4.011,9.93,64.88
2024-09-05 20:00:00,56144.58,2369.49,129.34,499.3,0.3255,0.09829,21.38,4.013,10.01,66.01
2024-09-06 00:00:00,56616.69,2391.49,130.79,504.6,0.3276,0.09874,21.69,4.074,10.12,66.65
2024-09-06 04:00:00,55784.12,2344.26,128.53,498.7,0.32,0.09767,21.47,3.995,9.93,65.35
2024-09-06 08:00:00,55992.44,2377.54,130.5,501.2,0.3198,0.09693,21.55,4.021,9.91,65.51
2024-09-06 12:00:00,54111.71,2290.17,128.04,491.9,0.3172,0.09359,21.4,4.022,9.65,63.96
2024-09-06 16:00:00,53553.21,2228.27,125.12,480.8,0.3134,0.09093,21.0,3.94,9.52,63.2
2024-09-06 20:00:00,53944.13,2224.95,124.93,485.9,0.3147,0.09257,21.07,3.95,9.55,62.96
2024-09-07 00:00:00,53918.3,2242.5,125.36,483.5,0.3187,0.09211,21.27,3.977,9.68,63.91
2024-09-07 04:00:00,54484.1,2287.31,127.66,491.1,0.3237,0.094,21.67,4.036,9.93,63.63
2024-09-07 08:00:00,54515.8,2283.15,127.12,491.7,0.3233,0.09448,21.5,4.052,9.99,63.51
2024-09-07 12:00:00,54811.29,2303.77,129.04,496.4,0.3247,0.09549,21.96,4.132,10.12,63.03
2024-09-07 16:00:00,54405.41,2293.35,128.52,495.0,0.3271,0.09499,21.85,4.088,10.04,62.82
2024-09-07 20:00:00,54137.87,2278.74,127.66,491.2,0.3249,0.09528,21.79,4.078,10.0,62.4
2024-09-08 00:00:00,54354.17,2284.13,127.97,494.2,0.3301,0.09596,22.35,4.112,10.11,61.93
2024-09-08 04:00:00,54458.6,2294.43,129.56,501.7,0.3342,0.09549,23.08,4.131,10.27,62.14
2024-09-08 08:00:00,54574.91,2296.43,130.27,500.8,0.3391,0.09582,23.05,4.194,10.3,61.99
2024-09-08 12:00:00,53698.08,2246.48,126.72,490.4,0.3322,0.0943,22.47,4.129,10.18,60.85
2024-09-08 16:00:00,54333.31,2271.05,128.74,494.8,0.3372,0.09531,22.95,4.126,10.23,60.73
2024-09-08 20:00:00,54810.82,2295.18,129.86,501.8,0.3382,0.09589,23.23,4.156,10.34,61.12
2024-09-09 00:00:00,55155.36,2304.84,128.97,503.0,0.3443,0.09688,23.49,4.138,10.34,60.52
2024-09-09 04:00:00,54924.05,2312.27,129.14,505.0,0.3431,0.09704,23.62,4.184,10.59,60.59
2024-09-09 08:00:00,55241.85,2314.82,129.46,502.7,0.3408,0.09777,23.71,4.176,10.5,60.56
2024-09-09 12:00:00,55423.17,2295.78,128.45,504.7,0.3413,0.09869,23.64,4.21,10.4,60.22
2024-09-09 16:00:00,57112.85,2351.79,134.89,518.2,0.3441,0.10373,24.17,4.314,10.6,61.47
2024-09-09 20:00:00,57036.68,2356.06,134.98,513.4,0.3432,0.10365,23.88,4.279,10.58,61.54
2024-09-10 00:00:00,56571.04,2342.6,132.83,512.5,0.3388,0.10249,23.63,4.236,10.35,60.61
2024-09-10 04:00:00,57046.71,2356.79,134.76,517.9,0.3417,0.10338,23.81,4.257,10.43,61.06
2024-09-10 08:00:00,57200.0,2350.46,135.1,520.4,0.3434,0.10364,24.05,4.221,10.54,60.85
2024-09-10 12:00:00,56653.67,2325.76,134.2,513.4,0.3411,0.10165,23.78,4.212,10.52,60.64
2024-09-10 16:00:00,57872.53,2377.14,136.52,519.1,0.3428,0.10303,24.32,4.252,10.62,61.59
2024-09-10 20:00:00,57668.97,2388.37,135.67,517.1,0.3437,0.10256,24.33,4.25,10.57,61.46
2024-09-11 00:00:00,56765.56,2348.85,133.45,512.8,0.3388,0.10092,23.78,4.174,10.43,61.32
2024-09-11 04:00:00,56698.44,2341.67,132.39,512.8,0.3392,0.10091,23.62,4.144,10.48,61.51
2024-09-11 08:00:00,56723.3,2324.36,131.51,514.2,0.336,0.1004,23.62,4.145,10.35,61.16
2024-09-11 12:00:00,56616.5,2323.41,130.78,516.6,0.3373,0.1,23.28,4.154,10.33,61.32
2024-09-11 16:00:00,57582.13,2341.86,132.83,532.1,0.3479,0.10156,23.41,4.139,10.44,62.19
2024-09-11 20:00:00,57497.95,2338.2,132.29,529.7,0.3528,0.10142,23.28,4.179,10.4,62.21
2024-09-12 00:00:00,58205.63,2367.92,135.67,542.5,0.3547,0.10234,23.7,4.226,10.55,62.69
2024-09-12 04:00:00,58117.31,2358.54,134.86,542.0,0.3555,0.10248,23.54,4.217,10.57,62.26
2024-09-12 08:00:00,58086.18,2349.15,134.86,544.3,0.3578,0.10175,23.54,4.213,10.63,61.59
2024-09-12 12:00:00,57594.47,2324.65,133.5,534.5,0.3558,0.10066,23.43,4.213,10.53,62.05
2024-09-12 16:00:00,58355.08,2356.71,135.63,541.7,0.3543,0.1024,23.83,4.281,10.75,63.03
2024-09-12 20:00:00,58067.31,2359.18,135.88,543.4,0.3558,0.10279,24.05,4.283,10.78,62.65
2024-09-13 00:00:00,57849.48,2357.48,134.52,542.4,0.3544,0.10197,23.69,4.296,10.75,62.56
2024-09-13 04:00:00,58074.09,2345.68,134.35,540.9,0.3563,0.10346,23.72,4.284,10.67,62.95
2024-09-13 08:00:00,57905.18,2353.0,132.75,547.5,0.3528,0.10441,23.86,4.323,10.95,63.37
2024-09-13 12:00:00,59580.0,2403.69,136.4,552.6,0.3637,0.10783,24.67,4.42,11.3,64.83
2024-09-13 16:00:00,59743.25,2420.66,137.76,553.0,0.359,0.10644,24.7,4.425,11.37,64.46
2024-09-13 20:00:00,60433.9,2436.84,138.81,554.7,0.36,0.10695,24.84,4.42,11.44,64.87
2024-09-14 00:00:00,60249.7,2434.12,139.3,555.7,0.3593,0.10703,25.05,4.435,11.45,65.35
2024-09-14 04:00:00,60028.99,2413.64,137.48,552.2,0.358,0.10671,24.83,4.385,11.35,65.29
2024-09-14 08:00:00,59721.97,2414.93,136.65,551.0,0.3538,0.10495,24.66,4.35,11.25,65.54
2024-09-14 12:00:00,59848.49,2418.25,137.26,551.2,0.3538,0.10556,25.5,4.402,11.35,66.57
2024-09-14 16:00:00,59809.11,2408.73,136.58,550.6,0.3528,0.10506,25.32,4.415,11.32,66.11
2024-09-14 20:00:00,59999.97,2417.22,137.08,552.6,0.3538,0.10533,25.28,4.436,11.29,66.01
2024-09-15 00:00:00,60122.23,2421.96,137.52,552.6,0.3545,0.10576,25.08,4.491,11.33,65.73
2024-09-15 04:00:00,60024.01,2422.7,137.0,552.2,0.355,0.10571,24.78,4.489,11.26,65.22
2024-09-15 08:00:00,59943.79,2407.58,135.64,554.4,0.3487,0.10475,24.57,4.495,11.18,64.58
2024-09-15 12:00:00,60139.32,2406.08,135.83,558.7,0.3482,0.10604,24.68,4.527,11.11,64.52
2024-09-15 16:00:00,59791.58,2371.9,133.46,555.1,0.3425,0.10525,24.49,4.483,11.01,64.2
2024-09-15 20:00:00,59114.86,2319.1,131.5,551.1,0.3384,0.10285,23.85,4.397,10.83,63.47
2024-09-16 00:00:00,58535.77,2275.21,130.37,545.6,0.3342,0.10135,23.65,4.272,10.66,62.92
2024-09-16 04:00:00,58925.38,2311.38,131.19,549.4,0.3368,0.10253,24.05,4.343,10.72,63.2
2024-09-16 08:00:00,58631.37,2308.96,131.9,545.6,0.3333,0.10196,23.91,4.313,10.67,63.2
2024-09-16 12:00:00,57924.21,2289.23,131.49,535.3,0.3323,0.10016,23.5,4.24,10.57,62.82
2024-09-16 16:00:00,57900.21,2276.26,131.0,532.2,0.3298,0.09919,23.49,4.206,10.55,62.49
2024-09-16 20:00:00,58274.77,2295.69,131.31,534.5,0.3302,0.09981,23.57,4.195,10.57,62.63
2024-09-17 00:00:00,58043.42,2285.29,131.32,534.5,0.332,0.09986,23.53,4.166,10.51,63.13
2024-09-17 04:00:00,58668.53,2308.78,132.2,538.8,0.334,0.10087,23.68,4.197,10.58,63.2
2024-09-17 08:00:00,59101.71,2310.74,131.92,542.2,0.331,0.10072,23.83,4.167,10.61,62.57
2024-09-17 12:00:00,61052.17,2392.12,134.7,549.2,0.3411,0.10216,24.39,4.247,10.84,63.74
2024-09-17 16:00:00,59914.06,2352.21,132.12,544.1,0.3324,0.10076,23.86,4.155,10.67,63.21
2024-09-17 20:00:00,60223.65,2339.86,131.55,545.9,0.3337,0.10107,23.74,4.15,10.57,63.66
2024-09-18 00:00:00,60562.95,2335.31,131.79,547.8,0.3379,0.10128,23.85,4.166,10.63,64.16
2024-09-18 04:00:00,60367.7,2327.73,131.07,543.6,0.3332,0.10151,23.65,4.126,10.57,63.97
2024-09-18 08:00:00,60035.93,2301.85,129.35,539.8,0.3311,0.10045,23.32,4.08,10.48,63.38
2024-09-18 12:00:00,59485.69,2297.56,127.6,537.3,0.3287,0.10005,22.99,3.988,10.35,62.46
2024-09-18 16:00:00,60071.13,2315.93,129.45,544.1,0.3342,0.10102,23.44,4.059,10.56,64.13
2024-09-18 20:00:00,61480.81,2367.82,134.01,559.2,0.343,0.10348,24.55,4.17,10.86,64.75
2024-09-19 00:00:00,62079.3,2404.46,137.91,560.2,0.3482,0.1042,25.81,4.226,11.01,65.04
2024-09-19 04:00:00,62115.52,2436.69,138.46,557.5,0.347,0.10409,26.12,4.241,11.13,65.3
2024-09-19 08:00:00,62546.95,2431.21,138.87,555.5,0.3477,0.10436,26.21,4.204,11.22,65.62
2024-09-19 12:00:00,63120.19,2436.24,142.69,564.0,0.3522,0.10492,26.35,4.275,11.18,65.44
2024-09-19 16:00:00,63266.01,2462.55,143.06,567.2,0.3523,0.1059,26.48,4.308,11.23,65.93
2024-09-19 20:00:00,62852.8,2460.06,142.24,564.2,0.3501,0.1048,26.61,4.249,11.18,65.64
2024-09-20 00:00:00,63664.15,2516.03,144.43,570.9,0.3584,0.10579,27.71,4.334,11.4,65.73
2024-09-20 04:00:00,63541.91,2562.73,150.59,573.6,0.3594,0.10671,28.25,4.406,11.69,66.16
2024-09-20 08:00:00,63448.14,2543.87,150.56,570.6,0.3563,0.10592,28.16,4.336,11.63,65.93
2024-09-20 12:00:00,63099.11,2552.45,147.71,568.0,0.3541,0.10505,27.29,4.314,11.5,64.96
2024-09-20 16:00:00,62812.81,2539.87,146.76,565.9,0.3514,0.10469,27.16,4.304,11.39,65.71
2024-09-20 20:00:00,63163.2,2559.52,146.5,568.5,0.3523,0.10557,27.58,4.347,11.42,65.15
2024-09-21 00:00:00,62930.33,2545.11,146.02,567.8,0.3544,0.10487,27.21,4.355,11.29,65.42
2024-09-21 04:00:00,63118.13,2556.47,147.47,581.9,0.3537,0.10547,27.24,4.354,11.29,65.7
2024-09-21 08:00:00,63086.68,2555.02,147.2,580.1,0.3533,0.10614,27.56,4.334,11.32,65.58
2024-09-21 12:00:00,63150.21,2559.69,147.6,584.0,0.3554,0.1094,27.6,4.434,11.38,66.63
2024-09-21 16:00:00,63219.67,2572.19,147.34,585.5,0.3572,0.10868,27.38,4.422,11.34,66.85
2024-09-21 20:00:00,63410.39,2614.0,149.32,589.4,0.3583,0.10985,27.93,4.476,11.49,67.09
2024-09-22 00:00:00,63089.25,2596.68,148.15,584.5,0.3544,0.10817,27.28,4.422,11.39,67.24
2024-09-22 04:00:00,62912.41,2586.72,147.18,583.2,0.3524,0.10791,27.37,4.367,11.32,67.19
2024-09-22 08:00:00,62743.12,2582.63,144.83,581.5,0.3519,0.10671,26.98,4.354,11.23,67.2
2024-09-22 12:00:00,62584.44,2570.29,143.1,580.4,0.3474,0.10584,26.85,4.32,11.04,66.85
2024-09-22 16:00:00,63045.35,2580.79,144.7,586.5,0.3501,0.10643,27.1,4.331,11.05,67.76
2024-09-22 20:00:00,63599.71,2582.93,144.71,588.0,0.3513,0.10614,27.37,4.299,11.1,68.73
2024-09-23 00:00:00,64305.53,2671.22,147.79,596.5,0.3571,0.10811,27.79,4.434,11.42,68.61
2024-09-23 04:00:00,63490.39,2644.54,145.5,591.3,0.3538,0.10697,27.56,4.356,11.3,67.74
2024-09-23 08:00:00,63451.99,2646.78,143.59,592.5,0.3533,0.10652,27.39,4.349,11.38,67.18
2024-09-23 12:00:00,63721.49,2675.51,144.35,599.1,0.3574,0.10747,27.63,4.434,11.52,67.73
2024-09-23 16:00:00,63374.99,2674.05,143.24,610.8,0.3609,0.10705,27.48,4.418,11.45,67.34
2024-09-23 20:00:00,63300.53,2646.91,144.89,603.3,0.3634,0.10833,27.4,4.456,11.37,67.07
2024-09-24 00:00:00,63103.96,2625.33,146.41,605.2,0.3625,0.10811,27.26,4.485,11.29,66.64
2024-09-24 04:00:00,63484.16,2647.24,146.56,601.8,0.3683,0.10814,27.34,4.523,11.47,66.74
2024-09-24 08:00:00,63519.31,2636.46,146.48,602.8,0.3697,0.10911,27.67,4.588,11.53,66.53
2024-09-24 12:00:00,63176.33,2611.97,145.87,606.3,0.3712,0.10779,27.19,4.494,11.51,66.0
2024-09-24 16:00:00,64225.69,2651.91,148.77,608.4,0.3873,0.10984,27.68,4.586,11.84,66.53
2024-09-24 20:00:00,64257.06,2653.98,152.45,606.2,0.3875,0.10962,28.48,4.633,12.14,66.89
2024-09-25 00:00:00,64385.15,2643.87,151.93,606.4,0.3907,0.11051,27.95,4.662,12.27,66.82
2024-09-25 04:00:00,63802.52,2621.92,149.97,596.3,0.3817,0.10907,27.63,4.599,12.12,66.07
2024-09-25 08:00:00,63789.1,2625.54,150.91,594.6,0.3824,0.10975,27.79,4.669,12.33,66.39
2024-09-25 12:00:00,63533.16,2598.95,150.44,594.6,0.3836,0.10889,27.69,4.72,12.38,67.33
2024-09-25 16:00:00,63155.0,2568.9,150.02,587.1,0.3829,0.10969,27.61,4.724,12.14,66.93
2024-09-25 20:00:00,63154.6,2576.96,147.99,587.1,0.3806,0.10854,27.17,4.632,12.08,66.57
2024-09-26 00:00:00,63478.45,2602.02,149.48,587.9,0.3855,0.10902,27.53,4.665,12.07,66.52
2024-09-26 04:00:00,63849.1,2631.07,151.59,595.4,0.395,0.11339,27.91,4.805,12.24,67.51
2024-09-26 08:00:00,64316.61,2626.99,152.7,595.0,0.3961,0.11365,28.18,4.77,12.29,67.53
2024-09-26 12:00:00,65253.13,2653.24,157.0,601.0,0.402,0.11671,29.2,4.826,12.6,68.17
2024-09-26 16:00:00,64831.84,2649.67,155.36,594.1,0.3977,0.1177,28.92,4.785,12.6,68.18
2024-09-26 20:00:00,65051.65,2632.69,155.23,596.5,0.4008,0.11798,29.15,4.805,12.52,68.51
2024-09-27 00:00:00,65312.32,2639.46,155.55,602.5,0.4082,0.11841,29.39,4.93,12.61,69.0
2024-09-27 04:00:00,65505.42,2658.77,157.56,604.4,0.4081,0.12268,29.6,4.885,12.74,68.91
2024-09-27 08:00:00,65403.82,2652.31,155.93,607.2,0.4023,0.12283,29.92,4.872,12.73,69.82
2024-09-27 12:00:00,66043.69,2682.31,159.09,608.5,0.4046,0.12682,30.19,4.905,12.74,70.05
2024-09-27 16:00:00,65745.58,2700.91,157.6,605.2,0.4011,0.12424,30.08,4.864,12.68,70.57
2024-09-27 20:00:00,65785.7,2695.0,157.77,607.1,0.4014,0.12356,30.32,4.893,12.69,71.2
2024-09-28 00:00:00,65995.51,2691.09,158.48,611.4,0.4035,0.12605,30.18,4.92,12.77,71.15
2024-09-28 04:00:00,65857.43,2678.52,156.51,603.4,0.3979,0.12184,29.46,4.83,12.61,70.58
2024-09-28 08:00:00,65754.39,2672.98,157.01,600.2,0.3995,0.12474,29.46,4.814,12.68,69.87
2024-09-28 12:00:00,65558.14,2670.21,156.73,600.0,0.4016,0.13096,29.41,4.813,12.84,69.74
2024-09-28 16:00:00,65707.69,2678.61,156.88,598.5,0.4009,0.1302,29.39,4.806,12.92,69.85
2024-09-28 20:00:00,65908.11,2675.6,156.71,599.9,0.4002,0.12829,29.26,4.796,12.92,69.96
2024-09-29 00:00:00,65795.0,2674.44,157.8,599.3,0.4001,0.12943,29.14,4.805,12.77,69.57
2024-09-29 04:00:00,65501.83,2639.14,155.32,593.6,0.3936,0.12632,28.61,4.715,12.53,68.73
2024-09-29 08:00:00,65730.7,2653.08,156.78,597.7,0.3969,0.12697,28.65,4.726,12.6,68.98
2024-09-29 12:00:00,65754.07,2665.15,157.39,597.1,0.4004,0.12635,28.83,4.761,12.6,69.73
2024-09-29 16:00:00,65889.46,2664.56,159.03,599.8,0.403,0.12812,29.22,4.83,12.65,70.15
2024-09-29 20:00:00,65670.63,2657.77,158.39,595.7,0.3964,0.12449,29.0,4.746,12.49,69.38
2024-09-30 00:00:00,64567.53,2627.62,156.12,576.6,0.3899,0.12251,28.55,4.684,12.27,67.88
2024-09-30 04:00:00,64581.88,2638.46,157.02,581.5,0.3902,0.12272,28.92,4.715,12.26,68.28
2024-09-30 08:00:00,63802.55,2626.9,155.57,574.1,0.384,0.12056,28.21,4.635,12.06,67.2
2024-09-30 12:00:00,63621.96,2594.74,154.24,571.6,0.3787,0.11739,27.96,4.518,11.94,66.93
2024-09-30 16:00:00,63535.79,2591.77,155.15,572.0,0.3796,0.11784,27.98,4.531,11.94,67.37
2024-09-30 20:00:00,63291.96,2602.58,152.68,564.9,0.3732,0.11441,27.63,4.432,11.86,66.8
2024-10-01 00:00:00,63690.18,2631.38,154.98,576.3,0.3817,0.11764,28.37,4.528,12.09,67.99
2024-10-01 04:00:00,63990.94,2646.18,156.59,580.9,0.3838,0.11874,28.65,4.556,12.19,68.34
2024-10-01 08:00:00,63729.61,2631.76,156.53,577.6,0.3848,0.11844,28.66,4.515,12.16,68.46
2024-10-01 12:00:00,62743.95,2525.78,150.2,562.4,0.3672,0.11096,26.75,4.304,11.45,65.44
2024-10-01 16:00:00,61954.42,2491.61,145.98,550.0,0.3557,0.10581,25.92,4.176,11.07,63.58
2024-10-01 20:00:00,60999.49,2453.73,145.31,548.1,0.3527,0.10686,25.93,4.165,11.05,63.53
2024-10-02 00:00:00,61744.41,2492.98,147.43,553.9,0.3619,0.10844,26.44,4.22,11.21,64.33
2024-10-02 04:00:00,61799.74,2483.61,148.61,557.1,0.3591,0.10852,26.59,4.265,11.29,64.71
2024-10-02 08:00:00,61227.29,2459.93,145.98,546.9,0.3509,0.10633,26.13,4.133,11.08,63.78
2024-10-02 12:00:00,61824.42,2463.24,147.24,547.4,0.3515,0.10602,26.22,4.156,10.96,63.72
2024-10-02 16:00:00,60118.81,2380.0,140.06,539.5,0.3401,0.10455,25.29,4.071,10.6,62.95
2024-10-02 20:00:00,60630.7,2368.27,140.33,542.2,0.344,0.10476,25.35,4.103,10.66,63.01
2024-10-03 00:00:00,61463.8,2399.36,142.74,549.4,0.3489,0.10595,25.57,4.165,10.81,63.9
2024-10-03 04:00:00,60923.51,2368.85,139.96,545.6,0.3432,0.10455,24.89,4.085,10.68,63.62
2024-10-03 08:00:00,60795.1,2352.47,136.93,539.2,0.3405,0.10404,24.72,4.058,10.55,63.06
2024-10-03 12:00:00,60592.49,2343.48,135.96,540.1,0.3392,0.10415,24.39,4.058,10.52,62.82
2024-10-03 16:00:00,61006.44,2354.81,137.18,544.9,0.3422,0.10499,24.75,4.114,10.63,63.22
2024-10-03 20:00:00,60742.89,2351.45,137.03,544.2,0.3453,0.10512,24.69,4.115,10.62,63.45
2024-10-04 00:00:00,60946.57,2366.85,137.79,545.7,0.3454,0.1065,24.92,4.12,10.73,64.04
2024-10-04 04:00:00,61365.26,2382.91,139.72,549.8,0.3495,0.10801,25.27,4.141,10.97,64.47
2024-10-04 08:00:00,61473.67,2386.4,140.43,551.6,0.3525,0.10846,25.67,4.149,10.96,64.12
2024-10-04 12:00:00,61807.1,2414.75,142.2,552.2,0.3515,0.10828,26.08,4.158,11.13,64.56
2024-10-04 16:00:00,62310.16,2426.83,143.89,555.6,0.3525,0.1103,26.27,4.176,11.13,64.97
2024-10-04 20:00:00,62042.3,2414.82,143.13,555.2,0.3512,0.1092,26.17,4.199,11.02,64.96
2024-10-05 00:00:00,61875.9,2400.0,141.94,553.1,0.3499,0.10802,25.92,4.173,11.07,65.05
2024-10-05 04:00:00,61991.82,2416.95,143.78,561.2,0.355,0.1089,26.03,4.176,11.18,65.48
2024-10-05 08:00:00,62061.99,2417.86,143.43,560.7,0.3532,0.10901,25.91,4.197,11.29,65.36
2024-10-05 12:00:00,62158.1,2414.94,143.21,564.0,0.3529,0.10976,25.75,4.174,11.32,66.1
2024-10-05 16:00:00,61858.31,2396.58,142.83,559.3,0.3482,0.10794,25.44,4.126,11.18,65.42
2024-10-05 20:00:00,61983.49,2409.59,142.98,561.2,0.3504,0.10936,25.65,4.132,11.2,66.28
2024-10-06 00:00:00,61910.45,2414.94,143.17,560.8,0.349,0.10857,25.64,4.126,11.28,66.52
2024-10-06 04:00:00,61957.0,2417.95,143.0,560.4,0.3495,0.10885,26.24,4.136,11.34,66.89
2024-10-06 08:00:00,62056.59,2427.99,144.04,561.9,0.3497,0.10927,26.29,4.136,11.24,67.53
2024-10-06 12:00:00,62494.87,2446.18,145.63,565.5,0.3524,0.11168,26.83,4.174,11.21,67.25
2024-10-06 16:00:00,62657.84,2440.67,145.48,565.3,0.355,0.11057,27.0,4.153,11.22,67.44
2024-10-06 20:00:00,62807.02,2437.51,146.52,566.0,0.3569,0.1116,26.93,4.184,11.27,66.93
2024-10-07 00:00:00,63379.37,2496.08,149.66,572.3,0.3643,0.11378,27.3,4.25,11.58,67.64
2024-10-07 04:00:00,63496.7,2483.09,148.09,574.0,0.3622,0.11366,27.27,4.243,11.58,67.52
2024-10-07 08:00:00,63023.39,2472.16,147.33,569.0,0.357,0.11129,26.92,4.175,11.4,66.28
2024-10-07 12:00:00,63584.91,2475.71,148.92,574.7,0.3582,0.11184,27.13,4.203,11.5,65.85
2024-10-07 16:00:00,63285.68,2447.37,146.85,570.1,0.3566,0.11074,27.01,4.204,11.32,65.58
2024-10-07 20:00:00,62209.41,2422.18,144.04,563.4,0.351,0.10859,26.57,4.136,11.18,64.68
2024-10-08 00:00:00,62611.45,2438.31,144.43,568.4,0.3555,0.10916,27.07,4.169,11.23,65.19
2024-10-08 04:00:00,62312.38,2427.88,143.12,561.9,0.3528,0.1075,26.57,4.11,11.01,65.04
2024-10-08 08:00:00,62653.17,2439.01,144.3,574.8,0.352,0.10793,26.75,4.154,11.15,65.53
2024-10-08 12:00:00,62326.69,2417.21,142.91,577.0,0.3456,0.10662,26.38,4.116,10.95,65.53
2024-10-08 16:00:00,62306.23,2440.21,143.97,583.0,0.3443,0.10732,26.46,4.108,10.88,65.68
2024-10-08 20:00:00,62195.18,2441.67,143.38,579.2,0.3445,0.10703,26.33,4.082,10.83,65.71
2024-10-09 00:00:00,62358.75,2445.98,143.96,575.6,0.345,0.10886,26.36,4.118,10.88,65.59
2024-10-09 04:00:00,62287.81,2435.94,142.97,579.9,0.3448,0.10892,26.37,4.109,10.77,65.73
2024-10-09 08:00:00,62214.53,2439.62,143.12,581.0,0.3422,0.11044,26.31,4.1,10.69,65.52
2024-10-09 12:00:00,62307.62,2459.61,142.65,582.6,0.3434,0.11073,26.25,4.105,10.69,65.34
2024-10-09 16:00:00,61090.17,2418.54,140.89,572.4,0.3399,0.10899,26.03,4.052,10.59,64.92
2024-10-09 20:00:00,60601.4,2368.1,139.17,570.6,0.3403,0.10814,25.84,4.029,10.53,64.55
2024-10-10 00:00:00,60858.13,2394.0,139.79,568.0,0.3405,0.10801,25.94,4.066,10.63,64.88
2024-10-10 04:00:00,60930.98,2396.03,139.87,570.9,0.3377,0.10733,26.13,4.062,10.65,64.95
2024-10-10 08:00:00,61235.86,2405.47,140.47,570.0,0.3392,0.10721,26.2,4.065,10.67,64.74
2024-10-10 12:00:00,60790.8,2401.81,138.58,562.8,0.3373,0.1054,25.84,4.044,10.62,64.36
2024-10-10 16:00:00,59740.41,2367.44,138.09,557.2,0.3364,0.1045,25.55,4.024,10.46,63.97
2024-10-10 20:00:00,60240.36,2384.36,139.02,561.5,0.3386,0.10606,25.88,4.066,10.56,63.98
2024-10-11 00:00:00,60610.45,2411.8,140.91,563.9,0.3409,0.10751,26.12,4.104,10.64,65.02
2024-10-11 04:00:00,60716.84,2407.28,141.03,560.5,0.3447,0.1077,26.18,4.099,10.67,64.67
2024-10-11 08:00:00,61156.0,2416.73,141.91,565.8,0.3464,0.10844,26.45,4.13,10.68,65.25
2024-10-11 12:00:00,62239.03,2444.86,144.27,570.0,0.3501,0.10991,26.76,4.165,10.85,65.46
2024-10-11 16:00:00,62894.0,2458.14,145.24,573.3,0.3527,0.11104,27.27,4.175,10.93,65.56
2024-10-11 20:00:00,62335.85,2436.97,145.18,570.9,0.351,0.11067,27.29,4.169,10.94,65.52
2024-10-12 00:00:00,62559.05,2438.59,145.06,575.1,0.3514,0.1097,28.31,4.152,10.84,65.26
2024-10-12 04:00:00,62724.3,2442.62,145.62,575.0,0.3531,0.11112,28.2,4.197,10.95,65.74
2024-10-12 08:00:00,62955.6,2453.47,146.34,574.6,0.3548,0.11154,28.53,4.244,11.08,66.39
2024-10-12 12:00:00,63078.11,2470.84,146.17,574.8,0.3539,0.11112,29.08,4.236,11.07,66.4
2024-10-12 16:00:00,63029.09,2470.43,146.85,574.1,0.3525,0.11106,28.94,4.195,11.01,66.31
2024-10-12 20:00:00,63138.19,2471.83,146.37,573.4,0.352,0.11131,28.63,4.214,10.98,66.24
2024-10-13 00:00:00,62738.29,2458.12,145.23,571.6,0.3544,0.11068,28.74,4.162,10.95,65.23
2024-10-13 04:00:00,62808.19,2462.41,146.02,572.6,0.3576,0.11121,28.86,4.182,10.93,65.63
2024-10-13 08:00:00,62597.53,2461.42,146.72,571.3,0.3523,0.11086,28.97,4.161,10.9,65.14
2024-10-13 12:00:00,62132.53,2439.78,144.75,564.9,0.345,0.10936,28.46,4.095,10.68,64.49
2024-10-13 16:00:00,62718.0,2456.25,145.95,569.0,0.3477,0.11009,28.63,4.127,10.72,64.72
2024-10-13 20:00:00,62857.8,2469.18,147.55,571.0,0.3482,0.1114,29.08,4.151,10.71,64.67
2024-10-14 00:00:00,63955.0,2507.3,151.93,578.8,0.354,0.11236,29.67,4.25,10.96,65.47
2024-10-14 04:00:00,64360.74,2528.72,152.06,578.9,0.3548,0.11218,29.45,4.247,10.95,65.49
2024-10-14 08:00:00,64843.2,2532.5,152.78,580.2,0.354,0.11273,29.27,4.285,11.02,65.93
2024-10-14 12:00:00,65836.69,2631.29,156.65,586.2,0.3621,0.1157,29.54,4.34,11.22,67.06
2024-10-14 16:00:00,65834.98,2618.18,155.55,584.8,0.3614,0.11523,29.16,4.349,11.21,66.67
2024-10-14 20:00:00,66022.65,2628.53,157.5,587.2,0.3634,0.11668,29.02,4.384,11.25,66.82
2024-10-15 00:00:00,65368.1,2612.35,155.3,583.0,0.3599,0.1163,28.75,4.396,11.51,66.93
2024-10-15 04:00:00,65648.83,2611.58,155.14,583.5,0.3595,0.11591,28.8,4.425,11.51,66.65
2024-10-15 08:00:00,65274.03,2581.22,152.02,588.1,0.3546,0.11287,28.4,4.369,11.35,65.93
2024-10-15 12:00:00,66070.2,2574.02,153.23,588.6,0.3552,0.11263,28.13,4.37,11.16,66.33
2024-10-15 16:00:00,66875.99,2589.81,155.05,591.6,0.3578,0.11466,28.29,4.376,11.25,69.73
2024-10-15 20:00:00,67050.8,2604.24,154.75,590.7,0.3583,0.11753,28.16,4.396,11.41,70.9
2024-10-16 00:00:00,67109.69,2619.1,154.14,593.2,0.3557,0.11655,27.7,4.379,11.31,71.6
2024-10-16 04:00:00,66904.4,2605.09,153.55,590.2,0.3518,0.11964,27.36,4.313,11.17,70.78
2024-10-16 08:00:00,68069.24,2636.39,156.06,598.4,0.3586,0.12594,27.92,4.366,11.45,71.55
2024-10-16 12:00:00,67686.53,2609.18,155.67,593.2,0.3535,0.12635,27.45,4.321,11.15,70.11
2024-10-16 16:00:00,67660.25,2610.94,154.59,600.5,0.354,0.12723,27.74,4.293,11.17,70.2
2024-10-16 20:00:00,67602.34,2610.69,154.32,598.9,0.3523,0.12559,28.17,4.313,11.23,70.14
2024-10-17 00:00:00,67535.68,2640.13,154.51,600.5,0.3522,0.12522,28.05,4.331,11.33,70.92
2024-10-17 04:00:00,67234.54,2626.23,152.67,596.4,0.3479,0.12194,27.5,4.236,11.12,70.99
2024-10-17 08:00:00,66913.67,2600.22,151.21,590.4,0.3437,0.12178,27.25,4.185,10.95,70.69
2024-10-17 12:00:00,67505.12,2629.27,153.0,594.4,0.3486,0.12283,27.76,4.243,11.13,72.16
2024-10-17 16:00:00,66806.46,2595.52,149.65,586.6,0.343,0.12399,27.11,4.188,10.99,72.89
2024-10-17 20:00:00,67438.97,2605.93,150.49,590.1,0.3431,0.12933,27.25,4.188,11.03,72.64
2024-10-18 00:00:00,67561.16,2611.04,151.88,594.0,0.3465,0.13254,27.44,4.22,11.18,73.03
2024-10-18 04:00:00,67987.27,2641.49,154.05,596.0,0.3465,0.13472,27.61,4.26,11.39,72.29
2024-10-18 08:00:00,67713.66,2623.02,153.01,595.0,0.346,0.13344,27.46,4.225,11.37,72.02
2024-10-18 12:00:00,68671.81,2655.97,154.22,599.9,0.3485,0.1376,27.81,4.261,11.45,72.95
2024-10-18 16:00:00,68651.4,2653.26,154.72,597.6,0.3481,0.13674,27.91,4.28,11.46,73.73
2024-10-18 20:00:00,68367.24,2640.44,155.04,598.0,0.3502,0.13716,28.04,4.307,11.48,73.06
2024-10-19 00:00:00,68395.91,2647.98,154.58,599.0,0.3548,0.14422,28.3,4.4,11.4,73.74
2024-10-19 04:00:00,68377.96,2639.23,154.35,597.5,0.3528,0.14383,28.07,4.376,11.41,74.44
2024-10-19 08:00:00,68115.99,2633.68,153.83,595.6,0.3498,0.14239,27.83,4.336,11.33,74.86
2024-10-19 12:00:00,68235.87,2644.24,156.41,595.4,0.3521,0.14393,28.16,4.395,11.37,74.98
2024-10-19 16:00:00,68187.55,2639.68,156.23,594.6,0.3499,0.14,27.94,4.407,11.34,75.26
2024-10-19 20:00:00,68325.14,2647.85,159.74,597.0,0.3517,0.144,28.1,4.429,11.43,74.93
2024-10-20 00:00:00,68197.4,2638.84,158.59,594.4,0.349,0.14127,27.8,4.376,11.34,75.08
2024-10-20 04:00:00,68326.27,2644.13,158.84,597.0,0.3502,0.14284,27.98,4.418,11.37,74.17
2024-10-20 08:00:00,68349.81,2648.0,158.99,595.0,0.3527,0.14275,28.13,4.403,11.64,75.2
2024-10-20 12:00:00,68580.0,2704.77,159.84,599.3,0.3596,0.13857,28.38,4.544,11.89,74.9
2024-10-20 16:00:00,68518.83,2698.43,160.26,596.3,0.3593,0.14034,28.27,4.534,11.84,74.23
2024-10-20 20:00:00,69029.51,2743.06,166.97,603.7,0.365,0.14216,28.96,4.57,11.97,74.25
2024-10-21 00:00:00,68943.42,2734.52,169.39,601.5,0.3657,0.14536,28.65,4.526,11.86,73.7
2024-10-21 04:00:00,68586.49,2723.44,168.73,606.5,0.3663,0.14618,28.67,4.507,11.92,73.31
2024-10-21 08:00:00,68254.83,2704.03,166.29,608.6,0.3621,0.14443,28.29,4.481,11.75,72.31
2024-10-21 12:00:00,67246.96,2678.14,165.25,592.4,0.3575,0.14055,27.71,4.378,11.64,71.31
2024-10-21 16:00:00,67775.23,2681.6,167.44,598.0,0.3596,0.14375,27.94,4.394,11.77,70.87
2024-10-21 20:00:00,67157.89,2662.46,165.65,596.9,0.3597,0.14338,27.77,4.389,11.72,70.74
2024-10-22 00:00:00,67400.91,2642.65,166.4,598.4,0.3638,0.14469,28.01,4.394,11.85,71.12
2024-10-22 04:00:00,67435.85,2647.15,167.05,596.0,0.3659,0.14437,28.01,4.396,12.1,70.78
2024-10-22 08:00:00,67392.02,2635.29,167.94,593.2,0.3616,0.14196,27.81,4.352,12.16,70.43
2024-10-22 12:00:00,67292.58,2625.67,167.89,594.0,0.3631,0.13951,27.81,4.335,12.16,69.75
2024-10-22 16:00:00,67492.54,2627.58,168.39,592.4,0.3635,0.13983,27.66,4.312,12.03,69.88
2024-10-22 20:00:00,67317.44,2621.11,167.47,592.3,0.364,0.13956,27.61,4.333,11.96,70.09
2024-10-23 00:00:00,67121.88,2613.4,165.71,589.4,0.3624,0.13807,27.32,4.257,11.79,69.02
2024-10-23 04:00:00,66900.08,2604.01,165.63,583.9,0.3647,0.13983,27.06,4.243,11.62,69.02
2024-10-23 08:00:00,66388.46,2578.85,166.27,582.5,0.3541,0.13683,26.59,4.21,11.38,68.86
2024-10-23 12:00:00,66267.05,2539.29,168.0,578.0,0.3501,0.13957,26.52,4.185,11.29,69.0
2024-10-23 16:00:00,66356.02,2511.03,172.17,581.2,0.3498,0.13916,26.55,4.195,11.24,69.64
2024-10-23 20:00:00,66669.22,2525.09,170.86,583.3,0.3497,0.14002,26.74,4.214,11.33,70.03
2024-10-24 00:00:00,67204.2,2545.31,174.32,589.6,0.3517,0.1394,27.02,4.226,11.39,70.01
2024-10-24 04:00:00,67199.55,2544.9,173.35,589.7,0.3459,0.13845,26.88,4.195,11.29,69.7
2024-10-24 08:00:00,67264.97,2529.33,173.2,588.4,0.3428,0.139,26.55,4.177,11.39,69.83
2024-10-24 12:00:00,67690.23,2527.18,175.45,589.7,0.3434,0.14054,26.79,4.19,11.43,71.14
2024-10-24 16:00:00,68277.11,2536.7,177.25,593.0,0.349,0.14249,27.04,4.216,11.5,70.96
2024-10-24 20:00:00,68214.69,2536.29,177.26,593.3,0.3466,0.14208,26.91,4.203,11.6,71.13
2024-10-25 00:00:00,68063.83,2522.12,174.55,593.7,0.3446,0.13981,26.62,4.172,11.88,71.3
2024-10-25 04:00:00,67492.59,2480.58,171.59,587.7,0.3392,0.13793,26.17,4.116,11.7,71.18
2024-10-25 08:00:00,68012.39,2545.43,173.77,591.7,0.3428,0.13907,26.55,4.155,11.76,71.82
2024-10-25 12:00:00,67690.04,2523.3,172.65,587.7,0.3414,0.13632,26.1,4.118,11.81,71.87
2024-10-25 16:00:00,66883.03,2474.34,168.48,585.2,0.3368,0.13558,25.97,4.095,11.61,70.98
2024-10-25 20:00:00,66575.14,2440.19,165.28,573.6,0.3258,0.13203,24.88,4.001,11.15,68.73
2024-10-26 00:00:00,66871.08,2452.26,165.7,575.7,0.3314,0.13383,25.28,4.045,11.38,69.4
2024-10-26 04:00:00,66996.39,2464.92,167.68,580.4,0.3325,0.1345,25.47,4.039,11.13,68.93
2024-10-26 08:00:00,67142.27,2474.3,168.39,582.7,0.331,0.13515,25.63,4.045,11.08,68.99
2024-10-26 12:00:00,66996.6,2457.2,168.84,578.6,0.3252,0.13354,25.04,4.008,10.86,68.44
2024-10-26 16:00:00,67097.3,2486.08,171.52,584.6,0.3321,0.13598,25.47,4.01,10.96,68.53
2024-10-26 20:00:00,67148.24,2483.69,170.86,581.4,0.3332,0.13737,25.37,4.03,10.99,68.52
2024-10-27 00:00:00,67310.15,2482.28,171.9,585.3,0.3329,0.13834,25.56,4.034,11.03,69.03
2024-10-27 04:00:00,67212.24,2479.12,173.23,584.8,0.3333,0.13836,25.47,4.021,10.94,68.91
2024-10-27 08:00:00,67196.76,2468.23,173.95,580.8,0.333,0.13761,25.3,4.015,10.92,69.44
2024-10-27 12:00:00,67763.82,2497.0,175.63,583.7,0.3392,0.1408,25.74,4.08,11.1,70.7
2024-10-27 16:00:00,67797.25,2493.25,177.24,584.0,0.3398,0.14134,25.7,4.103,10.98,70.84
2024-10-27 20:00:00,67900.0,2504.26,176.49,587.1,0.3392,0.14428,25.74,4.117,11.0,71.11
2024-10-28 00:00:00,67769.35,2477.76,175.54,586.8,0.3334,0.14333,25.2,4.096,10.8,70.8
2024-10-28 04:00:00,68459.36,2513.81,175.72,588.7,0.3368,0.14349,25.84,4.149,10.97,71.21
2024-10-28 08:00:00,68652.9,2525.93,177.04,590.1,0.3385,0.14553,26.26,4.2,11.1,70.71
2024-10-28 12:00:00,68602.07,2502.62,173.44,588.8,0.3337,0.14799,25.6,4.025,10.83,69.98
2024-10-28 16:00:00,69562.94,2505.29,176.23,592.8,0.3416,0.15851,25.84,4.077,11.0,70.44
2024-10-28 20:00:00,69903.53,2563.5,178.03,599.9,0.3428,0.16117,26.24,4.14,11.2,70.79
2024-10-29 00:00:00,71002.56,2602.87,181.71,602.9,0.3487,0.16723,26.83,4.202,11.41,72.18
2024-10-29 04:00:00,70943.65,2613.37,180.0,604.5,0.347,0.16424,26.51,4.136,11.45,72.34
2024-10-29 08:00:00,71375.17,2631.41,180.82,606.1,0.3476,0.16669,26.73,4.165,11.5,72.69
2024-10-29 12:00:00,72000.0,2638.82,180.0,607.6,0.3487,0.17222,26.75,4.154,11.52,73.16
2024-10-29 16:00:00,72537.73,2622.43,178.88,604.8,0.3526,0.17017,26.62,4.174,11.52,73.32
2024-10-29 20:00:00,72671.11,2635.89,179.2,604.9,0.3551,0.17569,26.81,4.191,11.79,73.96
2024-10-30 00:00:00,72100.51,2642.48,180.19,600.1,0.3591,0.17494,26.72,4.155,11.97,73.41
2024-10-30 04:00:00,72200.0,2665.11,179.06,602.1,0.3571,0.1726,26.61,4.203,11.95,72.44
2024-10-30 08:00:00,71983.44,2659.23,176.68,595.9,0.3522,0.16824,26.15,4.146,11.97,71.73
2024-10-30 12:00:00,72033.09,2683.73,174.63,597.4,0.3546,0.16526,26.17,4.205,12.25,72.34
2024-10-30 16:00:00,71852.35,2654.76,174.71,594.9,0.3553,0.16751,26.25,4.161,12.26,72.1
2024-10-30 20:00:00,72475.12,2659.0,175.56,595.1,0.3552,0.16836,26.24,4.195,12.37,71.82
2024-10-31 00:00:00,72282.38,2658.75,175.45,592.13,0.358,0.17036,26.09,4.186,12.37,71.75
2024-10-31 04:00:00,72454.55,2649.35,175.15,588.4,0.3555,0.17201,25.98,4.153,12.17,70.95
2024-10-31 08:00:00,72288.27,2636.1,175.16,586.3,0.359,0.17115,25.71,4.099,12.12,71.48
2024-10-31 12:00:00,70618.0,2563.49,170.98,580.0,0.345,0.16607,25.21,3.994,11.78,70.31
2024-10-31 16:00:00,70214.66,2510.38,168.62,573.69,0.3406,0.15909,24.72,3.931,11.4,68.79
2024-10-31 20:00:00,70395.71,2517.13,168.88,573.9,0.3417,0.16185,25.07,3.965,11.43,69.29
2024-11-01 00:00:00,69474.06,2500.19,167.18,578.66,0.3399,0.15843,24.87,3.944,11.41,69.17
2024-11-01 04:00:00,69351.44,2505.48,165.9,573.9,0.3429,0.1559,24.66,3.916,11.32,68.17
2024-11-01 08:00:00,70083.28,2517.78,167.69,575.71,0.3476,0.16087,25.15,3.941,11.33,69.48
2024-11-01 12:00:00,69332.18,2502.45,164.75,568.9,0.3526,0.15929,24.92,3.894,11.32,70.19
2024-11-01 16:00:00,69353.19,2516.44,166.57,570.59,0.3529,0.16041,24.75,3.929,11.33,70.1
2024-11-01 20:00:00,69489.17,2512.8,166.2,571.3,0.3571,0.15912,24.8,3.899,11.27,70.28
2024-11-02 00:00:00,69551.42,2506.99,166.92,573.02,0.3613,0.16097,24.87,3.909,11.28,70.62
2024-11-02 04:00:00,69802.91,2507.55,167.61,574.24,0.3566,0.16216,24.9,3.935,11.26,70.62
2024-11-02 08:00:00,69568.3,2503.75,165.98,571.8,0.3586,0.15944,24.67,3.899,11.17,70.85
2024-11-02 12:00:00,69431.99,2486.8,163.73,564.6,0.3535,0.1571,24.18,3.836,11.17,69.56
2024-11-02 16:00:00,69539.38,2492.31,165.03,567.14,0.3506,0.16007,24.18,3.868,11.15,69.32
2024-11-02 20:00:00,69330.2,2491.03,166.08,567.7,0.3476,0.15944,24.06,3.875,11.15,69.05
2024-11-03 00:00:00,68321.91,2450.84,162.52,562.1,0.3409,0.15029,23.63,3.794,10.97,67.9
2024-11-03 04:00:00,68465.99,2449.46,163.83,564.16,0.3412,0.15157,23.63,3.828,11.0,68.29
2024-11-03 08:00:00,68350.0,2455.03,163.58,557.49,0.3357,0.14842,23.26,3.754,10.92,67.11
2024-11-03 12:00:00,68172.94,2441.34,160.2,551.3,0.3333,0.14597,23.02,3.725,10.7,65.88
2024-11-03 16:00:00,68674.68,2450.63,160.82,555.03,0.3337,0.1489,23.28,3.768,10.71,66.61
2024-11-03 20:00:00,68724.23,2454.71,162.39,555.99,0.3341,0.15152,23.55,3.796,10.76,67.02
2024-11-04 00:00:00,69139.0,2477.9,162.89,559.69,0.3339,0.1516,23.75,3.818,10.8,67.29
2024-11-04 04:00:00,68608.98,2459.74,161.5,557.4,0.3307,0.15156,23.49,3.776,10.63,66.48
2024-11-04 08:00:00,68750.97,2471.33,163.6,558.69,0.3324,0.15655,23.67,3.798,10.64,66.93
2024-11-04 12:00:00,68686.07,2442.38,163.08,557.99,0.3278,0.15839,23.27,3.797,10.42,66.81
2024-11-04 16:00:00,67926.6,2430.0,159.8,551.99,0.328,0.15945,22.92,3.782,10.36,66.32
2024-11-04 20:00:00,67869.17,2399.66,157.85,551.38,0.3259,0.15851,22.72,3.747,10.24,65.48
2024-11-05 00:00:00,68116.04,2419.8,159.7,554.19,0.3302,0.16218,22.76,3.79,10.4,66.29
2024-11-05 04:00:00,68878.0,2440.56,162.0,559.0,0.3307,0.16751,23.17,3.825,10.5,66.99
2024-11-05 08:00:00,68756.41,2440.08,162.36,556.7,0.3307,0.17148,23.27,3.83,10.58,66.1
2024-11-05 12:00:00,69618.15,2440.19,165.81,560.1,0.3336,0.17444,23.92,3.868,10.75,66.18
2024-11-05 16:00:00,69098.02,2408.99,164.25,560.6,0.3303,0.16824,23.71,3.831,10.63,65.0
2024-11-05 20:00:00,69303.4,2423.27,166.67,561.5,0.3336,0.17039,23.98,3.856,10.86,65.4
2024-11-06 00:00:00,73755.01,2572.0,184.06,581.2,0.3561,0.21131,26.06,4.048,11.58,68.92
2024-11-06 04:00:00,73401.52,2592.29,183.68,583.27,0.3589,0.19925,25.88,4.078,11.74,69.56
2024-11-06 08:00:00,74246.53,2628.48,186.58,581.29,0.3555,0.20217,26.3,4.072,11.83,70.19
2024-11-06 12:00:00,74422.46,2633.81,185.65,582.99,0.3538,0.19234,26.14,4.051,11.87,69.72
2024-11-06 16:00:00,75500.0,2680.23,188.09,584.0,0.3551,0.19525,26.52,4.056,11.93,69.94
2024-11-06 20:00:00,75656.18,2719.14,186.58,588.24,0.3626,0.19745,27.06,4.122,12.14,70.89
2024-11-07 00:00:00,75028.39,2852.64,189.0,602.0,0.3733,0.19586,27.71,4.171,12.56,71.33
2024-11-07 04:00:00,74764.45,2815.83,187.79,594.71,0.3681,0.19171,26.9,4.084,12.3,70.62
2024-11-07 08:00:00,74724.36,2794.58,186.09,592.24,0.37,0.19088,26.67,4.066,12.25,70.83
2024-11-07 12:00:00,75820.0,2842.36,191.85,595.31,0.3866,0.19398,27.22,4.125,12.38,71.33
2024-11-07 16:00:00,76300.85,2885.19,196.83,597.3,0.3929,0.19344,27.57,4.12,12.55,71.69
2024-11-07 20:00:00,75920.18,2894.53,196.06,597.69,0.4046,0.19286,27.31,4.154,12.56,71.42
2024-11-08 00:00:00,75885.08,2900.24,197.98,597.19,0.4218,0.19455,27.41,4.138,12.62,70.85
2024-11-08 04:00:00,76050.0,2911.5,199.92,597.0,0.428,0.19921,27.55,4.279,12.8,70.93
2024-11-08 08:00:00,75973.18,2918.2,203.15,596.69,0.4353,0.19651,28.22,4.293,13.0,71.58
2024-11-08 12:00:00,76187.25,2930.74,200.95,595.89,0.4503,0.19713,28.05,4.33,13.29,72.34
2024-11-08 16:00:00,76900.0,2954.32,199.62,597.39,0.4441,0.19719,28.41,4.335,13.52,72.83
2024-11-08 20:00:00,76498.17,2956.46,199.88,596.63,0.4436,0.20205,28.75,4.328,13.7,72.78
2024-11-09 00:00:00,76347.26,2961.01,198.65,631.78,0.4291,0.19943,28.64,4.276,13.34,72.69
2024-11-09 04:00:00,76493.44,3028.58,200.14,627.4,0.4362,0.20878,29.28,4.366,13.46,73.09
2024-11-09 08:00:00,76510.05,3050.87,202.38,624.3,0.4409,0.20818,29.42,4.374,13.63,73.47
2024-11-09 12:00:00,76347.61,3042.34,198.45,617.2,0.4376,0.20555,28.83,4.374,13.52,72.31
2024-11-09 16:00:00,76133.79,3071.54,198.02,616.29,0.4403,0.2081,28.84,4.388,13.57,72.06
2024-11-09 20:00:00,76640.71,3130.43,200.0,623.25,0.4941,0.21921,30.35,4.624,13.76,73.74
2024-11-10 00:00:00,77150.71,3135.13,201.54,625.89,0.5322,0.22882,30.47,4.841,13.94,75.36
2024-11-10 04:00:00,78877.56,3187.1,205.19,629.6,0.5837,0.22664,31.49,4.912,14.48,75.92
2024-11-10 08:00:00,79897.29,3223.77,206.71,641.43,0.5868,0.24248,32.01,5.157,14.61,77.23
2024-11-10 12:00:00,79648.4,3203.16,211.98,637.31,0.5984,0.24727,32.33,5.193,14.57,77.58
2024-11-10 16:00:00,79724.85,3159.02,207.92,625.61,0.6113,0.26941,32.02,5.344,14.41,76.84
2024-11-10 20:00:00,80452.94,3190.46,210.51,626.3,0.59,0.27793,31.89,5.235,14.27,76.51
2024-11-11 00:00:00,81557.2,3197.14,209.96,635.8,0.5986,0.29331,32.12,5.255,14.42,76.91
2024-11-11 04:00:00,81045.04,3139.28,208.2,616.29,0.5741,0.28192,31.36,5.065,13.81,75.48
2024-11-11 08:00:00,82175.5,3202.4,216.48,624.0,0.5961,0.29269,32.15,5.158,14.12,76.61
2024-11-11 12:00:00,84002.24,3232.0,218.87,625.2,0.6025,0.31022,32.47,5.21,14.28,78.31
2024-11-11 16:00:00,86222.12,3302.56,217.67,631.18,0.5975,0.31842,34.05,5.192,14.52,78.27
2024-11-11 20:00:00,88577.48,3373.83,222.41,656.4,0.6129,0.35,35.61,5.704,14.84,80.25
2024-11-12 00:00:00,88172.11,3337.39,220.0,653.79,0.5911,0.36434,35.91,5.578,14.74,78.9
2024-11-12 04:00:00,89207.58,3357.48,221.73,649.2,0.6125,0.41062,36.39,5.591,14.82,79.75
2024-11-12 08:00:00,87100.0,3288.36,211.4,624.8,0.586,0.39627,34.45,5.361,14.21,76.84
2024-11-12 12:00:00,86726.0,3261.4,210.48,626.57,0.5704,0.37223,33.82,5.292,13.96,75.69
2024-11-12 16:00:00,89107.46,3274.46,213.47,627.89,0.5766,0.382,34.27,5.435,14.15,76.5
2024-11-12 20:00:00,88105.48,3249.46,211.56,622.01,0.5712,0.37947,33.93,5.31,13.97,76.61
2024-11-13 00:00:00,87100.0,3209.61,203.3,606.03,0.5362,0.37175,32.41,5.107,13.43,73.74
2024-11-13 04:00:00,87260.81,3158.72,205.52,607.09,0.5329,0.37636,32.05,5.091,13.35,73.44
2024-11-13 08:00:00,87600.01,3169.97,207.73,607.93,0.5373,0.38837,32.2,5.108,13.48,73.67
2024-11-13 12:00:00,92550.0,3310.0,216.52,628.36,0.5941,0.4215,34.72,5.346,14.18,76.5
2024-11-13 16:00:00,90500.68,3164.19,210.92,610.7,0.57,0.38523,32.56,5.087,13.31,74.42
2024-11-13 20:00:00,90460.0,3179.48,214.75,619.1,0.5771,0.40029,33.14,5.096,13.44,75.32
2024-11-14 00:00:00,90037.78,3214.94,219.14,624.99,0.5716,0.38602,33.22,5.066,13.46,83.21
2024-11-14 04:00:00,90850.11,3223.34,218.77,657.69,0.5811,0.39767,33.72,5.134,13.63,82.38
2024-11-14 08:00:00,91553.72,3187.84,216.29,628.0,0.5689,0.39627,32.46,4.995,13.29,80.57
2024-11-14 12:00:00,87912.9,3079.89,211.25,626.0,0.549,0.38428,31.84,4.838,12.98,78.69
2024-11-14 16:00:00,89374.24,3143.35,215.14,635.41,0.5632,0.39525,32.29,4.904,13.3,82.61
2024-11-14 20:00:00,87313.65,3055.88,208.61,619.25,0.5783,0.36278,31.12,4.771,12.99,82.25
2024-11-15 00:00:00,88154.23,3084.25,209.15,622.8,0.594,0.37069,31.65,4.847,13.08,81.55
2024-11-15 04:00:00,87607.46,3040.68,209.25,615.95,0.5879,0.36604,31.59,4.845,13.16,81.33
2024-11-15 08:00:00,89500.0,3100.41,213.49,623.3,0.6122,0.37363,32.35,4.945,13.48,84.21
2024-11-15 12:00:00,88436.94,3019.42,208.35,606.9,0.6478,0.35703,31.39,4.923,13.16,82.49
2024-11-15 16:00:00,90300.0,3033.96,211.81,610.9,0.6769,0.36984,32.4,5.042,13.46,82.73
2024-11-15 20:00:00,91038.84,3091.63,218.38,618.57,0.7044,0.38112,33.1,5.085,13.76,83.26
2024-11-16 00:00:00,91320.67,3154.4,220.64,622.37,0.7458,0.37948,34.28,5.232,14.19,83.81
2024-11-16 04:00:00,91089.37,3104.68,219.34,619.92,0.7247,0.37929,34.32,5.24,14.05,87.22
2024-11-16 08:00:00,91209.25,3189.49,218.8,628.04,0.7513,0.37645,35.23,5.467,14.45,88.78
2024-11-16 12:00:00,90303.86,3135.82,214.96,622.02,0.7458,0.36599,34.55,5.436,14.17,88.9
2024-11-16 16:00:00,91108.11,3165.96,216.37,629.71,0.7589,0.37189,35.19,5.69,14.72,96.67
2024-11-16 20:00:00,90592.63,3133.61,215.8,620.87,0.7404,0.36305,35.0,5.746,14.51,94.98
2024-11-17 00:00:00,90264.17,3081.24,220.4,614.13,0.7151,0.35007,34.35,5.731,14.12,90.48
2024-11-17 04:00:00,90518.01,3142.58,237.34,638.7,0.7189,0.35834,36.55,5.674,14.43,90.8
2024-11-17 08:00:00,90637.01,3107.23,234.5,629.93,0.7088,0.36037,36.31,5.482,14.04,87.24
2024-11-17 12:00:00,90250.68,3083.85,234.25,624.86,0.7252,0.36372,36.43,5.547,13.9,88.52
2024-11-17 16:00:00,90127.29,3097.69,235.07,618.79,0.716,0.35953,35.25,5.462,13.85,86.46
2024-11-17 20:00:00,89792.0,3073.01,237.37,616.52,0.7023,0.36698,34.72,5.411,13.77,86.92
2024-11-18 00:00:00,90695.99,3107.51,243.98,625.77,0.7383,0.372,35.51,5.747,14.34,94.4
2024-11-18 04:00:00,91664.46,3129.76,242.29,626.56,0.7612,0.37524,35.89,5.878,14.87,93.8
2024-11-18 08:00:00,90143.95,3053.58,242.2,614.54,0.7345,0.3625,34.72,5.725,14.33,90.29
2024-11-18 12:00:00,92426.65,3140.29,243.03,622.22,0.7664,0.37737,35.54,5.851,15.14,90.34
2024-11-18 16:00:00,90599.99,3127.61,236.8,614.08,0.7374,0.36743,34.89,5.835,14.96,87.48
2024-11-18 20:00:00,90385.23,3204.11,239.46,618.0,0.734,0.37206,35.43,6.046,15.24,89.24
2024-11-19 00:00:00,91467.14,3150.67,240.66,618.75,0.7504,0.3755,35.19,6.022,15.09,89.3
2024-11-19 04:00:00,91576.4,3122.52,243.52,616.28,0.7537,0.38821,35.06,5.837,14.85,89.3
2024-11-19 08:00:00,91720.8,3129.52,246.28,618.44,0.7356,0.38296,34.85,5.876,14.98,88.06
2024-11-19 12:00:00,92398.0,3103.91,240.57,609.21,0.7305,0.39429,34.36,5.826,14.71,87.25
2024-11-19 16:00:00,93210.08,3123.98,243.48,615.5,0.7454,0.40407,34.7,5.835,14.84,87.48
2024-11-19 20:00:00,92200.0,3105.68,237.58,614.82,0.7393,0.3908,34.23,5.795,14.63,86.55
2024-11-20 00:00:00,92059.34,3088.04,233.78,609.3,0.7683,0.38297,33.55,5.767,14.4,85.05
2024-11-20 04:00:00,92740.26,3107.43,236.12,611.72,0.7884,0.38893,34.01,5.805,14.48,85.46
2024-11-20 08:00:00,93426.73,3101.2,237.37,610.06,0.8262,0.38935,34.99,6.057,14.69,86.2
2024-11-20 12:00:00,94700.0,3128.56,238.45,610.61,0.8343,0.39152,34.88,5.936,15.02,86.26
2024-11-20 16:00:00,93957.28,3059.59,233.17,602.06,0.7981,0.37212,33.3,5.609,14.18,83.74
2024-11-20 20:00:00,94308.41,3066.91,235.63,604.31,0.7988,0.37679,33.59,5.705,14.23,83.12
2024-11-21 00:00:00,95799.21,3081.12,235.96,601.72,0.7772,0.37561,33.1,5.544,14.13,83.9
2024-11-21 04:00:00,97069.83,3135.08,241.54,610.42,0.7864,0.38527,34.28,5.683,14.65,90.13
2024-11-21 08:00:00,97908.26,3145.7,240.18,608.54,0.7855,0.3829,34.08,5.719,14.61,89.82
2024-11-21 12:00:00,96613.07,3276.23,249.08,615.19,0.7836,0.38109,34.91,5.817,14.83,88.25
2024-11-21 16:00:00,97858.98,3345.97,253.86,622.98,0.7951,0.38411,35.72,5.83,14.86,88.62
2024-11-21 20:00:00,98498.27,3355.54,256.47,621.37,0.8208,0.386,35.78,5.939,14.9,89.48
2024-11-22 00:00:00,98872.33,3365.44,262.55,637.0,0.8698,0.39289,36.22,6.15,15.11,89.9
2024-11-22 04:00:00,99086.45,3366.31,259.69,626.03,0.8577,0.39201,35.77,6.084,15.22,89.27
2024-11-22 08:00:00,98917.82,3341.5,259.58,622.94,0.9126,0.39399,38.06,6.173,15.31,92.13
2024-11-22 12:00:00,98742.59,3314.51,256.61,623.18,0.9264,0.4038,39.5,6.361,15.4,89.89
2024-11-22 16:00:00,99121.29,3286.57,254.13,619.43,0.9687,0.40015,39.36,6.332,15.22,90.73
2024-11-22 20:00:00,98896.0,3323.63,256.59,631.9,1.0136,0.41258,43.13,6.627,16.49,92.05
2024-11-23 00:00:00,98699.35,3339.77,256.96,640.25,1.0923,0.43334,43.92,7.224,16.76,101.0
2024-11-23 04:00:00,98556.94,3346.15,258.35,657.28,1.0943,0.46155,42.95,7.602,17.01,101.56
2024-11-23 08:00:00,98454.18,3358.0,256.35,661.62,1.0836,0.4705,42.28,7.959,17.03,103.23
2024-11-23 12:00:00,98412.45,3464.8,259.63,666.44,1.1049,0.45497,43.12,8.796,17.89,102.98
2024-11-23 16:00:00,97581.93,3407.95,254.7,654.48,1.0658,0.42583,41.99,8.752,17.54,98.31
2024-11-23 20:00:00,97736.02,3394.12,254.94,648.08,1.0663,0.43076,41.45,8.566,17.36,99.17
2024-11-24 00:00:00,98100.05,3425.84,258.23,656.8,1.0798,0.44005,42.29,9.369,18.08,102.18
2024-11-24 04:00:00,98257.04,3417.46,256.72,671.0,1.0722,0.43775,42.24,9.097,17.78,101.49
2024-11-24 08:00:00,97200.23,3342.45,248.68,652.16,1.0071,0.41386,40.04,8.478,16.73,96.03
2024-11-24 12:00:00,95995.99,3304.73,244.37,643.44,0.9497,0.40192,39.09,8.25,16.35,92.74
2024-11-24 16:00:00,96377.57,3324.96,248.89,650.99,0.9843,0.41896,40.28,8.436,17.0,95.71
2024-11-24 20:00:00,97700.51,3367.72,252.8,656.01,1.0224,0.43032,42.11,8.942,17.91,96.72
2024-11-25 00:00:00,97735.41,3360.08,252.15,658.02,1.0106,0.42309,41.34,8.689,17.79,96.37
2024-11-25 04:00:00,98057.71,3399.94,253.31,657.35,1.0386,0.4279,44.93,9.157,18.23,97.23
2024-11-25 08:00:00,98230.43,3467.09,252.18,661.99,1.0484,0.42491,45.54,8.953,18.65,97.46
2024-11-25 12:00:00,96268.29,3521.36,246.1,648.94,1.0085,0.4148,43.32,8.58,18.53,96.06
2024-11-25 16:00:00,94857.34,3469.78,239.89,641.71,1.0044,0.40403,42.05,8.569,17.88,95.06
2024-11-25 20:00:00,93000.72,3418.5,234.85,632.16,0.944,0.39341,41.36,8.252,17.34,92.01
2024-11-26 00:00:00,94525.96,3436.79,238.11,642.13,0.9706,0.406,41.8,8.349,17.58,94.11
2024-11-26 04:00:00,93819.53,3400.19,236.2,643.6,0.961,0.39899,41.25,8.218,17.27,93.29
2024-11-26 08:00:00,92370.07,3325.55,227.67,619.37,0.9031,0.37697,39.94,7.8,16.55,90.12
2024-11-26 12:00:00,92964.55,3298.72,227.75,613.4,0.9077,0.37975,41.14,7.963,16.94,90.6
2024-11-26 16:00:00,91777.85,3296.67,228.84,609.45,0.9399,0.37839,41.26,8.013,17.04,89.83
2024-11-26 20:00:00,92025.55,3322.88,231.3,613.85,0.9613,0.38681,42.89,8.101,17.36,93.16
2024-11-27 00:00:00,92675.43,3364.72,231.54,616.39,0.9512,0.38703,42.57,8.048,17.38,92.96
2024-11-27 04:00:00,93634.12,3432.0,234.1,620.53,0.9843,0.39824,43.31,8.258,18.11,95.25
2024-11-27 08:00:00,93414.15,3459.94,235.3,626.37,1.0076,0.38996,43.45,8.301,18.09,94.92
2024-11-27 12:00:00,95768.88,3549.94,240.48,636.66,1.0356,0.40121,43.71,8.471,18.09,97.18
2024-11-27 16:00:00,96470.35,3587.8,238.73,638.63,1.0182,0.40364,43.06,8.377,18.07,97.57
2024-11-27 20:00:00,95818.91,3654.31,242.33,643.6,1.0118,0.40088,43.85,8.498,18.68,97.13
2024-11-28 00:00:00,95336.56,3601.92,240.14,650.0,1.006,0.41047,43.03,8.187,18.07,96.61
2024-11-28 04:00:00,95198.92,3585.0,237.64,650.08,0.9918,0.40317,42.55,8.153,17.86,95.92
2024-11-28 08:00:00,95559.51,3622.36,236.96,657.52,0.9975,0.40216,42.27,8.216,18.02,94.94
2024-11-28 12:00:00,94930.54,3540.59,233.18,645.64,0.976,0.39281,41.76,8.03,17.55,93.89
2024-11-28 16:00:00,95049.99,3574.82,235.55,658.41,1.0005,0.39909,42.52,8.463,17.84,95.33
2024-11-28 20:00:00,95715.15,3579.99,238.05,654.41,1.0292,0.40236,42.8,8.601,17.97,95.8
2024-11-29 00:00:00,96511.35,3582.89,242.02,655.45,1.0494,0.40596,43.23,8.562,17.82,96.49
2024-11-29 04:00:00,95601.26,3543.5,237.62,648.89,1.0459,0.40056,42.68,8.462,17.57,94.85
2024-11-29 08:00:00,97270.0,3597.64,245.24,655.29,1.0676,0.41296,43.78,8.736,18.11,97.22
2024-11-29 12:00:00,98016.95,3617.76,244.2,658.16,1.077,0.41859,44.44,8.737,18.08,101.48
2024-11-29 16:00:00,97374.89,3580.66,241.14,653.0,1.0498,0.4342,44.45,8.764,18.05,102.07
2024-11-29 20:00:00,97450.0,3598.53,243.36,652.9,1.0753,0.42585,44.81,8.998,18.28,104.75
2024-11-30 00:00:00,96691.94,3658.45,243.05,652.98,1.068,0.42282,44.44,8.624,18.49,101.12
2024-11-30 04:00:00,96806.27,3702.44,244.5,671.98,1.1296,0.43085,45.43,8.887,18.62,102.0
2024-11-30 08:00:00,96310.16,3651.71,241.4,659.69,1.094,0.42249,44.66,8.902,18.23,101.78
2024-11-30 12:00:00,96639.76,3681.82,240.01,656.63,1.0915,0.42334,45.59,8.773,18.91,102.41
2024-11-30 16:00:00,97030.04,3691.35,240.18,654.96,1.088,0.42617,45.54,9.051,19.33,102.09
2024-11-30 20:00:00,96479.44,3704.22,238.98,653.59,1.0776,0.4215,44.91,8.952,19.0,102.96
2024-12-01 00:00:00,96205.43,3705.55,235.69,650.53,1.0508,0.42501,44.27,8.834,18.74,101.36
2024-12-01 04:00:00,96372.78,3702.7,235.56,650.54,1.057,0.42794,44.31,8.838,18.69,101.49
2024-12-01 08:00:00,97000.01,3689.58,236.88,657.88,1.0659,0.42425,44.0,9.173,18.71,101.49
2024-12-01 12:00:00,96968.54,3729.31,238.27,660.64,1.0691,0.42746,45.33,9.114,18.82,108.75
2024-12-01 16:00:00,97053.51,3705.27,236.39,655.38,1.0914,0.43191,45.24,9.147,18.71,109.78
2024-12-01 20:00:00,97249.75,3705.48,236.8,654.0,1.1502,0.44208,45.13,9.308,18.89,120.49
2024-12-02 00:00:00,96468.1,3693.65,228.61,651.01,1.1408,0.4436,47.28,9.135,18.92,119.9
2024-12-02 04:00:00,95942.4,3670.51,228.69,644.21,1.1412,0.42831,48.48,9.042,19.82,123.82
2024-12-02 08:00:00,95278.78,3592.4,225.07,629.13,1.0733,0.409,46.32,8.56,19.79,117.46
2024-12-02 12:00:00,97148.06,3674.16,229.35,648.08,1.1988,0.43326,49.14,9.16,21.5,123.47
2024-12-02 16:00:00,95692.26,3612.12,223.79,638.29,1.2194,0.42499,48.45,9.18,23.81,132.69
2024-12-02 20:00:00,95882.52,3640.81,225.65,645.92,1.1996,0.42343,52.59,10.057,25.25,132.56
2024-12-03 00:00:00,96038.84,3636.65,228.26,651.05,1.299,0.42302,51.85,10.23,24.23,129.73
2024-12-03 04:00:00,95629.39,3614.65,227.17,646.88,1.2693,0.41696,50.88,9.844,25.13,129.36
2024-12-03 08:00:00,95033.96,3610.74,225.09,648.65,1.2851,0.41799,51.79,10.085,24.56,134.53
2024-12-03 12:00:00,95720.62,3567.27,222.42,640.29,1.1968,0.40551,50.0,9.558,23.96,126.47
2024-12-03 16:00:00,95499.57,3576.75,228.23,691.2,1.1872,0.40785,50.28,9.559,24.32,128.63
2024-12-03 20:00:00,95685.6,3615.37,234.16,735.45,1.1918,0.40665,51.0,9.82,24.11,130.84
2024-12-04 00:00:00,95761.29,3662.74,237.68,748.38,1.2098,0.41514,51.92,9.997,23.96,129.0
2024-12-04 04:00:00,96408.71,3713.83,236.59,764.34,1.2267,0.4198,54.63,10.039,24.48,132.32
2024-12-04 08:00:00,96328.26,3725.61,236.13,779.0,1.2259,0.41664,53.98,11.012,24.64,128.79
2024-12-04 12:00:00,95686.97,3822.19,233.17,751.96,1.1916,0.41169,55.5,11.016,25.35,128.47
2024-12-04 16:00:00,97199.77,3840.94,232.57,738.05,1.1907,0.41671,54.34,11.097,24.95,126.59
2024-12-04 20:00:00,98738.82,3839.51,228.95,737.04,1.1874,0.43297,52.84,10.53,24.08,134.18
2024-12-05 00:00:00,102923.62,3829.35,232.84,712.48,1.1826,0.43548,51.36,10.256,23.6,128.02
2024-12-05 04:00:00,102244.0,3858.81,234.37,723.46,1.2068,0.4415,52.08,10.666,23.93,128.8
2024-12-05 08:00:00,102484.86,3938.0,241.64,737.37,1.2243,0.44537,52.72,11.146,24.23,136.86
2024-12-05 12:00:00,101180.0,3882.04,238.48,724.77,1.2104,0.44009,52.28,10.935,24.31,144.35
2024-12-05 16:00:00,99029.11,3830.32,233.36,716.36,1.1925,0.43289,51.76,10.834,23.69,139.98
2024-12-05 20:00:00,96912.23,3789.94,235.99,717.32,1.161,0.42708,50.4,10.403,23.15,135.89
2024-12-06 00:00:00,97710.0,3911.78,241.86,726.55,1.1892,0.43675,51.52,10.602,24.02,137.24
2024-12-06 04:00:00,98262.26,3890.56,239.22,725.13,1.1884,0.43571,52.85,10.565,23.84,135.41
2024-12-06 08:00:00,98130.91,3867.41,234.37,718.15,1.161,0.42708,51.0,10.244,23.31,132.69
2024-12-06 12:00:00,98877.37,3987.04,237.74,727.82,1.2039,0.43202,51.56,10.556,23.76,132.87
2024-12-06 16:00:00,101581.89,4068.37,239.88,737.3,1.223,0.43891,52.64,10.662,24.92,136.73
2024-12-06 20:00:00,99752.61,3992.36,236.32,730.86,1.22,0.43469,52.56,10.713,25.72,136.37
2024-12-07 00:00:00,99258.49,3993.26,234.88,735.25,1.2027,0.43353,51.96,10.514,26.69,135.27
2024-12-07 04:00:00,99415.55,3984.63,236.33,737.5,1.2099,0.44718,51.48,10.5,25.39,136.86
2024-12-07 08:00:00,99567.12,4002.71,238.26,744.74,1.2043,0.4503,52.26,10.508,24.89,137.64
2024-12-07 12:00:00,99715.21,4006.14,240.53,754.68,1.219,0.45247,52.52,10.764,25.0,137.04
2024-12-07 16:00:00,100048.02,4013.75,241.38,759.94,1.2087,0.46467,52.14,10.699,24.75,133.45
2024-12-07 20:00:00,99886.71,4004.5,238.02,749.95,1.2127,0.45372,51.62,10.611,24.77,133.99
2024-12-08 00:00:00,100030.06,3997.26,240.69,753.64,1.2091,0.46746,51.8,10.592,24.78,133.94
2024-12-08 04:00:00,99834.29,3984.84,237.98,750.0,1.2018,0.46537,51.63,10.507,25.33,132.69
2024-12-08 08:00:00,99734.65,3971.66,236.17,739.95,1.2072,0.46057,51.59,10.479,26.55,132.92
2024-12-08 12:00:00,99846.93,3996.44,237.31,738.39,1.1888,0.46137,52.19,10.366,26.25,134.58
2024-12-08 16:00:00,99969.03,3991.61,236.51,738.04,1.1803,0.46433,52.72,10.265,25.92,133.44
2024-12-08 20:00:00,101159.43,4012.63,236.98,740.96,1.1936,0.46612,54.05,10.4,26.07,135.0
2024-12-09 00:00:00,99029.11,3925.03,231.93,718.89,1.1614,0.45146,51.72,10.049,26.65,129.63
2024-12-09 04:00:00,99544.24,3923.65,231.59,720.08,1.1583,0.44789,51.37,9.889,26.24,127.45
2024-12-09 08:00:00,98036.73,3860.77,226.63,713.68,1.1034,0.4302,49.16,9.488,24.7,121.89
2024-12-09 12:00:00,97968.04,3843.54,224.35,712.5,1.1164,0.43363,48.96,9.5,24.45,123.14
2024-12-09 16:00:00,97142.32,3790.74,222.03,713.66,1.1107,0.43267,48.77,9.516,23.68,121.98
2024-12-09 20:00:00,97429.69,3717.74,216.87,687.47,1.005,0.41374,45.1,8.57,22.28,110.78
2024-12-10 00:00:00,96889.62,3679.02,215.62,679.87,0.9899,0.39975,44.0,8.353,21.58,109.1
2024-12-10 04:00:00,97007.78,3728.82,216.94,689.89,1.0143,0.40936,45.25,8.56,23.01,114.07
2024-12-10 08:00:00,97622.04,3751.72,216.45,696.24,1.0196,0.41103,45.98,8.612,23.21,112.5
2024-12-10 12:00:00,95659.31,3575.77,207.11,656.5,0.9489,0.37771,42.51,7.937,21.35,105.0
2024-12-10 16:00:00,95952.96,3633.01,212.17,670.78,0.9652,0.3853,43.5,8.116,21.48,107.01
2024-12-10 20:00:00,96541.23,3626.38,213.48,675.18,1.022,0.39458,44.48,8.374,22.15,109.67
2024-12-11 00:00:00,97445.82,3664.12,219.17,678.15,1.0094,0.38963,44.27,8.45,22.45,109.59
2024-12-11 04:00:00,97281.87,3655.65,218.47,678.5,0.9954,0.38678,44.08,8.344,22.25,108.98
2024-12-11 08:00:00,98350.0,3711.46,224.86,687.24,1.0228,0.40138,45.4,8.592,22.78,112.79
2024-12-11 12:00:00,100453.86,3786.87,228.29,693.56,1.0924,0.41276,47.86,9.174,23.88,116.72
2024-12-11 16:00:00,101050.0,3802.11,229.3,706.14,1.0788,0.41508,47.72,9.011,23.77,117.09
2024-12-11 20:00:00,101032.06,3831.5,227.41,709.99,1.0877,0.41404,48.43,9.0,24.08,117.38
2024-12-12 00:00:00,100969.49,3928.07,229.94,718.14,1.1294,0.41567,49.68,9.252,26.98,120.34
2024-12-12 04:00:00,100476.9,3905.45,230.14,714.16,1.1571,0.41316,50.15,9.316,28.8,121.54
2024-12-12 08:00:00,100382.57,3912.76,229.16,712.62,1.1377,0.41064,49.8,9.104,27.79,120.41
2024-12-12 12:00:00,101626.65,3956.44,231.37,713.81,1.1389,0.41515,52.33,9.225,28.14,121.44
2024-12-12 16:00:00,99504.9,3866.81,227.3,708.0,1.1086,0.40185,52.19,9.003,26.98,119.27
2024-12-12 20:00:00,99958.06,3883.0,226.8,706.02,1.125,0.40666,53.03,9.074,29.07,119.27
2024-12-13 00:00:00,99670.87,3932.06,227.32,708.55,1.1087,0.40806,52.47,9.145,30.15,121.44
2024-12-13 04:00:00,100082.12,3885.23,224.74,701.87,1.0879,0.40444,51.97,8.896,29.0,119.25
2024-12-13 08:00:00,100377.01,3909.17,225.94,714.14,1.0953,0.40479,51.89,9.032,28.39,120.71
2024-12-13 12:00:00,99774.93,3880.62,221.38,707.48,1.0858,0.40209,51.21,8.858,27.6,118.22
2024-12-13 16:00:00,101549.5,3916.83,223.34,726.78,1.104,0.40358,51.41,9.048,28.05,120.77
2024-12-13 20:00:00,101431.14,3909.02,224.95,721.06,1.1198,0.40892,52.66,9.068,29.03,124.22
2024-12-14 00:00:00,102004.53,3911.84,226.05,730.65,1.1164,0.409,52.69,9.012,29.53,123.17
2024-12-14 04:00:00,101778.65,3924.69,226.1,728.16,1.1165,0.40918,52.71,8.982,29.53,122.48
2024-12-14 08:00:00,101588.64,3893.22,224.43,716.3,1.0969,0.4076,52.92,8.762,29.79,121.56
2024-12-14 12:00:00,101601.72,3893.42,222.85,715.78,1.0795,0.39724,51.36,8.646,30.39,119.86
2024-12-14 16:00:00,101235.48,3858.66,218.5,707.92,1.0593,0.39258,50.03,8.489,29.24,117.38
2024-12-14 20:00:00,101443.21,3871.96,221.69,715.3,1.0603,0.39744,49.85,8.546,29.13,118.15
2024-12-15 00:00:00,101735.73,3880.78,220.18,712.74,1.064,0.39769,49.68,8.528,29.32,117.34
2024-12-15 04:00:00,101539.99,3846.34,216.94,705.97,1.0483,0.39583,48.36,8.388,28.75,115.4
2024-12-15 08:00:00,102337.65,3870.27,218.04,712.5,1.0792,0.39988,49.44,8.721,28.68,117.05
2024-12-15 12:00:00,102768.89,3897.29,220.7,713.49,1.0874,0.40231,50.38,9.048,29.14,119.87
2024-12-15 16:00:00,103261.28,3903.91,221.17,719.67,1.0872,0.40326,50.45,8.99,28.99,119.07
2024-12-15 20:00:00,104334.87,3958.58,223.48,720.71,1.1001,0.4063,50.7,9.022,29.24,120.91
2024-12-16 00:00:00,104581.05,3945.07,221.4,711.22,1.0731,0.40497,49.92,8.919,28.66,120.41
2024-12-16 04:00:00,104959.55,3972.15,222.73,714.64,1.0899,0.40372,49.8,8.872,29.26,119.99
2024-12-16 08:00:00,103800.08,3905.44,213.88,704.9,1.0525,0.39286,48.58,8.628,29.96,115.49
2024-12-16 12:00:00,106320.96,3946.11,217.1,717.99,1.0682,0.40002,48.96,8.919,30.35,118.15
2024-12-16 16:00:00,106617.94,4057.83,218.83,724.69,1.1059,0.40631,50.11,8.969,29.55,119.9
2024-12-16 20:00:00,105960.71,3983.48,216.59,719.17,1.0787,0.40183,48.99,8.751,28.77,118.0
2024-12-17 00:00:00,106778.4,4035.21,215.42,721.58,1.0769,0.40327,49.37,8.765,28.76,117.97
2024-12-17 04:00:00,106839.03,3994.92,215.39,715.31,1.0601,0.39714,48.76,8.617,28.06,116.9
2024-12-17 08:00:00,106920.49,3995.31,221.8,720.73,1.0983,0.4041,50.24,8.898,28.36,118.96
2024-12-17 12:00:00,106491.25,3936.88,220.88,726.01,1.0706,0.39682,48.84,8.582,27.54,115.4
2024-12-17 16:00:00,106578.71,3947.71,227.27,723.37,1.0738,0.3992,48.77,8.658,27.74,127.5
2024-12-17 20:00:00,106265.06,3892.51,222.7,717.06,1.0504,0.39401,47.78,8.47,27.78,125.28
2024-12-18 00:00:00,104777.81,3854.65,217.78,711.92,1.0355,0.38967,47.03,8.379,27.73,124.93
2024-12-18 04:00:00,104234.56,3849.39,216.09,713.12,1.0219,0.38427,46.39,8.233,27.21,120.03
2024-12-18 08:00:00,105038.9,3881.67,217.62,718.0,1.0484,0.38934,47.16,8.37,27.91,119.62
2024-12-18 12:00:00,104287.34,3868.45,217.54,712.71,1.0234,0.38318,46.3,8.191,27.1,117.15
2024-12-18 16:00:00,102900.0,3775.0,211.97,705.21,1.0109,0.37472,45.54,8.132,26.47,114.07
2024-12-18 20:00:00,100548.76,3630.23,206.85,686.55,0.9676,0.35765,42.86,7.751,24.91,108.23
2024-12-19 00:00:00,101234.56,3665.54,209.12,691.14,0.9797,0.36438,43.0,7.664,24.89,109.24
2024-12-19 04:00:00,101639.19,3686.49,211.76,700.45,0.9845,0.3636,42.98,7.617,24.92,108.87
2024-12-19 08:00:00,102456.0,3706.51,210.63,702.75,0.9866,0.36646,43.37,7.723,25.39,111.55
2024-12-19 12:00:00,100641.84,3613.82,205.47,687.37,0.9413,0.35221,41.4,7.447,24.19,105.88
2024-12-19 16:00:00,97264.94,3440.17,191.96,656.52,0.876,0.31284,38.58,6.951,22.29,96.29
2024-12-19 20:00:00,97556.8,3425.27,193.93,666.51,0.8857,0.31433,38.84,6.944,22.87,99.68
2024-12-20 00:00:00,97217.71,3417.3,196.44,674.64,0.9084,0.32151,39.64,7.143,23.22,101.85
2024-12-20 04:00:00,97774.15,3391.87,191.05,670.53,0.8878,0.31665,39.13,6.954,22.6,99.9
2024-12-20 08:00:00,92839.34,3109.26,176.04,624.58,0.7707,0.26666,33.85,6.094,20.08,87.05
2024-12-20 12:00:00,96945.79,3381.01,189.7,666.76,0.8757,0.3044,37.98,6.854,22.71,96.17
2024-12-20 16:00:00,97262.99,3473.69,191.47,672.59,0.9103,0.31765,39.14,7.188,23.29,100.02
2024-12-20 20:00:00,97724.79,3467.91,194.39,676.89,0.9511,0.31775,39.65,7.293,23.37,101.11
2024-12-21 00:00:00,97424.56,3462.15,194.05,680.67,0.945,0.32538,39.77,7.271,23.16,101.54
2024-12-21 04:00:00,99129.68,3528.59,198.95,690.0,0.9891,0.34673,41.91,7.711,24.56,104.51
2024-12-21 08:00:00,98202.35,3440.71,192.89,677.08,0.9612,0.33727,40.6,7.478,23.9,104.02
2024-12-21 12:00:00,97573.4,3394.0,186.99,667.37,0.9242,0.32701,38.73,7.106,22.88,100.36
2024-12-21 16:00:00,97152.4,3358.39,181.38,658.8,0.9026,0.32122,37.7,6.926,22.3,100.93
2024-12-21 20:00:00,97310.82,3339.67,181.45,662.3,0.9061,0.32142,37.35,6.968,22.09,101.57
2024-12-22 00:00:00,96875.54,3341.53,181.42,660.92,0.8977,0.31812,37.39,6.964,22.15,99.12
2024-12-22 04:00:00,96220.91,3324.84,184.63,657.29,0.8894,0.31184,37.55,6.93,21.99,99.5
2024-12-22 08:00:00,97141.58,3384.96,186.49,666.4,0.9138,0.3216,38.06,7.117,22.48,103.44
2024-12-22 12:00:00,95400.57,3307.85,181.08,654.87,0.8893,0.31149,36.9,6.872,21.77,100.12
2024-12-22 16:00:00,94755.63,3241.09,178.12,644.0,0.8743,0.30878,36.13,6.75,21.6,98.36
2024-12-22 20:00:00,95119.37,3276.8,180.62,650.48,0.8822,0.31258,36.57,6.823,22.1,99.67
2024-12-23 00:00:00,95955.79,3353.86,186.7,664.1,0.91,0.32013,37.85,7.079,23.11,104.37
2024-12-23 04:00:00,95388.65,3303.24,181.9,661.03,0.8845,0.31219,36.46,6.921,22.61,102.16
2024-12-23 08:00:00,96005.46,3338.62,183.63,669.58,0.8933,0.316,36.86,6.98,23.1,102.16
2024-12-23 12:00:00,93323.75,3273.11,180.92,672.0,0.8649,0.30671,35.76,6.864,22.21,99.76
2024-12-23 16:00:00,93014.25,3334.64,187.52,682.34,0.8878,0.31609,36.93,7.033,22.99,102.58
2024-12-23 20:00:00,94895.43,3425.88,190.31,693.05,0.9254,0.3248,39.0,7.352,24.53,106.49
2024-12-24 00:00:00,94356.93,3396.66,189.74,693.35,0.9116,0.32138,38.55,7.327,24.13,105.88
2024-12-24 04:00:00,94244.0,3402.56,191.61,692.74,0.9006,0.3215,38.64,7.238,23.89,106.19
2024-12-24 08:00:00,94394.19,3422.54,192.75,686.48,0.9043,0.32173,39.62,7.297,24.19,107.13
2024-12-24 12:00:00,98192.87,3495.12,198.28,695.41,0.9412,0.3361,40.85,7.618,24.69,110.37
2024-12-24 16:00:00,97608.21,3469.29,195.34,693.77,0.9267,0.33254,40.96,7.455,25.1,108.36
2024-12-24 20:00:00,98688.64,3495.72,197.13,696.92,0.9373,0.3389,41.28,7.568,25.43,108.34
2024-12-25 00:00:00,98066.0,3475.92,199.93,701.36,0.9244,0.33328,40.98,7.46,24.64,107.91
2024-12-25 04:00:00,98163.29,3486.9,198.19,700.86,0.9157,0.33221,40.9,7.403,24.74,107.65
2024-12-25 08:00:00,97849.5,3467.45,195.33,706.28,0.911,0.33171,40.44,7.422,24.52,107.95
2024-12-25 12:00:00,98530.33,3471.62,198.34,704.0,0.9111,0.33069,40.64,7.488,24.65,108.75
2024-12-25 16:00:00,99078.93,3482.42,199.2,704.2,0.917,0.3332,40.54,7.518,24.69,109.1
2024-12-25 20:00:00,99315.12,3497.4,197.61,701.62,0.9176,0.33447,40.28,7.492,24.42,109.79
2024-12-26 00:00:00,98882.87,3457.41,196.72,706.81,0.9005,0.32898,39.58,7.355,23.9,108.22
2024-12-26 04:00:00,97756.17,3426.53,193.62,706.45,0.8871,0.32473,38.72,7.176,23.5,106.51
2024-12-26 08:00:00,95737.89,3370.76,189.93,694.8,0.8719,0.31875,38.0,7.094,23.19,104.63
2024-12-26 12:00:00,96053.44,3342.8,188.88,689.03,0.8657,0.31375,37.68,6.951,22.82,102.5
2024-12-26 16:00:00,96156.69,3337.86,189.16,687.69,0.8643,0.31436,37.6,6.984,22.81,102.43
2024-12-26 20:00:00,95840.79,3333.29,188.51,687.34,0.8598,0.31287,37.35,6.948,22.7,102.27
2024-12-27 00:00:00,96329.9,3378.17,189.44,689.4,0.8718,0.31666,37.58,7.042,23.05,103.81
2024-12-27 04:00:00,95088.52,3335.06,186.83,693.52,0.8648,0.31135,37.23,6.97,22.6,102.51
2024-12-27 08:00:00,96913.73,3417.51,191.28,708.73,0.9054,0.32171,38.54,7.227,23.37,104.79
2024-12-27 12:00:00,94564.78,3323.56,184.12,688.49,0.8736,0.31167,36.67,6.873,22.32,100.93
2024-12-27 16:00:00,94677.91,3354.99,186.91,693.64,0.8896,0.31495,37.18,7.001,22.24,102.77
2024-12-27 20:00:00,94342.43,3331.73,184.1,689.24,0.8764,0.31181,36.43,6.904,21.56,100.46
2024-12-28 00:00:00,94635.96,3347.84,185.55,696.49,0.8752,0.31459,36.62,6.926,21.45,100.3
2024-12-28 04:00:00,94300.0,3331.88,185.16,696.31,0.8676,0.31504,36.39,6.814,21.09,99.3
2024-12-28 08:00:00,94807.6,3361.38,187.2,704.44,0.8741,0.31727,36.72,6.893,21.32,99.72
2024-12-28 12:00:00,94574.29,3367.34,190.41,717.45,0.8758,0.31841,37.04,6.944,21.48,100.02
2024-12-28 16:00:00,95000.48,3402.0,194.66,726.52,0.8842,0.32264,37.69,7.055,21.79,100.77
2024-12-28 20:00:00,95340.32,3405.61,195.47,721.77,0.8899,0.32462,37.74,7.104,22.03,100.63
2024-12-29 00:00:00,95214.35,3383.68,194.67,715.45,0.8913,0.32504,37.35,7.097,21.77,100.69
2024-12-29 04:00:00,95270.4,3406.02,196.12,713.0,0.8943,0.32933,37.62,7.131,21.93,100.78
2024-12-29 08:00:00,95100.07,3404.93,196.82,710.0,0.8964,0.32585,37.21,7.044,21.58,100.32
2024-12-29 12:00:00,94554.75,3379.45,195.07,708.14,0.8849,0.32096,36.57,7.001,21.51,101.11
2024-12-29 16:00:00,93578.97,3360.52,192.8,698.55,0.8694,0.31613,36.24,6.907,21.29,98.54
2024-12-29 20:00:00,93861.71,3355.38,189.92,693.84,0.8608,0.3146,35.89,6.834,21.0,98.09
2024-12-30 00:00:00,93626.9,3406.56,191.23,694.73,0.8723,0.31899,36.42,6.973,21.11,100.49
2024-12-30 04:00:00,93758.08,3426.8,192.39,697.0,0.8691,0.32022,36.66,6.922,21.19,102.01
2024-12-30 08:00:00,93894.99,3423.59,193.48,698.82,0.8717,0.32111,36.78,6.837,21.24,102.16
2024-12-30 12:00:00,92100.82,3329.64,187.46,694.66,0.839,0.31107,35.16,6.63,20.36,98.71
2024-12-30 16:00:00,94362.5,3403.06,196.13,707.99,0.8678,0.31929,36.9,6.88,21.05,101.24
2024-12-30 20:00:00,92821.32,3361.91,191.33,703.0,0.8616,0.31374,35.91,6.664,20.56,99.52
2024-12-31 00:00:00,92592.33,3342.7,189.89,704.97,0.8494,0.31141,35.22,6.624,20.32,98.43
2024-12-31 04:00:00,92859.78,3354.66,189.85,700.0,0.8445,0.31228,35.28,6.605,20.31,98.7
